# https://github.com/mikedh/trimesh
v 0.05000000 0.00000000 0.00800000
v 0.05000000 0.00000000 0.01400000
v 0.04997762 0.00149577 0.01400000
v 0.04991051 0.00299021 0.01400000
v 0.04979871 0.00448197 0.01400000
v 0.04964235 0.00596971 0.01400000
v 0.04944154 0.00745211 0.01400000
v 0.04919648 0.00892784 0.01400000
v 0.04890738 0.01039558 0.01400000
v 0.04857450 0.01185402 0.01400000
v 0.04819814 0.01330184 0.01400000
v 0.04777864 0.01473776 0.01400000
v 0.04731637 0.01616048 0.01400000
v 0.04681174 0.01756874 0.01400000
v 0.04626522 0.01896127 0.01400000
v 0.04567727 0.02033683 0.01400000
v 0.04504844 0.02169419 0.01400000
v 0.04437929 0.02303212 0.01400000
v 0.04367041 0.02434944 0.01400000
v 0.04292244 0.02564496 0.01400000
v 0.04213605 0.02691753 0.01400000
v 0.04131194 0.02816600 0.01400000
v 0.04045085 0.02938926 0.01400000
v 0.03955355 0.03058621 0.01400000
v 0.03862085 0.03175579 0.01400000
v 0.03765357 0.03289694 0.01400000
v 0.03665259 0.03400864 0.01400000
v 0.03561880 0.03508990 0.01400000
v 0.03455313 0.03613974 0.01400000
v 0.03345653 0.03715724 0.01400000
v 0.03232998 0.03814148 0.01400000
v 0.03117449 0.03909157 0.01400000
v 0.02999109 0.04000668 0.01400000
v 0.02878085 0.04088597 0.01400000
v 0.02754485 0.04172866 0.01400000
v 0.02628419 0.04253400 0.01400000
v 0.02500000 0.04330127 0.01400000
v 0.02369343 0.04402978 0.01400000
v 0.02236566 0.04471887 0.01400000
v 0.02101786 0.04536793 0.01400000
v 0.01965125 0.04597639 0.01400000
v 0.01826705 0.04654369 0.01400000
v 0.01686650 0.04706932 0.01400000
v 0.01545085 0.04755283 0.01400000
v 0.01402137 0.04799376 0.01400000
v 0.01257934 0.04839174 0.01400000
v 0.01112605 0.04874640 0.01400000
v 0.00966280 0.04905742 0.01400000
v 0.00819090 0.04932453 0.01400000
v 0.00671166 0.04954749 0.01400000
v 0.00522642 0.04972609 0.01400000
v 0.00373650 0.04986019 0.01400000
v 0.00224324 0.04994965 0.01400000
v 0.00074797 0.04999441 0.01400000
v -0.00074797 0.04999441 0.01400000
v -0.00224324 0.04994965 0.01400000
v -0.00373650 0.04986019 0.01400000
v -0.00522642 0.04972609 0.01400000
v -0.00671166 0.04954749 0.01400000
v -0.00819090 0.04932453 0.01400000
v -0.00966280 0.04905742 0.01400000
v -0.01112605 0.04874640 0.01400000
v -0.01257934 0.04839174 0.01400000
v -0.01402137 0.04799376 0.01400000
v -0.01545085 0.04755283 0.01400000
v -0.01686650 0.04706932 0.01400000
v -0.01826705 0.04654369 0.01400000
v -0.01965125 0.04597639 0.01400000
v -0.02101786 0.04536793 0.01400000
v -0.02236566 0.04471887 0.01400000
v -0.02369343 0.04402978 0.01400000
v -0.02500000 0.04330127 0.01400000
v -0.02628419 0.04253400 0.01400000
v -0.02754485 0.04172866 0.01400000
v -0.02878085 0.04088597 0.01400000
v -0.02999109 0.04000668 0.01400000
v -0.03117449 0.03909157 0.01400000
v -0.03232998 0.03814148 0.01400000
v -0.03345653 0.03715724 0.01400000
v -0.03455313 0.03613974 0.01400000
v -0.03561880 0.03508990 0.01400000
v -0.03665259 0.03400864 0.01400000
v -0.03765357 0.03289694 0.01400000
v -0.03862085 0.03175579 0.01400000
v -0.03955355 0.03058621 0.01400000
v -0.04045085 0.02938926 0.01400000
v -0.04131194 0.02816600 0.01400000
v -0.04213605 0.02691753 0.01400000
v -0.04292244 0.02564496 0.01400000
v -0.04367041 0.02434944 0.01400000
v -0.04437929 0.02303212 0.01400000
v -0.04504844 0.02169419 0.01400000
v -0.04567727 0.02033683 0.01400000
v -0.04626522 0.01896127 0.01400000
v -0.04681174 0.01756874 0.01400000
v -0.04731637 0.01616048 0.01400000
v -0.04777864 0.01473776 0.01400000
v -0.04819814 0.01330184 0.01400000
v -0.04857450 0.01185402 0.01400000
v -0.04890738 0.01039558 0.01400000
v -0.04919648 0.00892784 0.01400000
v -0.04944154 0.00745211 0.01400000
v -0.04964235 0.00596971 0.01400000
v -0.04979871 0.00448197 0.01400000
v -0.04991051 0.00299021 0.01400000
v -0.04997762 0.00149577 0.01400000
v -0.05000000 0.00000000 0.01400000
v -0.04997762 -0.00149577 0.01400000
v -0.04991051 -0.00299021 0.01400000
v -0.04979871 -0.00448197 0.01400000
v -0.04964235 -0.00596971 0.01400000
v -0.04944154 -0.00745211 0.01400000
v -0.04919648 -0.00892784 0.01400000
v -0.04890738 -0.01039558 0.01400000
v -0.04857450 -0.01185402 0.01400000
v -0.04819814 -0.01330184 0.01400000
v -0.04777864 -0.01473776 0.01400000
v -0.04731637 -0.01616048 0.01400000
v -0.04681174 -0.01756874 0.01400000
v -0.04626522 -0.01896127 0.01400000
v -0.04567727 -0.02033683 0.01400000
v -0.04504844 -0.02169419 0.01400000
v -0.04437929 -0.02303212 0.01400000
v -0.04367041 -0.02434944 0.01400000
v -0.04292244 -0.02564496 0.01400000
v -0.04213605 -0.02691753 0.01400000
v -0.04131194 -0.02816600 0.01400000
v -0.04045085 -0.02938926 0.01400000
v -0.03955355 -0.03058621 0.01400000
v -0.03862085 -0.03175579 0.01400000
v -0.03765357 -0.03289694 0.01400000
v -0.03665259 -0.03400864 0.01400000
v -0.03561880 -0.03508990 0.01400000
v -0.03455313 -0.03613974 0.01400000
v -0.03345653 -0.03715724 0.01400000
v -0.03232998 -0.03814148 0.01400000
v -0.03117449 -0.03909157 0.01400000
v -0.02999109 -0.04000668 0.01400000
v -0.02878085 -0.04088597 0.01400000
v -0.02754485 -0.04172866 0.01400000
v -0.02628419 -0.04253400 0.01400000
v -0.02500000 -0.04330127 0.01400000
v -0.02369343 -0.04402978 0.01400000
v -0.02236566 -0.04471887 0.01400000
v -0.02101786 -0.04536793 0.01400000
v -0.01965125 -0.04597639 0.01400000
v -0.01826705 -0.04654369 0.01400000
v -0.01686650 -0.04706932 0.01400000
v -0.01545085 -0.04755283 0.01400000
v -0.01402137 -0.04799376 0.01400000
v -0.01257934 -0.04839174 0.01400000
v -0.01112605 -0.04874640 0.01400000
v -0.00966280 -0.04905742 0.01400000
v -0.00819090 -0.04932453 0.01400000
v -0.00671166 -0.04954749 0.01400000
v -0.00522642 -0.04972609 0.01400000
v -0.00373650 -0.04986019 0.01400000
v -0.00224324 -0.04994965 0.01400000
v -0.00074797 -0.04999441 0.01400000
v 0.00074797 -0.04999441 0.01400000
v 0.00224324 -0.04994965 0.01400000
v 0.00373650 -0.04986019 0.01400000
v 0.00522642 -0.04972609 0.01400000
v 0.00671166 -0.04954749 0.01400000
v 0.00819090 -0.04932453 0.01400000
v 0.00966280 -0.04905742 0.01400000
v 0.01112605 -0.04874640 0.01400000
v 0.01257934 -0.04839174 0.01400000
v 0.01402137 -0.04799376 0.01400000
v 0.01545085 -0.04755283 0.01400000
v 0.01686650 -0.04706932 0.01400000
v 0.01826705 -0.04654369 0.01400000
v 0.01965125 -0.04597639 0.01400000
v 0.02101786 -0.04536793 0.01400000
v 0.02236566 -0.04471887 0.01400000
v 0.02369343 -0.04402978 0.01400000
v 0.02500000 -0.04330127 0.01400000
v 0.02628419 -0.04253400 0.01400000
v 0.02754485 -0.04172866 0.01400000
v 0.02878085 -0.04088597 0.01400000
v 0.02999109 -0.04000668 0.01400000
v 0.03117449 -0.03909157 0.01400000
v 0.03232998 -0.03814148 0.01400000
v 0.03345653 -0.03715724 0.01400000
v 0.03455313 -0.03613974 0.01400000
v 0.03561880 -0.03508990 0.01400000
v 0.03665259 -0.03400864 0.01400000
v 0.03765357 -0.03289694 0.01400000
v 0.03862085 -0.03175579 0.01400000
v 0.03955355 -0.03058621 0.01400000
v 0.04045085 -0.02938926 0.01400000
v 0.04131194 -0.02816600 0.01400000
v 0.04213605 -0.02691753 0.01400000
v 0.04292244 -0.02564496 0.01400000
v 0.04367041 -0.02434944 0.01400000
v 0.04437929 -0.02303212 0.01400000
v 0.04504844 -0.02169419 0.01400000
v 0.04567727 -0.02033683 0.01400000
v 0.04626522 -0.01896127 0.01400000
v 0.04681174 -0.01756874 0.01400000
v 0.04731637 -0.01616048 0.01400000
v 0.04777864 -0.01473776 0.01400000
v 0.04819814 -0.01330184 0.01400000
v 0.04857450 -0.01185402 0.01400000
v 0.04890738 -0.01039558 0.01400000
v 0.04919648 -0.00892784 0.01400000
v 0.04944154 -0.00745211 0.01400000
v 0.04964235 -0.00596971 0.01400000
v 0.04979871 -0.00448197 0.01400000
v 0.04991051 -0.00299021 0.01400000
v 0.04997762 -0.00149577 0.01400000
v 0.04997762 0.00149577 0.00800000
v 0.04991051 0.00299021 0.00800000
v 0.04979871 0.00448197 0.00800000
v 0.04964235 0.00596971 0.00800000
v 0.04944154 0.00745211 0.00800000
v 0.04919648 0.00892784 0.00800000
v 0.04890738 0.01039558 0.00800000
v 0.04857450 0.01185402 0.00800000
v 0.04819814 0.01330184 0.00800000
v 0.04777864 0.01473776 0.00800000
v 0.04731637 0.01616048 0.00800000
v 0.04681174 0.01756874 0.00800000
v 0.04626522 0.01896127 0.00800000
v 0.04567727 0.02033683 0.00800000
v 0.04504844 0.02169419 0.00800000
v 0.04437929 0.02303212 0.00800000
v 0.04367041 0.02434944 0.00800000
v 0.04292244 0.02564496 0.00800000
v 0.04213605 0.02691753 0.00800000
v 0.04131194 0.02816600 0.00800000
v 0.04045085 0.02938926 0.00800000
v 0.03955355 0.03058621 0.00800000
v 0.03862085 0.03175579 0.00800000
v 0.03765357 0.03289694 0.00800000
v 0.03665259 0.03400864 0.00800000
v 0.03561880 0.03508990 0.00800000
v 0.03455313 0.03613974 0.00800000
v 0.03345653 0.03715724 0.00800000
v 0.03232998 0.03814148 0.00800000
v 0.03117449 0.03909157 0.00800000
v 0.02999109 0.04000668 0.00800000
v 0.02878085 0.04088597 0.00800000
v 0.02754485 0.04172866 0.00800000
v 0.02628419 0.04253400 0.00800000
v 0.02500000 0.04330127 0.00800000
v 0.02369343 0.04402978 0.00800000
v 0.02236566 0.04471887 0.00800000
v 0.02101786 0.04536793 0.00800000
v 0.01965125 0.04597639 0.00800000
v 0.01826705 0.04654369 0.00800000
v 0.01686650 0.04706932 0.00800000
v 0.01545085 0.04755283 0.00800000
v 0.01402137 0.04799376 0.00800000
v 0.01257934 0.04839174 0.00800000
v 0.01112605 0.04874640 0.00800000
v 0.00966280 0.04905742 0.00800000
v 0.00819090 0.04932453 0.00800000
v 0.00671166 0.04954749 0.00800000
v 0.00522642 0.04972609 0.00800000
v 0.00373650 0.04986019 0.00800000
v 0.00224324 0.04994965 0.00800000
v 0.00074797 0.04999441 0.00800000
v -0.00074797 0.04999441 0.00800000
v -0.00224324 0.04994965 0.00800000
v -0.00373650 0.04986019 0.00800000
v -0.00522642 0.04972609 0.00800000
v -0.00671166 0.04954749 0.00800000
v -0.00819090 0.04932453 0.00800000
v -0.00966280 0.04905742 0.00800000
v -0.01112605 0.04874640 0.00800000
v -0.01257934 0.04839174 0.00800000
v -0.01402137 0.04799376 0.00800000
v -0.01545085 0.04755283 0.00800000
v -0.01686650 0.04706932 0.00800000
v -0.01826705 0.04654369 0.00800000
v -0.01965125 0.04597639 0.00800000
v -0.02101786 0.04536793 0.00800000
v -0.02236566 0.04471887 0.00800000
v -0.02369343 0.04402978 0.00800000
v -0.02500000 0.04330127 0.00800000
v -0.02628419 0.04253400 0.00800000
v -0.02754485 0.04172866 0.00800000
v -0.02878085 0.04088597 0.00800000
v -0.02999109 0.04000668 0.00800000
v -0.03117449 0.03909157 0.00800000
v -0.03232998 0.03814148 0.00800000
v -0.03345653 0.03715724 0.00800000
v -0.03455313 0.03613974 0.00800000
v -0.03561880 0.03508990 0.00800000
v -0.03665259 0.03400864 0.00800000
v -0.03765357 0.03289694 0.00800000
v -0.03862085 0.03175579 0.00800000
v -0.03955355 0.03058621 0.00800000
v -0.04045085 0.02938926 0.00800000
v -0.04131194 0.02816600 0.00800000
v -0.04213605 0.02691753 0.00800000
v -0.04292244 0.02564496 0.00800000
v -0.04367041 0.02434944 0.00800000
v -0.04437929 0.02303212 0.00800000
v -0.04504844 0.02169419 0.00800000
v -0.04567727 0.02033683 0.00800000
v -0.04626522 0.01896127 0.00800000
v -0.04681174 0.01756874 0.00800000
v -0.04731637 0.01616048 0.00800000
v -0.04777864 0.01473776 0.00800000
v -0.04819814 0.01330184 0.00800000
v -0.04857450 0.01185402 0.00800000
v -0.04890738 0.01039558 0.00800000
v -0.04919648 0.00892784 0.00800000
v -0.04944154 0.00745211 0.00800000
v -0.04964235 0.00596971 0.00800000
v -0.04979871 0.00448197 0.00800000
v -0.04991051 0.00299021 0.00800000
v -0.04997762 0.00149577 0.00800000
v -0.05000000 0.00000000 0.00800000
v -0.04997762 -0.00149577 0.00800000
v -0.04991051 -0.00299021 0.00800000
v -0.04979871 -0.00448197 0.00800000
v -0.04964235 -0.00596971 0.00800000
v -0.04944154 -0.00745211 0.00800000
v -0.04919648 -0.00892784 0.00800000
v -0.04890738 -0.01039558 0.00800000
v -0.04857450 -0.01185402 0.00800000
v -0.04819814 -0.01330184 0.00800000
v -0.04777864 -0.01473776 0.00800000
v -0.04731637 -0.01616048 0.00800000
v -0.04681174 -0.01756874 0.00800000
v -0.04626522 -0.01896127 0.00800000
v -0.04567727 -0.02033683 0.00800000
v -0.04504844 -0.02169419 0.00800000
v -0.04437929 -0.02303212 0.00800000
v -0.04367041 -0.02434944 0.00800000
v -0.04292244 -0.02564496 0.00800000
v -0.04213605 -0.02691753 0.00800000
v -0.04131194 -0.02816600 0.00800000
v -0.04045085 -0.02938926 0.00800000
v -0.03955355 -0.03058621 0.00800000
v -0.03862085 -0.03175579 0.00800000
v -0.03765357 -0.03289694 0.00800000
v -0.03665259 -0.03400864 0.00800000
v -0.03561880 -0.03508990 0.00800000
v -0.03455313 -0.03613974 0.00800000
v -0.03345653 -0.03715724 0.00800000
v -0.03232998 -0.03814148 0.00800000
v -0.03117449 -0.03909157 0.00800000
v -0.02999109 -0.04000668 0.00800000
v -0.02878085 -0.04088597 0.00800000
v -0.02754485 -0.04172866 0.00800000
v -0.02628419 -0.04253400 0.00800000
v -0.02500000 -0.04330127 0.00800000
v -0.02369343 -0.04402978 0.00800000
v -0.02236566 -0.04471887 0.00800000
v -0.02101786 -0.04536793 0.00800000
v -0.01965125 -0.04597639 0.00800000
v -0.01826705 -0.04654369 0.00800000
v -0.01686650 -0.04706932 0.00800000
v -0.01545085 -0.04755283 0.00800000
v -0.01402137 -0.04799376 0.00800000
v -0.01257934 -0.04839174 0.00800000
v -0.01112605 -0.04874640 0.00800000
v -0.00966280 -0.04905742 0.00800000
v -0.00819090 -0.04932453 0.00800000
v -0.00671166 -0.04954749 0.00800000
v -0.00522642 -0.04972609 0.00800000
v -0.00373650 -0.04986019 0.00800000
v -0.00224324 -0.04994965 0.00800000
v -0.00074797 -0.04999441 0.00800000
v 0.00074797 -0.04999441 0.00800000
v 0.00224324 -0.04994965 0.00800000
v 0.00373650 -0.04986019 0.00800000
v 0.00522642 -0.04972609 0.00800000
v 0.00671166 -0.04954749 0.00800000
v 0.00819090 -0.04932453 0.00800000
v 0.00966280 -0.04905742 0.00800000
v 0.01112605 -0.04874640 0.00800000
v 0.01257934 -0.04839174 0.00800000
v 0.01402137 -0.04799376 0.00800000
v 0.01545085 -0.04755283 0.00800000
v 0.01686650 -0.04706932 0.00800000
v 0.01826705 -0.04654369 0.00800000
v 0.01965125 -0.04597639 0.00800000
v 0.02101786 -0.04536793 0.00800000
v 0.02236566 -0.04471887 0.00800000
v 0.02369343 -0.04402978 0.00800000
v 0.02500000 -0.04330127 0.00800000
v 0.02628419 -0.04253400 0.00800000
v 0.02754485 -0.04172866 0.00800000
v 0.02878085 -0.04088597 0.00800000
v 0.02999109 -0.04000668 0.00800000
v 0.03117449 -0.03909157 0.00800000
v 0.03232998 -0.03814148 0.00800000
v 0.03345653 -0.03715724 0.00800000
v 0.03455313 -0.03613974 0.00800000
v 0.03561880 -0.03508990 0.00800000
v 0.03665259 -0.03400864 0.00800000
v 0.03765357 -0.03289694 0.00800000
v 0.03862085 -0.03175579 0.00800000
v 0.03955355 -0.03058621 0.00800000
v 0.04045085 -0.02938926 0.00800000
v 0.04131194 -0.02816600 0.00800000
v 0.04213605 -0.02691753 0.00800000
v 0.04292244 -0.02564496 0.00800000
v 0.04367041 -0.02434944 0.00800000
v 0.04437929 -0.02303212 0.00800000
v 0.04504844 -0.02169419 0.00800000
v 0.04567727 -0.02033683 0.00800000
v 0.04626522 -0.01896127 0.00800000
v 0.04681174 -0.01756874 0.00800000
v 0.04731637 -0.01616048 0.00800000
v 0.04777864 -0.01473776 0.00800000
v 0.04819814 -0.01330184 0.00800000
v 0.04857450 -0.01185402 0.00800000
v 0.04890738 -0.01039558 0.00800000
v 0.04919648 -0.00892784 0.00800000
v 0.04944154 -0.00745211 0.00800000
v 0.04964235 -0.00596971 0.00800000
v 0.04979871 -0.00448197 0.00800000
v 0.04991051 -0.00299021 0.00800000
v 0.04997762 -0.00149577 0.00800000
v -0.02674138 -0.02899138 0.00800000
v -0.02674239 -0.02905869 0.00800000
v -0.02674541 -0.02912594 0.00800000
v -0.02675044 -0.02919307 0.00800000
v -0.02675747 -0.02926002 0.00800000
v -0.02676651 -0.02932672 0.00800000
v -0.02677754 -0.02939313 0.00800000
v -0.02679055 -0.02945918 0.00800000
v -0.02680553 -0.02952481 0.00800000
v -0.02682246 -0.02958996 0.00800000
v -0.02684134 -0.02965458 0.00800000
v -0.02686214 -0.02971860 0.00800000
v -0.02688485 -0.02978197 0.00800000
v -0.02690944 -0.02984464 0.00800000
v -0.02693590 -0.02990654 0.00800000
v -0.02696420 -0.02996762 0.00800000
v -0.02699431 -0.03002782 0.00800000
v -0.02702621 -0.03008710 0.00800000
v -0.02705987 -0.03014540 0.00800000
v -0.02709526 -0.03020267 0.00800000
v -0.02713234 -0.03025885 0.00800000
v -0.02717109 -0.03031389 0.00800000
v -0.02721147 -0.03036776 0.00800000
v -0.02725344 -0.03042039 0.00800000
v -0.02729697 -0.03047174 0.00800000
v -0.02734201 -0.03052177 0.00800000
v -0.02738853 -0.03057042 0.00800000
v -0.02743649 -0.03061767 0.00800000
v -0.02748583 -0.03066345 0.00800000
v -0.02753653 -0.03070774 0.00800000
v -0.02758853 -0.03075050 0.00800000
v -0.02764178 -0.03079168 0.00800000
v -0.02769624 -0.03083125 0.00800000
v -0.02775186 -0.03086917 0.00800000
v -0.02780859 -0.03090541 0.00800000
v -0.02786638 -0.03093994 0.00800000
v -0.02792517 -0.03097272 0.00800000
v -0.02798492 -0.03100373 0.00800000
v -0.02804557 -0.03103294 0.00800000
v -0.02810707 -0.03106032 0.00800000
v -0.02816936 -0.03108584 0.00800000
v -0.02823239 -0.03110950 0.00800000
v -0.02829609 -0.03113126 0.00800000
v -0.02836042 -0.03115110 0.00800000
v -0.02842531 -0.03116901 0.00800000
v -0.02849071 -0.03118497 0.00800000
v -0.02855655 -0.03119896 0.00800000
v -0.02862279 -0.03121098 0.00800000
v -0.02868935 -0.03122101 0.00800000
v -0.02875619 -0.03122905 0.00800000
v -0.02882324 -0.03123509 0.00800000
v -0.02889043 -0.03123911 0.00800000
v -0.02895772 -0.03124113 0.00800000
v -0.02902504 -0.03124113 0.00800000
v -0.02909232 -0.03123911 0.00800000
v -0.02915952 -0.03123509 0.00800000
v -0.02922657 -0.03122905 0.00800000
v -0.02929340 -0.03122101 0.00800000
v -0.02935997 -0.03121098 0.00800000
v -0.02942620 -0.03119896 0.00800000
v -0.02949205 -0.03118497 0.00800000
v -0.02955745 -0.03116901 0.00800000
v -0.02962234 -0.03115110 0.00800000
v -0.02968667 -0.03113126 0.00800000
v -0.02975037 -0.03110950 0.00800000
v -0.02981340 -0.03108584 0.00800000
v -0.02987568 -0.03106032 0.00800000
v -0.02993718 -0.03103294 0.00800000
v -0.02999783 -0.03100373 0.00800000
v -0.03005758 -0.03097272 0.00800000
v -0.03011638 -0.03093994 0.00800000
v -0.03017417 -0.03090541 0.00800000
v -0.03023090 -0.03086917 0.00800000
v -0.03028652 -0.03083125 0.00800000
v -0.03034098 -0.03079168 0.00800000
v -0.03039423 -0.03075050 0.00800000
v -0.03044623 -0.03070774 0.00800000
v -0.03049692 -0.03066345 0.00800000
v -0.03054627 -0.03061767 0.00800000
v -0.03059422 -0.03057042 0.00800000
v -0.03064074 -0.03052177 0.00800000
v -0.03068579 -0.03047174 0.00800000
v -0.03072932 -0.03042039 0.00800000
v -0.03077129 -0.03036776 0.00800000
v -0.03081167 -0.03031389 0.00800000
v -0.03085042 -0.03025885 0.00800000
v -0.03088750 -0.03020267 0.00800000
v -0.03092289 -0.03014540 0.00800000
v -0.03095655 -0.03008710 0.00800000
v -0.03098845 -0.03002782 0.00800000
v -0.03101856 -0.02996762 0.00800000
v -0.03104686 -0.02990654 0.00800000
v -0.03107331 -0.02984464 0.00800000
v -0.03109791 -0.02978197 0.00800000
v -0.03112061 -0.02971860 0.00800000
v -0.03114142 -0.02965458 0.00800000
v -0.03116029 -0.02958996 0.00800000
v -0.03117723 -0.02952481 0.00800000
v -0.03119221 -0.02945918 0.00800000
v -0.03120522 -0.02939313 0.00800000
v -0.03121625 -0.02932672 0.00800000
v -0.03122528 -0.02926002 0.00800000
v -0.03123232 -0.02919307 0.00800000
v -0.03123735 -0.02912594 0.00800000
v -0.03124037 -0.02905869 0.00800000
v -0.03124138 -0.02899138 0.00800000
v -0.03124037 -0.02892407 0.00800000
v -0.03123735 -0.02885682 0.00800000
v -0.03123232 -0.02878969 0.00800000
v -0.03122528 -0.02872274 0.00800000
v -0.03121625 -0.02865603 0.00800000
v -0.03120522 -0.02858963 0.00800000
v -0.03119221 -0.02852358 0.00800000
v -0.03117723 -0.02845795 0.00800000
v -0.03116029 -0.02839280 0.00800000
v -0.03114142 -0.02832818 0.00800000
v -0.03112061 -0.02826416 0.00800000
v -0.03109791 -0.02820078 0.00800000
v -0.03107331 -0.02813812 0.00800000
v -0.03104686 -0.02807622 0.00800000
v -0.03101856 -0.02801514 0.00800000
v -0.03098845 -0.02795493 0.00800000
v -0.03095655 -0.02789565 0.00800000
v -0.03092289 -0.02783735 0.00800000
v -0.03088750 -0.02778009 0.00800000
v -0.03085042 -0.02772391 0.00800000
v -0.03081167 -0.02766886 0.00800000
v -0.03077129 -0.02761500 0.00800000
v -0.03072932 -0.02756237 0.00800000
v -0.03068579 -0.02751102 0.00800000
v -0.03064074 -0.02746099 0.00800000
v -0.03059422 -0.02741233 0.00800000
v -0.03054627 -0.02736509 0.00800000
v -0.03049692 -0.02731930 0.00800000
v -0.03044623 -0.02727501 0.00800000
v -0.03039423 -0.02723226 0.00800000
v -0.03034098 -0.02719108 0.00800000
v -0.03028652 -0.02715151 0.00800000
v -0.03023090 -0.02711359 0.00800000
v -0.03017417 -0.02707735 0.00800000
v -0.03011638 -0.02704282 0.00800000
v -0.03005758 -0.02701004 0.00800000
v -0.02999783 -0.02697903 0.00800000
v -0.02993718 -0.02694982 0.00800000
v -0.02987568 -0.02692244 0.00800000
v -0.02981340 -0.02689691 0.00800000
v -0.02975037 -0.02687326 0.00800000
v -0.02968667 -0.02685150 0.00800000
v -0.02962234 -0.02683166 0.00800000
v -0.02955745 -0.02681375 0.00800000
v -0.02949205 -0.02679779 0.00800000
v -0.02942620 -0.02678379 0.00800000
v -0.02935997 -0.02677177 0.00800000
v -0.02929340 -0.02676174 0.00800000
v -0.02922657 -0.02675370 0.00800000
v -0.02915952 -0.02674767 0.00800000
v -0.02909232 -0.02674364 0.00800000
v -0.02902504 -0.02674163 0.00800000
v -0.02895772 -0.02674163 0.00800000
v -0.02889043 -0.02674364 0.00800000
v -0.02882324 -0.02674767 0.00800000
v -0.02875619 -0.02675370 0.00800000
v -0.02868935 -0.02676174 0.00800000
v -0.02862279 -0.02677177 0.00800000
v -0.02855655 -0.02678379 0.00800000
v -0.02849071 -0.02679779 0.00800000
v -0.02842531 -0.02681375 0.00800000
v -0.02836042 -0.02683166 0.00800000
v -0.02829609 -0.02685150 0.00800000
v -0.02823239 -0.02687326 0.00800000
v -0.02816936 -0.02689691 0.00800000
v -0.02810707 -0.02692244 0.00800000
v -0.02804557 -0.02694982 0.00800000
v -0.02798492 -0.02697903 0.00800000
v -0.02792517 -0.02701004 0.00800000
v -0.02786638 -0.02704282 0.00800000
v -0.02780859 -0.02707735 0.00800000
v -0.02775186 -0.02711359 0.00800000
v -0.02769624 -0.02715151 0.00800000
v -0.02764178 -0.02719108 0.00800000
v -0.02758853 -0.02723226 0.00800000
v -0.02753653 -0.02727501 0.00800000
v -0.02748583 -0.02731930 0.00800000
v -0.02743649 -0.02736509 0.00800000
v -0.02738853 -0.02741233 0.00800000
v -0.02734201 -0.02746099 0.00800000
v -0.02729697 -0.02751102 0.00800000
v -0.02725344 -0.02756237 0.00800000
v -0.02721147 -0.02761500 0.00800000
v -0.02717109 -0.02766886 0.00800000
v -0.02713234 -0.02772391 0.00800000
v -0.02709526 -0.02778009 0.00800000
v -0.02705987 -0.02783735 0.00800000
v -0.02702621 -0.02789565 0.00800000
v -0.02699431 -0.02795493 0.00800000
v -0.02696420 -0.02801514 0.00800000
v -0.02693590 -0.02807622 0.00800000
v -0.02690944 -0.02813812 0.00800000
v -0.02688485 -0.02820078 0.00800000
v -0.02686214 -0.02826416 0.00800000
v -0.02684134 -0.02832818 0.00800000
v -0.02682246 -0.02839280 0.00800000
v -0.02680553 -0.02845795 0.00800000
v -0.02679055 -0.02852358 0.00800000
v -0.02677754 -0.02858963 0.00800000
v -0.02676651 -0.02865603 0.00800000
v -0.02675747 -0.02872274 0.00800000
v -0.02675044 -0.02878969 0.00800000
v -0.02674541 -0.02885682 0.00800000
v -0.02674239 -0.02892407 0.00800000
v 0.03124138 -0.02899138 0.00800000
v 0.03124037 -0.02905869 0.00800000
v 0.03123735 -0.02912594 0.00800000
v 0.03123232 -0.02919307 0.00800000
v 0.03122528 -0.02926002 0.00800000
v 0.03121625 -0.02932672 0.00800000
v 0.03120522 -0.02939313 0.00800000
v 0.03119221 -0.02945918 0.00800000
v 0.03117723 -0.02952481 0.00800000
v 0.03116029 -0.02958996 0.00800000
v 0.03114142 -0.02965458 0.00800000
v 0.03112061 -0.02971860 0.00800000
v 0.03109791 -0.02978197 0.00800000
v 0.03107331 -0.02984464 0.00800000
v 0.03104686 -0.02990654 0.00800000
v 0.03101856 -0.02996762 0.00800000
v 0.03098845 -0.03002782 0.00800000
v 0.03095655 -0.03008710 0.00800000
v 0.03092289 -0.03014540 0.00800000
v 0.03088750 -0.03020267 0.00800000
v 0.03085042 -0.03025885 0.00800000
v 0.03081167 -0.03031389 0.00800000
v 0.03077129 -0.03036776 0.00800000
v 0.03072932 -0.03042039 0.00800000
v 0.03068579 -0.03047174 0.00800000
v 0.03064074 -0.03052177 0.00800000
v 0.03059422 -0.03057042 0.00800000
v 0.03054627 -0.03061767 0.00800000
v 0.03049692 -0.03066345 0.00800000
v 0.03044623 -0.03070774 0.00800000
v 0.03039423 -0.03075050 0.00800000
v 0.03034098 -0.03079168 0.00800000
v 0.03028652 -0.03083125 0.00800000
v 0.03023090 -0.03086917 0.00800000
v 0.03017417 -0.03090541 0.00800000
v 0.03011638 -0.03093994 0.00800000
v 0.03005758 -0.03097272 0.00800000
v 0.02999783 -0.03100373 0.00800000
v 0.02993718 -0.03103294 0.00800000
v 0.02987568 -0.03106032 0.00800000
v 0.02981340 -0.03108584 0.00800000
v 0.02975037 -0.03110950 0.00800000
v 0.02968667 -0.03113126 0.00800000
v 0.02962234 -0.03115110 0.00800000
v 0.02955745 -0.03116901 0.00800000
v 0.02949205 -0.03118497 0.00800000
v 0.02942620 -0.03119896 0.00800000
v 0.02935997 -0.03121098 0.00800000
v 0.02929340 -0.03122101 0.00800000
v 0.02922657 -0.03122905 0.00800000
v 0.02915952 -0.03123509 0.00800000
v 0.02909232 -0.03123911 0.00800000
v 0.02902504 -0.03124113 0.00800000
v 0.02895772 -0.03124113 0.00800000
v 0.02889043 -0.03123911 0.00800000
v 0.02882324 -0.03123509 0.00800000
v 0.02875619 -0.03122905 0.00800000
v 0.02868935 -0.03122101 0.00800000
v 0.02862279 -0.03121098 0.00800000
v 0.02855655 -0.03119896 0.00800000
v 0.02849071 -0.03118497 0.00800000
v 0.02842531 -0.03116901 0.00800000
v 0.02836042 -0.03115110 0.00800000
v 0.02829609 -0.03113126 0.00800000
v 0.02823239 -0.03110950 0.00800000
v 0.02816936 -0.03108584 0.00800000
v 0.02810707 -0.03106032 0.00800000
v 0.02804557 -0.03103294 0.00800000
v 0.02798492 -0.03100373 0.00800000
v 0.02792517 -0.03097272 0.00800000
v 0.02786638 -0.03093994 0.00800000
v 0.02780859 -0.03090541 0.00800000
v 0.02775186 -0.03086917 0.00800000
v 0.02769624 -0.03083125 0.00800000
v 0.02764178 -0.03079168 0.00800000
v 0.02758853 -0.03075050 0.00800000
v 0.02753653 -0.03070774 0.00800000
v 0.02748583 -0.03066345 0.00800000
v 0.02743649 -0.03061767 0.00800000
v 0.02738853 -0.03057042 0.00800000
v 0.02734201 -0.03052177 0.00800000
v 0.02729697 -0.03047174 0.00800000
v 0.02725344 -0.03042039 0.00800000
v 0.02721147 -0.03036776 0.00800000
v 0.02717109 -0.03031389 0.00800000
v 0.02713234 -0.03025885 0.00800000
v 0.02709526 -0.03020267 0.00800000
v 0.02705987 -0.03014540 0.00800000
v 0.02702621 -0.03008710 0.00800000
v 0.02699431 -0.03002782 0.00800000
v 0.02696420 -0.02996762 0.00800000
v 0.02693590 -0.02990654 0.00800000
v 0.02690944 -0.02984464 0.00800000
v 0.02688485 -0.02978197 0.00800000
v 0.02686214 -0.02971860 0.00800000
v 0.02684134 -0.02965458 0.00800000
v 0.02682246 -0.02958996 0.00800000
v 0.02680553 -0.02952481 0.00800000
v 0.02679055 -0.02945918 0.00800000
v 0.02677754 -0.02939313 0.00800000
v 0.02676651 -0.02932672 0.00800000
v 0.02675747 -0.02926002 0.00800000
v 0.02675044 -0.02919307 0.00800000
v 0.02674541 -0.02912594 0.00800000
v 0.02674239 -0.02905869 0.00800000
v 0.02674138 -0.02899138 0.00800000
v 0.02674239 -0.02892407 0.00800000
v 0.02674541 -0.02885682 0.00800000
v 0.02675044 -0.02878969 0.00800000
v 0.02675747 -0.02872274 0.00800000
v 0.02676651 -0.02865603 0.00800000
v 0.02677754 -0.02858963 0.00800000
v 0.02679055 -0.02852358 0.00800000
v 0.02680553 -0.02845795 0.00800000
v 0.02682246 -0.02839280 0.00800000
v 0.02684134 -0.02832818 0.00800000
v 0.02686214 -0.02826416 0.00800000
v 0.02688485 -0.02820078 0.00800000
v 0.02690944 -0.02813812 0.00800000
v 0.02693590 -0.02807622 0.00800000
v 0.02696420 -0.02801514 0.00800000
v 0.02699431 -0.02795493 0.00800000
v 0.02702621 -0.02789565 0.00800000
v 0.02705987 -0.02783735 0.00800000
v 0.02709526 -0.02778009 0.00800000
v 0.02713234 -0.02772391 0.00800000
v 0.02717109 -0.02766886 0.00800000
v 0.02721147 -0.02761500 0.00800000
v 0.02725344 -0.02756237 0.00800000
v 0.02729697 -0.02751102 0.00800000
v 0.02734201 -0.02746099 0.00800000
v 0.02738853 -0.02741233 0.00800000
v 0.02743649 -0.02736509 0.00800000
v 0.02748583 -0.02731930 0.00800000
v 0.02753653 -0.02727501 0.00800000
v 0.02758853 -0.02723226 0.00800000
v 0.02764178 -0.02719108 0.00800000
v 0.02769624 -0.02715151 0.00800000
v 0.02775186 -0.02711359 0.00800000
v 0.02780859 -0.02707735 0.00800000
v 0.02786638 -0.02704282 0.00800000
v 0.02792517 -0.02701004 0.00800000
v 0.02798492 -0.02697903 0.00800000
v 0.02804557 -0.02694982 0.00800000
v 0.02810707 -0.02692244 0.00800000
v 0.02816936 -0.02689691 0.00800000
v 0.02823239 -0.02687326 0.00800000
v 0.02829609 -0.02685150 0.00800000
v 0.02836042 -0.02683166 0.00800000
v 0.02842531 -0.02681375 0.00800000
v 0.02849071 -0.02679779 0.00800000
v 0.02855655 -0.02678379 0.00800000
v 0.02862279 -0.02677177 0.00800000
v 0.02868935 -0.02676174 0.00800000
v 0.02875619 -0.02675370 0.00800000
v 0.02882324 -0.02674767 0.00800000
v 0.02889043 -0.02674364 0.00800000
v 0.02895772 -0.02674163 0.00800000
v 0.02902504 -0.02674163 0.00800000
v 0.02909232 -0.02674364 0.00800000
v 0.02915952 -0.02674767 0.00800000
v 0.02922657 -0.02675370 0.00800000
v 0.02929340 -0.02676174 0.00800000
v 0.02935997 -0.02677177 0.00800000
v 0.02942620 -0.02678379 0.00800000
v 0.02949205 -0.02679779 0.00800000
v 0.02955745 -0.02681375 0.00800000
v 0.02962234 -0.02683166 0.00800000
v 0.02968667 -0.02685150 0.00800000
v 0.02975037 -0.02687326 0.00800000
v 0.02981340 -0.02689691 0.00800000
v 0.02987568 -0.02692244 0.00800000
v 0.02993718 -0.02694982 0.00800000
v 0.02999783 -0.02697903 0.00800000
v 0.03005758 -0.02701004 0.00800000
v 0.03011638 -0.02704282 0.00800000
v 0.03017417 -0.02707735 0.00800000
v 0.03023090 -0.02711359 0.00800000
v 0.03028652 -0.02715151 0.00800000
v 0.03034098 -0.02719108 0.00800000
v 0.03039423 -0.02723226 0.00800000
v 0.03044623 -0.02727501 0.00800000
v 0.03049692 -0.02731930 0.00800000
v 0.03054627 -0.02736509 0.00800000
v 0.03059422 -0.02741233 0.00800000
v 0.03064074 -0.02746099 0.00800000
v 0.03068579 -0.02751102 0.00800000
v 0.03072932 -0.02756237 0.00800000
v 0.03077129 -0.02761500 0.00800000
v 0.03081167 -0.02766886 0.00800000
v 0.03085042 -0.02772391 0.00800000
v 0.03088750 -0.02778009 0.00800000
v 0.03092289 -0.02783735 0.00800000
v 0.03095655 -0.02789565 0.00800000
v 0.03098845 -0.02795493 0.00800000
v 0.03101856 -0.02801514 0.00800000
v 0.03104686 -0.02807622 0.00800000
v 0.03107331 -0.02813812 0.00800000
v 0.03109791 -0.02820078 0.00800000
v 0.03112061 -0.02826416 0.00800000
v 0.03114142 -0.02832818 0.00800000
v 0.03116029 -0.02839280 0.00800000
v 0.03117723 -0.02845795 0.00800000
v 0.03119221 -0.02852358 0.00800000
v 0.03120522 -0.02858963 0.00800000
v 0.03121625 -0.02865603 0.00800000
v 0.03122528 -0.02872274 0.00800000
v 0.03123232 -0.02878969 0.00800000
v 0.03123735 -0.02885682 0.00800000
v 0.03124037 -0.02892407 0.00800000
v -0.02674138 0.02899138 0.00800000
v -0.02674239 0.02892407 0.00800000
v -0.02674541 0.02885682 0.00800000
v -0.02675044 0.02878969 0.00800000
v -0.02675747 0.02872274 0.00800000
v -0.02676651 0.02865603 0.00800000
v -0.02677754 0.02858963 0.00800000
v -0.02679055 0.02852358 0.00800000
v -0.02680553 0.02845795 0.00800000
v -0.02682246 0.02839280 0.00800000
v -0.02684134 0.02832818 0.00800000
v -0.02686214 0.02826416 0.00800000
v -0.02688485 0.02820078 0.00800000
v -0.02690944 0.02813812 0.00800000
v -0.02693590 0.02807622 0.00800000
v -0.02696420 0.02801514 0.00800000
v -0.02699431 0.02795493 0.00800000
v -0.02702621 0.02789565 0.00800000
v -0.02705987 0.02783735 0.00800000
v -0.02709526 0.02778009 0.00800000
v -0.02713234 0.02772391 0.00800000
v -0.02717109 0.02766886 0.00800000
v -0.02721147 0.02761500 0.00800000
v -0.02725344 0.02756237 0.00800000
v -0.02729697 0.02751102 0.00800000
v -0.02734201 0.02746099 0.00800000
v -0.02738853 0.02741233 0.00800000
v -0.02743649 0.02736509 0.00800000
v -0.02748583 0.02731930 0.00800000
v -0.02753653 0.02727501 0.00800000
v -0.02758853 0.02723226 0.00800000
v -0.02764178 0.02719108 0.00800000
v -0.02769624 0.02715151 0.00800000
v -0.02775186 0.02711359 0.00800000
v -0.02780859 0.02707735 0.00800000
v -0.02786638 0.02704282 0.00800000
v -0.02792517 0.02701004 0.00800000
v -0.02798492 0.02697903 0.00800000
v -0.02804557 0.02694982 0.00800000
v -0.02810707 0.02692244 0.00800000
v -0.02816936 0.02689691 0.00800000
v -0.02823239 0.02687326 0.00800000
v -0.02829609 0.02685150 0.00800000
v -0.02836042 0.02683166 0.00800000
v -0.02842531 0.02681375 0.00800000
v -0.02849071 0.02679779 0.00800000
v -0.02855655 0.02678379 0.00800000
v -0.02862279 0.02677177 0.00800000
v -0.02868935 0.02676174 0.00800000
v -0.02875619 0.02675370 0.00800000
v -0.02882324 0.02674767 0.00800000
v -0.02889043 0.02674364 0.00800000
v -0.02895772 0.02674163 0.00800000
v -0.02902504 0.02674163 0.00800000
v -0.02909232 0.02674364 0.00800000
v -0.02915952 0.02674767 0.00800000
v -0.02922657 0.02675370 0.00800000
v -0.02929340 0.02676174 0.00800000
v -0.02935997 0.02677177 0.00800000
v -0.02942620 0.02678379 0.00800000
v -0.02949205 0.02679779 0.00800000
v -0.02955745 0.02681375 0.00800000
v -0.02962234 0.02683166 0.00800000
v -0.02968667 0.02685150 0.00800000
v -0.02975037 0.02687326 0.00800000
v -0.02981340 0.02689691 0.00800000
v -0.02987568 0.02692244 0.00800000
v -0.02993718 0.02694982 0.00800000
v -0.02999783 0.02697903 0.00800000
v -0.03005758 0.02701004 0.00800000
v -0.03011638 0.02704282 0.00800000
v -0.03017417 0.02707735 0.00800000
v -0.03023090 0.02711359 0.00800000
v -0.03028652 0.02715151 0.00800000
v -0.03034098 0.02719108 0.00800000
v -0.03039423 0.02723226 0.00800000
v -0.03044623 0.02727501 0.00800000
v -0.03049692 0.02731930 0.00800000
v -0.03054627 0.02736509 0.00800000
v -0.03059422 0.02741233 0.00800000
v -0.03064074 0.02746099 0.00800000
v -0.03068579 0.02751102 0.00800000
v -0.03072932 0.02756237 0.00800000
v -0.03077129 0.02761500 0.00800000
v -0.03081167 0.02766886 0.00800000
v -0.03085042 0.02772391 0.00800000
v -0.03088750 0.02778009 0.00800000
v -0.03092289 0.02783735 0.00800000
v -0.03095655 0.02789565 0.00800000
v -0.03098845 0.02795493 0.00800000
v -0.03101856 0.02801514 0.00800000
v -0.03104686 0.02807622 0.00800000
v -0.03107331 0.02813812 0.00800000
v -0.03109791 0.02820078 0.00800000
v -0.03112061 0.02826416 0.00800000
v -0.03114142 0.02832818 0.00800000
v -0.03116029 0.02839280 0.00800000
v -0.03117723 0.02845795 0.00800000
v -0.03119221 0.02852358 0.00800000
v -0.03120522 0.02858963 0.00800000
v -0.03121625 0.02865603 0.00800000
v -0.03122528 0.02872274 0.00800000
v -0.03123232 0.02878969 0.00800000
v -0.03123735 0.02885682 0.00800000
v -0.03124037 0.02892407 0.00800000
v -0.03124138 0.02899138 0.00800000
v -0.03124037 0.02905869 0.00800000
v -0.03123735 0.02912594 0.00800000
v -0.03123232 0.02919307 0.00800000
v -0.03122528 0.02926002 0.00800000
v -0.03121625 0.02932672 0.00800000
v -0.03120522 0.02939313 0.00800000
v -0.03119221 0.02945918 0.00800000
v -0.03117723 0.02952481 0.00800000
v -0.03116029 0.02958996 0.00800000
v -0.03114142 0.02965458 0.00800000
v -0.03112061 0.02971860 0.00800000
v -0.03109791 0.02978197 0.00800000
v -0.03107331 0.02984464 0.00800000
v -0.03104686 0.02990654 0.00800000
v -0.03101856 0.02996762 0.00800000
v -0.03098845 0.03002782 0.00800000
v -0.03095655 0.03008710 0.00800000
v -0.03092289 0.03014540 0.00800000
v -0.03088750 0.03020267 0.00800000
v -0.03085042 0.03025885 0.00800000
v -0.03081167 0.03031389 0.00800000
v -0.03077129 0.03036776 0.00800000
v -0.03072932 0.03042039 0.00800000
v -0.03068579 0.03047174 0.00800000
v -0.03064074 0.03052177 0.00800000
v -0.03059422 0.03057042 0.00800000
v -0.03054627 0.03061767 0.00800000
v -0.03049692 0.03066345 0.00800000
v -0.03044623 0.03070774 0.00800000
v -0.03039423 0.03075050 0.00800000
v -0.03034098 0.03079168 0.00800000
v -0.03028652 0.03083125 0.00800000
v -0.03023090 0.03086917 0.00800000
v -0.03017417 0.03090541 0.00800000
v -0.03011638 0.03093994 0.00800000
v -0.03005758 0.03097272 0.00800000
v -0.02999783 0.03100373 0.00800000
v -0.02993718 0.03103294 0.00800000
v -0.02987568 0.03106032 0.00800000
v -0.02981340 0.03108584 0.00800000
v -0.02975037 0.03110950 0.00800000
v -0.02968667 0.03113126 0.00800000
v -0.02962234 0.03115110 0.00800000
v -0.02955745 0.03116901 0.00800000
v -0.02949205 0.03118497 0.00800000
v -0.02942620 0.03119896 0.00800000
v -0.02935997 0.03121098 0.00800000
v -0.02929340 0.03122101 0.00800000
v -0.02922657 0.03122905 0.00800000
v -0.02915952 0.03123509 0.00800000
v -0.02909232 0.03123911 0.00800000
v -0.02902504 0.03124113 0.00800000
v -0.02895772 0.03124113 0.00800000
v -0.02889043 0.03123911 0.00800000
v -0.02882324 0.03123509 0.00800000
v -0.02875619 0.03122905 0.00800000
v -0.02868935 0.03122101 0.00800000
v -0.02862279 0.03121098 0.00800000
v -0.02855655 0.03119896 0.00800000
v -0.02849071 0.03118497 0.00800000
v -0.02842531 0.03116901 0.00800000
v -0.02836042 0.03115110 0.00800000
v -0.02829609 0.03113126 0.00800000
v -0.02823239 0.03110950 0.00800000
v -0.02816936 0.03108584 0.00800000
v -0.02810707 0.03106032 0.00800000
v -0.02804557 0.03103294 0.00800000
v -0.02798492 0.03100373 0.00800000
v -0.02792517 0.03097272 0.00800000
v -0.02786638 0.03093994 0.00800000
v -0.02780859 0.03090541 0.00800000
v -0.02775186 0.03086917 0.00800000
v -0.02769624 0.03083125 0.00800000
v -0.02764178 0.03079168 0.00800000
v -0.02758853 0.03075050 0.00800000
v -0.02753653 0.03070774 0.00800000
v -0.02748583 0.03066345 0.00800000
v -0.02743649 0.03061767 0.00800000
v -0.02738853 0.03057042 0.00800000
v -0.02734201 0.03052177 0.00800000
v -0.02729697 0.03047174 0.00800000
v -0.02725344 0.03042039 0.00800000
v -0.02721147 0.03036776 0.00800000
v -0.02717109 0.03031389 0.00800000
v -0.02713234 0.03025885 0.00800000
v -0.02709526 0.03020267 0.00800000
v -0.02705987 0.03014540 0.00800000
v -0.02702621 0.03008710 0.00800000
v -0.02699431 0.03002782 0.00800000
v -0.02696420 0.02996762 0.00800000
v -0.02693590 0.02990654 0.00800000
v -0.02690944 0.02984464 0.00800000
v -0.02688485 0.02978197 0.00800000
v -0.02686214 0.02971860 0.00800000
v -0.02684134 0.02965458 0.00800000
v -0.02682246 0.02958996 0.00800000
v -0.02680553 0.02952481 0.00800000
v -0.02679055 0.02945918 0.00800000
v -0.02677754 0.02939313 0.00800000
v -0.02676651 0.02932672 0.00800000
v -0.02675747 0.02926002 0.00800000
v -0.02675044 0.02919307 0.00800000
v -0.02674541 0.02912594 0.00800000
v -0.02674239 0.02905869 0.00800000
v 0.00600000 0.00000000 0.00800000
v 0.00599731 -0.00017949 0.00800000
v 0.00598926 -0.00035882 0.00800000
v 0.00597585 -0.00053784 0.00800000
v 0.00595708 -0.00071637 0.00800000
v 0.00593298 -0.00089425 0.00800000
v 0.00590358 -0.00107134 0.00800000
v 0.00586889 -0.00124747 0.00800000
v 0.00582894 -0.00142248 0.00800000
v 0.00578378 -0.00159622 0.00800000
v 0.00573344 -0.00176853 0.00800000
v 0.00567796 -0.00193926 0.00800000
v 0.00561741 -0.00210825 0.00800000
v 0.00555183 -0.00227535 0.00800000
v 0.00548127 -0.00244042 0.00800000
v 0.00540581 -0.00260330 0.00800000
v 0.00532551 -0.00276385 0.00800000
v 0.00524045 -0.00292193 0.00800000
v 0.00515069 -0.00307740 0.00800000
v 0.00505633 -0.00323010 0.00800000
v 0.00495743 -0.00337992 0.00800000
v 0.00485410 -0.00352671 0.00800000
v 0.00474643 -0.00367035 0.00800000
v 0.00463450 -0.00381069 0.00800000
v 0.00451843 -0.00394763 0.00800000
v 0.00439831 -0.00408104 0.00800000
v 0.00427426 -0.00421079 0.00800000
v 0.00414638 -0.00433677 0.00800000
v 0.00401478 -0.00445887 0.00800000
v 0.00387960 -0.00457698 0.00800000
v 0.00374094 -0.00469099 0.00800000
v 0.00359893 -0.00480080 0.00800000
v 0.00345370 -0.00490632 0.00800000
v 0.00330538 -0.00500744 0.00800000
v 0.00315410 -0.00510408 0.00800000
v 0.00300000 -0.00519615 0.00800000
v 0.00284321 -0.00528357 0.00800000
v 0.00268388 -0.00536626 0.00800000
v 0.00252214 -0.00544415 0.00800000
v 0.00235815 -0.00551717 0.00800000
v 0.00219205 -0.00558524 0.00800000
v 0.00202398 -0.00564832 0.00800000
v 0.00185410 -0.00570634 0.00800000
v 0.00168256 -0.00575925 0.00800000
v 0.00150952 -0.00580701 0.00800000
v 0.00133513 -0.00584957 0.00800000
v 0.00115954 -0.00588689 0.00800000
v 0.00098291 -0.00591894 0.00800000
v 0.00080540 -0.00594570 0.00800000
v 0.00062717 -0.00596713 0.00800000
v 0.00044838 -0.00598322 0.00800000
v 0.00026919 -0.00599396 0.00800000
v 0.00008976 -0.00599933 0.00800000
v -0.00008976 -0.00599933 0.00800000
v -0.00026919 -0.00599396 0.00800000
v -0.00044838 -0.00598322 0.00800000
v -0.00062717 -0.00596713 0.00800000
v -0.00080540 -0.00594570 0.00800000
v -0.00098291 -0.00591894 0.00800000
v -0.00115954 -0.00588689 0.00800000
v -0.00133513 -0.00584957 0.00800000
v -0.00150952 -0.00580701 0.00800000
v -0.00168256 -0.00575925 0.00800000
v -0.00185410 -0.00570634 0.00800000
v -0.00202398 -0.00564832 0.00800000
v -0.00219205 -0.00558524 0.00800000
v -0.00235815 -0.00551717 0.00800000
v -0.00252214 -0.00544415 0.00800000
v -0.00268388 -0.00536626 0.00800000
v -0.00284321 -0.00528357 0.00800000
v -0.00300000 -0.00519615 0.00800000
v -0.00315410 -0.00510408 0.00800000
v -0.00330538 -0.00500744 0.00800000
v -0.00345370 -0.00490632 0.00800000
v -0.00359893 -0.00480080 0.00800000
v -0.00374094 -0.00469099 0.00800000
v -0.00387960 -0.00457698 0.00800000
v -0.00401478 -0.00445887 0.00800000
v -0.00414638 -0.00433677 0.00800000
v -0.00427426 -0.00421079 0.00800000
v -0.00439831 -0.00408104 0.00800000
v -0.00451843 -0.00394763 0.00800000
v -0.00463450 -0.00381069 0.00800000
v -0.00474643 -0.00367035 0.00800000
v -0.00485410 -0.00352671 0.00800000
v -0.00495743 -0.00337992 0.00800000
v -0.00505633 -0.00323010 0.00800000
v -0.00515069 -0.00307740 0.00800000
v -0.00524045 -0.00292193 0.00800000
v -0.00532551 -0.00276385 0.00800000
v -0.00540581 -0.00260330 0.00800000
v -0.00548127 -0.00244042 0.00800000
v -0.00555183 -0.00227535 0.00800000
v -0.00561741 -0.00210825 0.00800000
v -0.00567796 -0.00193926 0.00800000
v -0.00573344 -0.00176853 0.00800000
v -0.00578378 -0.00159622 0.00800000
v -0.00582894 -0.00142248 0.00800000
v -0.00586889 -0.00124747 0.00800000
v -0.00590358 -0.00107134 0.00800000
v -0.00593298 -0.00089425 0.00800000
v -0.00595708 -0.00071637 0.00800000
v -0.00597585 -0.00053784 0.00800000
v -0.00598926 -0.00035882 0.00800000
v -0.00599731 -0.00017949 0.00800000
v -0.00600000 -0.00000000 0.00800000
v -0.00599731 0.00017949 0.00800000
v -0.00598926 0.00035882 0.00800000
v -0.00597585 0.00053784 0.00800000
v -0.00595708 0.00071637 0.00800000
v -0.00593298 0.00089425 0.00800000
v -0.00590358 0.00107134 0.00800000
v -0.00586889 0.00124747 0.00800000
v -0.00582894 0.00142248 0.00800000
v -0.00578378 0.00159622 0.00800000
v -0.00573344 0.00176853 0.00800000
v -0.00567796 0.00193926 0.00800000
v -0.00561741 0.00210825 0.00800000
v -0.00555183 0.00227535 0.00800000
v -0.00548127 0.00244042 0.00800000
v -0.00540581 0.00260330 0.00800000
v -0.00532551 0.00276385 0.00800000
v -0.00524045 0.00292193 0.00800000
v -0.00515069 0.00307740 0.00800000
v -0.00505633 0.00323010 0.00800000
v -0.00495743 0.00337992 0.00800000
v -0.00485410 0.00352671 0.00800000
v -0.00474643 0.00367035 0.00800000
v -0.00463450 0.00381069 0.00800000
v -0.00451843 0.00394763 0.00800000
v -0.00439831 0.00408104 0.00800000
v -0.00427426 0.00421079 0.00800000
v -0.00414638 0.00433677 0.00800000
v -0.00401478 0.00445887 0.00800000
v -0.00387960 0.00457698 0.00800000
v -0.00374094 0.00469099 0.00800000
v -0.00359893 0.00480080 0.00800000
v -0.00345370 0.00490632 0.00800000
v -0.00330538 0.00500744 0.00800000
v -0.00315410 0.00510408 0.00800000
v -0.00300000 0.00519615 0.00800000
v -0.00284321 0.00528357 0.00800000
v -0.00268388 0.00536626 0.00800000
v -0.00252214 0.00544415 0.00800000
v -0.00235815 0.00551717 0.00800000
v -0.00219205 0.00558524 0.00800000
v -0.00202398 0.00564832 0.00800000
v -0.00185410 0.00570634 0.00800000
v -0.00168256 0.00575925 0.00800000
v -0.00150952 0.00580701 0.00800000
v -0.00133513 0.00584957 0.00800000
v -0.00115954 0.00588689 0.00800000
v -0.00098291 0.00591894 0.00800000
v -0.00080540 0.00594570 0.00800000
v -0.00062717 0.00596713 0.00800000
v -0.00044838 0.00598322 0.00800000
v -0.00026919 0.00599396 0.00800000
v -0.00008976 0.00599933 0.00800000
v 0.00008976 0.00599933 0.00800000
v 0.00026919 0.00599396 0.00800000
v 0.00044838 0.00598322 0.00800000
v 0.00062717 0.00596713 0.00800000
v 0.00080540 0.00594570 0.00800000
v 0.00098291 0.00591894 0.00800000
v 0.00115954 0.00588689 0.00800000
v 0.00133513 0.00584957 0.00800000
v 0.00150952 0.00580701 0.00800000
v 0.00168256 0.00575925 0.00800000
v 0.00185410 0.00570634 0.00800000
v 0.00202398 0.00564832 0.00800000
v 0.00219205 0.00558524 0.00800000
v 0.00235815 0.00551717 0.00800000
v 0.00252214 0.00544415 0.00800000
v 0.00268388 0.00536626 0.00800000
v 0.00284321 0.00528357 0.00800000
v 0.00300000 0.00519615 0.00800000
v 0.00315410 0.00510408 0.00800000
v 0.00330538 0.00500744 0.00800000
v 0.00345370 0.00490632 0.00800000
v 0.00359893 0.00480080 0.00800000
v 0.00374094 0.00469099 0.00800000
v 0.00387960 0.00457698 0.00800000
v 0.00401478 0.00445887 0.00800000
v 0.00414638 0.00433677 0.00800000
v 0.00427426 0.00421079 0.00800000
v 0.00439831 0.00408104 0.00800000
v 0.00451843 0.00394763 0.00800000
v 0.00463450 0.00381069 0.00800000
v 0.00474643 0.00367035 0.00800000
v 0.00485410 0.00352671 0.00800000
v 0.00495743 0.00337992 0.00800000
v 0.00505633 0.00323010 0.00800000
v 0.00515069 0.00307740 0.00800000
v 0.00524045 0.00292193 0.00800000
v 0.00532551 0.00276385 0.00800000
v 0.00540581 0.00260330 0.00800000
v 0.00548127 0.00244042 0.00800000
v 0.00555183 0.00227535 0.00800000
v 0.00561741 0.00210825 0.00800000
v 0.00567796 0.00193926 0.00800000
v 0.00573344 0.00176853 0.00800000
v 0.00578378 0.00159622 0.00800000
v 0.00582894 0.00142248 0.00800000
v 0.00586889 0.00124747 0.00800000
v 0.00590358 0.00107134 0.00800000
v 0.00593298 0.00089425 0.00800000
v 0.00595708 0.00071637 0.00800000
v 0.00597585 0.00053784 0.00800000
v 0.00598926 0.00035882 0.00800000
v 0.00599731 0.00017949 0.00800000
v 0.03124138 0.02899138 0.00800000
v 0.03124037 0.02892407 0.00800000
v 0.03123735 0.02885682 0.00800000
v 0.03123232 0.02878969 0.00800000
v 0.03122528 0.02872274 0.00800000
v 0.03121625 0.02865603 0.00800000
v 0.03120522 0.02858963 0.00800000
v 0.03119221 0.02852358 0.00800000
v 0.03117723 0.02845795 0.00800000
v 0.03116029 0.02839280 0.00800000
v 0.03114142 0.02832818 0.00800000
v 0.03112061 0.02826416 0.00800000
v 0.03109791 0.02820078 0.00800000
v 0.03107331 0.02813812 0.00800000
v 0.03104686 0.02807622 0.00800000
v 0.03101856 0.02801514 0.00800000
v 0.03098845 0.02795493 0.00800000
v 0.03095655 0.02789565 0.00800000
v 0.03092289 0.02783735 0.00800000
v 0.03088750 0.02778009 0.00800000
v 0.03085042 0.02772391 0.00800000
v 0.03081167 0.02766886 0.00800000
v 0.03077129 0.02761500 0.00800000
v 0.03072932 0.02756237 0.00800000
v 0.03068579 0.02751102 0.00800000
v 0.03064074 0.02746099 0.00800000
v 0.03059422 0.02741233 0.00800000
v 0.03054627 0.02736509 0.00800000
v 0.03049692 0.02731930 0.00800000
v 0.03044623 0.02727501 0.00800000
v 0.03039423 0.02723226 0.00800000
v 0.03034098 0.02719108 0.00800000
v 0.03028652 0.02715151 0.00800000
v 0.03023090 0.02711359 0.00800000
v 0.03017417 0.02707735 0.00800000
v 0.03011638 0.02704282 0.00800000
v 0.03005758 0.02701004 0.00800000
v 0.02999783 0.02697903 0.00800000
v 0.02993718 0.02694982 0.00800000
v 0.02987568 0.02692244 0.00800000
v 0.02981340 0.02689691 0.00800000
v 0.02975037 0.02687326 0.00800000
v 0.02968667 0.02685150 0.00800000
v 0.02962234 0.02683166 0.00800000
v 0.02955745 0.02681375 0.00800000
v 0.02949205 0.02679779 0.00800000
v 0.02942620 0.02678379 0.00800000
v 0.02935997 0.02677177 0.00800000
v 0.02929340 0.02676174 0.00800000
v 0.02922657 0.02675370 0.00800000
v 0.02915952 0.02674767 0.00800000
v 0.02909232 0.02674364 0.00800000
v 0.02902504 0.02674163 0.00800000
v 0.02895772 0.02674163 0.00800000
v 0.02889043 0.02674364 0.00800000
v 0.02882324 0.02674767 0.00800000
v 0.02875619 0.02675370 0.00800000
v 0.02868935 0.02676174 0.00800000
v 0.02862279 0.02677177 0.00800000
v 0.02855655 0.02678379 0.00800000
v 0.02849071 0.02679779 0.00800000
v 0.02842531 0.02681375 0.00800000
v 0.02836042 0.02683166 0.00800000
v 0.02829609 0.02685150 0.00800000
v 0.02823239 0.02687326 0.00800000
v 0.02816936 0.02689691 0.00800000
v 0.02810707 0.02692244 0.00800000
v 0.02804557 0.02694982 0.00800000
v 0.02798492 0.02697903 0.00800000
v 0.02792517 0.02701004 0.00800000
v 0.02786638 0.02704282 0.00800000
v 0.02780859 0.02707735 0.00800000
v 0.02775186 0.02711359 0.00800000
v 0.02769624 0.02715151 0.00800000
v 0.02764178 0.02719108 0.00800000
v 0.02758853 0.02723226 0.00800000
v 0.02753653 0.02727501 0.00800000
v 0.02748583 0.02731930 0.00800000
v 0.02743649 0.02736509 0.00800000
v 0.02738853 0.02741233 0.00800000
v 0.02734201 0.02746099 0.00800000
v 0.02729697 0.02751102 0.00800000
v 0.02725344 0.02756237 0.00800000
v 0.02721147 0.02761500 0.00800000
v 0.02717109 0.02766886 0.00800000
v 0.02713234 0.02772391 0.00800000
v 0.02709526 0.02778009 0.00800000
v 0.02705987 0.02783735 0.00800000
v 0.02702621 0.02789565 0.00800000
v 0.02699431 0.02795493 0.00800000
v 0.02696420 0.02801514 0.00800000
v 0.02693590 0.02807622 0.00800000
v 0.02690944 0.02813812 0.00800000
v 0.02688485 0.02820078 0.00800000
v 0.02686214 0.02826416 0.00800000
v 0.02684134 0.02832818 0.00800000
v 0.02682246 0.02839280 0.00800000
v 0.02680553 0.02845795 0.00800000
v 0.02679055 0.02852358 0.00800000
v 0.02677754 0.02858963 0.00800000
v 0.02676651 0.02865603 0.00800000
v 0.02675747 0.02872274 0.00800000
v 0.02675044 0.02878969 0.00800000
v 0.02674541 0.02885682 0.00800000
v 0.02674239 0.02892407 0.00800000
v 0.02674138 0.02899138 0.00800000
v 0.02674239 0.02905869 0.00800000
v 0.02674541 0.02912594 0.00800000
v 0.02675044 0.02919307 0.00800000
v 0.02675747 0.02926002 0.00800000
v 0.02676651 0.02932672 0.00800000
v 0.02677754 0.02939313 0.00800000
v 0.02679055 0.02945918 0.00800000
v 0.02680553 0.02952481 0.00800000
v 0.02682246 0.02958996 0.00800000
v 0.02684134 0.02965458 0.00800000
v 0.02686214 0.02971860 0.00800000
v 0.02688485 0.02978197 0.00800000
v 0.02690944 0.02984464 0.00800000
v 0.02693590 0.02990654 0.00800000
v 0.02696420 0.02996762 0.00800000
v 0.02699431 0.03002782 0.00800000
v 0.02702621 0.03008710 0.00800000
v 0.02705987 0.03014540 0.00800000
v 0.02709526 0.03020267 0.00800000
v 0.02713234 0.03025885 0.00800000
v 0.02717109 0.03031389 0.00800000
v 0.02721147 0.03036776 0.00800000
v 0.02725344 0.03042039 0.00800000
v 0.02729697 0.03047174 0.00800000
v 0.02734201 0.03052177 0.00800000
v 0.02738853 0.03057042 0.00800000
v 0.02743649 0.03061767 0.00800000
v 0.02748583 0.03066345 0.00800000
v 0.02753653 0.03070774 0.00800000
v 0.02758853 0.03075050 0.00800000
v 0.02764178 0.03079168 0.00800000
v 0.02769624 0.03083125 0.00800000
v 0.02775186 0.03086917 0.00800000
v 0.02780859 0.03090541 0.00800000
v 0.02786638 0.03093994 0.00800000
v 0.02792517 0.03097272 0.00800000
v 0.02798492 0.03100373 0.00800000
v 0.02804557 0.03103294 0.00800000
v 0.02810707 0.03106032 0.00800000
v 0.02816936 0.03108584 0.00800000
v 0.02823239 0.03110950 0.00800000
v 0.02829609 0.03113126 0.00800000
v 0.02836042 0.03115110 0.00800000
v 0.02842531 0.03116901 0.00800000
v 0.02849071 0.03118497 0.00800000
v 0.02855655 0.03119896 0.00800000
v 0.02862279 0.03121098 0.00800000
v 0.02868935 0.03122101 0.00800000
v 0.02875619 0.03122905 0.00800000
v 0.02882324 0.03123509 0.00800000
v 0.02889043 0.03123911 0.00800000
v 0.02895772 0.03124113 0.00800000
v 0.02902504 0.03124113 0.00800000
v 0.02909232 0.03123911 0.00800000
v 0.02915952 0.03123509 0.00800000
v 0.02922657 0.03122905 0.00800000
v 0.02929340 0.03122101 0.00800000
v 0.02935997 0.03121098 0.00800000
v 0.02942620 0.03119896 0.00800000
v 0.02949205 0.03118497 0.00800000
v 0.02955745 0.03116901 0.00800000
v 0.02962234 0.03115110 0.00800000
v 0.02968667 0.03113126 0.00800000
v 0.02975037 0.03110950 0.00800000
v 0.02981340 0.03108584 0.00800000
v 0.02987568 0.03106032 0.00800000
v 0.02993718 0.03103294 0.00800000
v 0.02999783 0.03100373 0.00800000
v 0.03005758 0.03097272 0.00800000
v 0.03011638 0.03093994 0.00800000
v 0.03017417 0.03090541 0.00800000
v 0.03023090 0.03086917 0.00800000
v 0.03028652 0.03083125 0.00800000
v 0.03034098 0.03079168 0.00800000
v 0.03039423 0.03075050 0.00800000
v 0.03044623 0.03070774 0.00800000
v 0.03049692 0.03066345 0.00800000
v 0.03054627 0.03061767 0.00800000
v 0.03059422 0.03057042 0.00800000
v 0.03064074 0.03052177 0.00800000
v 0.03068579 0.03047174 0.00800000
v 0.03072932 0.03042039 0.00800000
v 0.03077129 0.03036776 0.00800000
v 0.03081167 0.03031389 0.00800000
v 0.03085042 0.03025885 0.00800000
v 0.03088750 0.03020267 0.00800000
v 0.03092289 0.03014540 0.00800000
v 0.03095655 0.03008710 0.00800000
v 0.03098845 0.03002782 0.00800000
v 0.03101856 0.02996762 0.00800000
v 0.03104686 0.02990654 0.00800000
v 0.03107331 0.02984464 0.00800000
v 0.03109791 0.02978197 0.00800000
v 0.03112061 0.02971860 0.00800000
v 0.03114142 0.02965458 0.00800000
v 0.03116029 0.02958996 0.00800000
v 0.03117723 0.02952481 0.00800000
v 0.03119221 0.02945918 0.00800000
v 0.03120522 0.02939313 0.00800000
v 0.03121625 0.02932672 0.00800000
v 0.03122528 0.02926002 0.00800000
v 0.03123232 0.02919307 0.00800000
v 0.03123735 0.02912594 0.00800000
v 0.03124037 0.02905869 0.00800000
v -0.02499138 -0.02899138 0.01400000
v -0.02499317 -0.02911104 0.01400000
v -0.02499854 -0.02923059 0.01400000
v -0.02500748 -0.02934994 0.01400000
v -0.02501999 -0.02946895 0.01400000
v -0.02503605 -0.02958755 0.01400000
v -0.02505566 -0.02970561 0.01400000
v -0.02507879 -0.02982302 0.01400000
v -0.02510542 -0.02993970 0.01400000
v -0.02513553 -0.03005553 0.01400000
v -0.02516909 -0.03017040 0.01400000
v -0.02520607 -0.03028422 0.01400000
v -0.02524644 -0.03039688 0.01400000
v -0.02529016 -0.03050828 0.01400000
v -0.02533720 -0.03061832 0.01400000
v -0.02538750 -0.03072691 0.01400000
v -0.02544103 -0.03083395 0.01400000
v -0.02549775 -0.03093933 0.01400000
v -0.02555758 -0.03104298 0.01400000
v -0.02562049 -0.03114478 0.01400000
v -0.02568642 -0.03124466 0.01400000
v -0.02575531 -0.03134252 0.01400000
v -0.02582709 -0.03143828 0.01400000
v -0.02590171 -0.03153184 0.01400000
v -0.02597909 -0.03162313 0.01400000
v -0.02605917 -0.03171207 0.01400000
v -0.02614187 -0.03179857 0.01400000
v -0.02622713 -0.03188256 0.01400000
v -0.02631486 -0.03196396 0.01400000
v -0.02640498 -0.03204270 0.01400000
v -0.02649742 -0.03211870 0.01400000
v -0.02659209 -0.03219191 0.01400000
v -0.02668891 -0.03226226 0.01400000
v -0.02678779 -0.03232967 0.01400000
v -0.02688864 -0.03239410 0.01400000
v -0.02699138 -0.03245548 0.01400000
v -0.02709590 -0.03251376 0.01400000
v -0.02720213 -0.03256889 0.01400000
v -0.02730995 -0.03262081 0.01400000
v -0.02741928 -0.03266949 0.01400000
v -0.02753001 -0.03271487 0.01400000
v -0.02764206 -0.03275692 0.01400000
v -0.02775531 -0.03279560 0.01400000
v -0.02786967 -0.03283088 0.01400000
v -0.02798503 -0.03286272 0.01400000
v -0.02810129 -0.03289109 0.01400000
v -0.02821835 -0.03291597 0.01400000
v -0.02833611 -0.03293734 0.01400000
v -0.02845444 -0.03295518 0.01400000
v -0.02857326 -0.03296947 0.01400000
v -0.02869246 -0.03298019 0.01400000
v -0.02881192 -0.03298735 0.01400000
v -0.02893154 -0.03299093 0.01400000
v -0.02905122 -0.03299093 0.01400000
v -0.02917084 -0.03298735 0.01400000
v -0.02929030 -0.03298019 0.01400000
v -0.02940949 -0.03296947 0.01400000
v -0.02952831 -0.03295518 0.01400000
v -0.02964665 -0.03293734 0.01400000
v -0.02976440 -0.03291597 0.01400000
v -0.02988146 -0.03289109 0.01400000
v -0.02999773 -0.03286272 0.01400000
v -0.03011309 -0.03283088 0.01400000
v -0.03022745 -0.03279560 0.01400000
v -0.03034070 -0.03275692 0.01400000
v -0.03045274 -0.03271487 0.01400000
v -0.03056348 -0.03266949 0.01400000
v -0.03067281 -0.03262081 0.01400000
v -0.03078063 -0.03256889 0.01400000
v -0.03088685 -0.03251376 0.01400000
v -0.03099138 -0.03245548 0.01400000
v -0.03109411 -0.03239410 0.01400000
v -0.03119497 -0.03232967 0.01400000
v -0.03129385 -0.03226226 0.01400000
v -0.03139067 -0.03219191 0.01400000
v -0.03148534 -0.03211870 0.01400000
v -0.03157778 -0.03204270 0.01400000
v -0.03166790 -0.03196396 0.01400000
v -0.03175563 -0.03188256 0.01400000
v -0.03184088 -0.03179857 0.01400000
v -0.03192359 -0.03171207 0.01400000
v -0.03200366 -0.03162313 0.01400000
v -0.03208105 -0.03153184 0.01400000
v -0.03215566 -0.03143828 0.01400000
v -0.03222745 -0.03134252 0.01400000
v -0.03229633 -0.03124466 0.01400000
v -0.03236226 -0.03114478 0.01400000
v -0.03242517 -0.03104298 0.01400000
v -0.03248501 -0.03093933 0.01400000
v -0.03254172 -0.03083395 0.01400000
v -0.03259525 -0.03072691 0.01400000
v -0.03264556 -0.03061832 0.01400000
v -0.03269260 -0.03050828 0.01400000
v -0.03273632 -0.03039688 0.01400000
v -0.03277669 -0.03028422 0.01400000
v -0.03281367 -0.03017040 0.01400000
v -0.03284723 -0.03005553 0.01400000
v -0.03287734 -0.02993970 0.01400000
v -0.03290397 -0.02982302 0.01400000
v -0.03292710 -0.02970561 0.01400000
v -0.03294670 -0.02958755 0.01400000
v -0.03296277 -0.02946895 0.01400000
v -0.03297528 -0.02934994 0.01400000
v -0.03298422 -0.02923059 0.01400000
v -0.03298959 -0.02911104 0.01400000
v -0.03299138 -0.02899138 0.01400000
v -0.03298959 -0.02887172 0.01400000
v -0.03298422 -0.02875216 0.01400000
v -0.03297528 -0.02863282 0.01400000
v -0.03296277 -0.02851380 0.01400000
v -0.03294670 -0.02839521 0.01400000
v -0.03292710 -0.02827715 0.01400000
v -0.03290397 -0.02815973 0.01400000
v -0.03287734 -0.02804306 0.01400000
v -0.03284723 -0.02792723 0.01400000
v -0.03281367 -0.02781236 0.01400000
v -0.03277669 -0.02769854 0.01400000
v -0.03273632 -0.02758588 0.01400000
v -0.03269260 -0.02747448 0.01400000
v -0.03264556 -0.02736443 0.01400000
v -0.03259525 -0.02725584 0.01400000
v -0.03254172 -0.02714881 0.01400000
v -0.03248501 -0.02704342 0.01400000
v -0.03242517 -0.02693978 0.01400000
v -0.03236226 -0.02683798 0.01400000
v -0.03229633 -0.02673810 0.01400000
v -0.03222745 -0.02664024 0.01400000
v -0.03215566 -0.02654448 0.01400000
v -0.03208105 -0.02645091 0.01400000
v -0.03200366 -0.02635962 0.01400000
v -0.03192359 -0.02627069 0.01400000
v -0.03184088 -0.02618419 0.01400000
v -0.03175563 -0.02610020 0.01400000
v -0.03166790 -0.02601880 0.01400000
v -0.03157778 -0.02594006 0.01400000
v -0.03148534 -0.02586405 0.01400000
v -0.03139067 -0.02579084 0.01400000
v -0.03129385 -0.02572050 0.01400000
v -0.03119497 -0.02565309 0.01400000
v -0.03109411 -0.02558866 0.01400000
v -0.03099138 -0.02552728 0.01400000
v -0.03088685 -0.02546900 0.01400000
v -0.03078063 -0.02541387 0.01400000
v -0.03067281 -0.02536194 0.01400000
v -0.03056348 -0.02531327 0.01400000
v -0.03045274 -0.02526788 0.01400000
v -0.03034070 -0.02522583 0.01400000
v -0.03022745 -0.02518715 0.01400000
v -0.03011309 -0.02515188 0.01400000
v -0.02999773 -0.02512004 0.01400000
v -0.02988146 -0.02509167 0.01400000
v -0.02976440 -0.02506678 0.01400000
v -0.02964665 -0.02504542 0.01400000
v -0.02952831 -0.02502758 0.01400000
v -0.02940949 -0.02501329 0.01400000
v -0.02929030 -0.02500256 0.01400000
v -0.02917084 -0.02499541 0.01400000
v -0.02905122 -0.02499183 0.01400000
v -0.02893154 -0.02499183 0.01400000
v -0.02881192 -0.02499541 0.01400000
v -0.02869246 -0.02500256 0.01400000
v -0.02857326 -0.02501329 0.01400000
v -0.02845444 -0.02502758 0.01400000
v -0.02833611 -0.02504542 0.01400000
v -0.02821835 -0.02506678 0.01400000
v -0.02810129 -0.02509167 0.01400000
v -0.02798503 -0.02512004 0.01400000
v -0.02786967 -0.02515188 0.01400000
v -0.02775531 -0.02518715 0.01400000
v -0.02764206 -0.02522583 0.01400000
v -0.02753001 -0.02526788 0.01400000
v -0.02741928 -0.02531327 0.01400000
v -0.02730995 -0.02536194 0.01400000
v -0.02720213 -0.02541387 0.01400000
v -0.02709590 -0.02546900 0.01400000
v -0.02699138 -0.02552728 0.01400000
v -0.02688864 -0.02558866 0.01400000
v -0.02678779 -0.02565309 0.01400000
v -0.02668891 -0.02572050 0.01400000
v -0.02659209 -0.02579084 0.01400000
v -0.02649742 -0.02586405 0.01400000
v -0.02640498 -0.02594006 0.01400000
v -0.02631486 -0.02601880 0.01400000
v -0.02622713 -0.02610020 0.01400000
v -0.02614187 -0.02618419 0.01400000
v -0.02605917 -0.02627069 0.01400000
v -0.02597909 -0.02635962 0.01400000
v -0.02590171 -0.02645091 0.01400000
v -0.02582709 -0.02654448 0.01400000
v -0.02575531 -0.02664024 0.01400000
v -0.02568642 -0.02673810 0.01400000
v -0.02562049 -0.02683798 0.01400000
v -0.02555758 -0.02693978 0.01400000
v -0.02549775 -0.02704342 0.01400000
v -0.02544103 -0.02714881 0.01400000
v -0.02538750 -0.02725584 0.01400000
v -0.02533720 -0.02736443 0.01400000
v -0.02529016 -0.02747448 0.01400000
v -0.02524644 -0.02758588 0.01400000
v -0.02520607 -0.02769854 0.01400000
v -0.02516909 -0.02781236 0.01400000
v -0.02513553 -0.02792723 0.01400000
v -0.02510542 -0.02804306 0.01400000
v -0.02507879 -0.02815973 0.01400000
v -0.02505566 -0.02827715 0.01400000
v -0.02503605 -0.02839521 0.01400000
v -0.02501999 -0.02851380 0.01400000
v -0.02500748 -0.02863282 0.01400000
v -0.02499854 -0.02875216 0.01400000
v -0.02499317 -0.02887172 0.01400000
v 0.03299138 -0.02899138 0.01400000
v 0.03298959 -0.02911104 0.01400000
v 0.03298422 -0.02923059 0.01400000
v 0.03297528 -0.02934994 0.01400000
v 0.03296277 -0.02946895 0.01400000
v 0.03294670 -0.02958755 0.01400000
v 0.03292710 -0.02970561 0.01400000
v 0.03290397 -0.02982302 0.01400000
v 0.03287734 -0.02993970 0.01400000
v 0.03284723 -0.03005553 0.01400000
v 0.03281367 -0.03017040 0.01400000
v 0.03277669 -0.03028422 0.01400000
v 0.03273632 -0.03039688 0.01400000
v 0.03269260 -0.03050828 0.01400000
v 0.03264556 -0.03061832 0.01400000
v 0.03259525 -0.03072691 0.01400000
v 0.03254172 -0.03083395 0.01400000
v 0.03248501 -0.03093933 0.01400000
v 0.03242517 -0.03104298 0.01400000
v 0.03236226 -0.03114478 0.01400000
v 0.03229633 -0.03124466 0.01400000
v 0.03222745 -0.03134252 0.01400000
v 0.03215566 -0.03143828 0.01400000
v 0.03208105 -0.03153184 0.01400000
v 0.03200366 -0.03162313 0.01400000
v 0.03192359 -0.03171207 0.01400000
v 0.03184088 -0.03179857 0.01400000
v 0.03175563 -0.03188256 0.01400000
v 0.03166790 -0.03196396 0.01400000
v 0.03157778 -0.03204270 0.01400000
v 0.03148534 -0.03211870 0.01400000
v 0.03139067 -0.03219191 0.01400000
v 0.03129385 -0.03226226 0.01400000
v 0.03119497 -0.03232967 0.01400000
v 0.03109411 -0.03239410 0.01400000
v 0.03099138 -0.03245548 0.01400000
v 0.03088685 -0.03251376 0.01400000
v 0.03078063 -0.03256889 0.01400000
v 0.03067281 -0.03262081 0.01400000
v 0.03056348 -0.03266949 0.01400000
v 0.03045274 -0.03271487 0.01400000
v 0.03034070 -0.03275692 0.01400000
v 0.03022745 -0.03279560 0.01400000
v 0.03011309 -0.03283088 0.01400000
v 0.02999773 -0.03286272 0.01400000
v 0.02988146 -0.03289109 0.01400000
v 0.02976440 -0.03291597 0.01400000
v 0.02964665 -0.03293734 0.01400000
v 0.02952831 -0.03295518 0.01400000
v 0.02940949 -0.03296947 0.01400000
v 0.02929030 -0.03298019 0.01400000
v 0.02917084 -0.03298735 0.01400000
v 0.02905122 -0.03299093 0.01400000
v 0.02893154 -0.03299093 0.01400000
v 0.02881192 -0.03298735 0.01400000
v 0.02869246 -0.03298019 0.01400000
v 0.02857326 -0.03296947 0.01400000
v 0.02845444 -0.03295518 0.01400000
v 0.02833611 -0.03293734 0.01400000
v 0.02821835 -0.03291597 0.01400000
v 0.02810129 -0.03289109 0.01400000
v 0.02798503 -0.03286272 0.01400000
v 0.02786967 -0.03283088 0.01400000
v 0.02775531 -0.03279560 0.01400000
v 0.02764206 -0.03275692 0.01400000
v 0.02753001 -0.03271487 0.01400000
v 0.02741928 -0.03266949 0.01400000
v 0.02730995 -0.03262081 0.01400000
v 0.02720213 -0.03256889 0.01400000
v 0.02709590 -0.03251376 0.01400000
v 0.02699138 -0.03245548 0.01400000
v 0.02688864 -0.03239410 0.01400000
v 0.02678779 -0.03232967 0.01400000
v 0.02668891 -0.03226226 0.01400000
v 0.02659209 -0.03219191 0.01400000
v 0.02649742 -0.03211870 0.01400000
v 0.02640498 -0.03204270 0.01400000
v 0.02631486 -0.03196396 0.01400000
v 0.02622713 -0.03188256 0.01400000
v 0.02614187 -0.03179857 0.01400000
v 0.02605917 -0.03171207 0.01400000
v 0.02597909 -0.03162313 0.01400000
v 0.02590171 -0.03153184 0.01400000
v 0.02582709 -0.03143828 0.01400000
v 0.02575531 -0.03134252 0.01400000
v 0.02568642 -0.03124466 0.01400000
v 0.02562049 -0.03114478 0.01400000
v 0.02555758 -0.03104298 0.01400000
v 0.02549775 -0.03093933 0.01400000
v 0.02544103 -0.03083395 0.01400000
v 0.02538750 -0.03072691 0.01400000
v 0.02533720 -0.03061832 0.01400000
v 0.02529016 -0.03050828 0.01400000
v 0.02524644 -0.03039688 0.01400000
v 0.02520607 -0.03028422 0.01400000
v 0.02516909 -0.03017040 0.01400000
v 0.02513553 -0.03005553 0.01400000
v 0.02510542 -0.02993970 0.01400000
v 0.02507879 -0.02982302 0.01400000
v 0.02505566 -0.02970561 0.01400000
v 0.02503605 -0.02958755 0.01400000
v 0.02501999 -0.02946895 0.01400000
v 0.02500748 -0.02934994 0.01400000
v 0.02499854 -0.02923059 0.01400000
v 0.02499317 -0.02911104 0.01400000
v 0.02499138 -0.02899138 0.01400000
v 0.02499317 -0.02887172 0.01400000
v 0.02499854 -0.02875216 0.01400000
v 0.02500748 -0.02863282 0.01400000
v 0.02501999 -0.02851380 0.01400000
v 0.02503605 -0.02839521 0.01400000
v 0.02505566 -0.02827715 0.01400000
v 0.02507879 -0.02815973 0.01400000
v 0.02510542 -0.02804306 0.01400000
v 0.02513553 -0.02792723 0.01400000
v 0.02516909 -0.02781236 0.01400000
v 0.02520607 -0.02769854 0.01400000
v 0.02524644 -0.02758588 0.01400000
v 0.02529016 -0.02747448 0.01400000
v 0.02533720 -0.02736443 0.01400000
v 0.02538750 -0.02725584 0.01400000
v 0.02544103 -0.02714881 0.01400000
v 0.02549775 -0.02704342 0.01400000
v 0.02555758 -0.02693978 0.01400000
v 0.02562049 -0.02683798 0.01400000
v 0.02568642 -0.02673810 0.01400000
v 0.02575531 -0.02664024 0.01400000
v 0.02582709 -0.02654448 0.01400000
v 0.02590171 -0.02645091 0.01400000
v 0.02597909 -0.02635962 0.01400000
v 0.02605917 -0.02627069 0.01400000
v 0.02614187 -0.02618419 0.01400000
v 0.02622713 -0.02610020 0.01400000
v 0.02631486 -0.02601880 0.01400000
v 0.02640498 -0.02594006 0.01400000
v 0.02649742 -0.02586405 0.01400000
v 0.02659209 -0.02579084 0.01400000
v 0.02668891 -0.02572050 0.01400000
v 0.02678779 -0.02565309 0.01400000
v 0.02688864 -0.02558866 0.01400000
v 0.02699138 -0.02552728 0.01400000
v 0.02709590 -0.02546900 0.01400000
v 0.02720213 -0.02541387 0.01400000
v 0.02730995 -0.02536194 0.01400000
v 0.02741928 -0.02531327 0.01400000
v 0.02753001 -0.02526788 0.01400000
v 0.02764206 -0.02522583 0.01400000
v 0.02775531 -0.02518715 0.01400000
v 0.02786967 -0.02515188 0.01400000
v 0.02798503 -0.02512004 0.01400000
v 0.02810129 -0.02509167 0.01400000
v 0.02821835 -0.02506678 0.01400000
v 0.02833611 -0.02504542 0.01400000
v 0.02845444 -0.02502758 0.01400000
v 0.02857326 -0.02501329 0.01400000
v 0.02869246 -0.02500256 0.01400000
v 0.02881192 -0.02499541 0.01400000
v 0.02893154 -0.02499183 0.01400000
v 0.02905122 -0.02499183 0.01400000
v 0.02917084 -0.02499541 0.01400000
v 0.02929030 -0.02500256 0.01400000
v 0.02940949 -0.02501329 0.01400000
v 0.02952831 -0.02502758 0.01400000
v 0.02964665 -0.02504542 0.01400000
v 0.02976440 -0.02506678 0.01400000
v 0.02988146 -0.02509167 0.01400000
v 0.02999773 -0.02512004 0.01400000
v 0.03011309 -0.02515188 0.01400000
v 0.03022745 -0.02518715 0.01400000
v 0.03034070 -0.02522583 0.01400000
v 0.03045274 -0.02526788 0.01400000
v 0.03056348 -0.02531327 0.01400000
v 0.03067281 -0.02536194 0.01400000
v 0.03078063 -0.02541387 0.01400000
v 0.03088685 -0.02546900 0.01400000
v 0.03099138 -0.02552728 0.01400000
v 0.03109411 -0.02558866 0.01400000
v 0.03119497 -0.02565309 0.01400000
v 0.03129385 -0.02572050 0.01400000
v 0.03139067 -0.02579084 0.01400000
v 0.03148534 -0.02586405 0.01400000
v 0.03157778 -0.02594006 0.01400000
v 0.03166790 -0.02601880 0.01400000
v 0.03175563 -0.02610020 0.01400000
v 0.03184088 -0.02618419 0.01400000
v 0.03192359 -0.02627069 0.01400000
v 0.03200366 -0.02635962 0.01400000
v 0.03208105 -0.02645091 0.01400000
v 0.03215566 -0.02654448 0.01400000
v 0.03222745 -0.02664024 0.01400000
v 0.03229633 -0.02673810 0.01400000
v 0.03236226 -0.02683798 0.01400000
v 0.03242517 -0.02693978 0.01400000
v 0.03248501 -0.02704342 0.01400000
v 0.03254172 -0.02714881 0.01400000
v 0.03259525 -0.02725584 0.01400000
v 0.03264556 -0.02736443 0.01400000
v 0.03269260 -0.02747448 0.01400000
v 0.03273632 -0.02758588 0.01400000
v 0.03277669 -0.02769854 0.01400000
v 0.03281367 -0.02781236 0.01400000
v 0.03284723 -0.02792723 0.01400000
v 0.03287734 -0.02804306 0.01400000
v 0.03290397 -0.02815973 0.01400000
v 0.03292710 -0.02827715 0.01400000
v 0.03294670 -0.02839521 0.01400000
v 0.03296277 -0.02851380 0.01400000
v 0.03297528 -0.02863282 0.01400000
v 0.03298422 -0.02875216 0.01400000
v 0.03298959 -0.02887172 0.01400000
v -0.02499138 0.02899138 0.01400000
v -0.02499317 0.02887172 0.01400000
v -0.02499854 0.02875216 0.01400000
v -0.02500748 0.02863282 0.01400000
v -0.02501999 0.02851380 0.01400000
v -0.02503605 0.02839521 0.01400000
v -0.02505566 0.02827715 0.01400000
v -0.02507879 0.02815973 0.01400000
v -0.02510542 0.02804306 0.01400000
v -0.02513553 0.02792723 0.01400000
v -0.02516909 0.02781236 0.01400000
v -0.02520607 0.02769854 0.01400000
v -0.02524644 0.02758588 0.01400000
v -0.02529016 0.02747448 0.01400000
v -0.02533720 0.02736443 0.01400000
v -0.02538750 0.02725584 0.01400000
v -0.02544103 0.02714881 0.01400000
v -0.02549775 0.02704342 0.01400000
v -0.02555758 0.02693978 0.01400000
v -0.02562049 0.02683798 0.01400000
v -0.02568642 0.02673810 0.01400000
v -0.02575531 0.02664024 0.01400000
v -0.02582709 0.02654448 0.01400000
v -0.02590171 0.02645091 0.01400000
v -0.02597909 0.02635962 0.01400000
v -0.02605917 0.02627069 0.01400000
v -0.02614187 0.02618419 0.01400000
v -0.02622713 0.02610020 0.01400000
v -0.02631486 0.02601880 0.01400000
v -0.02640498 0.02594006 0.01400000
v -0.02649742 0.02586405 0.01400000
v -0.02659209 0.02579084 0.01400000
v -0.02668891 0.02572050 0.01400000
v -0.02678779 0.02565309 0.01400000
v -0.02688864 0.02558866 0.01400000
v -0.02699138 0.02552728 0.01400000
v -0.02709590 0.02546900 0.01400000
v -0.02720213 0.02541387 0.01400000
v -0.02730995 0.02536194 0.01400000
v -0.02741928 0.02531327 0.01400000
v -0.02753001 0.02526788 0.01400000
v -0.02764206 0.02522583 0.01400000
v -0.02775531 0.02518715 0.01400000
v -0.02786967 0.02515188 0.01400000
v -0.02798503 0.02512004 0.01400000
v -0.02810129 0.02509167 0.01400000
v -0.02821835 0.02506678 0.01400000
v -0.02833611 0.02504542 0.01400000
v -0.02845444 0.02502758 0.01400000
v -0.02857326 0.02501329 0.01400000
v -0.02869246 0.02500256 0.01400000
v -0.02881192 0.02499541 0.01400000
v -0.02893154 0.02499183 0.01400000
v -0.02905122 0.02499183 0.01400000
v -0.02917084 0.02499541 0.01400000
v -0.02929030 0.02500256 0.01400000
v -0.02940949 0.02501329 0.01400000
v -0.02952831 0.02502758 0.01400000
v -0.02964665 0.02504542 0.01400000
v -0.02976440 0.02506678 0.01400000
v -0.02988146 0.02509167 0.01400000
v -0.02999773 0.02512004 0.01400000
v -0.03011309 0.02515188 0.01400000
v -0.03022745 0.02518715 0.01400000
v -0.03034070 0.02522583 0.01400000
v -0.03045274 0.02526788 0.01400000
v -0.03056348 0.02531327 0.01400000
v -0.03067281 0.02536194 0.01400000
v -0.03078063 0.02541387 0.01400000
v -0.03088685 0.02546900 0.01400000
v -0.03099138 0.02552728 0.01400000
v -0.03109411 0.02558866 0.01400000
v -0.03119497 0.02565309 0.01400000
v -0.03129385 0.02572050 0.01400000
v -0.03139067 0.02579084 0.01400000
v -0.03148534 0.02586405 0.01400000
v -0.03157778 0.02594006 0.01400000
v -0.03166790 0.02601880 0.01400000
v -0.03175563 0.02610020 0.01400000
v -0.03184088 0.02618419 0.01400000
v -0.03192359 0.02627069 0.01400000
v -0.03200366 0.02635962 0.01400000
v -0.03208105 0.02645091 0.01400000
v -0.03215566 0.02654448 0.01400000
v -0.03222745 0.02664024 0.01400000
v -0.03229633 0.02673810 0.01400000
v -0.03236226 0.02683798 0.01400000
v -0.03242517 0.02693978 0.01400000
v -0.03248501 0.02704342 0.01400000
v -0.03254172 0.02714881 0.01400000
v -0.03259525 0.02725584 0.01400000
v -0.03264556 0.02736443 0.01400000
v -0.03269260 0.02747448 0.01400000
v -0.03273632 0.02758588 0.01400000
v -0.03277669 0.02769854 0.01400000
v -0.03281367 0.02781236 0.01400000
v -0.03284723 0.02792723 0.01400000
v -0.03287734 0.02804306 0.01400000
v -0.03290397 0.02815973 0.01400000
v -0.03292710 0.02827715 0.01400000
v -0.03294670 0.02839521 0.01400000
v -0.03296277 0.02851380 0.01400000
v -0.03297528 0.02863282 0.01400000
v -0.03298422 0.02875216 0.01400000
v -0.03298959 0.02887172 0.01400000
v -0.03299138 0.02899138 0.01400000
v -0.03298959 0.02911104 0.01400000
v -0.03298422 0.02923059 0.01400000
v -0.03297528 0.02934994 0.01400000
v -0.03296277 0.02946895 0.01400000
v -0.03294670 0.02958755 0.01400000
v -0.03292710 0.02970561 0.01400000
v -0.03290397 0.02982302 0.01400000
v -0.03287734 0.02993970 0.01400000
v -0.03284723 0.03005553 0.01400000
v -0.03281367 0.03017040 0.01400000
v -0.03277669 0.03028422 0.01400000
v -0.03273632 0.03039688 0.01400000
v -0.03269260 0.03050828 0.01400000
v -0.03264556 0.03061832 0.01400000
v -0.03259525 0.03072691 0.01400000
v -0.03254172 0.03083395 0.01400000
v -0.03248501 0.03093933 0.01400000
v -0.03242517 0.03104298 0.01400000
v -0.03236226 0.03114478 0.01400000
v -0.03229633 0.03124466 0.01400000
v -0.03222745 0.03134252 0.01400000
v -0.03215566 0.03143828 0.01400000
v -0.03208105 0.03153184 0.01400000
v -0.03200366 0.03162313 0.01400000
v -0.03192359 0.03171207 0.01400000
v -0.03184088 0.03179857 0.01400000
v -0.03175563 0.03188256 0.01400000
v -0.03166790 0.03196396 0.01400000
v -0.03157778 0.03204270 0.01400000
v -0.03148534 0.03211870 0.01400000
v -0.03139067 0.03219191 0.01400000
v -0.03129385 0.03226226 0.01400000
v -0.03119497 0.03232967 0.01400000
v -0.03109411 0.03239410 0.01400000
v -0.03099138 0.03245548 0.01400000
v -0.03088685 0.03251376 0.01400000
v -0.03078063 0.03256889 0.01400000
v -0.03067281 0.03262081 0.01400000
v -0.03056348 0.03266949 0.01400000
v -0.03045274 0.03271487 0.01400000
v -0.03034070 0.03275692 0.01400000
v -0.03022745 0.03279560 0.01400000
v -0.03011309 0.03283088 0.01400000
v -0.02999773 0.03286272 0.01400000
v -0.02988146 0.03289109 0.01400000
v -0.02976440 0.03291597 0.01400000
v -0.02964665 0.03293734 0.01400000
v -0.02952831 0.03295518 0.01400000
v -0.02940949 0.03296947 0.01400000
v -0.02929030 0.03298019 0.01400000
v -0.02917084 0.03298735 0.01400000
v -0.02905122 0.03299093 0.01400000
v -0.02893154 0.03299093 0.01400000
v -0.02881192 0.03298735 0.01400000
v -0.02869246 0.03298019 0.01400000
v -0.02857326 0.03296947 0.01400000
v -0.02845444 0.03295518 0.01400000
v -0.02833611 0.03293734 0.01400000
v -0.02821835 0.03291597 0.01400000
v -0.02810129 0.03289109 0.01400000
v -0.02798503 0.03286272 0.01400000
v -0.02786967 0.03283088 0.01400000
v -0.02775531 0.03279560 0.01400000
v -0.02764206 0.03275692 0.01400000
v -0.02753001 0.03271487 0.01400000
v -0.02741928 0.03266949 0.01400000
v -0.02730995 0.03262081 0.01400000
v -0.02720213 0.03256889 0.01400000
v -0.02709590 0.03251376 0.01400000
v -0.02699138 0.03245548 0.01400000
v -0.02688864 0.03239410 0.01400000
v -0.02678779 0.03232967 0.01400000
v -0.02668891 0.03226226 0.01400000
v -0.02659209 0.03219191 0.01400000
v -0.02649742 0.03211870 0.01400000
v -0.02640498 0.03204270 0.01400000
v -0.02631486 0.03196396 0.01400000
v -0.02622713 0.03188256 0.01400000
v -0.02614187 0.03179857 0.01400000
v -0.02605917 0.03171207 0.01400000
v -0.02597909 0.03162313 0.01400000
v -0.02590171 0.03153184 0.01400000
v -0.02582709 0.03143828 0.01400000
v -0.02575531 0.03134252 0.01400000
v -0.02568642 0.03124466 0.01400000
v -0.02562049 0.03114478 0.01400000
v -0.02555758 0.03104298 0.01400000
v -0.02549775 0.03093933 0.01400000
v -0.02544103 0.03083395 0.01400000
v -0.02538750 0.03072691 0.01400000
v -0.02533720 0.03061832 0.01400000
v -0.02529016 0.03050828 0.01400000
v -0.02524644 0.03039688 0.01400000
v -0.02520607 0.03028422 0.01400000
v -0.02516909 0.03017040 0.01400000
v -0.02513553 0.03005553 0.01400000
v -0.02510542 0.02993970 0.01400000
v -0.02507879 0.02982302 0.01400000
v -0.02505566 0.02970561 0.01400000
v -0.02503605 0.02958755 0.01400000
v -0.02501999 0.02946895 0.01400000
v -0.02500748 0.02934994 0.01400000
v -0.02499854 0.02923059 0.01400000
v -0.02499317 0.02911104 0.01400000
v 0.00600000 0.00000000 0.01400000
v 0.00599731 -0.00017949 0.01400000
v 0.00598926 -0.00035882 0.01400000
v 0.00597585 -0.00053784 0.01400000
v 0.00595708 -0.00071637 0.01400000
v 0.00593298 -0.00089425 0.01400000
v 0.00590358 -0.00107134 0.01400000
v 0.00586889 -0.00124747 0.01400000
v 0.00582894 -0.00142248 0.01400000
v 0.00578378 -0.00159622 0.01400000
v 0.00573344 -0.00176853 0.01400000
v 0.00567796 -0.00193926 0.01400000
v 0.00561741 -0.00210825 0.01400000
v 0.00555183 -0.00227535 0.01400000
v 0.00548127 -0.00244042 0.01400000
v 0.00540581 -0.00260330 0.01400000
v 0.00532551 -0.00276385 0.01400000
v 0.00524045 -0.00292193 0.01400000
v 0.00515069 -0.00307740 0.01400000
v 0.00505633 -0.00323010 0.01400000
v 0.00495743 -0.00337992 0.01400000
v 0.00485410 -0.00352671 0.01400000
v 0.00474643 -0.00367035 0.01400000
v 0.00463450 -0.00381069 0.01400000
v 0.00451843 -0.00394763 0.01400000
v 0.00439831 -0.00408104 0.01400000
v 0.00427426 -0.00421079 0.01400000
v 0.00414638 -0.00433677 0.01400000
v 0.00401478 -0.00445887 0.01400000
v 0.00387960 -0.00457698 0.01400000
v 0.00374094 -0.00469099 0.01400000
v 0.00359893 -0.00480080 0.01400000
v 0.00345370 -0.00490632 0.01400000
v 0.00330538 -0.00500744 0.01400000
v 0.00315410 -0.00510408 0.01400000
v 0.00300000 -0.00519615 0.01400000
v 0.00284321 -0.00528357 0.01400000
v 0.00268388 -0.00536626 0.01400000
v 0.00252214 -0.00544415 0.01400000
v 0.00235815 -0.00551717 0.01400000
v 0.00219205 -0.00558524 0.01400000
v 0.00202398 -0.00564832 0.01400000
v 0.00185410 -0.00570634 0.01400000
v 0.00168256 -0.00575925 0.01400000
v 0.00150952 -0.00580701 0.01400000
v 0.00133513 -0.00584957 0.01400000
v 0.00115954 -0.00588689 0.01400000
v 0.00098291 -0.00591894 0.01400000
v 0.00080540 -0.00594570 0.01400000
v 0.00062717 -0.00596713 0.01400000
v 0.00044838 -0.00598322 0.01400000
v 0.00026919 -0.00599396 0.01400000
v 0.00008976 -0.00599933 0.01400000
v -0.00008976 -0.00599933 0.01400000
v -0.00026919 -0.00599396 0.01400000
v -0.00044838 -0.00598322 0.01400000
v -0.00062717 -0.00596713 0.01400000
v -0.00080540 -0.00594570 0.01400000
v -0.00098291 -0.00591894 0.01400000
v -0.00115954 -0.00588689 0.01400000
v -0.00133513 -0.00584957 0.01400000
v -0.00150952 -0.00580701 0.01400000
v -0.00168256 -0.00575925 0.01400000
v -0.00185410 -0.00570634 0.01400000
v -0.00202398 -0.00564832 0.01400000
v -0.00219205 -0.00558524 0.01400000
v -0.00235815 -0.00551717 0.01400000
v -0.00252214 -0.00544415 0.01400000
v -0.00268388 -0.00536626 0.01400000
v -0.00284321 -0.00528357 0.01400000
v -0.00300000 -0.00519615 0.01400000
v -0.00315410 -0.00510408 0.01400000
v -0.00330538 -0.00500744 0.01400000
v -0.00345370 -0.00490632 0.01400000
v -0.00359893 -0.00480080 0.01400000
v -0.00374094 -0.00469099 0.01400000
v -0.00387960 -0.00457698 0.01400000
v -0.00401478 -0.00445887 0.01400000
v -0.00414638 -0.00433677 0.01400000
v -0.00427426 -0.00421079 0.01400000
v -0.00439831 -0.00408104 0.01400000
v -0.00451843 -0.00394763 0.01400000
v -0.00463450 -0.00381069 0.01400000
v -0.00474643 -0.00367035 0.01400000
v -0.00485410 -0.00352671 0.01400000
v -0.00495743 -0.00337992 0.01400000
v -0.00505633 -0.00323010 0.01400000
v -0.00515069 -0.00307740 0.01400000
v -0.00524045 -0.00292193 0.01400000
v -0.00532551 -0.00276385 0.01400000
v -0.00540581 -0.00260330 0.01400000
v -0.00548127 -0.00244042 0.01400000
v -0.00555183 -0.00227535 0.01400000
v -0.00561741 -0.00210825 0.01400000
v -0.00567796 -0.00193926 0.01400000
v -0.00573344 -0.00176853 0.01400000
v -0.00578378 -0.00159622 0.01400000
v -0.00582894 -0.00142248 0.01400000
v -0.00586889 -0.00124747 0.01400000
v -0.00590358 -0.00107134 0.01400000
v -0.00593298 -0.00089425 0.01400000
v -0.00595708 -0.00071637 0.01400000
v -0.00597585 -0.00053784 0.01400000
v -0.00598926 -0.00035882 0.01400000
v -0.00599731 -0.00017949 0.01400000
v -0.00600000 -0.00000000 0.01400000
v -0.00599731 0.00017949 0.01400000
v -0.00598926 0.00035882 0.01400000
v -0.00597585 0.00053784 0.01400000
v -0.00595708 0.00071637 0.01400000
v -0.00593298 0.00089425 0.01400000
v -0.00590358 0.00107134 0.01400000
v -0.00586889 0.00124747 0.01400000
v -0.00582894 0.00142248 0.01400000
v -0.00578378 0.00159622 0.01400000
v -0.00573344 0.00176853 0.01400000
v -0.00567796 0.00193926 0.01400000
v -0.00561741 0.00210825 0.01400000
v -0.00555183 0.00227535 0.01400000
v -0.00548127 0.00244042 0.01400000
v -0.00540581 0.00260330 0.01400000
v -0.00532551 0.00276385 0.01400000
v -0.00524045 0.00292193 0.01400000
v -0.00515069 0.00307740 0.01400000
v -0.00505633 0.00323010 0.01400000
v -0.00495743 0.00337992 0.01400000
v -0.00485410 0.00352671 0.01400000
v -0.00474643 0.00367035 0.01400000
v -0.00463450 0.00381069 0.01400000
v -0.00451843 0.00394763 0.01400000
v -0.00439831 0.00408104 0.01400000
v -0.00427426 0.00421079 0.01400000
v -0.00414638 0.00433677 0.01400000
v -0.00401478 0.00445887 0.01400000
v -0.00387960 0.00457698 0.01400000
v -0.00374094 0.00469099 0.01400000
v -0.00359893 0.00480080 0.01400000
v -0.00345370 0.00490632 0.01400000
v -0.00330538 0.00500744 0.01400000
v -0.00315410 0.00510408 0.01400000
v -0.00300000 0.00519615 0.01400000
v -0.00284321 0.00528357 0.01400000
v -0.00268388 0.00536626 0.01400000
v -0.00252214 0.00544415 0.01400000
v -0.00235815 0.00551717 0.01400000
v -0.00219205 0.00558524 0.01400000
v -0.00202398 0.00564832 0.01400000
v -0.00185410 0.00570634 0.01400000
v -0.00168256 0.00575925 0.01400000
v -0.00150952 0.00580701 0.01400000
v -0.00133513 0.00584957 0.01400000
v -0.00115954 0.00588689 0.01400000
v -0.00098291 0.00591894 0.01400000
v -0.00080540 0.00594570 0.01400000
v -0.00062717 0.00596713 0.01400000
v -0.00044838 0.00598322 0.01400000
v -0.00026919 0.00599396 0.01400000
v -0.00008976 0.00599933 0.01400000
v 0.00008976 0.00599933 0.01400000
v 0.00026919 0.00599396 0.01400000
v 0.00044838 0.00598322 0.01400000
v 0.00062717 0.00596713 0.01400000
v 0.00080540 0.00594570 0.01400000
v 0.00098291 0.00591894 0.01400000
v 0.00115954 0.00588689 0.01400000
v 0.00133513 0.00584957 0.01400000
v 0.00150952 0.00580701 0.01400000
v 0.00168256 0.00575925 0.01400000
v 0.00185410 0.00570634 0.01400000
v 0.00202398 0.00564832 0.01400000
v 0.00219205 0.00558524 0.01400000
v 0.00235815 0.00551717 0.01400000
v 0.00252214 0.00544415 0.01400000
v 0.00268388 0.00536626 0.01400000
v 0.00284321 0.00528357 0.01400000
v 0.00300000 0.00519615 0.01400000
v 0.00315410 0.00510408 0.01400000
v 0.00330538 0.00500744 0.01400000
v 0.00345370 0.00490632 0.01400000
v 0.00359893 0.00480080 0.01400000
v 0.00374094 0.00469099 0.01400000
v 0.00387960 0.00457698 0.01400000
v 0.00401478 0.00445887 0.01400000
v 0.00414638 0.00433677 0.01400000
v 0.00427426 0.00421079 0.01400000
v 0.00439831 0.00408104 0.01400000
v 0.00451843 0.00394763 0.01400000
v 0.00463450 0.00381069 0.01400000
v 0.00474643 0.00367035 0.01400000
v 0.00485410 0.00352671 0.01400000
v 0.00495743 0.00337992 0.01400000
v 0.00505633 0.00323010 0.01400000
v 0.00515069 0.00307740 0.01400000
v 0.00524045 0.00292193 0.01400000
v 0.00532551 0.00276385 0.01400000
v 0.00540581 0.00260330 0.01400000
v 0.00548127 0.00244042 0.01400000
v 0.00555183 0.00227535 0.01400000
v 0.00561741 0.00210825 0.01400000
v 0.00567796 0.00193926 0.01400000
v 0.00573344 0.00176853 0.01400000
v 0.00578378 0.00159622 0.01400000
v 0.00582894 0.00142248 0.01400000
v 0.00586889 0.00124747 0.01400000
v 0.00590358 0.00107134 0.01400000
v 0.00593298 0.00089425 0.01400000
v 0.00595708 0.00071637 0.01400000
v 0.00597585 0.00053784 0.01400000
v 0.00598926 0.00035882 0.01400000
v 0.00599731 0.00017949 0.01400000
v 0.03299138 0.02899138 0.01400000
v 0.03298959 0.02887172 0.01400000
v 0.03298422 0.02875216 0.01400000
v 0.03297528 0.02863282 0.01400000
v 0.03296277 0.02851380 0.01400000
v 0.03294670 0.02839521 0.01400000
v 0.03292710 0.02827715 0.01400000
v 0.03290397 0.02815973 0.01400000
v 0.03287734 0.02804306 0.01400000
v 0.03284723 0.02792723 0.01400000
v 0.03281367 0.02781236 0.01400000
v 0.03277669 0.02769854 0.01400000
v 0.03273632 0.02758588 0.01400000
v 0.03269260 0.02747448 0.01400000
v 0.03264556 0.02736443 0.01400000
v 0.03259525 0.02725584 0.01400000
v 0.03254172 0.02714881 0.01400000
v 0.03248501 0.02704342 0.01400000
v 0.03242517 0.02693978 0.01400000
v 0.03236226 0.02683798 0.01400000
v 0.03229633 0.02673810 0.01400000
v 0.03222745 0.02664024 0.01400000
v 0.03215566 0.02654448 0.01400000
v 0.03208105 0.02645091 0.01400000
v 0.03200366 0.02635962 0.01400000
v 0.03192359 0.02627069 0.01400000
v 0.03184088 0.02618419 0.01400000
v 0.03175563 0.02610020 0.01400000
v 0.03166790 0.02601880 0.01400000
v 0.03157778 0.02594006 0.01400000
v 0.03148534 0.02586405 0.01400000
v 0.03139067 0.02579084 0.01400000
v 0.03129385 0.02572050 0.01400000
v 0.03119497 0.02565309 0.01400000
v 0.03109411 0.02558866 0.01400000
v 0.03099138 0.02552728 0.01400000
v 0.03088685 0.02546900 0.01400000
v 0.03078063 0.02541387 0.01400000
v 0.03067281 0.02536194 0.01400000
v 0.03056348 0.02531327 0.01400000
v 0.03045274 0.02526788 0.01400000
v 0.03034070 0.02522583 0.01400000
v 0.03022745 0.02518715 0.01400000
v 0.03011309 0.02515188 0.01400000
v 0.02999773 0.02512004 0.01400000
v 0.02988146 0.02509167 0.01400000
v 0.02976440 0.02506678 0.01400000
v 0.02964665 0.02504542 0.01400000
v 0.02952831 0.02502758 0.01400000
v 0.02940949 0.02501329 0.01400000
v 0.02929030 0.02500256 0.01400000
v 0.02917084 0.02499541 0.01400000
v 0.02905122 0.02499183 0.01400000
v 0.02893154 0.02499183 0.01400000
v 0.02881192 0.02499541 0.01400000
v 0.02869246 0.02500256 0.01400000
v 0.02857326 0.02501329 0.01400000
v 0.02845444 0.02502758 0.01400000
v 0.02833611 0.02504542 0.01400000
v 0.02821835 0.02506678 0.01400000
v 0.02810129 0.02509167 0.01400000
v 0.02798503 0.02512004 0.01400000
v 0.02786967 0.02515188 0.01400000
v 0.02775531 0.02518715 0.01400000
v 0.02764206 0.02522583 0.01400000
v 0.02753001 0.02526788 0.01400000
v 0.02741928 0.02531327 0.01400000
v 0.02730995 0.02536194 0.01400000
v 0.02720213 0.02541387 0.01400000
v 0.02709590 0.02546900 0.01400000
v 0.02699138 0.02552728 0.01400000
v 0.02688864 0.02558866 0.01400000
v 0.02678779 0.02565309 0.01400000
v 0.02668891 0.02572050 0.01400000
v 0.02659209 0.02579084 0.01400000
v 0.02649742 0.02586405 0.01400000
v 0.02640498 0.02594006 0.01400000
v 0.02631486 0.02601880 0.01400000
v 0.02622713 0.02610020 0.01400000
v 0.02614187 0.02618419 0.01400000
v 0.02605917 0.02627069 0.01400000
v 0.02597909 0.02635962 0.01400000
v 0.02590171 0.02645091 0.01400000
v 0.02582709 0.02654448 0.01400000
v 0.02575531 0.02664024 0.01400000
v 0.02568642 0.02673810 0.01400000
v 0.02562049 0.02683798 0.01400000
v 0.02555758 0.02693978 0.01400000
v 0.02549775 0.02704342 0.01400000
v 0.02544103 0.02714881 0.01400000
v 0.02538750 0.02725584 0.01400000
v 0.02533720 0.02736443 0.01400000
v 0.02529016 0.02747448 0.01400000
v 0.02524644 0.02758588 0.01400000
v 0.02520607 0.02769854 0.01400000
v 0.02516909 0.02781236 0.01400000
v 0.02513553 0.02792723 0.01400000
v 0.02510542 0.02804306 0.01400000
v 0.02507879 0.02815973 0.01400000
v 0.02505566 0.02827715 0.01400000
v 0.02503605 0.02839521 0.01400000
v 0.02501999 0.02851380 0.01400000
v 0.02500748 0.02863282 0.01400000
v 0.02499854 0.02875216 0.01400000
v 0.02499317 0.02887172 0.01400000
v 0.02499138 0.02899138 0.01400000
v 0.02499317 0.02911104 0.01400000
v 0.02499854 0.02923059 0.01400000
v 0.02500748 0.02934994 0.01400000
v 0.02501999 0.02946895 0.01400000
v 0.02503605 0.02958755 0.01400000
v 0.02505566 0.02970561 0.01400000
v 0.02507879 0.02982302 0.01400000
v 0.02510542 0.02993970 0.01400000
v 0.02513553 0.03005553 0.01400000
v 0.02516909 0.03017040 0.01400000
v 0.02520607 0.03028422 0.01400000
v 0.02524644 0.03039688 0.01400000
v 0.02529016 0.03050828 0.01400000
v 0.02533720 0.03061832 0.01400000
v 0.02538750 0.03072691 0.01400000
v 0.02544103 0.03083395 0.01400000
v 0.02549775 0.03093933 0.01400000
v 0.02555758 0.03104298 0.01400000
v 0.02562049 0.03114478 0.01400000
v 0.02568642 0.03124466 0.01400000
v 0.02575531 0.03134252 0.01400000
v 0.02582709 0.03143828 0.01400000
v 0.02590171 0.03153184 0.01400000
v 0.02597909 0.03162313 0.01400000
v 0.02605917 0.03171207 0.01400000
v 0.02614187 0.03179857 0.01400000
v 0.02622713 0.03188256 0.01400000
v 0.02631486 0.03196396 0.01400000
v 0.02640498 0.03204270 0.01400000
v 0.02649742 0.03211870 0.01400000
v 0.02659209 0.03219191 0.01400000
v 0.02668891 0.03226226 0.01400000
v 0.02678779 0.03232967 0.01400000
v 0.02688864 0.03239410 0.01400000
v 0.02699138 0.03245548 0.01400000
v 0.02709590 0.03251376 0.01400000
v 0.02720213 0.03256889 0.01400000
v 0.02730995 0.03262081 0.01400000
v 0.02741928 0.03266949 0.01400000
v 0.02753001 0.03271487 0.01400000
v 0.02764206 0.03275692 0.01400000
v 0.02775531 0.03279560 0.01400000
v 0.02786967 0.03283088 0.01400000
v 0.02798503 0.03286272 0.01400000
v 0.02810129 0.03289109 0.01400000
v 0.02821835 0.03291597 0.01400000
v 0.02833611 0.03293734 0.01400000
v 0.02845444 0.03295518 0.01400000
v 0.02857326 0.03296947 0.01400000
v 0.02869246 0.03298019 0.01400000
v 0.02881192 0.03298735 0.01400000
v 0.02893154 0.03299093 0.01400000
v 0.02905122 0.03299093 0.01400000
v 0.02917084 0.03298735 0.01400000
v 0.02929030 0.03298019 0.01400000
v 0.02940949 0.03296947 0.01400000
v 0.02952831 0.03295518 0.01400000
v 0.02964665 0.03293734 0.01400000
v 0.02976440 0.03291597 0.01400000
v 0.02988146 0.03289109 0.01400000
v 0.02999773 0.03286272 0.01400000
v 0.03011309 0.03283088 0.01400000
v 0.03022745 0.03279560 0.01400000
v 0.03034070 0.03275692 0.01400000
v 0.03045274 0.03271487 0.01400000
v 0.03056348 0.03266949 0.01400000
v 0.03067281 0.03262081 0.01400000
v 0.03078063 0.03256889 0.01400000
v 0.03088685 0.03251376 0.01400000
v 0.03099138 0.03245548 0.01400000
v 0.03109411 0.03239410 0.01400000
v 0.03119497 0.03232967 0.01400000
v 0.03129385 0.03226226 0.01400000
v 0.03139067 0.03219191 0.01400000
v 0.03148534 0.03211870 0.01400000
v 0.03157778 0.03204270 0.01400000
v 0.03166790 0.03196396 0.01400000
v 0.03175563 0.03188256 0.01400000
v 0.03184088 0.03179857 0.01400000
v 0.03192359 0.03171207 0.01400000
v 0.03200366 0.03162313 0.01400000
v 0.03208105 0.03153184 0.01400000
v 0.03215566 0.03143828 0.01400000
v 0.03222745 0.03134252 0.01400000
v 0.03229633 0.03124466 0.01400000
v 0.03236226 0.03114478 0.01400000
v 0.03242517 0.03104298 0.01400000
v 0.03248501 0.03093933 0.01400000
v 0.03254172 0.03083395 0.01400000
v 0.03259525 0.03072691 0.01400000
v 0.03264556 0.03061832 0.01400000
v 0.03269260 0.03050828 0.01400000
v 0.03273632 0.03039688 0.01400000
v 0.03277669 0.03028422 0.01400000
v 0.03281367 0.03017040 0.01400000
v 0.03284723 0.03005553 0.01400000
v 0.03287734 0.02993970 0.01400000
v 0.03290397 0.02982302 0.01400000
v 0.03292710 0.02970561 0.01400000
v 0.03294670 0.02958755 0.01400000
v 0.03296277 0.02946895 0.01400000
v 0.03297528 0.02934994 0.01400000
v 0.03298422 0.02923059 0.01400000
v 0.03298959 0.02911104 0.01400000
v -0.02674138 -0.02899138 0.01000000
v -0.02674239 -0.02905869 0.01000000
v -0.02674541 -0.02912594 0.01000000
v -0.02675044 -0.02919307 0.01000000
v -0.02675747 -0.02926002 0.01000000
v -0.02676651 -0.02932672 0.01000000
v -0.02677754 -0.02939313 0.01000000
v -0.02679055 -0.02945918 0.01000000
v -0.02680553 -0.02952481 0.01000000
v -0.02682246 -0.02958996 0.01000000
v -0.02684134 -0.02965458 0.01000000
v -0.02686214 -0.02971860 0.01000000
v -0.02688485 -0.02978197 0.01000000
v -0.02690944 -0.02984464 0.01000000
v -0.02693590 -0.02990654 0.01000000
v -0.02696420 -0.02996762 0.01000000
v -0.02699431 -0.03002782 0.01000000
v -0.02702621 -0.03008710 0.01000000
v -0.02705987 -0.03014540 0.01000000
v -0.02709526 -0.03020267 0.01000000
v -0.02713234 -0.03025885 0.01000000
v -0.02717109 -0.03031389 0.01000000
v -0.02721147 -0.03036776 0.01000000
v -0.02725344 -0.03042039 0.01000000
v -0.02729697 -0.03047174 0.01000000
v -0.02734201 -0.03052177 0.01000000
v -0.02738853 -0.03057042 0.01000000
v -0.02743649 -0.03061767 0.01000000
v -0.02748583 -0.03066345 0.01000000
v -0.02753653 -0.03070774 0.01000000
v -0.02758853 -0.03075050 0.01000000
v -0.02764178 -0.03079168 0.01000000
v -0.02769624 -0.03083125 0.01000000
v -0.02775186 -0.03086917 0.01000000
v -0.02780859 -0.03090541 0.01000000
v -0.02786638 -0.03093994 0.01000000
v -0.02792517 -0.03097272 0.01000000
v -0.02798492 -0.03100373 0.01000000
v -0.02804557 -0.03103294 0.01000000
v -0.02810707 -0.03106032 0.01000000
v -0.02816936 -0.03108584 0.01000000
v -0.02823239 -0.03110950 0.01000000
v -0.02829609 -0.03113126 0.01000000
v -0.02836042 -0.03115110 0.01000000
v -0.02842531 -0.03116901 0.01000000
v -0.02849071 -0.03118497 0.01000000
v -0.02855655 -0.03119896 0.01000000
v -0.02862279 -0.03121098 0.01000000
v -0.02868935 -0.03122101 0.01000000
v -0.02875619 -0.03122905 0.01000000
v -0.02882324 -0.03123509 0.01000000
v -0.02889043 -0.03123911 0.01000000
v -0.02895772 -0.03124113 0.01000000
v -0.02902504 -0.03124113 0.01000000
v -0.02909232 -0.03123911 0.01000000
v -0.02915952 -0.03123509 0.01000000
v -0.02922657 -0.03122905 0.01000000
v -0.02929340 -0.03122101 0.01000000
v -0.02935997 -0.03121098 0.01000000
v -0.02942620 -0.03119896 0.01000000
v -0.02949205 -0.03118497 0.01000000
v -0.02955745 -0.03116901 0.01000000
v -0.02962234 -0.03115110 0.01000000
v -0.02968667 -0.03113126 0.01000000
v -0.02975037 -0.03110950 0.01000000
v -0.02981340 -0.03108584 0.01000000
v -0.02987568 -0.03106032 0.01000000
v -0.02993718 -0.03103294 0.01000000
v -0.02999783 -0.03100373 0.01000000
v -0.03005758 -0.03097272 0.01000000
v -0.03011638 -0.03093994 0.01000000
v -0.03017417 -0.03090541 0.01000000
v -0.03023090 -0.03086917 0.01000000
v -0.03028652 -0.03083125 0.01000000
v -0.03034098 -0.03079168 0.01000000
v -0.03039423 -0.03075050 0.01000000
v -0.03044623 -0.03070774 0.01000000
v -0.03049692 -0.03066345 0.01000000
v -0.03054627 -0.03061767 0.01000000
v -0.03059422 -0.03057042 0.01000000
v -0.03064074 -0.03052177 0.01000000
v -0.03068579 -0.03047174 0.01000000
v -0.03072932 -0.03042039 0.01000000
v -0.03077129 -0.03036776 0.01000000
v -0.03081167 -0.03031389 0.01000000
v -0.03085042 -0.03025885 0.01000000
v -0.03088750 -0.03020267 0.01000000
v -0.03092289 -0.03014540 0.01000000
v -0.03095655 -0.03008710 0.01000000
v -0.03098845 -0.03002782 0.01000000
v -0.03101856 -0.02996762 0.01000000
v -0.03104686 -0.02990654 0.01000000
v -0.03107331 -0.02984464 0.01000000
v -0.03109791 -0.02978197 0.01000000
v -0.03112061 -0.02971860 0.01000000
v -0.03114142 -0.02965458 0.01000000
v -0.03116029 -0.02958996 0.01000000
v -0.03117723 -0.02952481 0.01000000
v -0.03119221 -0.02945918 0.01000000
v -0.03120522 -0.02939313 0.01000000
v -0.03121625 -0.02932672 0.01000000
v -0.03122528 -0.02926002 0.01000000
v -0.03123232 -0.02919307 0.01000000
v -0.03123735 -0.02912594 0.01000000
v -0.03124037 -0.02905869 0.01000000
v -0.03124138 -0.02899138 0.01000000
v -0.03124037 -0.02892407 0.01000000
v -0.03123735 -0.02885682 0.01000000
v -0.03123232 -0.02878969 0.01000000
v -0.03122528 -0.02872274 0.01000000
v -0.03121625 -0.02865603 0.01000000
v -0.03120522 -0.02858963 0.01000000
v -0.03119221 -0.02852358 0.01000000
v -0.03117723 -0.02845795 0.01000000
v -0.03116029 -0.02839280 0.01000000
v -0.03114142 -0.02832818 0.01000000
v -0.03112061 -0.02826416 0.01000000
v -0.03109791 -0.02820078 0.01000000
v -0.03107331 -0.02813812 0.01000000
v -0.03104686 -0.02807622 0.01000000
v -0.03101856 -0.02801514 0.01000000
v -0.03098845 -0.02795493 0.01000000
v -0.03095655 -0.02789565 0.01000000
v -0.03092289 -0.02783735 0.01000000
v -0.03088750 -0.02778009 0.01000000
v -0.03085042 -0.02772391 0.01000000
v -0.03081167 -0.02766886 0.01000000
v -0.03077129 -0.02761500 0.01000000
v -0.03072932 -0.02756237 0.01000000
v -0.03068579 -0.02751102 0.01000000
v -0.03064074 -0.02746099 0.01000000
v -0.03059422 -0.02741233 0.01000000
v -0.03054627 -0.02736509 0.01000000
v -0.03049692 -0.02731930 0.01000000
v -0.03044623 -0.02727501 0.01000000
v -0.03039423 -0.02723226 0.01000000
v -0.03034098 -0.02719108 0.01000000
v -0.03028652 -0.02715151 0.01000000
v -0.03023090 -0.02711359 0.01000000
v -0.03017417 -0.02707735 0.01000000
v -0.03011638 -0.02704282 0.01000000
v -0.03005758 -0.02701004 0.01000000
v -0.02999783 -0.02697903 0.01000000
v -0.02993718 -0.02694982 0.01000000
v -0.02987568 -0.02692244 0.01000000
v -0.02981340 -0.02689691 0.01000000
v -0.02975037 -0.02687326 0.01000000
v -0.02968667 -0.02685150 0.01000000
v -0.02962234 -0.02683166 0.01000000
v -0.02955745 -0.02681375 0.01000000
v -0.02949205 -0.02679779 0.01000000
v -0.02942620 -0.02678379 0.01000000
v -0.02935997 -0.02677177 0.01000000
v -0.02929340 -0.02676174 0.01000000
v -0.02922657 -0.02675370 0.01000000
v -0.02915952 -0.02674767 0.01000000
v -0.02909232 -0.02674364 0.01000000
v -0.02902504 -0.02674163 0.01000000
v -0.02895772 -0.02674163 0.01000000
v -0.02889043 -0.02674364 0.01000000
v -0.02882324 -0.02674767 0.01000000
v -0.02875619 -0.02675370 0.01000000
v -0.02868935 -0.02676174 0.01000000
v -0.02862279 -0.02677177 0.01000000
v -0.02855655 -0.02678379 0.01000000
v -0.02849071 -0.02679779 0.01000000
v -0.02842531 -0.02681375 0.01000000
v -0.02836042 -0.02683166 0.01000000
v -0.02829609 -0.02685150 0.01000000
v -0.02823239 -0.02687326 0.01000000
v -0.02816936 -0.02689691 0.01000000
v -0.02810707 -0.02692244 0.01000000
v -0.02804557 -0.02694982 0.01000000
v -0.02798492 -0.02697903 0.01000000
v -0.02792517 -0.02701004 0.01000000
v -0.02786638 -0.02704282 0.01000000
v -0.02780859 -0.02707735 0.01000000
v -0.02775186 -0.02711359 0.01000000
v -0.02769624 -0.02715151 0.01000000
v -0.02764178 -0.02719108 0.01000000
v -0.02758853 -0.02723226 0.01000000
v -0.02753653 -0.02727501 0.01000000
v -0.02748583 -0.02731930 0.01000000
v -0.02743649 -0.02736509 0.01000000
v -0.02738853 -0.02741233 0.01000000
v -0.02734201 -0.02746099 0.01000000
v -0.02729697 -0.02751102 0.01000000
v -0.02725344 -0.02756237 0.01000000
v -0.02721147 -0.02761500 0.01000000
v -0.02717109 -0.02766886 0.01000000
v -0.02713234 -0.02772391 0.01000000
v -0.02709526 -0.02778009 0.01000000
v -0.02705987 -0.02783735 0.01000000
v -0.02702621 -0.02789565 0.01000000
v -0.02699431 -0.02795493 0.01000000
v -0.02696420 -0.02801514 0.01000000
v -0.02693590 -0.02807622 0.01000000
v -0.02690944 -0.02813812 0.01000000
v -0.02688485 -0.02820078 0.01000000
v -0.02686214 -0.02826416 0.01000000
v -0.02684134 -0.02832818 0.01000000
v -0.02682246 -0.02839280 0.01000000
v -0.02680553 -0.02845795 0.01000000
v -0.02679055 -0.02852358 0.01000000
v -0.02677754 -0.02858963 0.01000000
v -0.02676651 -0.02865603 0.01000000
v -0.02675747 -0.02872274 0.01000000
v -0.02675044 -0.02878969 0.01000000
v -0.02674541 -0.02885682 0.01000000
v -0.02674239 -0.02892407 0.01000000
v 0.03124138 -0.02899138 0.01000000
v 0.03124037 -0.02905869 0.01000000
v 0.03123735 -0.02912594 0.01000000
v 0.03123232 -0.02919307 0.01000000
v 0.03122528 -0.02926002 0.01000000
v 0.03121625 -0.02932672 0.01000000
v 0.03120522 -0.02939313 0.01000000
v 0.03119221 -0.02945918 0.01000000
v 0.03117723 -0.02952481 0.01000000
v 0.03116029 -0.02958996 0.01000000
v 0.03114142 -0.02965458 0.01000000
v 0.03112061 -0.02971860 0.01000000
v 0.03109791 -0.02978197 0.01000000
v 0.03107331 -0.02984464 0.01000000
v 0.03104686 -0.02990654 0.01000000
v 0.03101856 -0.02996762 0.01000000
v 0.03098845 -0.03002782 0.01000000
v 0.03095655 -0.03008710 0.01000000
v 0.03092289 -0.03014540 0.01000000
v 0.03088750 -0.03020267 0.01000000
v 0.03085042 -0.03025885 0.01000000
v 0.03081167 -0.03031389 0.01000000
v 0.03077129 -0.03036776 0.01000000
v 0.03072932 -0.03042039 0.01000000
v 0.03068579 -0.03047174 0.01000000
v 0.03064074 -0.03052177 0.01000000
v 0.03059422 -0.03057042 0.01000000
v 0.03054627 -0.03061767 0.01000000
v 0.03049692 -0.03066345 0.01000000
v 0.03044623 -0.03070774 0.01000000
v 0.03039423 -0.03075050 0.01000000
v 0.03034098 -0.03079168 0.01000000
v 0.03028652 -0.03083125 0.01000000
v 0.03023090 -0.03086917 0.01000000
v 0.03017417 -0.03090541 0.01000000
v 0.03011638 -0.03093994 0.01000000
v 0.03005758 -0.03097272 0.01000000
v 0.02999783 -0.03100373 0.01000000
v 0.02993718 -0.03103294 0.01000000
v 0.02987568 -0.03106032 0.01000000
v 0.02981340 -0.03108584 0.01000000
v 0.02975037 -0.03110950 0.01000000
v 0.02968667 -0.03113126 0.01000000
v 0.02962234 -0.03115110 0.01000000
v 0.02955745 -0.03116901 0.01000000
v 0.02949205 -0.03118497 0.01000000
v 0.02942620 -0.03119896 0.01000000
v 0.02935997 -0.03121098 0.01000000
v 0.02929340 -0.03122101 0.01000000
v 0.02922657 -0.03122905 0.01000000
v 0.02915952 -0.03123509 0.01000000
v 0.02909232 -0.03123911 0.01000000
v 0.02902504 -0.03124113 0.01000000
v 0.02895772 -0.03124113 0.01000000
v 0.02889043 -0.03123911 0.01000000
v 0.02882324 -0.03123509 0.01000000
v 0.02875619 -0.03122905 0.01000000
v 0.02868935 -0.03122101 0.01000000
v 0.02862279 -0.03121098 0.01000000
v 0.02855655 -0.03119896 0.01000000
v 0.02849071 -0.03118497 0.01000000
v 0.02842531 -0.03116901 0.01000000
v 0.02836042 -0.03115110 0.01000000
v 0.02829609 -0.03113126 0.01000000
v 0.02823239 -0.03110950 0.01000000
v 0.02816936 -0.03108584 0.01000000
v 0.02810707 -0.03106032 0.01000000
v 0.02804557 -0.03103294 0.01000000
v 0.02798492 -0.03100373 0.01000000
v 0.02792517 -0.03097272 0.01000000
v 0.02786638 -0.03093994 0.01000000
v 0.02780859 -0.03090541 0.01000000
v 0.02775186 -0.03086917 0.01000000
v 0.02769624 -0.03083125 0.01000000
v 0.02764178 -0.03079168 0.01000000
v 0.02758853 -0.03075050 0.01000000
v 0.02753653 -0.03070774 0.01000000
v 0.02748583 -0.03066345 0.01000000
v 0.02743649 -0.03061767 0.01000000
v 0.02738853 -0.03057042 0.01000000
v 0.02734201 -0.03052177 0.01000000
v 0.02729697 -0.03047174 0.01000000
v 0.02725344 -0.03042039 0.01000000
v 0.02721147 -0.03036776 0.01000000
v 0.02717109 -0.03031389 0.01000000
v 0.02713234 -0.03025885 0.01000000
v 0.02709526 -0.03020267 0.01000000
v 0.02705987 -0.03014540 0.01000000
v 0.02702621 -0.03008710 0.01000000
v 0.02699431 -0.03002782 0.01000000
v 0.02696420 -0.02996762 0.01000000
v 0.02693590 -0.02990654 0.01000000
v 0.02690944 -0.02984464 0.01000000
v 0.02688485 -0.02978197 0.01000000
v 0.02686214 -0.02971860 0.01000000
v 0.02684134 -0.02965458 0.01000000
v 0.02682246 -0.02958996 0.01000000
v 0.02680553 -0.02952481 0.01000000
v 0.02679055 -0.02945918 0.01000000
v 0.02677754 -0.02939313 0.01000000
v 0.02676651 -0.02932672 0.01000000
v 0.02675747 -0.02926002 0.01000000
v 0.02675044 -0.02919307 0.01000000
v 0.02674541 -0.02912594 0.01000000
v 0.02674239 -0.02905869 0.01000000
v 0.02674138 -0.02899138 0.01000000
v 0.02674239 -0.02892407 0.01000000
v 0.02674541 -0.02885682 0.01000000
v 0.02675044 -0.02878969 0.01000000
v 0.02675747 -0.02872274 0.01000000
v 0.02676651 -0.02865603 0.01000000
v 0.02677754 -0.02858963 0.01000000
v 0.02679055 -0.02852358 0.01000000
v 0.02680553 -0.02845795 0.01000000
v 0.02682246 -0.02839280 0.01000000
v 0.02684134 -0.02832818 0.01000000
v 0.02686214 -0.02826416 0.01000000
v 0.02688485 -0.02820078 0.01000000
v 0.02690944 -0.02813812 0.01000000
v 0.02693590 -0.02807622 0.01000000
v 0.02696420 -0.02801514 0.01000000
v 0.02699431 -0.02795493 0.01000000
v 0.02702621 -0.02789565 0.01000000
v 0.02705987 -0.02783735 0.01000000
v 0.02709526 -0.02778009 0.01000000
v 0.02713234 -0.02772391 0.01000000
v 0.02717109 -0.02766886 0.01000000
v 0.02721147 -0.02761500 0.01000000
v 0.02725344 -0.02756237 0.01000000
v 0.02729697 -0.02751102 0.01000000
v 0.02734201 -0.02746099 0.01000000
v 0.02738853 -0.02741233 0.01000000
v 0.02743649 -0.02736509 0.01000000
v 0.02748583 -0.02731930 0.01000000
v 0.02753653 -0.02727501 0.01000000
v 0.02758853 -0.02723226 0.01000000
v 0.02764178 -0.02719108 0.01000000
v 0.02769624 -0.02715151 0.01000000
v 0.02775186 -0.02711359 0.01000000
v 0.02780859 -0.02707735 0.01000000
v 0.02786638 -0.02704282 0.01000000
v 0.02792517 -0.02701004 0.01000000
v 0.02798492 -0.02697903 0.01000000
v 0.02804557 -0.02694982 0.01000000
v 0.02810707 -0.02692244 0.01000000
v 0.02816936 -0.02689691 0.01000000
v 0.02823239 -0.02687326 0.01000000
v 0.02829609 -0.02685150 0.01000000
v 0.02836042 -0.02683166 0.01000000
v 0.02842531 -0.02681375 0.01000000
v 0.02849071 -0.02679779 0.01000000
v 0.02855655 -0.02678379 0.01000000
v 0.02862279 -0.02677177 0.01000000
v 0.02868935 -0.02676174 0.01000000
v 0.02875619 -0.02675370 0.01000000
v 0.02882324 -0.02674767 0.01000000
v 0.02889043 -0.02674364 0.01000000
v 0.02895772 -0.02674163 0.01000000
v 0.02902504 -0.02674163 0.01000000
v 0.02909232 -0.02674364 0.01000000
v 0.02915952 -0.02674767 0.01000000
v 0.02922657 -0.02675370 0.01000000
v 0.02929340 -0.02676174 0.01000000
v 0.02935997 -0.02677177 0.01000000
v 0.02942620 -0.02678379 0.01000000
v 0.02949205 -0.02679779 0.01000000
v 0.02955745 -0.02681375 0.01000000
v 0.02962234 -0.02683166 0.01000000
v 0.02968667 -0.02685150 0.01000000
v 0.02975037 -0.02687326 0.01000000
v 0.02981340 -0.02689691 0.01000000
v 0.02987568 -0.02692244 0.01000000
v 0.02993718 -0.02694982 0.01000000
v 0.02999783 -0.02697903 0.01000000
v 0.03005758 -0.02701004 0.01000000
v 0.03011638 -0.02704282 0.01000000
v 0.03017417 -0.02707735 0.01000000
v 0.03023090 -0.02711359 0.01000000
v 0.03028652 -0.02715151 0.01000000
v 0.03034098 -0.02719108 0.01000000
v 0.03039423 -0.02723226 0.01000000
v 0.03044623 -0.02727501 0.01000000
v 0.03049692 -0.02731930 0.01000000
v 0.03054627 -0.02736509 0.01000000
v 0.03059422 -0.02741233 0.01000000
v 0.03064074 -0.02746099 0.01000000
v 0.03068579 -0.02751102 0.01000000
v 0.03072932 -0.02756237 0.01000000
v 0.03077129 -0.02761500 0.01000000
v 0.03081167 -0.02766886 0.01000000
v 0.03085042 -0.02772391 0.01000000
v 0.03088750 -0.02778009 0.01000000
v 0.03092289 -0.02783735 0.01000000
v 0.03095655 -0.02789565 0.01000000
v 0.03098845 -0.02795493 0.01000000
v 0.03101856 -0.02801514 0.01000000
v 0.03104686 -0.02807622 0.01000000
v 0.03107331 -0.02813812 0.01000000
v 0.03109791 -0.02820078 0.01000000
v 0.03112061 -0.02826416 0.01000000
v 0.03114142 -0.02832818 0.01000000
v 0.03116029 -0.02839280 0.01000000
v 0.03117723 -0.02845795 0.01000000
v 0.03119221 -0.02852358 0.01000000
v 0.03120522 -0.02858963 0.01000000
v 0.03121625 -0.02865603 0.01000000
v 0.03122528 -0.02872274 0.01000000
v 0.03123232 -0.02878969 0.01000000
v 0.03123735 -0.02885682 0.01000000
v 0.03124037 -0.02892407 0.01000000
v -0.02674138 0.02899138 0.01000000
v -0.02674239 0.02892407 0.01000000
v -0.02674541 0.02885682 0.01000000
v -0.02675044 0.02878969 0.01000000
v -0.02675747 0.02872274 0.01000000
v -0.02676651 0.02865603 0.01000000
v -0.02677754 0.02858963 0.01000000
v -0.02679055 0.02852358 0.01000000
v -0.02680553 0.02845795 0.01000000
v -0.02682246 0.02839280 0.01000000
v -0.02684134 0.02832818 0.01000000
v -0.02686214 0.02826416 0.01000000
v -0.02688485 0.02820078 0.01000000
v -0.02690944 0.02813812 0.01000000
v -0.02693590 0.02807622 0.01000000
v -0.02696420 0.02801514 0.01000000
v -0.02699431 0.02795493 0.01000000
v -0.02702621 0.02789565 0.01000000
v -0.02705987 0.02783735 0.01000000
v -0.02709526 0.02778009 0.01000000
v -0.02713234 0.02772391 0.01000000
v -0.02717109 0.02766886 0.01000000
v -0.02721147 0.02761500 0.01000000
v -0.02725344 0.02756237 0.01000000
v -0.02729697 0.02751102 0.01000000
v -0.02734201 0.02746099 0.01000000
v -0.02738853 0.02741233 0.01000000
v -0.02743649 0.02736509 0.01000000
v -0.02748583 0.02731930 0.01000000
v -0.02753653 0.02727501 0.01000000
v -0.02758853 0.02723226 0.01000000
v -0.02764178 0.02719108 0.01000000
v -0.02769624 0.02715151 0.01000000
v -0.02775186 0.02711359 0.01000000
v -0.02780859 0.02707735 0.01000000
v -0.02786638 0.02704282 0.01000000
v -0.02792517 0.02701004 0.01000000
v -0.02798492 0.02697903 0.01000000
v -0.02804557 0.02694982 0.01000000
v -0.02810707 0.02692244 0.01000000
v -0.02816936 0.02689691 0.01000000
v -0.02823239 0.02687326 0.01000000
v -0.02829609 0.02685150 0.01000000
v -0.02836042 0.02683166 0.01000000
v -0.02842531 0.02681375 0.01000000
v -0.02849071 0.02679779 0.01000000
v -0.02855655 0.02678379 0.01000000
v -0.02862279 0.02677177 0.01000000
v -0.02868935 0.02676174 0.01000000
v -0.02875619 0.02675370 0.01000000
v -0.02882324 0.02674767 0.01000000
v -0.02889043 0.02674364 0.01000000
v -0.02895772 0.02674163 0.01000000
v -0.02902504 0.02674163 0.01000000
v -0.02909232 0.02674364 0.01000000
v -0.02915952 0.02674767 0.01000000
v -0.02922657 0.02675370 0.01000000
v -0.02929340 0.02676174 0.01000000
v -0.02935997 0.02677177 0.01000000
v -0.02942620 0.02678379 0.01000000
v -0.02949205 0.02679779 0.01000000
v -0.02955745 0.02681375 0.01000000
v -0.02962234 0.02683166 0.01000000
v -0.02968667 0.02685150 0.01000000
v -0.02975037 0.02687326 0.01000000
v -0.02981340 0.02689691 0.01000000
v -0.02987568 0.02692244 0.01000000
v -0.02993718 0.02694982 0.01000000
v -0.02999783 0.02697903 0.01000000
v -0.03005758 0.02701004 0.01000000
v -0.03011638 0.02704282 0.01000000
v -0.03017417 0.02707735 0.01000000
v -0.03023090 0.02711359 0.01000000
v -0.03028652 0.02715151 0.01000000
v -0.03034098 0.02719108 0.01000000
v -0.03039423 0.02723226 0.01000000
v -0.03044623 0.02727501 0.01000000
v -0.03049692 0.02731930 0.01000000
v -0.03054627 0.02736509 0.01000000
v -0.03059422 0.02741233 0.01000000
v -0.03064074 0.02746099 0.01000000
v -0.03068579 0.02751102 0.01000000
v -0.03072932 0.02756237 0.01000000
v -0.03077129 0.02761500 0.01000000
v -0.03081167 0.02766886 0.01000000
v -0.03085042 0.02772391 0.01000000
v -0.03088750 0.02778009 0.01000000
v -0.03092289 0.02783735 0.01000000
v -0.03095655 0.02789565 0.01000000
v -0.03098845 0.02795493 0.01000000
v -0.03101856 0.02801514 0.01000000
v -0.03104686 0.02807622 0.01000000
v -0.03107331 0.02813812 0.01000000
v -0.03109791 0.02820078 0.01000000
v -0.03112061 0.02826416 0.01000000
v -0.03114142 0.02832818 0.01000000
v -0.03116029 0.02839280 0.01000000
v -0.03117723 0.02845795 0.01000000
v -0.03119221 0.02852358 0.01000000
v -0.03120522 0.02858963 0.01000000
v -0.03121625 0.02865603 0.01000000
v -0.03122528 0.02872274 0.01000000
v -0.03123232 0.02878969 0.01000000
v -0.03123735 0.02885682 0.01000000
v -0.03124037 0.02892407 0.01000000
v -0.03124138 0.02899138 0.01000000
v -0.03124037 0.02905869 0.01000000
v -0.03123735 0.02912594 0.01000000
v -0.03123232 0.02919307 0.01000000
v -0.03122528 0.02926002 0.01000000
v -0.03121625 0.02932672 0.01000000
v -0.03120522 0.02939313 0.01000000
v -0.03119221 0.02945918 0.01000000
v -0.03117723 0.02952481 0.01000000
v -0.03116029 0.02958996 0.01000000
v -0.03114142 0.02965458 0.01000000
v -0.03112061 0.02971860 0.01000000
v -0.03109791 0.02978197 0.01000000
v -0.03107331 0.02984464 0.01000000
v -0.03104686 0.02990654 0.01000000
v -0.03101856 0.02996762 0.01000000
v -0.03098845 0.03002782 0.01000000
v -0.03095655 0.03008710 0.01000000
v -0.03092289 0.03014540 0.01000000
v -0.03088750 0.03020267 0.01000000
v -0.03085042 0.03025885 0.01000000
v -0.03081167 0.03031389 0.01000000
v -0.03077129 0.03036776 0.01000000
v -0.03072932 0.03042039 0.01000000
v -0.03068579 0.03047174 0.01000000
v -0.03064074 0.03052177 0.01000000
v -0.03059422 0.03057042 0.01000000
v -0.03054627 0.03061767 0.01000000
v -0.03049692 0.03066345 0.01000000
v -0.03044623 0.03070774 0.01000000
v -0.03039423 0.03075050 0.01000000
v -0.03034098 0.03079168 0.01000000
v -0.03028652 0.03083125 0.01000000
v -0.03023090 0.03086917 0.01000000
v -0.03017417 0.03090541 0.01000000
v -0.03011638 0.03093994 0.01000000
v -0.03005758 0.03097272 0.01000000
v -0.02999783 0.03100373 0.01000000
v -0.02993718 0.03103294 0.01000000
v -0.02987568 0.03106032 0.01000000
v -0.02981340 0.03108584 0.01000000
v -0.02975037 0.03110950 0.01000000
v -0.02968667 0.03113126 0.01000000
v -0.02962234 0.03115110 0.01000000
v -0.02955745 0.03116901 0.01000000
v -0.02949205 0.03118497 0.01000000
v -0.02942620 0.03119896 0.01000000
v -0.02935997 0.03121098 0.01000000
v -0.02929340 0.03122101 0.01000000
v -0.02922657 0.03122905 0.01000000
v -0.02915952 0.03123509 0.01000000
v -0.02909232 0.03123911 0.01000000
v -0.02902504 0.03124113 0.01000000
v -0.02895772 0.03124113 0.01000000
v -0.02889043 0.03123911 0.01000000
v -0.02882324 0.03123509 0.01000000
v -0.02875619 0.03122905 0.01000000
v -0.02868935 0.03122101 0.01000000
v -0.02862279 0.03121098 0.01000000
v -0.02855655 0.03119896 0.01000000
v -0.02849071 0.03118497 0.01000000
v -0.02842531 0.03116901 0.01000000
v -0.02836042 0.03115110 0.01000000
v -0.02829609 0.03113126 0.01000000
v -0.02823239 0.03110950 0.01000000
v -0.02816936 0.03108584 0.01000000
v -0.02810707 0.03106032 0.01000000
v -0.02804557 0.03103294 0.01000000
v -0.02798492 0.03100373 0.01000000
v -0.02792517 0.03097272 0.01000000
v -0.02786638 0.03093994 0.01000000
v -0.02780859 0.03090541 0.01000000
v -0.02775186 0.03086917 0.01000000
v -0.02769624 0.03083125 0.01000000
v -0.02764178 0.03079168 0.01000000
v -0.02758853 0.03075050 0.01000000
v -0.02753653 0.03070774 0.01000000
v -0.02748583 0.03066345 0.01000000
v -0.02743649 0.03061767 0.01000000
v -0.02738853 0.03057042 0.01000000
v -0.02734201 0.03052177 0.01000000
v -0.02729697 0.03047174 0.01000000
v -0.02725344 0.03042039 0.01000000
v -0.02721147 0.03036776 0.01000000
v -0.02717109 0.03031389 0.01000000
v -0.02713234 0.03025885 0.01000000
v -0.02709526 0.03020267 0.01000000
v -0.02705987 0.03014540 0.01000000
v -0.02702621 0.03008710 0.01000000
v -0.02699431 0.03002782 0.01000000
v -0.02696420 0.02996762 0.01000000
v -0.02693590 0.02990654 0.01000000
v -0.02690944 0.02984464 0.01000000
v -0.02688485 0.02978197 0.01000000
v -0.02686214 0.02971860 0.01000000
v -0.02684134 0.02965458 0.01000000
v -0.02682246 0.02958996 0.01000000
v -0.02680553 0.02952481 0.01000000
v -0.02679055 0.02945918 0.01000000
v -0.02677754 0.02939313 0.01000000
v -0.02676651 0.02932672 0.01000000
v -0.02675747 0.02926002 0.01000000
v -0.02675044 0.02919307 0.01000000
v -0.02674541 0.02912594 0.01000000
v -0.02674239 0.02905869 0.01000000
v 0.03124138 0.02899138 0.01000000
v 0.03124037 0.02892407 0.01000000
v 0.03123735 0.02885682 0.01000000
v 0.03123232 0.02878969 0.01000000
v 0.03122528 0.02872274 0.01000000
v 0.03121625 0.02865603 0.01000000
v 0.03120522 0.02858963 0.01000000
v 0.03119221 0.02852358 0.01000000
v 0.03117723 0.02845795 0.01000000
v 0.03116029 0.02839280 0.01000000
v 0.03114142 0.02832818 0.01000000
v 0.03112061 0.02826416 0.01000000
v 0.03109791 0.02820078 0.01000000
v 0.03107331 0.02813812 0.01000000
v 0.03104686 0.02807622 0.01000000
v 0.03101856 0.02801514 0.01000000
v 0.03098845 0.02795493 0.01000000
v 0.03095655 0.02789565 0.01000000
v 0.03092289 0.02783735 0.01000000
v 0.03088750 0.02778009 0.01000000
v 0.03085042 0.02772391 0.01000000
v 0.03081167 0.02766886 0.01000000
v 0.03077129 0.02761500 0.01000000
v 0.03072932 0.02756237 0.01000000
v 0.03068579 0.02751102 0.01000000
v 0.03064074 0.02746099 0.01000000
v 0.03059422 0.02741233 0.01000000
v 0.03054627 0.02736509 0.01000000
v 0.03049692 0.02731930 0.01000000
v 0.03044623 0.02727501 0.01000000
v 0.03039423 0.02723226 0.01000000
v 0.03034098 0.02719108 0.01000000
v 0.03028652 0.02715151 0.01000000
v 0.03023090 0.02711359 0.01000000
v 0.03017417 0.02707735 0.01000000
v 0.03011638 0.02704282 0.01000000
v 0.03005758 0.02701004 0.01000000
v 0.02999783 0.02697903 0.01000000
v 0.02993718 0.02694982 0.01000000
v 0.02987568 0.02692244 0.01000000
v 0.02981340 0.02689691 0.01000000
v 0.02975037 0.02687326 0.01000000
v 0.02968667 0.02685150 0.01000000
v 0.02962234 0.02683166 0.01000000
v 0.02955745 0.02681375 0.01000000
v 0.02949205 0.02679779 0.01000000
v 0.02942620 0.02678379 0.01000000
v 0.02935997 0.02677177 0.01000000
v 0.02929340 0.02676174 0.01000000
v 0.02922657 0.02675370 0.01000000
v 0.02915952 0.02674767 0.01000000
v 0.02909232 0.02674364 0.01000000
v 0.02902504 0.02674163 0.01000000
v 0.02895772 0.02674163 0.01000000
v 0.02889043 0.02674364 0.01000000
v 0.02882324 0.02674767 0.01000000
v 0.02875619 0.02675370 0.01000000
v 0.02868935 0.02676174 0.01000000
v 0.02862279 0.02677177 0.01000000
v 0.02855655 0.02678379 0.01000000
v 0.02849071 0.02679779 0.01000000
v 0.02842531 0.02681375 0.01000000
v 0.02836042 0.02683166 0.01000000
v 0.02829609 0.02685150 0.01000000
v 0.02823239 0.02687326 0.01000000
v 0.02816936 0.02689691 0.01000000
v 0.02810707 0.02692244 0.01000000
v 0.02804557 0.02694982 0.01000000
v 0.02798492 0.02697903 0.01000000
v 0.02792517 0.02701004 0.01000000
v 0.02786638 0.02704282 0.01000000
v 0.02780859 0.02707735 0.01000000
v 0.02775186 0.02711359 0.01000000
v 0.02769624 0.02715151 0.01000000
v 0.02764178 0.02719108 0.01000000
v 0.02758853 0.02723226 0.01000000
v 0.02753653 0.02727501 0.01000000
v 0.02748583 0.02731930 0.01000000
v 0.02743649 0.02736509 0.01000000
v 0.02738853 0.02741233 0.01000000
v 0.02734201 0.02746099 0.01000000
v 0.02729697 0.02751102 0.01000000
v 0.02725344 0.02756237 0.01000000
v 0.02721147 0.02761500 0.01000000
v 0.02717109 0.02766886 0.01000000
v 0.02713234 0.02772391 0.01000000
v 0.02709526 0.02778009 0.01000000
v 0.02705987 0.02783735 0.01000000
v 0.02702621 0.02789565 0.01000000
v 0.02699431 0.02795493 0.01000000
v 0.02696420 0.02801514 0.01000000
v 0.02693590 0.02807622 0.01000000
v 0.02690944 0.02813812 0.01000000
v 0.02688485 0.02820078 0.01000000
v 0.02686214 0.02826416 0.01000000
v 0.02684134 0.02832818 0.01000000
v 0.02682246 0.02839280 0.01000000
v 0.02680553 0.02845795 0.01000000
v 0.02679055 0.02852358 0.01000000
v 0.02677754 0.02858963 0.01000000
v 0.02676651 0.02865603 0.01000000
v 0.02675747 0.02872274 0.01000000
v 0.02675044 0.02878969 0.01000000
v 0.02674541 0.02885682 0.01000000
v 0.02674239 0.02892407 0.01000000
v 0.02674138 0.02899138 0.01000000
v 0.02674239 0.02905869 0.01000000
v 0.02674541 0.02912594 0.01000000
v 0.02675044 0.02919307 0.01000000
v 0.02675747 0.02926002 0.01000000
v 0.02676651 0.02932672 0.01000000
v 0.02677754 0.02939313 0.01000000
v 0.02679055 0.02945918 0.01000000
v 0.02680553 0.02952481 0.01000000
v 0.02682246 0.02958996 0.01000000
v 0.02684134 0.02965458 0.01000000
v 0.02686214 0.02971860 0.01000000
v 0.02688485 0.02978197 0.01000000
v 0.02690944 0.02984464 0.01000000
v 0.02693590 0.02990654 0.01000000
v 0.02696420 0.02996762 0.01000000
v 0.02699431 0.03002782 0.01000000
v 0.02702621 0.03008710 0.01000000
v 0.02705987 0.03014540 0.01000000
v 0.02709526 0.03020267 0.01000000
v 0.02713234 0.03025885 0.01000000
v 0.02717109 0.03031389 0.01000000
v 0.02721147 0.03036776 0.01000000
v 0.02725344 0.03042039 0.01000000
v 0.02729697 0.03047174 0.01000000
v 0.02734201 0.03052177 0.01000000
v 0.02738853 0.03057042 0.01000000
v 0.02743649 0.03061767 0.01000000
v 0.02748583 0.03066345 0.01000000
v 0.02753653 0.03070774 0.01000000
v 0.02758853 0.03075050 0.01000000
v 0.02764178 0.03079168 0.01000000
v 0.02769624 0.03083125 0.01000000
v 0.02775186 0.03086917 0.01000000
v 0.02780859 0.03090541 0.01000000
v 0.02786638 0.03093994 0.01000000
v 0.02792517 0.03097272 0.01000000
v 0.02798492 0.03100373 0.01000000
v 0.02804557 0.03103294 0.01000000
v 0.02810707 0.03106032 0.01000000
v 0.02816936 0.03108584 0.01000000
v 0.02823239 0.03110950 0.01000000
v 0.02829609 0.03113126 0.01000000
v 0.02836042 0.03115110 0.01000000
v 0.02842531 0.03116901 0.01000000
v 0.02849071 0.03118497 0.01000000
v 0.02855655 0.03119896 0.01000000
v 0.02862279 0.03121098 0.01000000
v 0.02868935 0.03122101 0.01000000
v 0.02875619 0.03122905 0.01000000
v 0.02882324 0.03123509 0.01000000
v 0.02889043 0.03123911 0.01000000
v 0.02895772 0.03124113 0.01000000
v 0.02902504 0.03124113 0.01000000
v 0.02909232 0.03123911 0.01000000
v 0.02915952 0.03123509 0.01000000
v 0.02922657 0.03122905 0.01000000
v 0.02929340 0.03122101 0.01000000
v 0.02935997 0.03121098 0.01000000
v 0.02942620 0.03119896 0.01000000
v 0.02949205 0.03118497 0.01000000
v 0.02955745 0.03116901 0.01000000
v 0.02962234 0.03115110 0.01000000
v 0.02968667 0.03113126 0.01000000
v 0.02975037 0.03110950 0.01000000
v 0.02981340 0.03108584 0.01000000
v 0.02987568 0.03106032 0.01000000
v 0.02993718 0.03103294 0.01000000
v 0.02999783 0.03100373 0.01000000
v 0.03005758 0.03097272 0.01000000
v 0.03011638 0.03093994 0.01000000
v 0.03017417 0.03090541 0.01000000
v 0.03023090 0.03086917 0.01000000
v 0.03028652 0.03083125 0.01000000
v 0.03034098 0.03079168 0.01000000
v 0.03039423 0.03075050 0.01000000
v 0.03044623 0.03070774 0.01000000
v 0.03049692 0.03066345 0.01000000
v 0.03054627 0.03061767 0.01000000
v 0.03059422 0.03057042 0.01000000
v 0.03064074 0.03052177 0.01000000
v 0.03068579 0.03047174 0.01000000
v 0.03072932 0.03042039 0.01000000
v 0.03077129 0.03036776 0.01000000
v 0.03081167 0.03031389 0.01000000
v 0.03085042 0.03025885 0.01000000
v 0.03088750 0.03020267 0.01000000
v 0.03092289 0.03014540 0.01000000
v 0.03095655 0.03008710 0.01000000
v 0.03098845 0.03002782 0.01000000
v 0.03101856 0.02996762 0.01000000
v 0.03104686 0.02990654 0.01000000
v 0.03107331 0.02984464 0.01000000
v 0.03109791 0.02978197 0.01000000
v 0.03112061 0.02971860 0.01000000
v 0.03114142 0.02965458 0.01000000
v 0.03116029 0.02958996 0.01000000
v 0.03117723 0.02952481 0.01000000
v 0.03119221 0.02945918 0.01000000
v 0.03120522 0.02939313 0.01000000
v 0.03121625 0.02932672 0.01000000
v 0.03122528 0.02926002 0.01000000
v 0.03123232 0.02919307 0.01000000
v 0.03123735 0.02912594 0.01000000
v 0.03124037 0.02905869 0.01000000
v -0.02499138 -0.02899138 0.01000000
v -0.02499317 -0.02887172 0.01000000
v -0.02499854 -0.02875216 0.01000000
v -0.02500748 -0.02863282 0.01000000
v -0.02501999 -0.02851380 0.01000000
v -0.02503605 -0.02839521 0.01000000
v -0.02505566 -0.02827715 0.01000000
v -0.02507879 -0.02815973 0.01000000
v -0.02510542 -0.02804306 0.01000000
v -0.02513553 -0.02792723 0.01000000
v -0.02516909 -0.02781236 0.01000000
v -0.02520607 -0.02769854 0.01000000
v -0.02524644 -0.02758588 0.01000000
v -0.02529016 -0.02747448 0.01000000
v -0.02533720 -0.02736443 0.01000000
v -0.02538750 -0.02725584 0.01000000
v -0.02544103 -0.02714881 0.01000000
v -0.02549775 -0.02704342 0.01000000
v -0.02555758 -0.02693978 0.01000000
v -0.02562049 -0.02683798 0.01000000
v -0.02568642 -0.02673810 0.01000000
v -0.02575531 -0.02664024 0.01000000
v -0.02582709 -0.02654448 0.01000000
v -0.02590171 -0.02645091 0.01000000
v -0.02597909 -0.02635962 0.01000000
v -0.02605917 -0.02627069 0.01000000
v -0.02614187 -0.02618419 0.01000000
v -0.02622713 -0.02610020 0.01000000
v -0.02631486 -0.02601880 0.01000000
v -0.02640498 -0.02594006 0.01000000
v -0.02649742 -0.02586405 0.01000000
v -0.02659209 -0.02579084 0.01000000
v -0.02668891 -0.02572050 0.01000000
v -0.02678779 -0.02565309 0.01000000
v -0.02688864 -0.02558866 0.01000000
v -0.02699138 -0.02552728 0.01000000
v -0.02709590 -0.02546900 0.01000000
v -0.02720213 -0.02541387 0.01000000
v -0.02730995 -0.02536194 0.01000000
v -0.02741928 -0.02531327 0.01000000
v -0.02753001 -0.02526788 0.01000000
v -0.02764206 -0.02522583 0.01000000
v -0.02775531 -0.02518715 0.01000000
v -0.02786967 -0.02515188 0.01000000
v -0.02798503 -0.02512004 0.01000000
v -0.02810129 -0.02509167 0.01000000
v -0.02821835 -0.02506678 0.01000000
v -0.02833611 -0.02504542 0.01000000
v -0.02845444 -0.02502758 0.01000000
v -0.02857326 -0.02501329 0.01000000
v -0.02869246 -0.02500256 0.01000000
v -0.02881192 -0.02499541 0.01000000
v -0.02893154 -0.02499183 0.01000000
v -0.02905122 -0.02499183 0.01000000
v -0.02917084 -0.02499541 0.01000000
v -0.02929030 -0.02500256 0.01000000
v -0.02940949 -0.02501329 0.01000000
v -0.02952831 -0.02502758 0.01000000
v -0.02964665 -0.02504542 0.01000000
v -0.02976440 -0.02506678 0.01000000
v -0.02988146 -0.02509167 0.01000000
v -0.02999773 -0.02512004 0.01000000
v -0.03011309 -0.02515188 0.01000000
v -0.03022745 -0.02518715 0.01000000
v -0.03034070 -0.02522583 0.01000000
v -0.03045274 -0.02526788 0.01000000
v -0.03056348 -0.02531327 0.01000000
v -0.03067281 -0.02536194 0.01000000
v -0.03078063 -0.02541387 0.01000000
v -0.03088685 -0.02546900 0.01000000
v -0.03099138 -0.02552728 0.01000000
v -0.03109411 -0.02558866 0.01000000
v -0.03119497 -0.02565309 0.01000000
v -0.03129385 -0.02572050 0.01000000
v -0.03139067 -0.02579084 0.01000000
v -0.03148534 -0.02586405 0.01000000
v -0.03157778 -0.02594006 0.01000000
v -0.03166790 -0.02601880 0.01000000
v -0.03175563 -0.02610020 0.01000000
v -0.03184088 -0.02618419 0.01000000
v -0.03192359 -0.02627069 0.01000000
v -0.03200366 -0.02635962 0.01000000
v -0.03208105 -0.02645091 0.01000000
v -0.03215566 -0.02654448 0.01000000
v -0.03222745 -0.02664024 0.01000000
v -0.03229633 -0.02673810 0.01000000
v -0.03236226 -0.02683798 0.01000000
v -0.03242517 -0.02693978 0.01000000
v -0.03248501 -0.02704342 0.01000000
v -0.03254172 -0.02714881 0.01000000
v -0.03259525 -0.02725584 0.01000000
v -0.03264556 -0.02736443 0.01000000
v -0.03269260 -0.02747448 0.01000000
v -0.03273632 -0.02758588 0.01000000
v -0.03277669 -0.02769854 0.01000000
v -0.03281367 -0.02781236 0.01000000
v -0.03284723 -0.02792723 0.01000000
v -0.03287734 -0.02804306 0.01000000
v -0.03290397 -0.02815973 0.01000000
v -0.03292710 -0.02827715 0.01000000
v -0.03294670 -0.02839521 0.01000000
v -0.03296277 -0.02851380 0.01000000
v -0.03297528 -0.02863282 0.01000000
v -0.03298422 -0.02875216 0.01000000
v -0.03298959 -0.02887172 0.01000000
v -0.03299138 -0.02899138 0.01000000
v -0.03298959 -0.02911104 0.01000000
v -0.03298422 -0.02923059 0.01000000
v -0.03297528 -0.02934994 0.01000000
v -0.03296277 -0.02946895 0.01000000
v -0.03294670 -0.02958755 0.01000000
v -0.03292710 -0.02970561 0.01000000
v -0.03290397 -0.02982302 0.01000000
v -0.03287734 -0.02993970 0.01000000
v -0.03284723 -0.03005553 0.01000000
v -0.03281367 -0.03017040 0.01000000
v -0.03277669 -0.03028422 0.01000000
v -0.03273632 -0.03039688 0.01000000
v -0.03269260 -0.03050828 0.01000000
v -0.03264556 -0.03061832 0.01000000
v -0.03259525 -0.03072691 0.01000000
v -0.03254172 -0.03083395 0.01000000
v -0.03248501 -0.03093933 0.01000000
v -0.03242517 -0.03104298 0.01000000
v -0.03236226 -0.03114478 0.01000000
v -0.03229633 -0.03124466 0.01000000
v -0.03222745 -0.03134252 0.01000000
v -0.03215566 -0.03143828 0.01000000
v -0.03208105 -0.03153184 0.01000000
v -0.03200366 -0.03162313 0.01000000
v -0.03192359 -0.03171207 0.01000000
v -0.03184088 -0.03179857 0.01000000
v -0.03175563 -0.03188256 0.01000000
v -0.03166790 -0.03196396 0.01000000
v -0.03157778 -0.03204270 0.01000000
v -0.03148534 -0.03211870 0.01000000
v -0.03139067 -0.03219191 0.01000000
v -0.03129385 -0.03226226 0.01000000
v -0.03119497 -0.03232967 0.01000000
v -0.03109411 -0.03239410 0.01000000
v -0.03099138 -0.03245548 0.01000000
v -0.03088685 -0.03251376 0.01000000
v -0.03078063 -0.03256889 0.01000000
v -0.03067281 -0.03262081 0.01000000
v -0.03056348 -0.03266949 0.01000000
v -0.03045274 -0.03271487 0.01000000
v -0.03034070 -0.03275692 0.01000000
v -0.03022745 -0.03279560 0.01000000
v -0.03011309 -0.03283088 0.01000000
v -0.02999773 -0.03286272 0.01000000
v -0.02988146 -0.03289109 0.01000000
v -0.02976440 -0.03291597 0.01000000
v -0.02964665 -0.03293734 0.01000000
v -0.02952831 -0.03295518 0.01000000
v -0.02940949 -0.03296947 0.01000000
v -0.02929030 -0.03298019 0.01000000
v -0.02917084 -0.03298735 0.01000000
v -0.02905122 -0.03299093 0.01000000
v -0.02893154 -0.03299093 0.01000000
v -0.02881192 -0.03298735 0.01000000
v -0.02869246 -0.03298019 0.01000000
v -0.02857326 -0.03296947 0.01000000
v -0.02845444 -0.03295518 0.01000000
v -0.02833611 -0.03293734 0.01000000
v -0.02821835 -0.03291597 0.01000000
v -0.02810129 -0.03289109 0.01000000
v -0.02798503 -0.03286272 0.01000000
v -0.02786967 -0.03283088 0.01000000
v -0.02775531 -0.03279560 0.01000000
v -0.02764206 -0.03275692 0.01000000
v -0.02753001 -0.03271487 0.01000000
v -0.02741928 -0.03266949 0.01000000
v -0.02730995 -0.03262081 0.01000000
v -0.02720213 -0.03256889 0.01000000
v -0.02709590 -0.03251376 0.01000000
v -0.02699138 -0.03245548 0.01000000
v -0.02688864 -0.03239410 0.01000000
v -0.02678779 -0.03232967 0.01000000
v -0.02668891 -0.03226226 0.01000000
v -0.02659209 -0.03219191 0.01000000
v -0.02649742 -0.03211870 0.01000000
v -0.02640498 -0.03204270 0.01000000
v -0.02631486 -0.03196396 0.01000000
v -0.02622713 -0.03188256 0.01000000
v -0.02614187 -0.03179857 0.01000000
v -0.02605917 -0.03171207 0.01000000
v -0.02597909 -0.03162313 0.01000000
v -0.02590171 -0.03153184 0.01000000
v -0.02582709 -0.03143828 0.01000000
v -0.02575531 -0.03134252 0.01000000
v -0.02568642 -0.03124466 0.01000000
v -0.02562049 -0.03114478 0.01000000
v -0.02555758 -0.03104298 0.01000000
v -0.02549775 -0.03093933 0.01000000
v -0.02544103 -0.03083395 0.01000000
v -0.02538750 -0.03072691 0.01000000
v -0.02533720 -0.03061832 0.01000000
v -0.02529016 -0.03050828 0.01000000
v -0.02524644 -0.03039688 0.01000000
v -0.02520607 -0.03028422 0.01000000
v -0.02516909 -0.03017040 0.01000000
v -0.02513553 -0.03005553 0.01000000
v -0.02510542 -0.02993970 0.01000000
v -0.02507879 -0.02982302 0.01000000
v -0.02505566 -0.02970561 0.01000000
v -0.02503605 -0.02958755 0.01000000
v -0.02501999 -0.02946895 0.01000000
v -0.02500748 -0.02934994 0.01000000
v -0.02499854 -0.02923059 0.01000000
v -0.02499317 -0.02911104 0.01000000
v 0.03299138 -0.02899138 0.01000000
v 0.03298959 -0.02887172 0.01000000
v 0.03298422 -0.02875216 0.01000000
v 0.03297528 -0.02863282 0.01000000
v 0.03296277 -0.02851380 0.01000000
v 0.03294670 -0.02839521 0.01000000
v 0.03292710 -0.02827715 0.01000000
v 0.03290397 -0.02815973 0.01000000
v 0.03287734 -0.02804306 0.01000000
v 0.03284723 -0.02792723 0.01000000
v 0.03281367 -0.02781236 0.01000000
v 0.03277669 -0.02769854 0.01000000
v 0.03273632 -0.02758588 0.01000000
v 0.03269260 -0.02747448 0.01000000
v 0.03264556 -0.02736443 0.01000000
v 0.03259525 -0.02725584 0.01000000
v 0.03254172 -0.02714881 0.01000000
v 0.03248501 -0.02704342 0.01000000
v 0.03242517 -0.02693978 0.01000000
v 0.03236226 -0.02683798 0.01000000
v 0.03229633 -0.02673810 0.01000000
v 0.03222745 -0.02664024 0.01000000
v 0.03215566 -0.02654448 0.01000000
v 0.03208105 -0.02645091 0.01000000
v 0.03200366 -0.02635962 0.01000000
v 0.03192359 -0.02627069 0.01000000
v 0.03184088 -0.02618419 0.01000000
v 0.03175563 -0.02610020 0.01000000
v 0.03166790 -0.02601880 0.01000000
v 0.03157778 -0.02594006 0.01000000
v 0.03148534 -0.02586405 0.01000000
v 0.03139067 -0.02579084 0.01000000
v 0.03129385 -0.02572050 0.01000000
v 0.03119497 -0.02565309 0.01000000
v 0.03109411 -0.02558866 0.01000000
v 0.03099138 -0.02552728 0.01000000
v 0.03088685 -0.02546900 0.01000000
v 0.03078063 -0.02541387 0.01000000
v 0.03067281 -0.02536194 0.01000000
v 0.03056348 -0.02531327 0.01000000
v 0.03045274 -0.02526788 0.01000000
v 0.03034070 -0.02522583 0.01000000
v 0.03022745 -0.02518715 0.01000000
v 0.03011309 -0.02515188 0.01000000
v 0.02999773 -0.02512004 0.01000000
v 0.02988146 -0.02509167 0.01000000
v 0.02976440 -0.02506678 0.01000000
v 0.02964665 -0.02504542 0.01000000
v 0.02952831 -0.02502758 0.01000000
v 0.02940949 -0.02501329 0.01000000
v 0.02929030 -0.02500256 0.01000000
v 0.02917084 -0.02499541 0.01000000
v 0.02905122 -0.02499183 0.01000000
v 0.02893154 -0.02499183 0.01000000
v 0.02881192 -0.02499541 0.01000000
v 0.02869246 -0.02500256 0.01000000
v 0.02857326 -0.02501329 0.01000000
v 0.02845444 -0.02502758 0.01000000
v 0.02833611 -0.02504542 0.01000000
v 0.02821835 -0.02506678 0.01000000
v 0.02810129 -0.02509167 0.01000000
v 0.02798503 -0.02512004 0.01000000
v 0.02786967 -0.02515188 0.01000000
v 0.02775531 -0.02518715 0.01000000
v 0.02764206 -0.02522583 0.01000000
v 0.02753001 -0.02526788 0.01000000
v 0.02741928 -0.02531327 0.01000000
v 0.02730995 -0.02536194 0.01000000
v 0.02720213 -0.02541387 0.01000000
v 0.02709590 -0.02546900 0.01000000
v 0.02699138 -0.02552728 0.01000000
v 0.02688864 -0.02558866 0.01000000
v 0.02678779 -0.02565309 0.01000000
v 0.02668891 -0.02572050 0.01000000
v 0.02659209 -0.02579084 0.01000000
v 0.02649742 -0.02586405 0.01000000
v 0.02640498 -0.02594006 0.01000000
v 0.02631486 -0.02601880 0.01000000
v 0.02622713 -0.02610020 0.01000000
v 0.02614187 -0.02618419 0.01000000
v 0.02605917 -0.02627069 0.01000000
v 0.02597909 -0.02635962 0.01000000
v 0.02590171 -0.02645091 0.01000000
v 0.02582709 -0.02654448 0.01000000
v 0.02575531 -0.02664024 0.01000000
v 0.02568642 -0.02673810 0.01000000
v 0.02562049 -0.02683798 0.01000000
v 0.02555758 -0.02693978 0.01000000
v 0.02549775 -0.02704342 0.01000000
v 0.02544103 -0.02714881 0.01000000
v 0.02538750 -0.02725584 0.01000000
v 0.02533720 -0.02736443 0.01000000
v 0.02529016 -0.02747448 0.01000000
v 0.02524644 -0.02758588 0.01000000
v 0.02520607 -0.02769854 0.01000000
v 0.02516909 -0.02781236 0.01000000
v 0.02513553 -0.02792723 0.01000000
v 0.02510542 -0.02804306 0.01000000
v 0.02507879 -0.02815973 0.01000000
v 0.02505566 -0.02827715 0.01000000
v 0.02503605 -0.02839521 0.01000000
v 0.02501999 -0.02851380 0.01000000
v 0.02500748 -0.02863282 0.01000000
v 0.02499854 -0.02875216 0.01000000
v 0.02499317 -0.02887172 0.01000000
v 0.02499138 -0.02899138 0.01000000
v 0.02499317 -0.02911104 0.01000000
v 0.02499854 -0.02923059 0.01000000
v 0.02500748 -0.02934994 0.01000000
v 0.02501999 -0.02946895 0.01000000
v 0.02503605 -0.02958755 0.01000000
v 0.02505566 -0.02970561 0.01000000
v 0.02507879 -0.02982302 0.01000000
v 0.02510542 -0.02993970 0.01000000
v 0.02513553 -0.03005553 0.01000000
v 0.02516909 -0.03017040 0.01000000
v 0.02520607 -0.03028422 0.01000000
v 0.02524644 -0.03039688 0.01000000
v 0.02529016 -0.03050828 0.01000000
v 0.02533720 -0.03061832 0.01000000
v 0.02538750 -0.03072691 0.01000000
v 0.02544103 -0.03083395 0.01000000
v 0.02549775 -0.03093933 0.01000000
v 0.02555758 -0.03104298 0.01000000
v 0.02562049 -0.03114478 0.01000000
v 0.02568642 -0.03124466 0.01000000
v 0.02575531 -0.03134252 0.01000000
v 0.02582709 -0.03143828 0.01000000
v 0.02590171 -0.03153184 0.01000000
v 0.02597909 -0.03162313 0.01000000
v 0.02605917 -0.03171207 0.01000000
v 0.02614187 -0.03179857 0.01000000
v 0.02622713 -0.03188256 0.01000000
v 0.02631486 -0.03196396 0.01000000
v 0.02640498 -0.03204270 0.01000000
v 0.02649742 -0.03211870 0.01000000
v 0.02659209 -0.03219191 0.01000000
v 0.02668891 -0.03226226 0.01000000
v 0.02678779 -0.03232967 0.01000000
v 0.02688864 -0.03239410 0.01000000
v 0.02699138 -0.03245548 0.01000000
v 0.02709590 -0.03251376 0.01000000
v 0.02720213 -0.03256889 0.01000000
v 0.02730995 -0.03262081 0.01000000
v 0.02741928 -0.03266949 0.01000000
v 0.02753001 -0.03271487 0.01000000
v 0.02764206 -0.03275692 0.01000000
v 0.02775531 -0.03279560 0.01000000
v 0.02786967 -0.03283088 0.01000000
v 0.02798503 -0.03286272 0.01000000
v 0.02810129 -0.03289109 0.01000000
v 0.02821835 -0.03291597 0.01000000
v 0.02833611 -0.03293734 0.01000000
v 0.02845444 -0.03295518 0.01000000
v 0.02857326 -0.03296947 0.01000000
v 0.02869246 -0.03298019 0.01000000
v 0.02881192 -0.03298735 0.01000000
v 0.02893154 -0.03299093 0.01000000
v 0.02905122 -0.03299093 0.01000000
v 0.02917084 -0.03298735 0.01000000
v 0.02929030 -0.03298019 0.01000000
v 0.02940949 -0.03296947 0.01000000
v 0.02952831 -0.03295518 0.01000000
v 0.02964665 -0.03293734 0.01000000
v 0.02976440 -0.03291597 0.01000000
v 0.02988146 -0.03289109 0.01000000
v 0.02999773 -0.03286272 0.01000000
v 0.03011309 -0.03283088 0.01000000
v 0.03022745 -0.03279560 0.01000000
v 0.03034070 -0.03275692 0.01000000
v 0.03045274 -0.03271487 0.01000000
v 0.03056348 -0.03266949 0.01000000
v 0.03067281 -0.03262081 0.01000000
v 0.03078063 -0.03256889 0.01000000
v 0.03088685 -0.03251376 0.01000000
v 0.03099138 -0.03245548 0.01000000
v 0.03109411 -0.03239410 0.01000000
v 0.03119497 -0.03232967 0.01000000
v 0.03129385 -0.03226226 0.01000000
v 0.03139067 -0.03219191 0.01000000
v 0.03148534 -0.03211870 0.01000000
v 0.03157778 -0.03204270 0.01000000
v 0.03166790 -0.03196396 0.01000000
v 0.03175563 -0.03188256 0.01000000
v 0.03184088 -0.03179857 0.01000000
v 0.03192359 -0.03171207 0.01000000
v 0.03200366 -0.03162313 0.01000000
v 0.03208105 -0.03153184 0.01000000
v 0.03215566 -0.03143828 0.01000000
v 0.03222745 -0.03134252 0.01000000
v 0.03229633 -0.03124466 0.01000000
v 0.03236226 -0.03114478 0.01000000
v 0.03242517 -0.03104298 0.01000000
v 0.03248501 -0.03093933 0.01000000
v 0.03254172 -0.03083395 0.01000000
v 0.03259525 -0.03072691 0.01000000
v 0.03264556 -0.03061832 0.01000000
v 0.03269260 -0.03050828 0.01000000
v 0.03273632 -0.03039688 0.01000000
v 0.03277669 -0.03028422 0.01000000
v 0.03281367 -0.03017040 0.01000000
v 0.03284723 -0.03005553 0.01000000
v 0.03287734 -0.02993970 0.01000000
v 0.03290397 -0.02982302 0.01000000
v 0.03292710 -0.02970561 0.01000000
v 0.03294670 -0.02958755 0.01000000
v 0.03296277 -0.02946895 0.01000000
v 0.03297528 -0.02934994 0.01000000
v 0.03298422 -0.02923059 0.01000000
v 0.03298959 -0.02911104 0.01000000
v -0.02499138 0.02899138 0.01000000
v -0.02499317 0.02911104 0.01000000
v -0.02499854 0.02923059 0.01000000
v -0.02500748 0.02934994 0.01000000
v -0.02501999 0.02946895 0.01000000
v -0.02503605 0.02958755 0.01000000
v -0.02505566 0.02970561 0.01000000
v -0.02507879 0.02982302 0.01000000
v -0.02510542 0.02993970 0.01000000
v -0.02513553 0.03005553 0.01000000
v -0.02516909 0.03017040 0.01000000
v -0.02520607 0.03028422 0.01000000
v -0.02524644 0.03039688 0.01000000
v -0.02529016 0.03050828 0.01000000
v -0.02533720 0.03061832 0.01000000
v -0.02538750 0.03072691 0.01000000
v -0.02544103 0.03083395 0.01000000
v -0.02549775 0.03093933 0.01000000
v -0.02555758 0.03104298 0.01000000
v -0.02562049 0.03114478 0.01000000
v -0.02568642 0.03124466 0.01000000
v -0.02575531 0.03134252 0.01000000
v -0.02582709 0.03143828 0.01000000
v -0.02590171 0.03153184 0.01000000
v -0.02597909 0.03162313 0.01000000
v -0.02605917 0.03171207 0.01000000
v -0.02614187 0.03179857 0.01000000
v -0.02622713 0.03188256 0.01000000
v -0.02631486 0.03196396 0.01000000
v -0.02640498 0.03204270 0.01000000
v -0.02649742 0.03211870 0.01000000
v -0.02659209 0.03219191 0.01000000
v -0.02668891 0.03226226 0.01000000
v -0.02678779 0.03232967 0.01000000
v -0.02688864 0.03239410 0.01000000
v -0.02699138 0.03245548 0.01000000
v -0.02709590 0.03251376 0.01000000
v -0.02720213 0.03256889 0.01000000
v -0.02730995 0.03262081 0.01000000
v -0.02741928 0.03266949 0.01000000
v -0.02753001 0.03271487 0.01000000
v -0.02764206 0.03275692 0.01000000
v -0.02775531 0.03279560 0.01000000
v -0.02786967 0.03283088 0.01000000
v -0.02798503 0.03286272 0.01000000
v -0.02810129 0.03289109 0.01000000
v -0.02821835 0.03291597 0.01000000
v -0.02833611 0.03293734 0.01000000
v -0.02845444 0.03295518 0.01000000
v -0.02857326 0.03296947 0.01000000
v -0.02869246 0.03298019 0.01000000
v -0.02881192 0.03298735 0.01000000
v -0.02893154 0.03299093 0.01000000
v -0.02905122 0.03299093 0.01000000
v -0.02917084 0.03298735 0.01000000
v -0.02929030 0.03298019 0.01000000
v -0.02940949 0.03296947 0.01000000
v -0.02952831 0.03295518 0.01000000
v -0.02964665 0.03293734 0.01000000
v -0.02976440 0.03291597 0.01000000
v -0.02988146 0.03289109 0.01000000
v -0.02999773 0.03286272 0.01000000
v -0.03011309 0.03283088 0.01000000
v -0.03022745 0.03279560 0.01000000
v -0.03034070 0.03275692 0.01000000
v -0.03045274 0.03271487 0.01000000
v -0.03056348 0.03266949 0.01000000
v -0.03067281 0.03262081 0.01000000
v -0.03078063 0.03256889 0.01000000
v -0.03088685 0.03251376 0.01000000
v -0.03099138 0.03245548 0.01000000
v -0.03109411 0.03239410 0.01000000
v -0.03119497 0.03232967 0.01000000
v -0.03129385 0.03226226 0.01000000
v -0.03139067 0.03219191 0.01000000
v -0.03148534 0.03211870 0.01000000
v -0.03157778 0.03204270 0.01000000
v -0.03166790 0.03196396 0.01000000
v -0.03175563 0.03188256 0.01000000
v -0.03184088 0.03179857 0.01000000
v -0.03192359 0.03171207 0.01000000
v -0.03200366 0.03162313 0.01000000
v -0.03208105 0.03153184 0.01000000
v -0.03215566 0.03143828 0.01000000
v -0.03222745 0.03134252 0.01000000
v -0.03229633 0.03124466 0.01000000
v -0.03236226 0.03114478 0.01000000
v -0.03242517 0.03104298 0.01000000
v -0.03248501 0.03093933 0.01000000
v -0.03254172 0.03083395 0.01000000
v -0.03259525 0.03072691 0.01000000
v -0.03264556 0.03061832 0.01000000
v -0.03269260 0.03050828 0.01000000
v -0.03273632 0.03039688 0.01000000
v -0.03277669 0.03028422 0.01000000
v -0.03281367 0.03017040 0.01000000
v -0.03284723 0.03005553 0.01000000
v -0.03287734 0.02993970 0.01000000
v -0.03290397 0.02982302 0.01000000
v -0.03292710 0.02970561 0.01000000
v -0.03294670 0.02958755 0.01000000
v -0.03296277 0.02946895 0.01000000
v -0.03297528 0.02934994 0.01000000
v -0.03298422 0.02923059 0.01000000
v -0.03298959 0.02911104 0.01000000
v -0.03299138 0.02899138 0.01000000
v -0.03298959 0.02887172 0.01000000
v -0.03298422 0.02875216 0.01000000
v -0.03297528 0.02863282 0.01000000
v -0.03296277 0.02851380 0.01000000
v -0.03294670 0.02839521 0.01000000
v -0.03292710 0.02827715 0.01000000
v -0.03290397 0.02815973 0.01000000
v -0.03287734 0.02804306 0.01000000
v -0.03284723 0.02792723 0.01000000
v -0.03281367 0.02781236 0.01000000
v -0.03277669 0.02769854 0.01000000
v -0.03273632 0.02758588 0.01000000
v -0.03269260 0.02747448 0.01000000
v -0.03264556 0.02736443 0.01000000
v -0.03259525 0.02725584 0.01000000
v -0.03254172 0.02714881 0.01000000
v -0.03248501 0.02704342 0.01000000
v -0.03242517 0.02693978 0.01000000
v -0.03236226 0.02683798 0.01000000
v -0.03229633 0.02673810 0.01000000
v -0.03222745 0.02664024 0.01000000
v -0.03215566 0.02654448 0.01000000
v -0.03208105 0.02645091 0.01000000
v -0.03200366 0.02635962 0.01000000
v -0.03192359 0.02627069 0.01000000
v -0.03184088 0.02618419 0.01000000
v -0.03175563 0.02610020 0.01000000
v -0.03166790 0.02601880 0.01000000
v -0.03157778 0.02594006 0.01000000
v -0.03148534 0.02586405 0.01000000
v -0.03139067 0.02579084 0.01000000
v -0.03129385 0.02572050 0.01000000
v -0.03119497 0.02565309 0.01000000
v -0.03109411 0.02558866 0.01000000
v -0.03099138 0.02552728 0.01000000
v -0.03088685 0.02546900 0.01000000
v -0.03078063 0.02541387 0.01000000
v -0.03067281 0.02536194 0.01000000
v -0.03056348 0.02531327 0.01000000
v -0.03045274 0.02526788 0.01000000
v -0.03034070 0.02522583 0.01000000
v -0.03022745 0.02518715 0.01000000
v -0.03011309 0.02515188 0.01000000
v -0.02999773 0.02512004 0.01000000
v -0.02988146 0.02509167 0.01000000
v -0.02976440 0.02506678 0.01000000
v -0.02964665 0.02504542 0.01000000
v -0.02952831 0.02502758 0.01000000
v -0.02940949 0.02501329 0.01000000
v -0.02929030 0.02500256 0.01000000
v -0.02917084 0.02499541 0.01000000
v -0.02905122 0.02499183 0.01000000
v -0.02893154 0.02499183 0.01000000
v -0.02881192 0.02499541 0.01000000
v -0.02869246 0.02500256 0.01000000
v -0.02857326 0.02501329 0.01000000
v -0.02845444 0.02502758 0.01000000
v -0.02833611 0.02504542 0.01000000
v -0.02821835 0.02506678 0.01000000
v -0.02810129 0.02509167 0.01000000
v -0.02798503 0.02512004 0.01000000
v -0.02786967 0.02515188 0.01000000
v -0.02775531 0.02518715 0.01000000
v -0.02764206 0.02522583 0.01000000
v -0.02753001 0.02526788 0.01000000
v -0.02741928 0.02531327 0.01000000
v -0.02730995 0.02536194 0.01000000
v -0.02720213 0.02541387 0.01000000
v -0.02709590 0.02546900 0.01000000
v -0.02699138 0.02552728 0.01000000
v -0.02688864 0.02558866 0.01000000
v -0.02678779 0.02565309 0.01000000
v -0.02668891 0.02572050 0.01000000
v -0.02659209 0.02579084 0.01000000
v -0.02649742 0.02586405 0.01000000
v -0.02640498 0.02594006 0.01000000
v -0.02631486 0.02601880 0.01000000
v -0.02622713 0.02610020 0.01000000
v -0.02614187 0.02618419 0.01000000
v -0.02605917 0.02627069 0.01000000
v -0.02597909 0.02635962 0.01000000
v -0.02590171 0.02645091 0.01000000
v -0.02582709 0.02654448 0.01000000
v -0.02575531 0.02664024 0.01000000
v -0.02568642 0.02673810 0.01000000
v -0.02562049 0.02683798 0.01000000
v -0.02555758 0.02693978 0.01000000
v -0.02549775 0.02704342 0.01000000
v -0.02544103 0.02714881 0.01000000
v -0.02538750 0.02725584 0.01000000
v -0.02533720 0.02736443 0.01000000
v -0.02529016 0.02747448 0.01000000
v -0.02524644 0.02758588 0.01000000
v -0.02520607 0.02769854 0.01000000
v -0.02516909 0.02781236 0.01000000
v -0.02513553 0.02792723 0.01000000
v -0.02510542 0.02804306 0.01000000
v -0.02507879 0.02815973 0.01000000
v -0.02505566 0.02827715 0.01000000
v -0.02503605 0.02839521 0.01000000
v -0.02501999 0.02851380 0.01000000
v -0.02500748 0.02863282 0.01000000
v -0.02499854 0.02875216 0.01000000
v -0.02499317 0.02887172 0.01000000
v 0.03299138 0.02899138 0.01000000
v 0.03298959 0.02911104 0.01000000
v 0.03298422 0.02923059 0.01000000
v 0.03297528 0.02934994 0.01000000
v 0.03296277 0.02946895 0.01000000
v 0.03294670 0.02958755 0.01000000
v 0.03292710 0.02970561 0.01000000
v 0.03290397 0.02982302 0.01000000
v 0.03287734 0.02993970 0.01000000
v 0.03284723 0.03005553 0.01000000
v 0.03281367 0.03017040 0.01000000
v 0.03277669 0.03028422 0.01000000
v 0.03273632 0.03039688 0.01000000
v 0.03269260 0.03050828 0.01000000
v 0.03264556 0.03061832 0.01000000
v 0.03259525 0.03072691 0.01000000
v 0.03254172 0.03083395 0.01000000
v 0.03248501 0.03093933 0.01000000
v 0.03242517 0.03104298 0.01000000
v 0.03236226 0.03114478 0.01000000
v 0.03229633 0.03124466 0.01000000
v 0.03222745 0.03134252 0.01000000
v 0.03215566 0.03143828 0.01000000
v 0.03208105 0.03153184 0.01000000
v 0.03200366 0.03162313 0.01000000
v 0.03192359 0.03171207 0.01000000
v 0.03184088 0.03179857 0.01000000
v 0.03175563 0.03188256 0.01000000
v 0.03166790 0.03196396 0.01000000
v 0.03157778 0.03204270 0.01000000
v 0.03148534 0.03211870 0.01000000
v 0.03139067 0.03219191 0.01000000
v 0.03129385 0.03226226 0.01000000
v 0.03119497 0.03232967 0.01000000
v 0.03109411 0.03239410 0.01000000
v 0.03099138 0.03245548 0.01000000
v 0.03088685 0.03251376 0.01000000
v 0.03078063 0.03256889 0.01000000
v 0.03067281 0.03262081 0.01000000
v 0.03056348 0.03266949 0.01000000
v 0.03045274 0.03271487 0.01000000
v 0.03034070 0.03275692 0.01000000
v 0.03022745 0.03279560 0.01000000
v 0.03011309 0.03283088 0.01000000
v 0.02999773 0.03286272 0.01000000
v 0.02988146 0.03289109 0.01000000
v 0.02976440 0.03291597 0.01000000
v 0.02964665 0.03293734 0.01000000
v 0.02952831 0.03295518 0.01000000
v 0.02940949 0.03296947 0.01000000
v 0.02929030 0.03298019 0.01000000
v 0.02917084 0.03298735 0.01000000
v 0.02905122 0.03299093 0.01000000
v 0.02893154 0.03299093 0.01000000
v 0.02881192 0.03298735 0.01000000
v 0.02869246 0.03298019 0.01000000
v 0.02857326 0.03296947 0.01000000
v 0.02845444 0.03295518 0.01000000
v 0.02833611 0.03293734 0.01000000
v 0.02821835 0.03291597 0.01000000
v 0.02810129 0.03289109 0.01000000
v 0.02798503 0.03286272 0.01000000
v 0.02786967 0.03283088 0.01000000
v 0.02775531 0.03279560 0.01000000
v 0.02764206 0.03275692 0.01000000
v 0.02753001 0.03271487 0.01000000
v 0.02741928 0.03266949 0.01000000
v 0.02730995 0.03262081 0.01000000
v 0.02720213 0.03256889 0.01000000
v 0.02709590 0.03251376 0.01000000
v 0.02699138 0.03245548 0.01000000
v 0.02688864 0.03239410 0.01000000
v 0.02678779 0.03232967 0.01000000
v 0.02668891 0.03226226 0.01000000
v 0.02659209 0.03219191 0.01000000
v 0.02649742 0.03211870 0.01000000
v 0.02640498 0.03204270 0.01000000
v 0.02631486 0.03196396 0.01000000
v 0.02622713 0.03188256 0.01000000
v 0.02614187 0.03179857 0.01000000
v 0.02605917 0.03171207 0.01000000
v 0.02597909 0.03162313 0.01000000
v 0.02590171 0.03153184 0.01000000
v 0.02582709 0.03143828 0.01000000
v 0.02575531 0.03134252 0.01000000
v 0.02568642 0.03124466 0.01000000
v 0.02562049 0.03114478 0.01000000
v 0.02555758 0.03104298 0.01000000
v 0.02549775 0.03093933 0.01000000
v 0.02544103 0.03083395 0.01000000
v 0.02538750 0.03072691 0.01000000
v 0.02533720 0.03061832 0.01000000
v 0.02529016 0.03050828 0.01000000
v 0.02524644 0.03039688 0.01000000
v 0.02520607 0.03028422 0.01000000
v 0.02516909 0.03017040 0.01000000
v 0.02513553 0.03005553 0.01000000
v 0.02510542 0.02993970 0.01000000
v 0.02507879 0.02982302 0.01000000
v 0.02505566 0.02970561 0.01000000
v 0.02503605 0.02958755 0.01000000
v 0.02501999 0.02946895 0.01000000
v 0.02500748 0.02934994 0.01000000
v 0.02499854 0.02923059 0.01000000
v 0.02499317 0.02911104 0.01000000
v 0.02499138 0.02899138 0.01000000
v 0.02499317 0.02887172 0.01000000
v 0.02499854 0.02875216 0.01000000
v 0.02500748 0.02863282 0.01000000
v 0.02501999 0.02851380 0.01000000
v 0.02503605 0.02839521 0.01000000
v 0.02505566 0.02827715 0.01000000
v 0.02507879 0.02815973 0.01000000
v 0.02510542 0.02804306 0.01000000
v 0.02513553 0.02792723 0.01000000
v 0.02516909 0.02781236 0.01000000
v 0.02520607 0.02769854 0.01000000
v 0.02524644 0.02758588 0.01000000
v 0.02529016 0.02747448 0.01000000
v 0.02533720 0.02736443 0.01000000
v 0.02538750 0.02725584 0.01000000
v 0.02544103 0.02714881 0.01000000
v 0.02549775 0.02704342 0.01000000
v 0.02555758 0.02693978 0.01000000
v 0.02562049 0.02683798 0.01000000
v 0.02568642 0.02673810 0.01000000
v 0.02575531 0.02664024 0.01000000
v 0.02582709 0.02654448 0.01000000
v 0.02590171 0.02645091 0.01000000
v 0.02597909 0.02635962 0.01000000
v 0.02605917 0.02627069 0.01000000
v 0.02614187 0.02618419 0.01000000
v 0.02622713 0.02610020 0.01000000
v 0.02631486 0.02601880 0.01000000
v 0.02640498 0.02594006 0.01000000
v 0.02649742 0.02586405 0.01000000
v 0.02659209 0.02579084 0.01000000
v 0.02668891 0.02572050 0.01000000
v 0.02678779 0.02565309 0.01000000
v 0.02688864 0.02558866 0.01000000
v 0.02699138 0.02552728 0.01000000
v 0.02709590 0.02546900 0.01000000
v 0.02720213 0.02541387 0.01000000
v 0.02730995 0.02536194 0.01000000
v 0.02741928 0.02531327 0.01000000
v 0.02753001 0.02526788 0.01000000
v 0.02764206 0.02522583 0.01000000
v 0.02775531 0.02518715 0.01000000
v 0.02786967 0.02515188 0.01000000
v 0.02798503 0.02512004 0.01000000
v 0.02810129 0.02509167 0.01000000
v 0.02821835 0.02506678 0.01000000
v 0.02833611 0.02504542 0.01000000
v 0.02845444 0.02502758 0.01000000
v 0.02857326 0.02501329 0.01000000
v 0.02869246 0.02500256 0.01000000
v 0.02881192 0.02499541 0.01000000
v 0.02893154 0.02499183 0.01000000
v 0.02905122 0.02499183 0.01000000
v 0.02917084 0.02499541 0.01000000
v 0.02929030 0.02500256 0.01000000
v 0.02940949 0.02501329 0.01000000
v 0.02952831 0.02502758 0.01000000
v 0.02964665 0.02504542 0.01000000
v 0.02976440 0.02506678 0.01000000
v 0.02988146 0.02509167 0.01000000
v 0.02999773 0.02512004 0.01000000
v 0.03011309 0.02515188 0.01000000
v 0.03022745 0.02518715 0.01000000
v 0.03034070 0.02522583 0.01000000
v 0.03045274 0.02526788 0.01000000
v 0.03056348 0.02531327 0.01000000
v 0.03067281 0.02536194 0.01000000
v 0.03078063 0.02541387 0.01000000
v 0.03088685 0.02546900 0.01000000
v 0.03099138 0.02552728 0.01000000
v 0.03109411 0.02558866 0.01000000
v 0.03119497 0.02565309 0.01000000
v 0.03129385 0.02572050 0.01000000
v 0.03139067 0.02579084 0.01000000
v 0.03148534 0.02586405 0.01000000
v 0.03157778 0.02594006 0.01000000
v 0.03166790 0.02601880 0.01000000
v 0.03175563 0.02610020 0.01000000
v 0.03184088 0.02618419 0.01000000
v 0.03192359 0.02627069 0.01000000
v 0.03200366 0.02635962 0.01000000
v 0.03208105 0.02645091 0.01000000
v 0.03215566 0.02654448 0.01000000
v 0.03222745 0.02664024 0.01000000
v 0.03229633 0.02673810 0.01000000
v 0.03236226 0.02683798 0.01000000
v 0.03242517 0.02693978 0.01000000
v 0.03248501 0.02704342 0.01000000
v 0.03254172 0.02714881 0.01000000
v 0.03259525 0.02725584 0.01000000
v 0.03264556 0.02736443 0.01000000
v 0.03269260 0.02747448 0.01000000
v 0.03273632 0.02758588 0.01000000
v 0.03277669 0.02769854 0.01000000
v 0.03281367 0.02781236 0.01000000
v 0.03284723 0.02792723 0.01000000
v 0.03287734 0.02804306 0.01000000
v 0.03290397 0.02815973 0.01000000
v 0.03292710 0.02827715 0.01000000
v 0.03294670 0.02839521 0.01000000
v 0.03296277 0.02851380 0.01000000
v 0.03297528 0.02863282 0.01000000
v 0.03298422 0.02875216 0.01000000
v 0.03298959 0.02887172 0.01000000
vn 0.71044256 0.00000000 -0.70375519
vn 0.71044256 0.00000000 0.70375519
vn 0.71012459 0.02125322 0.70375519
vn 0.70917096 0.04248742 0.70375519
vn 0.70758253 0.06368358 0.70375519
vn 0.70536071 0.08482274 0.70375519
vn 0.70250750 0.10588597 0.70375519
vn 0.69902546 0.12685442 0.70375519
vn 0.69491769 0.14770931 0.70375519
vn 0.69018787 0.16843199 0.70375519
vn 0.68484024 0.18900390 0.70375519
vn 0.67887959 0.20940662 0.70375519
vn 0.67231125 0.22962190 0.70375519
vn 0.66514110 0.24963163 0.70375519
vn 0.65737556 0.26941791 0.70375519
vn 0.64902157 0.28896302 0.70375519
vn 0.64008663 0.30824947 0.70375519
vn 0.63057872 0.32726000 0.70375519
vn 0.62050636 0.34597759 0.70375519
vn 0.60987856 0.36438548 0.70375519
vn 0.59870484 0.38246719 0.70375519
vn 0.58699519 0.40020654 0.70375519
vn 0.57476011 0.41758766 0.70375519
vn 0.56201053 0.43459498 0.70375519
vn 0.54875788 0.45121327 0.70375519
vn 0.53501402 0.46742767 0.70375519
vn 0.52079125 0.48322366 0.70375519
vn 0.50610230 0.49858710 0.70375519
vn 0.49096032 0.51350423 0.70375519
vn 0.47537886 0.52796171 0.70375519
vn 0.45937188 0.54194659 0.70375519
vn 0.44295369 0.55544636 0.70375519
vn 0.42613900 0.56844893 0.70375519
vn 0.40894286 0.58094265 0.70375519
vn 0.39138066 0.59291636 0.70375519
vn 0.37346812 0.60435932 0.70375519
vn 0.35522128 0.61526131 0.70375519
vn 0.33665647 0.62561254 0.70375519
vn 0.31779030 0.63540378 0.70375519
vn 0.29863967 0.64462623 0.70375519
vn 0.27922171 0.65327167 0.70375519
vn 0.25955381 0.66133233 0.70375519
vn 0.23965358 0.66880101 0.70375519
vn 0.21953882 0.67567103 0.70375519
vn 0.19922755 0.68193622 0.70375519
vn 0.17873794 0.68759100 0.70375519
vn 0.15808834 0.69263028 0.70375519
vn 0.13729723 0.69704957 0.70375519
vn 0.11638322 0.70084490 0.70375519
vn 0.09536503 0.70401289 0.70375519
vn 0.07426147 0.70655068 0.70375519
vn 0.05309144 0.70845602 0.70375519
vn 0.03187388 0.70972719 0.70375519
vn 0.01062780 0.71036306 0.70375519
vn -0.01062780 0.71036306 0.70375519
vn -0.03187388 0.70972719 0.70375519
vn -0.05309144 0.70845602 0.70375519
vn -0.07426147 0.70655068 0.70375519
vn -0.09536503 0.70401289 0.70375519
vn -0.11638322 0.70084490 0.70375519
vn -0.13729723 0.69704957 0.70375519
vn -0.15808834 0.69263028 0.70375519
vn -0.17873794 0.68759100 0.70375519
vn -0.19922755 0.68193622 0.70375519
vn -0.21953882 0.67567103 0.70375519
vn -0.23965358 0.66880101 0.70375519
vn -0.25955381 0.66133233 0.70375519
vn -0.27922171 0.65327167 0.70375519
vn -0.29863967 0.64462623 0.70375519
vn -0.31779030 0.63540378 0.70375519
vn -0.33665647 0.62561254 0.70375519
vn -0.35522128 0.61526131 0.70375519
vn -0.37346812 0.60435932 0.70375519
vn -0.39138066 0.59291636 0.70375519
vn -0.40894286 0.58094265 0.70375519
vn -0.42613900 0.56844893 0.70375519
vn -0.44295369 0.55544636 0.70375519
vn -0.45937188 0.54194659 0.70375519
vn -0.47537886 0.52796171 0.70375519
vn -0.49096032 0.51350423 0.70375519
vn -0.50610230 0.49858710 0.70375519
vn -0.52079125 0.48322366 0.70375519
vn -0.53501402 0.46742767 0.70375519
vn -0.54875788 0.45121327 0.70375519
vn -0.56201053 0.43459498 0.70375519
vn -0.57476011 0.41758766 0.70375519
vn -0.58699519 0.40020654 0.70375519
vn -0.59870484 0.38246719 0.70375519
vn -0.60987856 0.36438548 0.70375519
vn -0.62050636 0.34597759 0.70375519
vn -0.63057872 0.32726000 0.70375519
vn -0.64008663 0.30824947 0.70375519
vn -0.64902157 0.28896302 0.70375519
vn -0.65737556 0.26941791 0.70375519
vn -0.66514110 0.24963163 0.70375519
vn -0.67231125 0.22962190 0.70375519
vn -0.67887959 0.20940662 0.70375519
vn -0.68484024 0.18900390 0.70375519
vn -0.69018787 0.16843199 0.70375519
vn -0.69491769 0.14770931 0.70375519
vn -0.69902546 0.12685442 0.70375519
vn -0.70250750 0.10588597 0.70375519
vn -0.70536071 0.08482274 0.70375519
vn -0.70758253 0.06368358 0.70375519
vn -0.70917096 0.04248742 0.70375519
vn -0.71012459 0.02125322 0.70375519
vn -0.71044256 0.00000000 0.70375519
vn -0.71012459 -0.02125322 0.70375519
vn -0.70917096 -0.04248742 0.70375519
vn -0.70758253 -0.06368358 0.70375519
vn -0.70536071 -0.08482274 0.70375519
vn -0.70250750 -0.10588597 0.70375519
vn -0.69902546 -0.12685442 0.70375519
vn -0.69491769 -0.14770931 0.70375519
vn -0.69018787 -0.16843199 0.70375519
vn -0.68484024 -0.18900390 0.70375519
vn -0.67887959 -0.20940662 0.70375519
vn -0.67231125 -0.22962190 0.70375519
vn -0.66514110 -0.24963163 0.70375519
vn -0.65737556 -0.26941791 0.70375519
vn -0.64902157 -0.28896302 0.70375519
vn -0.64008663 -0.30824947 0.70375519
vn -0.63057872 -0.32726000 0.70375519
vn -0.62050636 -0.34597759 0.70375519
vn -0.60987856 -0.36438548 0.70375519
vn -0.59870484 -0.38246719 0.70375519
vn -0.58699519 -0.40020654 0.70375519
vn -0.57476011 -0.41758766 0.70375519
vn -0.56201053 -0.43459498 0.70375519
vn -0.54875788 -0.45121327 0.70375519
vn -0.53501402 -0.46742767 0.70375519
vn -0.52079125 -0.48322366 0.70375519
vn -0.50610230 -0.49858710 0.70375519
vn -0.49096032 -0.51350423 0.70375519
vn -0.47537886 -0.52796171 0.70375519
vn -0.45937188 -0.54194659 0.70375519
vn -0.44295369 -0.55544636 0.70375519
vn -0.42613900 -0.56844893 0.70375519
vn -0.40894286 -0.58094265 0.70375519
vn -0.39138066 -0.59291636 0.70375519
vn -0.37346812 -0.60435932 0.70375519
vn -0.35522128 -0.61526131 0.70375519
vn -0.33665647 -0.62561254 0.70375519
vn -0.31779030 -0.63540378 0.70375519
vn -0.29863967 -0.64462623 0.70375519
vn -0.27922171 -0.65327167 0.70375519
vn -0.25955381 -0.66133233 0.70375519
vn -0.23965358 -0.66880101 0.70375519
vn -0.21953882 -0.67567103 0.70375519
vn -0.19922755 -0.68193622 0.70375519
vn -0.17873794 -0.68759100 0.70375519
vn -0.15808834 -0.69263028 0.70375519
vn -0.13729723 -0.69704957 0.70375519
vn -0.11638322 -0.70084490 0.70375519
vn -0.09536503 -0.70401289 0.70375519
vn -0.07426147 -0.70655068 0.70375519
vn -0.05309144 -0.70845602 0.70375519
vn -0.03187388 -0.70972719 0.70375519
vn -0.01062780 -0.71036306 0.70375519
vn 0.01062780 -0.71036306 0.70375519
vn 0.03187388 -0.70972719 0.70375519
vn 0.05309144 -0.70845602 0.70375519
vn 0.07426147 -0.70655068 0.70375519
vn 0.09536503 -0.70401289 0.70375519
vn 0.11638322 -0.70084490 0.70375519
vn 0.13729723 -0.69704957 0.70375519
vn 0.15808834 -0.69263028 0.70375519
vn 0.17873794 -0.68759100 0.70375519
vn 0.19922755 -0.68193622 0.70375519
vn 0.21953882 -0.67567103 0.70375519
vn 0.23965358 -0.66880101 0.70375519
vn 0.25955381 -0.66133233 0.70375519
vn 0.27922171 -0.65327167 0.70375519
vn 0.29863967 -0.64462623 0.70375519
vn 0.31779030 -0.63540378 0.70375519
vn 0.33665647 -0.62561254 0.70375519
vn 0.35522128 -0.61526131 0.70375519
vn 0.37346812 -0.60435932 0.70375519
vn 0.39138066 -0.59291636 0.70375519
vn 0.40894286 -0.58094265 0.70375519
vn 0.42613900 -0.56844893 0.70375519
vn 0.44295369 -0.55544636 0.70375519
vn 0.45937188 -0.54194659 0.70375519
vn 0.47537886 -0.52796171 0.70375519
vn 0.49096032 -0.51350423 0.70375519
vn 0.50610230 -0.49858710 0.70375519
vn 0.52079125 -0.48322366 0.70375519
vn 0.53501402 -0.46742767 0.70375519
vn 0.54875788 -0.45121327 0.70375519
vn 0.56201053 -0.43459498 0.70375519
vn 0.57476011 -0.41758766 0.70375519
vn 0.58699519 -0.40020654 0.70375519
vn 0.59870484 -0.38246719 0.70375519
vn 0.60987856 -0.36438548 0.70375519
vn 0.62050636 -0.34597759 0.70375519
vn 0.63057872 -0.32726000 0.70375519
vn 0.64008663 -0.30824947 0.70375519
vn 0.64902157 -0.28896302 0.70375519
vn 0.65737556 -0.26941791 0.70375519
vn 0.66514110 -0.24963163 0.70375519
vn 0.67231125 -0.22962190 0.70375519
vn 0.67887959 -0.20940662 0.70375519
vn 0.68484024 -0.18900390 0.70375519
vn 0.69018787 -0.16843199 0.70375519
vn 0.69491769 -0.14770931 0.70375519
vn 0.69902546 -0.12685442 0.70375519
vn 0.70250750 -0.10588597 0.70375519
vn 0.70536071 -0.08482274 0.70375519
vn 0.70758253 -0.06368358 0.70375519
vn 0.70917096 -0.04248742 0.70375519
vn 0.71012459 -0.02125322 0.70375519
vn 0.71012459 0.02125322 -0.70375519
vn 0.70917096 0.04248742 -0.70375519
vn 0.70758253 0.06368358 -0.70375519
vn 0.70536071 0.08482274 -0.70375519
vn 0.70250750 0.10588597 -0.70375519
vn 0.69902546 0.12685442 -0.70375519
vn 0.69491769 0.14770931 -0.70375519
vn 0.69018787 0.16843199 -0.70375519
vn 0.68484024 0.18900390 -0.70375519
vn 0.67887959 0.20940662 -0.70375519
vn 0.67231125 0.22962190 -0.70375519
vn 0.66514110 0.24963163 -0.70375519
vn 0.65737556 0.26941791 -0.70375519
vn 0.64902157 0.28896302 -0.70375519
vn 0.64008663 0.30824947 -0.70375519
vn 0.63057872 0.32726000 -0.70375519
vn 0.62050636 0.34597759 -0.70375519
vn 0.60987856 0.36438548 -0.70375519
vn 0.59870484 0.38246719 -0.70375519
vn 0.58699519 0.40020654 -0.70375519
vn 0.57476011 0.41758766 -0.70375519
vn 0.56201053 0.43459498 -0.70375519
vn 0.54875788 0.45121327 -0.70375519
vn 0.53501402 0.46742767 -0.70375519
vn 0.52079125 0.48322366 -0.70375519
vn 0.50610230 0.49858710 -0.70375519
vn 0.49096032 0.51350423 -0.70375519
vn 0.47537886 0.52796171 -0.70375519
vn 0.45937188 0.54194659 -0.70375519
vn 0.44295369 0.55544636 -0.70375519
vn 0.42613900 0.56844893 -0.70375519
vn 0.40894286 0.58094265 -0.70375519
vn 0.39138066 0.59291636 -0.70375519
vn 0.37346812 0.60435932 -0.70375519
vn 0.35522128 0.61526131 -0.70375519
vn 0.33665647 0.62561254 -0.70375519
vn 0.31779030 0.63540378 -0.70375519
vn 0.29863967 0.64462623 -0.70375519
vn 0.27922171 0.65327167 -0.70375519
vn 0.25955381 0.66133233 -0.70375519
vn 0.23965358 0.66880101 -0.70375519
vn 0.21953882 0.67567103 -0.70375519
vn 0.19922755 0.68193622 -0.70375519
vn 0.17873794 0.68759100 -0.70375519
vn 0.15808834 0.69263028 -0.70375519
vn 0.13729723 0.69704957 -0.70375519
vn 0.11638322 0.70084490 -0.70375519
vn 0.09536503 0.70401289 -0.70375519
vn 0.07426147 0.70655068 -0.70375519
vn 0.05309144 0.70845602 -0.70375519
vn 0.03187388 0.70972719 -0.70375519
vn 0.01062780 0.71036306 -0.70375519
vn -0.01062780 0.71036306 -0.70375519
vn -0.03187388 0.70972719 -0.70375519
vn -0.05309144 0.70845602 -0.70375519
vn -0.07426147 0.70655068 -0.70375519
vn -0.09536503 0.70401289 -0.70375519
vn -0.11638322 0.70084490 -0.70375519
vn -0.13729723 0.69704957 -0.70375519
vn -0.15808834 0.69263028 -0.70375519
vn -0.17873794 0.68759100 -0.70375519
vn -0.19922755 0.68193622 -0.70375519
vn -0.21953882 0.67567103 -0.70375519
vn -0.23965358 0.66880101 -0.70375519
vn -0.25955381 0.66133233 -0.70375519
vn -0.27922171 0.65327167 -0.70375519
vn -0.29863967 0.64462623 -0.70375519
vn -0.31779030 0.63540378 -0.70375519
vn -0.33665647 0.62561254 -0.70375519
vn -0.35522128 0.61526131 -0.70375519
vn -0.37346812 0.60435932 -0.70375519
vn -0.39138066 0.59291636 -0.70375519
vn -0.40894286 0.58094265 -0.70375519
vn -0.42613900 0.56844893 -0.70375519
vn -0.44295369 0.55544636 -0.70375519
vn -0.45937188 0.54194659 -0.70375519
vn -0.47537886 0.52796171 -0.70375519
vn -0.49096032 0.51350423 -0.70375519
vn -0.50610230 0.49858710 -0.70375519
vn -0.52079125 0.48322366 -0.70375519
vn -0.53501402 0.46742767 -0.70375519
vn -0.54875788 0.45121327 -0.70375519
vn -0.56201053 0.43459498 -0.70375519
vn -0.57476011 0.41758766 -0.70375519
vn -0.58699519 0.40020654 -0.70375519
vn -0.59870484 0.38246719 -0.70375519
vn -0.60987856 0.36438548 -0.70375519
vn -0.62050636 0.34597759 -0.70375519
vn -0.63057872 0.32726000 -0.70375519
vn -0.64008663 0.30824947 -0.70375519
vn -0.64902157 0.28896302 -0.70375519
vn -0.65737556 0.26941791 -0.70375519
vn -0.66514110 0.24963163 -0.70375519
vn -0.67231125 0.22962190 -0.70375519
vn -0.67887959 0.20940662 -0.70375519
vn -0.68484024 0.18900390 -0.70375519
vn -0.69018787 0.16843199 -0.70375519
vn -0.69491769 0.14770931 -0.70375519
vn -0.69902546 0.12685442 -0.70375519
vn -0.70250750 0.10588597 -0.70375519
vn -0.70536071 0.08482274 -0.70375519
vn -0.70758253 0.06368358 -0.70375519
vn -0.70917096 0.04248742 -0.70375519
vn -0.71012459 0.02125322 -0.70375519
vn -0.71044256 0.00000000 -0.70375519
vn -0.71012459 -0.02125322 -0.70375519
vn -0.70917096 -0.04248742 -0.70375519
vn -0.70758253 -0.06368358 -0.70375519
vn -0.70536071 -0.08482274 -0.70375519
vn -0.70250750 -0.10588597 -0.70375519
vn -0.69902546 -0.12685442 -0.70375519
vn -0.69491769 -0.14770931 -0.70375519
vn -0.69018787 -0.16843199 -0.70375519
vn -0.68484024 -0.18900390 -0.70375519
vn -0.67887959 -0.20940662 -0.70375519
vn -0.67231125 -0.22962190 -0.70375519
vn -0.66514110 -0.24963163 -0.70375519
vn -0.65737556 -0.26941791 -0.70375519
vn -0.64902157 -0.28896302 -0.70375519
vn -0.64008663 -0.30824947 -0.70375519
vn -0.63057872 -0.32726000 -0.70375519
vn -0.62050636 -0.34597759 -0.70375519
vn -0.60987856 -0.36438548 -0.70375519
vn -0.59870484 -0.38246719 -0.70375519
vn -0.58699519 -0.40020654 -0.70375519
vn -0.57476011 -0.41758766 -0.70375519
vn -0.56201053 -0.43459498 -0.70375519
vn -0.54875788 -0.45121327 -0.70375519
vn -0.53501402 -0.46742767 -0.70375519
vn -0.52079125 -0.48322366 -0.70375519
vn -0.50610230 -0.49858710 -0.70375519
vn -0.49096032 -0.51350423 -0.70375519
vn -0.47537886 -0.52796171 -0.70375519
vn -0.45937188 -0.54194659 -0.70375519
vn -0.44295369 -0.55544636 -0.70375519
vn -0.42613900 -0.56844893 -0.70375519
vn -0.40894286 -0.58094265 -0.70375519
vn -0.39138066 -0.59291636 -0.70375519
vn -0.37346812 -0.60435932 -0.70375519
vn -0.35522128 -0.61526131 -0.70375519
vn -0.33665647 -0.62561254 -0.70375519
vn -0.31779030 -0.63540378 -0.70375519
vn -0.29863967 -0.64462623 -0.70375519
vn -0.27922171 -0.65327167 -0.70375519
vn -0.25955381 -0.66133233 -0.70375519
vn -0.23965358 -0.66880101 -0.70375519
vn -0.21953882 -0.67567103 -0.70375519
vn -0.19922755 -0.68193622 -0.70375519
vn -0.17873794 -0.68759100 -0.70375519
vn -0.15808834 -0.69263028 -0.70375519
vn -0.13729723 -0.69704957 -0.70375519
vn -0.11638322 -0.70084490 -0.70375519
vn -0.09536503 -0.70401289 -0.70375519
vn -0.07426147 -0.70655068 -0.70375519
vn -0.05309144 -0.70845602 -0.70375519
vn -0.03187388 -0.70972719 -0.70375519
vn -0.01062780 -0.71036306 -0.70375519
vn 0.01062780 -0.71036306 -0.70375519
vn 0.03187388 -0.70972719 -0.70375519
vn 0.05309144 -0.70845602 -0.70375519
vn 0.07426147 -0.70655068 -0.70375519
vn 0.09536503 -0.70401289 -0.70375519
vn 0.11638322 -0.70084490 -0.70375519
vn 0.13729723 -0.69704957 -0.70375519
vn 0.15808834 -0.69263028 -0.70375519
vn 0.17873794 -0.68759100 -0.70375519
vn 0.19922755 -0.68193622 -0.70375519
vn 0.21953882 -0.67567103 -0.70375519
vn 0.23965358 -0.66880101 -0.70375519
vn 0.25955381 -0.66133233 -0.70375519
vn 0.27922171 -0.65327167 -0.70375519
vn 0.29863967 -0.64462623 -0.70375519
vn 0.31779030 -0.63540378 -0.70375519
vn 0.33665647 -0.62561254 -0.70375519
vn 0.35522128 -0.61526131 -0.70375519
vn 0.37346812 -0.60435932 -0.70375519
vn 0.39138066 -0.59291636 -0.70375519
vn 0.40894286 -0.58094265 -0.70375519
vn 0.42613900 -0.56844893 -0.70375519
vn 0.44295369 -0.55544636 -0.70375519
vn 0.45937188 -0.54194659 -0.70375519
vn 0.47537886 -0.52796171 -0.70375519
vn 0.49096032 -0.51350423 -0.70375519
vn 0.50610230 -0.49858710 -0.70375519
vn 0.52079125 -0.48322366 -0.70375519
vn 0.53501402 -0.46742767 -0.70375519
vn 0.54875788 -0.45121327 -0.70375519
vn 0.56201053 -0.43459498 -0.70375519
vn 0.57476011 -0.41758766 -0.70375519
vn 0.58699519 -0.40020654 -0.70375519
vn 0.59870484 -0.38246719 -0.70375519
vn 0.60987856 -0.36438548 -0.70375519
vn 0.62050636 -0.34597759 -0.70375519
vn 0.63057872 -0.32726000 -0.70375519
vn 0.64008663 -0.30824947 -0.70375519
vn 0.64902157 -0.28896302 -0.70375519
vn 0.65737556 -0.26941791 -0.70375519
vn 0.66514110 -0.24963163 -0.70375519
vn 0.67231125 -0.22962190 -0.70375519
vn 0.67887959 -0.20940662 -0.70375519
vn 0.68484024 -0.18900390 -0.70375519
vn 0.69018787 -0.16843199 -0.70375519
vn 0.69491769 -0.14770931 -0.70375519
vn 0.69902546 -0.12685442 -0.70375519
vn 0.70250750 -0.10588597 -0.70375519
vn 0.70536071 -0.08482274 -0.70375519
vn 0.70758253 -0.06368358 -0.70375519
vn 0.70917096 -0.04248742 -0.70375519
vn 0.71012459 -0.02125322 -0.70375519
vn -0.70370791 -0.00000000 -0.71048939
vn -0.70339295 0.02105175 -0.71048939
vn -0.70244836 0.04208466 -0.71048939
vn -0.70087499 0.06307989 -0.71048939
vn -0.69867424 0.08401866 -0.71048939
vn -0.69584807 0.10488222 -0.71048939
vn -0.69239903 0.12565190 -0.71048939
vn -0.68833020 0.14630910 -0.71048939
vn -0.68364522 0.16683534 -0.71048939
vn -0.67834829 0.18721223 -0.71048939
vn -0.67244414 0.20742155 -0.71048939
vn -0.66593807 0.22744519 -0.71048939
vn -0.65883588 0.24726524 -0.71048939
vn -0.65114396 0.26686396 -0.71048939
vn -0.64286916 0.28622379 -0.71048939
vn -0.63401892 0.30532742 -0.71048939
vn -0.62460114 0.32415774 -0.71048939
vn -0.61462426 0.34269789 -0.71048939
vn -0.60409721 0.36093128 -0.71048939
vn -0.59302940 0.37884159 -0.71048939
vn -0.58143076 0.39641278 -0.71048939
vn -0.56931166 0.41362913 -0.71048939
vn -0.55668294 0.43047523 -0.71048939
vn -0.54355592 0.44693599 -0.71048939
vn -0.52994235 0.46299669 -0.71048939
vn -0.51585440 0.47864294 -0.71048939
vn -0.50130469 0.49386074 -0.71048939
vn -0.48630625 0.50863646 -0.71048939
vn -0.47087250 0.52295689 -0.71048939
vn -0.45501725 0.53680920 -0.71048939
vn -0.43875471 0.55018100 -0.71048939
vn -0.42209941 0.56306031 -0.71048939
vn -0.40506628 0.57543560 -0.71048939
vn -0.38767056 0.58729580 -0.71048939
vn -0.36992783 0.59863029 -0.71048939
vn -0.35185396 0.60942893 -0.71048939
vn -0.33346513 0.61968204 -0.71048939
vn -0.31477780 0.62938046 -0.71048939
vn -0.29580871 0.63851549 -0.71048939
vn -0.27657482 0.64707897 -0.71048939
vn -0.25709337 0.65506322 -0.71048939
vn -0.23738178 0.66246110 -0.71048939
vn -0.21745770 0.66926599 -0.71048939
vn -0.19733897 0.67547180 -0.71048939
vn -0.17704360 0.68107297 -0.71048939
vn -0.15658974 0.68606448 -0.71048939
vn -0.13599572 0.69044188 -0.71048939
vn -0.11527996 0.69420123 -0.71048939
vn -0.09446101 0.69733919 -0.71048939
vn -0.07355751 0.69985292 -0.71048939
vn -0.05258816 0.70174020 -0.71048939
vn -0.03157174 0.70299932 -0.71048939
vn -0.01052705 0.70362917 -0.71048939
vn 0.01052705 0.70362917 -0.71048939
vn 0.03157174 0.70299932 -0.71048939
vn 0.05258816 0.70174020 -0.71048939
vn 0.07355751 0.69985292 -0.71048939
vn 0.09446101 0.69733919 -0.71048939
vn 0.11527996 0.69420123 -0.71048939
vn 0.13599572 0.69044188 -0.71048939
vn 0.15658974 0.68606448 -0.71048939
vn 0.17704360 0.68107297 -0.71048939
vn 0.19733897 0.67547180 -0.71048939
vn 0.21745770 0.66926599 -0.71048939
vn 0.23738178 0.66246110 -0.71048939
vn 0.25709337 0.65506322 -0.71048939
vn 0.27657482 0.64707897 -0.71048939
vn 0.29580871 0.63851549 -0.71048939
vn 0.31477780 0.62938046 -0.71048939
vn 0.33346513 0.61968204 -0.71048939
vn 0.35185396 0.60942893 -0.71048939
vn 0.36992783 0.59863029 -0.71048939
vn 0.38767056 0.58729580 -0.71048939
vn 0.40506628 0.57543560 -0.71048939
vn 0.42209941 0.56306031 -0.71048939
vn 0.43875471 0.55018100 -0.71048939
vn 0.45501725 0.53680920 -0.71048939
vn 0.47087250 0.52295689 -0.71048939
vn 0.48630625 0.50863646 -0.71048939
vn 0.50130469 0.49386074 -0.71048939
vn 0.51585440 0.47864294 -0.71048939
vn 0.52994235 0.46299669 -0.71048939
vn 0.54355592 0.44693599 -0.71048939
vn 0.55668294 0.43047523 -0.71048939
vn 0.56931166 0.41362913 -0.71048939
vn 0.58143076 0.39641278 -0.71048939
vn 0.59302940 0.37884159 -0.71048939
vn 0.60409721 0.36093128 -0.71048939
vn 0.61462426 0.34269789 -0.71048939
vn 0.62460114 0.32415774 -0.71048939
vn 0.63401892 0.30532742 -0.71048939
vn 0.64286916 0.28622379 -0.71048939
vn 0.65114396 0.26686396 -0.71048939
vn 0.65883588 0.24726524 -0.71048939
vn 0.66593807 0.22744519 -0.71048939
vn 0.67244414 0.20742155 -0.71048939
vn 0.67834829 0.18721223 -0.71048939
vn 0.68364522 0.16683534 -0.71048939
vn 0.68833020 0.14630910 -0.71048939
vn 0.69239903 0.12565190 -0.71048939
vn 0.69584807 0.10488222 -0.71048939
vn 0.69867424 0.08401866 -0.71048939
vn 0.70087499 0.06307989 -0.71048939
vn 0.70244836 0.04208466 -0.71048939
vn 0.70339295 0.02105175 -0.71048939
vn 0.70370791 0.00000000 -0.71048939
vn 0.70339295 -0.02105175 -0.71048939
vn 0.70244836 -0.04208466 -0.71048939
vn 0.70087499 -0.06307989 -0.71048939
vn 0.69867424 -0.08401866 -0.71048939
vn 0.69584807 -0.10488222 -0.71048939
vn 0.69239903 -0.12565190 -0.71048939
vn 0.68833020 -0.14630910 -0.71048939
vn 0.68364522 -0.16683534 -0.71048939
vn 0.67834829 -0.18721223 -0.71048939
vn 0.67244414 -0.20742155 -0.71048939
vn 0.66593807 -0.22744519 -0.71048939
vn 0.65883588 -0.24726524 -0.71048939
vn 0.65114396 -0.26686396 -0.71048939
vn 0.64286916 -0.28622379 -0.71048939
vn 0.63401892 -0.30532742 -0.71048939
vn 0.62460114 -0.32415774 -0.71048939
vn 0.61462426 -0.34269789 -0.71048939
vn 0.60409721 -0.36093128 -0.71048939
vn 0.59302940 -0.37884159 -0.71048939
vn 0.58143076 -0.39641278 -0.71048939
vn 0.56931166 -0.41362913 -0.71048939
vn 0.55668294 -0.43047523 -0.71048939
vn 0.54355592 -0.44693599 -0.71048939
vn 0.52994235 -0.46299669 -0.71048939
vn 0.51585440 -0.47864294 -0.71048939
vn 0.50130469 -0.49386074 -0.71048939
vn 0.48630625 -0.50863646 -0.71048939
vn 0.47087250 -0.52295689 -0.71048939
vn 0.45501725 -0.53680920 -0.71048939
vn 0.43875471 -0.55018100 -0.71048939
vn 0.42209941 -0.56306031 -0.71048939
vn 0.40506628 -0.57543560 -0.71048939
vn 0.38767056 -0.58729580 -0.71048939
vn 0.36992783 -0.59863029 -0.71048939
vn 0.35185396 -0.60942893 -0.71048939
vn 0.33346513 -0.61968204 -0.71048939
vn 0.31477780 -0.62938046 -0.71048939
vn 0.29580871 -0.63851549 -0.71048939
vn 0.27657482 -0.64707897 -0.71048939
vn 0.25709337 -0.65506322 -0.71048939
vn 0.23738178 -0.66246110 -0.71048939
vn 0.21745770 -0.66926599 -0.71048939
vn 0.19733897 -0.67547180 -0.71048939
vn 0.17704360 -0.68107297 -0.71048939
vn 0.15658974 -0.68606448 -0.71048939
vn 0.13599572 -0.69044188 -0.71048939
vn 0.11527996 -0.69420123 -0.71048939
vn 0.09446101 -0.69733919 -0.71048939
vn 0.07355751 -0.69985292 -0.71048939
vn 0.05258816 -0.70174020 -0.71048939
vn 0.03157174 -0.70299932 -0.71048939
vn 0.01052705 -0.70362917 -0.71048939
vn -0.01052705 -0.70362917 -0.71048939
vn -0.03157174 -0.70299932 -0.71048939
vn -0.05258816 -0.70174020 -0.71048939
vn -0.07355751 -0.69985292 -0.71048939
vn -0.09446101 -0.69733919 -0.71048939
vn -0.11527996 -0.69420123 -0.71048939
vn -0.13599572 -0.69044188 -0.71048939
vn -0.15658974 -0.68606448 -0.71048939
vn -0.17704360 -0.68107297 -0.71048939
vn -0.19733897 -0.67547180 -0.71048939
vn -0.21745770 -0.66926599 -0.71048939
vn -0.23738178 -0.66246110 -0.71048939
vn -0.25709337 -0.65506322 -0.71048939
vn -0.27657482 -0.64707897 -0.71048939
vn -0.29580871 -0.63851549 -0.71048939
vn -0.31477780 -0.62938046 -0.71048939
vn -0.33346513 -0.61968204 -0.71048939
vn -0.35185396 -0.60942893 -0.71048939
vn -0.36992783 -0.59863029 -0.71048939
vn -0.38767056 -0.58729580 -0.71048939
vn -0.40506628 -0.57543560 -0.71048939
vn -0.42209941 -0.56306031 -0.71048939
vn -0.43875471 -0.55018100 -0.71048939
vn -0.45501725 -0.53680920 -0.71048939
vn -0.47087250 -0.52295689 -0.71048939
vn -0.48630625 -0.50863646 -0.71048939
vn -0.50130469 -0.49386074 -0.71048939
vn -0.51585440 -0.47864294 -0.71048939
vn -0.52994235 -0.46299669 -0.71048939
vn -0.54355592 -0.44693599 -0.71048939
vn -0.55668294 -0.43047523 -0.71048939
vn -0.56931166 -0.41362913 -0.71048939
vn -0.58143076 -0.39641278 -0.71048939
vn -0.59302940 -0.37884159 -0.71048939
vn -0.60409721 -0.36093128 -0.71048939
vn -0.61462426 -0.34269789 -0.71048939
vn -0.62460114 -0.32415774 -0.71048939
vn -0.63401892 -0.30532742 -0.71048939
vn -0.64286916 -0.28622379 -0.71048939
vn -0.65114396 -0.26686396 -0.71048939
vn -0.65883588 -0.24726524 -0.71048939
vn -0.66593807 -0.22744519 -0.71048939
vn -0.67244414 -0.20742155 -0.71048939
vn -0.67834829 -0.18721223 -0.71048939
vn -0.68364522 -0.16683534 -0.71048939
vn -0.68833020 -0.14630910 -0.71048939
vn -0.69239903 -0.12565190 -0.71048939
vn -0.69584807 -0.10488222 -0.71048939
vn -0.69867424 -0.08401866 -0.71048939
vn -0.70087499 -0.06307989 -0.71048939
vn -0.70244836 -0.04208466 -0.71048939
vn -0.70339295 -0.02105175 -0.71048939
vn -0.70370791 -0.00000000 -0.71048939
vn -0.70339295 0.02105175 -0.71048939
vn -0.70244836 0.04208466 -0.71048939
vn -0.70087499 0.06307989 -0.71048939
vn -0.69867424 0.08401866 -0.71048939
vn -0.69584807 0.10488222 -0.71048939
vn -0.69239903 0.12565190 -0.71048939
vn -0.68833020 0.14630910 -0.71048939
vn -0.68364522 0.16683534 -0.71048939
vn -0.67834829 0.18721223 -0.71048939
vn -0.67244414 0.20742155 -0.71048939
vn -0.66593807 0.22744519 -0.71048939
vn -0.65883588 0.24726524 -0.71048939
vn -0.65114396 0.26686396 -0.71048939
vn -0.64286916 0.28622379 -0.71048939
vn -0.63401892 0.30532742 -0.71048939
vn -0.62460114 0.32415774 -0.71048939
vn -0.61462426 0.34269789 -0.71048939
vn -0.60409721 0.36093128 -0.71048939
vn -0.59302940 0.37884159 -0.71048939
vn -0.58143076 0.39641278 -0.71048939
vn -0.56931166 0.41362913 -0.71048939
vn -0.55668294 0.43047523 -0.71048939
vn -0.54355592 0.44693599 -0.71048939
vn -0.52994235 0.46299669 -0.71048939
vn -0.51585440 0.47864294 -0.71048939
vn -0.50130469 0.49386074 -0.71048939
vn -0.48630625 0.50863646 -0.71048939
vn -0.47087250 0.52295689 -0.71048939
vn -0.45501725 0.53680920 -0.71048939
vn -0.43875471 0.55018100 -0.71048939
vn -0.42209941 0.56306031 -0.71048939
vn -0.40506628 0.57543560 -0.71048939
vn -0.38767056 0.58729580 -0.71048939
vn -0.36992783 0.59863029 -0.71048939
vn -0.35185396 0.60942893 -0.71048939
vn -0.33346513 0.61968204 -0.71048939
vn -0.31477780 0.62938046 -0.71048939
vn -0.29580871 0.63851549 -0.71048939
vn -0.27657482 0.64707897 -0.71048939
vn -0.25709337 0.65506322 -0.71048939
vn -0.23738178 0.66246110 -0.71048939
vn -0.21745770 0.66926599 -0.71048939
vn -0.19733897 0.67547180 -0.71048939
vn -0.17704360 0.68107297 -0.71048939
vn -0.15658974 0.68606448 -0.71048939
vn -0.13599572 0.69044188 -0.71048939
vn -0.11527996 0.69420123 -0.71048939
vn -0.09446101 0.69733919 -0.71048939
vn -0.07355751 0.69985292 -0.71048939
vn -0.05258816 0.70174020 -0.71048939
vn -0.03157174 0.70299932 -0.71048939
vn -0.01052705 0.70362917 -0.71048939
vn 0.01052705 0.70362917 -0.71048939
vn 0.03157174 0.70299932 -0.71048939
vn 0.05258816 0.70174020 -0.71048939
vn 0.07355751 0.69985292 -0.71048939
vn 0.09446101 0.69733919 -0.71048939
vn 0.11527996 0.69420123 -0.71048939
vn 0.13599572 0.69044188 -0.71048939
vn 0.15658974 0.68606448 -0.71048939
vn 0.17704360 0.68107297 -0.71048939
vn 0.19733897 0.67547180 -0.71048939
vn 0.21745770 0.66926599 -0.71048939
vn 0.23738178 0.66246110 -0.71048939
vn 0.25709337 0.65506322 -0.71048939
vn 0.27657482 0.64707897 -0.71048939
vn 0.29580871 0.63851549 -0.71048939
vn 0.31477780 0.62938046 -0.71048939
vn 0.33346513 0.61968204 -0.71048939
vn 0.35185396 0.60942893 -0.71048939
vn 0.36992783 0.59863029 -0.71048939
vn 0.38767056 0.58729580 -0.71048939
vn 0.40506628 0.57543560 -0.71048939
vn 0.42209941 0.56306031 -0.71048939
vn 0.43875471 0.55018100 -0.71048939
vn 0.45501725 0.53680920 -0.71048939
vn 0.47087250 0.52295689 -0.71048939
vn 0.48630625 0.50863646 -0.71048939
vn 0.50130469 0.49386074 -0.71048939
vn 0.51585440 0.47864294 -0.71048939
vn 0.52994235 0.46299669 -0.71048939
vn 0.54355592 0.44693599 -0.71048939
vn 0.55668294 0.43047523 -0.71048939
vn 0.56931166 0.41362913 -0.71048939
vn 0.58143076 0.39641278 -0.71048939
vn 0.59302940 0.37884159 -0.71048939
vn 0.60409721 0.36093128 -0.71048939
vn 0.61462426 0.34269789 -0.71048939
vn 0.62460114 0.32415774 -0.71048939
vn 0.63401892 0.30532742 -0.71048939
vn 0.64286916 0.28622379 -0.71048939
vn 0.65114396 0.26686396 -0.71048939
vn 0.65883588 0.24726524 -0.71048939
vn 0.66593807 0.22744519 -0.71048939
vn 0.67244414 0.20742155 -0.71048939
vn 0.67834829 0.18721223 -0.71048939
vn 0.68364522 0.16683534 -0.71048939
vn 0.68833020 0.14630910 -0.71048939
vn 0.69239903 0.12565190 -0.71048939
vn 0.69584807 0.10488222 -0.71048939
vn 0.69867424 0.08401866 -0.71048939
vn 0.70087499 0.06307989 -0.71048939
vn 0.70244836 0.04208466 -0.71048939
vn 0.70339295 0.02105175 -0.71048939
vn 0.70370791 -0.00000000 -0.71048939
vn 0.70339295 -0.02105175 -0.71048939
vn 0.70244836 -0.04208466 -0.71048939
vn 0.70087499 -0.06307989 -0.71048939
vn 0.69867424 -0.08401866 -0.71048939
vn 0.69584807 -0.10488222 -0.71048939
vn 0.69239903 -0.12565190 -0.71048939
vn 0.68833020 -0.14630910 -0.71048939
vn 0.68364522 -0.16683534 -0.71048939
vn 0.67834829 -0.18721223 -0.71048939
vn 0.67244414 -0.20742155 -0.71048939
vn 0.66593807 -0.22744519 -0.71048939
vn 0.65883588 -0.24726524 -0.71048939
vn 0.65114396 -0.26686396 -0.71048939
vn 0.64286916 -0.28622379 -0.71048939
vn 0.63401892 -0.30532742 -0.71048939
vn 0.62460114 -0.32415774 -0.71048939
vn 0.61462426 -0.34269789 -0.71048939
vn 0.60409721 -0.36093128 -0.71048939
vn 0.59302940 -0.37884159 -0.71048939
vn 0.58143076 -0.39641278 -0.71048939
vn 0.56931166 -0.41362913 -0.71048939
vn 0.55668294 -0.43047523 -0.71048939
vn 0.54355592 -0.44693599 -0.71048939
vn 0.52994235 -0.46299669 -0.71048939
vn 0.51585440 -0.47864294 -0.71048939
vn 0.50130469 -0.49386074 -0.71048939
vn 0.48630625 -0.50863646 -0.71048939
vn 0.47087250 -0.52295689 -0.71048939
vn 0.45501725 -0.53680920 -0.71048939
vn 0.43875471 -0.55018100 -0.71048939
vn 0.42209941 -0.56306031 -0.71048939
vn 0.40506628 -0.57543560 -0.71048939
vn 0.38767056 -0.58729580 -0.71048939
vn 0.36992783 -0.59863029 -0.71048939
vn 0.35185396 -0.60942893 -0.71048939
vn 0.33346513 -0.61968204 -0.71048939
vn 0.31477780 -0.62938046 -0.71048939
vn 0.29580871 -0.63851549 -0.71048939
vn 0.27657482 -0.64707897 -0.71048939
vn 0.25709337 -0.65506322 -0.71048939
vn 0.23738178 -0.66246110 -0.71048939
vn 0.21745770 -0.66926599 -0.71048939
vn 0.19733897 -0.67547180 -0.71048939
vn 0.17704360 -0.68107297 -0.71048939
vn 0.15658974 -0.68606448 -0.71048939
vn 0.13599572 -0.69044188 -0.71048939
vn 0.11527996 -0.69420123 -0.71048939
vn 0.09446101 -0.69733919 -0.71048939
vn 0.07355751 -0.69985292 -0.71048939
vn 0.05258816 -0.70174020 -0.71048939
vn 0.03157174 -0.70299932 -0.71048939
vn 0.01052705 -0.70362917 -0.71048939
vn -0.01052705 -0.70362917 -0.71048939
vn -0.03157174 -0.70299932 -0.71048939
vn -0.05258816 -0.70174020 -0.71048939
vn -0.07355751 -0.69985292 -0.71048939
vn -0.09446101 -0.69733919 -0.71048939
vn -0.11527996 -0.69420123 -0.71048939
vn -0.13599572 -0.69044188 -0.71048939
vn -0.15658974 -0.68606448 -0.71048939
vn -0.17704360 -0.68107297 -0.71048939
vn -0.19733897 -0.67547180 -0.71048939
vn -0.21745770 -0.66926599 -0.71048939
vn -0.23738178 -0.66246110 -0.71048939
vn -0.25709337 -0.65506322 -0.71048939
vn -0.27657482 -0.64707897 -0.71048939
vn -0.29580871 -0.63851549 -0.71048939
vn -0.31477780 -0.62938046 -0.71048939
vn -0.33346513 -0.61968204 -0.71048939
vn -0.35185396 -0.60942893 -0.71048939
vn -0.36992783 -0.59863029 -0.71048939
vn -0.38767056 -0.58729580 -0.71048939
vn -0.40506628 -0.57543560 -0.71048939
vn -0.42209941 -0.56306031 -0.71048939
vn -0.43875471 -0.55018100 -0.71048939
vn -0.45501725 -0.53680920 -0.71048939
vn -0.47087250 -0.52295689 -0.71048939
vn -0.48630625 -0.50863646 -0.71048939
vn -0.50130469 -0.49386074 -0.71048939
vn -0.51585440 -0.47864294 -0.71048939
vn -0.52994235 -0.46299669 -0.71048939
vn -0.54355592 -0.44693599 -0.71048939
vn -0.55668294 -0.43047523 -0.71048939
vn -0.56931166 -0.41362913 -0.71048939
vn -0.58143076 -0.39641278 -0.71048939
vn -0.59302940 -0.37884159 -0.71048939
vn -0.60409721 -0.36093128 -0.71048939
vn -0.61462426 -0.34269789 -0.71048939
vn -0.62460114 -0.32415774 -0.71048939
vn -0.63401892 -0.30532742 -0.71048939
vn -0.64286916 -0.28622379 -0.71048939
vn -0.65114396 -0.26686396 -0.71048939
vn -0.65883588 -0.24726524 -0.71048939
vn -0.66593807 -0.22744519 -0.71048939
vn -0.67244414 -0.20742155 -0.71048939
vn -0.67834829 -0.18721223 -0.71048939
vn -0.68364522 -0.16683534 -0.71048939
vn -0.68833020 -0.14630910 -0.71048939
vn -0.69239903 -0.12565190 -0.71048939
vn -0.69584807 -0.10488222 -0.71048939
vn -0.69867424 -0.08401866 -0.71048939
vn -0.70087499 -0.06307989 -0.71048939
vn -0.70244836 -0.04208466 -0.71048939
vn -0.70339295 -0.02105175 -0.71048939
vn -0.70370791 -0.00000000 -0.71048939
vn -0.70339295 0.02105175 -0.71048939
vn -0.70244836 0.04208466 -0.71048939
vn -0.70087499 0.06307989 -0.71048939
vn -0.69867424 0.08401866 -0.71048939
vn -0.69584807 0.10488222 -0.71048939
vn -0.69239903 0.12565190 -0.71048939
vn -0.68833020 0.14630910 -0.71048939
vn -0.68364522 0.16683534 -0.71048939
vn -0.67834829 0.18721223 -0.71048939
vn -0.67244414 0.20742155 -0.71048939
vn -0.66593807 0.22744519 -0.71048939
vn -0.65883588 0.24726524 -0.71048939
vn -0.65114396 0.26686396 -0.71048939
vn -0.64286916 0.28622379 -0.71048939
vn -0.63401892 0.30532742 -0.71048939
vn -0.62460114 0.32415774 -0.71048939
vn -0.61462426 0.34269789 -0.71048939
vn -0.60409721 0.36093128 -0.71048939
vn -0.59302940 0.37884159 -0.71048939
vn -0.58143076 0.39641278 -0.71048939
vn -0.56931166 0.41362913 -0.71048939
vn -0.55668294 0.43047523 -0.71048939
vn -0.54355592 0.44693599 -0.71048939
vn -0.52994235 0.46299669 -0.71048939
vn -0.51585440 0.47864294 -0.71048939
vn -0.50130469 0.49386074 -0.71048939
vn -0.48630625 0.50863646 -0.71048939
vn -0.47087250 0.52295689 -0.71048939
vn -0.45501725 0.53680920 -0.71048939
vn -0.43875471 0.55018100 -0.71048939
vn -0.42209941 0.56306031 -0.71048939
vn -0.40506628 0.57543560 -0.71048939
vn -0.38767056 0.58729580 -0.71048939
vn -0.36992783 0.59863029 -0.71048939
vn -0.35185396 0.60942893 -0.71048939
vn -0.33346513 0.61968204 -0.71048939
vn -0.31477780 0.62938046 -0.71048939
vn -0.29580871 0.63851549 -0.71048939
vn -0.27657482 0.64707897 -0.71048939
vn -0.25709337 0.65506322 -0.71048939
vn -0.23738178 0.66246110 -0.71048939
vn -0.21745770 0.66926599 -0.71048939
vn -0.19733897 0.67547180 -0.71048939
vn -0.17704360 0.68107297 -0.71048939
vn -0.15658974 0.68606448 -0.71048939
vn -0.13599572 0.69044188 -0.71048939
vn -0.11527996 0.69420123 -0.71048939
vn -0.09446101 0.69733919 -0.71048939
vn -0.07355751 0.69985292 -0.71048939
vn -0.05258816 0.70174020 -0.71048939
vn -0.03157174 0.70299932 -0.71048939
vn -0.01052705 0.70362917 -0.71048939
vn 0.01052705 0.70362917 -0.71048939
vn 0.03157174 0.70299932 -0.71048939
vn 0.05258816 0.70174020 -0.71048939
vn 0.07355751 0.69985292 -0.71048939
vn 0.09446101 0.69733919 -0.71048939
vn 0.11527996 0.69420123 -0.71048939
vn 0.13599572 0.69044188 -0.71048939
vn 0.15658974 0.68606448 -0.71048939
vn 0.17704360 0.68107297 -0.71048939
vn 0.19733897 0.67547180 -0.71048939
vn 0.21745770 0.66926599 -0.71048939
vn 0.23738178 0.66246110 -0.71048939
vn 0.25709337 0.65506322 -0.71048939
vn 0.27657482 0.64707897 -0.71048939
vn 0.29580871 0.63851549 -0.71048939
vn 0.31477780 0.62938046 -0.71048939
vn 0.33346513 0.61968204 -0.71048939
vn 0.35185396 0.60942893 -0.71048939
vn 0.36992783 0.59863029 -0.71048939
vn 0.38767056 0.58729580 -0.71048939
vn 0.40506628 0.57543560 -0.71048939
vn 0.42209941 0.56306031 -0.71048939
vn 0.43875471 0.55018100 -0.71048939
vn 0.45501725 0.53680920 -0.71048939
vn 0.47087250 0.52295689 -0.71048939
vn 0.48630625 0.50863646 -0.71048939
vn 0.50130469 0.49386074 -0.71048939
vn 0.51585440 0.47864294 -0.71048939
vn 0.52994235 0.46299669 -0.71048939
vn 0.54355592 0.44693599 -0.71048939
vn 0.55668294 0.43047523 -0.71048939
vn 0.56931166 0.41362913 -0.71048939
vn 0.58143076 0.39641278 -0.71048939
vn 0.59302940 0.37884159 -0.71048939
vn 0.60409721 0.36093128 -0.71048939
vn 0.61462426 0.34269789 -0.71048939
vn 0.62460114 0.32415774 -0.71048939
vn 0.63401892 0.30532742 -0.71048939
vn 0.64286916 0.28622379 -0.71048939
vn 0.65114396 0.26686396 -0.71048939
vn 0.65883588 0.24726524 -0.71048939
vn 0.66593807 0.22744519 -0.71048939
vn 0.67244414 0.20742155 -0.71048939
vn 0.67834829 0.18721223 -0.71048939
vn 0.68364522 0.16683534 -0.71048939
vn 0.68833020 0.14630910 -0.71048939
vn 0.69239903 0.12565190 -0.71048939
vn 0.69584807 0.10488222 -0.71048939
vn 0.69867424 0.08401866 -0.71048939
vn 0.70087499 0.06307989 -0.71048939
vn 0.70244836 0.04208466 -0.71048939
vn 0.70339295 0.02105175 -0.71048939
vn 0.70370791 -0.00000000 -0.71048939
vn 0.70339295 -0.02105175 -0.71048939
vn 0.70244836 -0.04208466 -0.71048939
vn 0.70087499 -0.06307989 -0.71048939
vn 0.69867424 -0.08401866 -0.71048939
vn 0.69584807 -0.10488222 -0.71048939
vn 0.69239903 -0.12565190 -0.71048939
vn 0.68833020 -0.14630910 -0.71048939
vn 0.68364522 -0.16683534 -0.71048939
vn 0.67834829 -0.18721223 -0.71048939
vn 0.67244414 -0.20742155 -0.71048939
vn 0.66593807 -0.22744519 -0.71048939
vn 0.65883588 -0.24726524 -0.71048939
vn 0.65114396 -0.26686396 -0.71048939
vn 0.64286916 -0.28622379 -0.71048939
vn 0.63401892 -0.30532742 -0.71048939
vn 0.62460114 -0.32415774 -0.71048939
vn 0.61462426 -0.34269789 -0.71048939
vn 0.60409721 -0.36093128 -0.71048939
vn 0.59302940 -0.37884159 -0.71048939
vn 0.58143076 -0.39641278 -0.71048939
vn 0.56931166 -0.41362913 -0.71048939
vn 0.55668294 -0.43047523 -0.71048939
vn 0.54355592 -0.44693599 -0.71048939
vn 0.52994235 -0.46299669 -0.71048939
vn 0.51585440 -0.47864294 -0.71048939
vn 0.50130469 -0.49386074 -0.71048939
vn 0.48630625 -0.50863646 -0.71048939
vn 0.47087250 -0.52295689 -0.71048939
vn 0.45501725 -0.53680920 -0.71048939
vn 0.43875471 -0.55018100 -0.71048939
vn 0.42209941 -0.56306031 -0.71048939
vn 0.40506628 -0.57543560 -0.71048939
vn 0.38767056 -0.58729580 -0.71048939
vn 0.36992783 -0.59863029 -0.71048939
vn 0.35185396 -0.60942893 -0.71048939
vn 0.33346513 -0.61968204 -0.71048939
vn 0.31477780 -0.62938046 -0.71048939
vn 0.29580871 -0.63851549 -0.71048939
vn 0.27657482 -0.64707897 -0.71048939
vn 0.25709337 -0.65506322 -0.71048939
vn 0.23738178 -0.66246110 -0.71048939
vn 0.21745770 -0.66926599 -0.71048939
vn 0.19733897 -0.67547180 -0.71048939
vn 0.17704360 -0.68107297 -0.71048939
vn 0.15658974 -0.68606448 -0.71048939
vn 0.13599572 -0.69044188 -0.71048939
vn 0.11527996 -0.69420123 -0.71048939
vn 0.09446101 -0.69733919 -0.71048939
vn 0.07355751 -0.69985292 -0.71048939
vn 0.05258816 -0.70174020 -0.71048939
vn 0.03157174 -0.70299932 -0.71048939
vn 0.01052705 -0.70362917 -0.71048939
vn -0.01052705 -0.70362917 -0.71048939
vn -0.03157174 -0.70299932 -0.71048939
vn -0.05258816 -0.70174020 -0.71048939
vn -0.07355751 -0.69985292 -0.71048939
vn -0.09446101 -0.69733919 -0.71048939
vn -0.11527996 -0.69420123 -0.71048939
vn -0.13599572 -0.69044188 -0.71048939
vn -0.15658974 -0.68606448 -0.71048939
vn -0.17704360 -0.68107297 -0.71048939
vn -0.19733897 -0.67547180 -0.71048939
vn -0.21745770 -0.66926599 -0.71048939
vn -0.23738178 -0.66246110 -0.71048939
vn -0.25709337 -0.65506322 -0.71048939
vn -0.27657482 -0.64707897 -0.71048939
vn -0.29580871 -0.63851549 -0.71048939
vn -0.31477780 -0.62938046 -0.71048939
vn -0.33346513 -0.61968204 -0.71048939
vn -0.35185396 -0.60942893 -0.71048939
vn -0.36992783 -0.59863029 -0.71048939
vn -0.38767056 -0.58729580 -0.71048939
vn -0.40506628 -0.57543560 -0.71048939
vn -0.42209941 -0.56306031 -0.71048939
vn -0.43875471 -0.55018100 -0.71048939
vn -0.45501725 -0.53680920 -0.71048939
vn -0.47087250 -0.52295689 -0.71048939
vn -0.48630625 -0.50863646 -0.71048939
vn -0.50130469 -0.49386074 -0.71048939
vn -0.51585440 -0.47864294 -0.71048939
vn -0.52994235 -0.46299669 -0.71048939
vn -0.54355592 -0.44693599 -0.71048939
vn -0.55668294 -0.43047523 -0.71048939
vn -0.56931166 -0.41362913 -0.71048939
vn -0.58143076 -0.39641278 -0.71048939
vn -0.59302940 -0.37884159 -0.71048939
vn -0.60409721 -0.36093128 -0.71048939
vn -0.61462426 -0.34269789 -0.71048939
vn -0.62460114 -0.32415774 -0.71048939
vn -0.63401892 -0.30532742 -0.71048939
vn -0.64286916 -0.28622379 -0.71048939
vn -0.65114396 -0.26686396 -0.71048939
vn -0.65883588 -0.24726524 -0.71048939
vn -0.66593807 -0.22744519 -0.71048939
vn -0.67244414 -0.20742155 -0.71048939
vn -0.67834829 -0.18721223 -0.71048939
vn -0.68364522 -0.16683534 -0.71048939
vn -0.68833020 -0.14630910 -0.71048939
vn -0.69239903 -0.12565190 -0.71048939
vn -0.69584807 -0.10488222 -0.71048939
vn -0.69867424 -0.08401866 -0.71048939
vn -0.70087499 -0.06307989 -0.71048939
vn -0.70244836 -0.04208466 -0.71048939
vn -0.70339295 -0.02105175 -0.71048939
vn -0.70370791 0.00000000 -0.71048939
vn -0.70339295 0.02105175 -0.71048939
vn -0.70244836 0.04208466 -0.71048939
vn -0.70087499 0.06307989 -0.71048939
vn -0.69867424 0.08401866 -0.71048939
vn -0.69584807 0.10488222 -0.71048939
vn -0.69239903 0.12565190 -0.71048939
vn -0.68833020 0.14630910 -0.71048939
vn -0.68364522 0.16683534 -0.71048939
vn -0.67834829 0.18721223 -0.71048939
vn -0.67244414 0.20742155 -0.71048939
vn -0.66593807 0.22744519 -0.71048939
vn -0.65883588 0.24726524 -0.71048939
vn -0.65114396 0.26686396 -0.71048939
vn -0.64286916 0.28622379 -0.71048939
vn -0.63401892 0.30532742 -0.71048939
vn -0.62460114 0.32415774 -0.71048939
vn -0.61462426 0.34269789 -0.71048939
vn -0.60409721 0.36093128 -0.71048939
vn -0.59302940 0.37884159 -0.71048939
vn -0.58143076 0.39641278 -0.71048939
vn -0.56931166 0.41362913 -0.71048939
vn -0.55668294 0.43047523 -0.71048939
vn -0.54355592 0.44693599 -0.71048939
vn -0.52994235 0.46299669 -0.71048939
vn -0.51585440 0.47864294 -0.71048939
vn -0.50130469 0.49386074 -0.71048939
vn -0.48630625 0.50863646 -0.71048939
vn -0.47087250 0.52295689 -0.71048939
vn -0.45501725 0.53680920 -0.71048939
vn -0.43875471 0.55018100 -0.71048939
vn -0.42209941 0.56306031 -0.71048939
vn -0.40506628 0.57543560 -0.71048939
vn -0.38767056 0.58729580 -0.71048939
vn -0.36992783 0.59863029 -0.71048939
vn -0.35185396 0.60942893 -0.71048939
vn -0.33346513 0.61968204 -0.71048939
vn -0.31477780 0.62938046 -0.71048939
vn -0.29580871 0.63851549 -0.71048939
vn -0.27657482 0.64707897 -0.71048939
vn -0.25709337 0.65506322 -0.71048939
vn -0.23738178 0.66246110 -0.71048939
vn -0.21745770 0.66926599 -0.71048939
vn -0.19733897 0.67547180 -0.71048939
vn -0.17704360 0.68107297 -0.71048939
vn -0.15658974 0.68606448 -0.71048939
vn -0.13599572 0.69044188 -0.71048939
vn -0.11527996 0.69420123 -0.71048939
vn -0.09446101 0.69733919 -0.71048939
vn -0.07355751 0.69985292 -0.71048939
vn -0.05258816 0.70174020 -0.71048939
vn -0.03157174 0.70299932 -0.71048939
vn -0.01052705 0.70362917 -0.71048939
vn 0.01052705 0.70362917 -0.71048939
vn 0.03157174 0.70299932 -0.71048939
vn 0.05258816 0.70174020 -0.71048939
vn 0.07355751 0.69985292 -0.71048939
vn 0.09446101 0.69733919 -0.71048939
vn 0.11527996 0.69420123 -0.71048939
vn 0.13599572 0.69044188 -0.71048939
vn 0.15658974 0.68606448 -0.71048939
vn 0.17704360 0.68107297 -0.71048939
vn 0.19733897 0.67547180 -0.71048939
vn 0.21745770 0.66926599 -0.71048939
vn 0.23738178 0.66246110 -0.71048939
vn 0.25709337 0.65506322 -0.71048939
vn 0.27657482 0.64707897 -0.71048939
vn 0.29580871 0.63851549 -0.71048939
vn 0.31477780 0.62938046 -0.71048939
vn 0.33346513 0.61968204 -0.71048939
vn 0.35185396 0.60942893 -0.71048939
vn 0.36992783 0.59863029 -0.71048939
vn 0.38767056 0.58729580 -0.71048939
vn 0.40506628 0.57543560 -0.71048939
vn 0.42209941 0.56306031 -0.71048939
vn 0.43875471 0.55018100 -0.71048939
vn 0.45501725 0.53680920 -0.71048939
vn 0.47087250 0.52295689 -0.71048939
vn 0.48630625 0.50863646 -0.71048939
vn 0.50130469 0.49386074 -0.71048939
vn 0.51585440 0.47864294 -0.71048939
vn 0.52994235 0.46299669 -0.71048939
vn 0.54355592 0.44693599 -0.71048939
vn 0.55668294 0.43047523 -0.71048939
vn 0.56931166 0.41362913 -0.71048939
vn 0.58143076 0.39641278 -0.71048939
vn 0.59302940 0.37884159 -0.71048939
vn 0.60409721 0.36093128 -0.71048939
vn 0.61462426 0.34269789 -0.71048939
vn 0.62460114 0.32415774 -0.71048939
vn 0.63401892 0.30532742 -0.71048939
vn 0.64286916 0.28622379 -0.71048939
vn 0.65114396 0.26686396 -0.71048939
vn 0.65883588 0.24726524 -0.71048939
vn 0.66593807 0.22744519 -0.71048939
vn 0.67244414 0.20742155 -0.71048939
vn 0.67834829 0.18721223 -0.71048939
vn 0.68364522 0.16683534 -0.71048939
vn 0.68833020 0.14630910 -0.71048939
vn 0.69239903 0.12565190 -0.71048939
vn 0.69584807 0.10488222 -0.71048939
vn 0.69867424 0.08401866 -0.71048939
vn 0.70087499 0.06307989 -0.71048939
vn 0.70244836 0.04208466 -0.71048939
vn 0.70339295 0.02105175 -0.71048939
vn 0.70370791 0.00000000 -0.71048939
vn 0.70339295 -0.02105175 -0.71048939
vn 0.70244836 -0.04208466 -0.71048939
vn 0.70087499 -0.06307989 -0.71048939
vn 0.69867424 -0.08401866 -0.71048939
vn 0.69584807 -0.10488222 -0.71048939
vn 0.69239903 -0.12565190 -0.71048939
vn 0.68833020 -0.14630910 -0.71048939
vn 0.68364522 -0.16683534 -0.71048939
vn 0.67834829 -0.18721223 -0.71048939
vn 0.67244414 -0.20742155 -0.71048939
vn 0.66593807 -0.22744519 -0.71048939
vn 0.65883588 -0.24726524 -0.71048939
vn 0.65114396 -0.26686396 -0.71048939
vn 0.64286916 -0.28622379 -0.71048939
vn 0.63401892 -0.30532742 -0.71048939
vn 0.62460114 -0.32415774 -0.71048939
vn 0.61462426 -0.34269789 -0.71048939
vn 0.60409721 -0.36093128 -0.71048939
vn 0.59302940 -0.37884159 -0.71048939
vn 0.58143076 -0.39641278 -0.71048939
vn 0.56931166 -0.41362913 -0.71048939
vn 0.55668294 -0.43047523 -0.71048939
vn 0.54355592 -0.44693599 -0.71048939
vn 0.52994235 -0.46299669 -0.71048939
vn 0.51585440 -0.47864294 -0.71048939
vn 0.50130469 -0.49386074 -0.71048939
vn 0.48630625 -0.50863646 -0.71048939
vn 0.47087250 -0.52295689 -0.71048939
vn 0.45501725 -0.53680920 -0.71048939
vn 0.43875471 -0.55018100 -0.71048939
vn 0.42209941 -0.56306031 -0.71048939
vn 0.40506628 -0.57543560 -0.71048939
vn 0.38767056 -0.58729580 -0.71048939
vn 0.36992783 -0.59863029 -0.71048939
vn 0.35185396 -0.60942893 -0.71048939
vn 0.33346513 -0.61968204 -0.71048939
vn 0.31477780 -0.62938046 -0.71048939
vn 0.29580871 -0.63851549 -0.71048939
vn 0.27657482 -0.64707897 -0.71048939
vn 0.25709337 -0.65506322 -0.71048939
vn 0.23738178 -0.66246110 -0.71048939
vn 0.21745770 -0.66926599 -0.71048939
vn 0.19733897 -0.67547180 -0.71048939
vn 0.17704360 -0.68107297 -0.71048939
vn 0.15658974 -0.68606448 -0.71048939
vn 0.13599572 -0.69044188 -0.71048939
vn 0.11527996 -0.69420123 -0.71048939
vn 0.09446101 -0.69733919 -0.71048939
vn 0.07355751 -0.69985292 -0.71048939
vn 0.05258816 -0.70174020 -0.71048939
vn 0.03157174 -0.70299932 -0.71048939
vn 0.01052705 -0.70362917 -0.71048939
vn -0.01052705 -0.70362917 -0.71048939
vn -0.03157174 -0.70299932 -0.71048939
vn -0.05258816 -0.70174020 -0.71048939
vn -0.07355751 -0.69985292 -0.71048939
vn -0.09446101 -0.69733919 -0.71048939
vn -0.11527996 -0.69420123 -0.71048939
vn -0.13599572 -0.69044188 -0.71048939
vn -0.15658974 -0.68606448 -0.71048939
vn -0.17704360 -0.68107297 -0.71048939
vn -0.19733897 -0.67547180 -0.71048939
vn -0.21745770 -0.66926599 -0.71048939
vn -0.23738178 -0.66246110 -0.71048939
vn -0.25709337 -0.65506322 -0.71048939
vn -0.27657482 -0.64707897 -0.71048939
vn -0.29580871 -0.63851549 -0.71048939
vn -0.31477780 -0.62938046 -0.71048939
vn -0.33346513 -0.61968204 -0.71048939
vn -0.35185396 -0.60942893 -0.71048939
vn -0.36992783 -0.59863029 -0.71048939
vn -0.38767056 -0.58729580 -0.71048939
vn -0.40506628 -0.57543560 -0.71048939
vn -0.42209941 -0.56306031 -0.71048939
vn -0.43875471 -0.55018100 -0.71048939
vn -0.45501725 -0.53680920 -0.71048939
vn -0.47087250 -0.52295689 -0.71048939
vn -0.48630625 -0.50863646 -0.71048939
vn -0.50130469 -0.49386074 -0.71048939
vn -0.51585440 -0.47864294 -0.71048939
vn -0.52994235 -0.46299669 -0.71048939
vn -0.54355592 -0.44693599 -0.71048939
vn -0.55668294 -0.43047523 -0.71048939
vn -0.56931166 -0.41362913 -0.71048939
vn -0.58143076 -0.39641278 -0.71048939
vn -0.59302940 -0.37884159 -0.71048939
vn -0.60409721 -0.36093128 -0.71048939
vn -0.61462426 -0.34269789 -0.71048939
vn -0.62460114 -0.32415774 -0.71048939
vn -0.63401892 -0.30532742 -0.71048939
vn -0.64286916 -0.28622379 -0.71048939
vn -0.65114396 -0.26686396 -0.71048939
vn -0.65883588 -0.24726524 -0.71048939
vn -0.66593807 -0.22744519 -0.71048939
vn -0.67244414 -0.20742155 -0.71048939
vn -0.67834829 -0.18721223 -0.71048939
vn -0.68364522 -0.16683534 -0.71048939
vn -0.68833020 -0.14630910 -0.71048939
vn -0.69239903 -0.12565190 -0.71048939
vn -0.69584807 -0.10488222 -0.71048939
vn -0.69867424 -0.08401866 -0.71048939
vn -0.70087499 -0.06307989 -0.71048939
vn -0.70244836 -0.04208466 -0.71048939
vn -0.70339295 -0.02105175 -0.71048939
vn -0.70370791 -0.00000000 -0.71048939
vn -0.70339295 0.02105175 -0.71048939
vn -0.70244836 0.04208466 -0.71048939
vn -0.70087499 0.06307989 -0.71048939
vn -0.69867424 0.08401866 -0.71048939
vn -0.69584807 0.10488222 -0.71048939
vn -0.69239903 0.12565190 -0.71048939
vn -0.68833020 0.14630910 -0.71048939
vn -0.68364522 0.16683534 -0.71048939
vn -0.67834829 0.18721223 -0.71048939
vn -0.67244414 0.20742155 -0.71048939
vn -0.66593807 0.22744519 -0.71048939
vn -0.65883588 0.24726524 -0.71048939
vn -0.65114396 0.26686396 -0.71048939
vn -0.64286916 0.28622379 -0.71048939
vn -0.63401892 0.30532742 -0.71048939
vn -0.62460114 0.32415774 -0.71048939
vn -0.61462426 0.34269789 -0.71048939
vn -0.60409721 0.36093128 -0.71048939
vn -0.59302940 0.37884159 -0.71048939
vn -0.58143076 0.39641278 -0.71048939
vn -0.56931166 0.41362913 -0.71048939
vn -0.55668294 0.43047523 -0.71048939
vn -0.54355592 0.44693599 -0.71048939
vn -0.52994235 0.46299669 -0.71048939
vn -0.51585440 0.47864294 -0.71048939
vn -0.50130469 0.49386074 -0.71048939
vn -0.48630625 0.50863646 -0.71048939
vn -0.47087250 0.52295689 -0.71048939
vn -0.45501725 0.53680920 -0.71048939
vn -0.43875471 0.55018100 -0.71048939
vn -0.42209941 0.56306031 -0.71048939
vn -0.40506628 0.57543560 -0.71048939
vn -0.38767056 0.58729580 -0.71048939
vn -0.36992783 0.59863029 -0.71048939
vn -0.35185396 0.60942893 -0.71048939
vn -0.33346513 0.61968204 -0.71048939
vn -0.31477780 0.62938046 -0.71048939
vn -0.29580871 0.63851549 -0.71048939
vn -0.27657482 0.64707897 -0.71048939
vn -0.25709337 0.65506322 -0.71048939
vn -0.23738178 0.66246110 -0.71048939
vn -0.21745770 0.66926599 -0.71048939
vn -0.19733897 0.67547180 -0.71048939
vn -0.17704360 0.68107297 -0.71048939
vn -0.15658974 0.68606448 -0.71048939
vn -0.13599572 0.69044188 -0.71048939
vn -0.11527996 0.69420123 -0.71048939
vn -0.09446101 0.69733919 -0.71048939
vn -0.07355751 0.69985292 -0.71048939
vn -0.05258816 0.70174020 -0.71048939
vn -0.03157174 0.70299932 -0.71048939
vn -0.01052705 0.70362917 -0.71048939
vn 0.01052705 0.70362917 -0.71048939
vn 0.03157174 0.70299932 -0.71048939
vn 0.05258816 0.70174020 -0.71048939
vn 0.07355751 0.69985292 -0.71048939
vn 0.09446101 0.69733919 -0.71048939
vn 0.11527996 0.69420123 -0.71048939
vn 0.13599572 0.69044188 -0.71048939
vn 0.15658974 0.68606448 -0.71048939
vn 0.17704360 0.68107297 -0.71048939
vn 0.19733897 0.67547180 -0.71048939
vn 0.21745770 0.66926599 -0.71048939
vn 0.23738178 0.66246110 -0.71048939
vn 0.25709337 0.65506322 -0.71048939
vn 0.27657482 0.64707897 -0.71048939
vn 0.29580871 0.63851549 -0.71048939
vn 0.31477780 0.62938046 -0.71048939
vn 0.33346513 0.61968204 -0.71048939
vn 0.35185396 0.60942893 -0.71048939
vn 0.36992783 0.59863029 -0.71048939
vn 0.38767056 0.58729580 -0.71048939
vn 0.40506628 0.57543560 -0.71048939
vn 0.42209941 0.56306031 -0.71048939
vn 0.43875471 0.55018100 -0.71048939
vn 0.45501725 0.53680920 -0.71048939
vn 0.47087250 0.52295689 -0.71048939
vn 0.48630625 0.50863646 -0.71048939
vn 0.50130469 0.49386074 -0.71048939
vn 0.51585440 0.47864294 -0.71048939
vn 0.52994235 0.46299669 -0.71048939
vn 0.54355592 0.44693599 -0.71048939
vn 0.55668294 0.43047523 -0.71048939
vn 0.56931166 0.41362913 -0.71048939
vn 0.58143076 0.39641278 -0.71048939
vn 0.59302940 0.37884159 -0.71048939
vn 0.60409721 0.36093128 -0.71048939
vn 0.61462426 0.34269789 -0.71048939
vn 0.62460114 0.32415774 -0.71048939
vn 0.63401892 0.30532742 -0.71048939
vn 0.64286916 0.28622379 -0.71048939
vn 0.65114396 0.26686396 -0.71048939
vn 0.65883588 0.24726524 -0.71048939
vn 0.66593807 0.22744519 -0.71048939
vn 0.67244414 0.20742155 -0.71048939
vn 0.67834829 0.18721223 -0.71048939
vn 0.68364522 0.16683534 -0.71048939
vn 0.68833020 0.14630910 -0.71048939
vn 0.69239903 0.12565190 -0.71048939
vn 0.69584807 0.10488222 -0.71048939
vn 0.69867424 0.08401866 -0.71048939
vn 0.70087499 0.06307989 -0.71048939
vn 0.70244836 0.04208466 -0.71048939
vn 0.70339295 0.02105175 -0.71048939
vn 0.70370791 -0.00000000 -0.71048939
vn 0.70339295 -0.02105175 -0.71048939
vn 0.70244836 -0.04208466 -0.71048939
vn 0.70087499 -0.06307989 -0.71048939
vn 0.69867424 -0.08401866 -0.71048939
vn 0.69584807 -0.10488222 -0.71048939
vn 0.69239903 -0.12565190 -0.71048939
vn 0.68833020 -0.14630910 -0.71048939
vn 0.68364522 -0.16683534 -0.71048939
vn 0.67834829 -0.18721223 -0.71048939
vn 0.67244414 -0.20742155 -0.71048939
vn 0.66593807 -0.22744519 -0.71048939
vn 0.65883588 -0.24726524 -0.71048939
vn 0.65114396 -0.26686396 -0.71048939
vn 0.64286916 -0.28622379 -0.71048939
vn 0.63401892 -0.30532742 -0.71048939
vn 0.62460114 -0.32415774 -0.71048939
vn 0.61462426 -0.34269789 -0.71048939
vn 0.60409721 -0.36093128 -0.71048939
vn 0.59302940 -0.37884159 -0.71048939
vn 0.58143076 -0.39641278 -0.71048939
vn 0.56931166 -0.41362913 -0.71048939
vn 0.55668294 -0.43047523 -0.71048939
vn 0.54355592 -0.44693599 -0.71048939
vn 0.52994235 -0.46299669 -0.71048939
vn 0.51585440 -0.47864294 -0.71048939
vn 0.50130469 -0.49386074 -0.71048939
vn 0.48630625 -0.50863646 -0.71048939
vn 0.47087250 -0.52295689 -0.71048939
vn 0.45501725 -0.53680920 -0.71048939
vn 0.43875471 -0.55018100 -0.71048939
vn 0.42209941 -0.56306031 -0.71048939
vn 0.40506628 -0.57543560 -0.71048939
vn 0.38767056 -0.58729580 -0.71048939
vn 0.36992783 -0.59863029 -0.71048939
vn 0.35185396 -0.60942893 -0.71048939
vn 0.33346513 -0.61968204 -0.71048939
vn 0.31477780 -0.62938046 -0.71048939
vn 0.29580871 -0.63851549 -0.71048939
vn 0.27657482 -0.64707897 -0.71048939
vn 0.25709337 -0.65506322 -0.71048939
vn 0.23738178 -0.66246110 -0.71048939
vn 0.21745770 -0.66926599 -0.71048939
vn 0.19733897 -0.67547180 -0.71048939
vn 0.17704360 -0.68107297 -0.71048939
vn 0.15658974 -0.68606448 -0.71048939
vn 0.13599572 -0.69044188 -0.71048939
vn 0.11527996 -0.69420123 -0.71048939
vn 0.09446101 -0.69733919 -0.71048939
vn 0.07355751 -0.69985292 -0.71048939
vn 0.05258816 -0.70174020 -0.71048939
vn 0.03157174 -0.70299932 -0.71048939
vn 0.01052705 -0.70362917 -0.71048939
vn -0.01052705 -0.70362917 -0.71048939
vn -0.03157174 -0.70299932 -0.71048939
vn -0.05258816 -0.70174020 -0.71048939
vn -0.07355751 -0.69985292 -0.71048939
vn -0.09446101 -0.69733919 -0.71048939
vn -0.11527996 -0.69420123 -0.71048939
vn -0.13599572 -0.69044188 -0.71048939
vn -0.15658974 -0.68606448 -0.71048939
vn -0.17704360 -0.68107297 -0.71048939
vn -0.19733897 -0.67547180 -0.71048939
vn -0.21745770 -0.66926599 -0.71048939
vn -0.23738178 -0.66246110 -0.71048939
vn -0.25709337 -0.65506322 -0.71048939
vn -0.27657482 -0.64707897 -0.71048939
vn -0.29580871 -0.63851549 -0.71048939
vn -0.31477780 -0.62938046 -0.71048939
vn -0.33346513 -0.61968204 -0.71048939
vn -0.35185396 -0.60942893 -0.71048939
vn -0.36992783 -0.59863029 -0.71048939
vn -0.38767056 -0.58729580 -0.71048939
vn -0.40506628 -0.57543560 -0.71048939
vn -0.42209941 -0.56306031 -0.71048939
vn -0.43875471 -0.55018100 -0.71048939
vn -0.45501725 -0.53680920 -0.71048939
vn -0.47087250 -0.52295689 -0.71048939
vn -0.48630625 -0.50863646 -0.71048939
vn -0.50130469 -0.49386074 -0.71048939
vn -0.51585440 -0.47864294 -0.71048939
vn -0.52994235 -0.46299669 -0.71048939
vn -0.54355592 -0.44693599 -0.71048939
vn -0.55668294 -0.43047523 -0.71048939
vn -0.56931166 -0.41362913 -0.71048939
vn -0.58143076 -0.39641278 -0.71048939
vn -0.59302940 -0.37884159 -0.71048939
vn -0.60409721 -0.36093128 -0.71048939
vn -0.61462426 -0.34269789 -0.71048939
vn -0.62460114 -0.32415774 -0.71048939
vn -0.63401892 -0.30532742 -0.71048939
vn -0.64286916 -0.28622379 -0.71048939
vn -0.65114396 -0.26686396 -0.71048939
vn -0.65883588 -0.24726524 -0.71048939
vn -0.66593807 -0.22744519 -0.71048939
vn -0.67244414 -0.20742155 -0.71048939
vn -0.67834829 -0.18721223 -0.71048939
vn -0.68364522 -0.16683534 -0.71048939
vn -0.68833020 -0.14630910 -0.71048939
vn -0.69239903 -0.12565190 -0.71048939
vn -0.69584807 -0.10488222 -0.71048939
vn -0.69867424 -0.08401866 -0.71048939
vn -0.70087499 -0.06307989 -0.71048939
vn -0.70244836 -0.04208466 -0.71048939
vn -0.70339295 -0.02105175 -0.71048939
vn -0.70370791 -0.00000000 0.71048939
vn -0.70339295 0.02105175 0.71048939
vn -0.70244836 0.04208466 0.71048939
vn -0.70087499 0.06307989 0.71048939
vn -0.69867424 0.08401866 0.71048939
vn -0.69584807 0.10488222 0.71048939
vn -0.69239903 0.12565190 0.71048939
vn -0.68833020 0.14630910 0.71048939
vn -0.68364522 0.16683534 0.71048939
vn -0.67834829 0.18721223 0.71048939
vn -0.67244414 0.20742155 0.71048939
vn -0.66593807 0.22744519 0.71048939
vn -0.65883588 0.24726524 0.71048939
vn -0.65114396 0.26686396 0.71048939
vn -0.64286916 0.28622379 0.71048939
vn -0.63401892 0.30532742 0.71048939
vn -0.62460114 0.32415774 0.71048939
vn -0.61462426 0.34269789 0.71048939
vn -0.60409721 0.36093128 0.71048939
vn -0.59302940 0.37884159 0.71048939
vn -0.58143076 0.39641278 0.71048939
vn -0.56931166 0.41362913 0.71048939
vn -0.55668294 0.43047523 0.71048939
vn -0.54355592 0.44693599 0.71048939
vn -0.52994235 0.46299669 0.71048939
vn -0.51585440 0.47864294 0.71048939
vn -0.50130469 0.49386074 0.71048939
vn -0.48630625 0.50863646 0.71048939
vn -0.47087250 0.52295689 0.71048939
vn -0.45501725 0.53680920 0.71048939
vn -0.43875471 0.55018100 0.71048939
vn -0.42209941 0.56306031 0.71048939
vn -0.40506628 0.57543560 0.71048939
vn -0.38767056 0.58729580 0.71048939
vn -0.36992783 0.59863029 0.71048939
vn -0.35185396 0.60942893 0.71048939
vn -0.33346513 0.61968204 0.71048939
vn -0.31477780 0.62938046 0.71048939
vn -0.29580871 0.63851549 0.71048939
vn -0.27657482 0.64707897 0.71048939
vn -0.25709337 0.65506322 0.71048939
vn -0.23738178 0.66246110 0.71048939
vn -0.21745770 0.66926599 0.71048939
vn -0.19733897 0.67547180 0.71048939
vn -0.17704360 0.68107297 0.71048939
vn -0.15658974 0.68606448 0.71048939
vn -0.13599572 0.69044188 0.71048939
vn -0.11527996 0.69420123 0.71048939
vn -0.09446101 0.69733919 0.71048939
vn -0.07355751 0.69985292 0.71048939
vn -0.05258816 0.70174020 0.71048939
vn -0.03157174 0.70299932 0.71048939
vn -0.01052705 0.70362917 0.71048939
vn 0.01052705 0.70362917 0.71048939
vn 0.03157174 0.70299932 0.71048939
vn 0.05258816 0.70174020 0.71048939
vn 0.07355751 0.69985292 0.71048939
vn 0.09446101 0.69733919 0.71048939
vn 0.11527996 0.69420123 0.71048939
vn 0.13599572 0.69044188 0.71048939
vn 0.15658974 0.68606448 0.71048939
vn 0.17704360 0.68107297 0.71048939
vn 0.19733897 0.67547180 0.71048939
vn 0.21745770 0.66926599 0.71048939
vn 0.23738178 0.66246110 0.71048939
vn 0.25709337 0.65506322 0.71048939
vn 0.27657482 0.64707897 0.71048939
vn 0.29580871 0.63851549 0.71048939
vn 0.31477780 0.62938046 0.71048939
vn 0.33346513 0.61968204 0.71048939
vn 0.35185396 0.60942893 0.71048939
vn 0.36992783 0.59863029 0.71048939
vn 0.38767056 0.58729580 0.71048939
vn 0.40506628 0.57543560 0.71048939
vn 0.42209941 0.56306031 0.71048939
vn 0.43875471 0.55018100 0.71048939
vn 0.45501725 0.53680920 0.71048939
vn 0.47087250 0.52295689 0.71048939
vn 0.48630625 0.50863646 0.71048939
vn 0.50130469 0.49386074 0.71048939
vn 0.51585440 0.47864294 0.71048939
vn 0.52994235 0.46299669 0.71048939
vn 0.54355592 0.44693599 0.71048939
vn 0.55668294 0.43047523 0.71048939
vn 0.56931166 0.41362913 0.71048939
vn 0.58143076 0.39641278 0.71048939
vn 0.59302940 0.37884159 0.71048939
vn 0.60409721 0.36093128 0.71048939
vn 0.61462426 0.34269789 0.71048939
vn 0.62460114 0.32415774 0.71048939
vn 0.63401892 0.30532742 0.71048939
vn 0.64286916 0.28622379 0.71048939
vn 0.65114396 0.26686396 0.71048939
vn 0.65883588 0.24726524 0.71048939
vn 0.66593807 0.22744519 0.71048939
vn 0.67244414 0.20742155 0.71048939
vn 0.67834829 0.18721223 0.71048939
vn 0.68364522 0.16683534 0.71048939
vn 0.68833020 0.14630910 0.71048939
vn 0.69239903 0.12565190 0.71048939
vn 0.69584807 0.10488222 0.71048939
vn 0.69867424 0.08401866 0.71048939
vn 0.70087499 0.06307989 0.71048939
vn 0.70244836 0.04208466 0.71048939
vn 0.70339295 0.02105175 0.71048939
vn 0.70370791 0.00000000 0.71048939
vn 0.70339295 -0.02105175 0.71048939
vn 0.70244836 -0.04208466 0.71048939
vn 0.70087499 -0.06307989 0.71048939
vn 0.69867424 -0.08401866 0.71048939
vn 0.69584807 -0.10488222 0.71048939
vn 0.69239903 -0.12565190 0.71048939
vn 0.68833020 -0.14630910 0.71048939
vn 0.68364522 -0.16683534 0.71048939
vn 0.67834829 -0.18721223 0.71048939
vn 0.67244414 -0.20742155 0.71048939
vn 0.66593807 -0.22744519 0.71048939
vn 0.65883588 -0.24726524 0.71048939
vn 0.65114396 -0.26686396 0.71048939
vn 0.64286916 -0.28622379 0.71048939
vn 0.63401892 -0.30532742 0.71048939
vn 0.62460114 -0.32415774 0.71048939
vn 0.61462426 -0.34269789 0.71048939
vn 0.60409721 -0.36093128 0.71048939
vn 0.59302940 -0.37884159 0.71048939
vn 0.58143076 -0.39641278 0.71048939
vn 0.56931166 -0.41362913 0.71048939
vn 0.55668294 -0.43047523 0.71048939
vn 0.54355592 -0.44693599 0.71048939
vn 0.52994235 -0.46299669 0.71048939
vn 0.51585440 -0.47864294 0.71048939
vn 0.50130469 -0.49386074 0.71048939
vn 0.48630625 -0.50863646 0.71048939
vn 0.47087250 -0.52295689 0.71048939
vn 0.45501725 -0.53680920 0.71048939
vn 0.43875471 -0.55018100 0.71048939
vn 0.42209941 -0.56306031 0.71048939
vn 0.40506628 -0.57543560 0.71048939
vn 0.38767056 -0.58729580 0.71048939
vn 0.36992783 -0.59863029 0.71048939
vn 0.35185396 -0.60942893 0.71048939
vn 0.33346513 -0.61968204 0.71048939
vn 0.31477780 -0.62938046 0.71048939
vn 0.29580871 -0.63851549 0.71048939
vn 0.27657482 -0.64707897 0.71048939
vn 0.25709337 -0.65506322 0.71048939
vn 0.23738178 -0.66246110 0.71048939
vn 0.21745770 -0.66926599 0.71048939
vn 0.19733897 -0.67547180 0.71048939
vn 0.17704360 -0.68107297 0.71048939
vn 0.15658974 -0.68606448 0.71048939
vn 0.13599572 -0.69044188 0.71048939
vn 0.11527996 -0.69420123 0.71048939
vn 0.09446101 -0.69733919 0.71048939
vn 0.07355751 -0.69985292 0.71048939
vn 0.05258816 -0.70174020 0.71048939
vn 0.03157174 -0.70299932 0.71048939
vn 0.01052705 -0.70362917 0.71048939
vn -0.01052705 -0.70362917 0.71048939
vn -0.03157174 -0.70299932 0.71048939
vn -0.05258816 -0.70174020 0.71048939
vn -0.07355751 -0.69985292 0.71048939
vn -0.09446101 -0.69733919 0.71048939
vn -0.11527996 -0.69420123 0.71048939
vn -0.13599572 -0.69044188 0.71048939
vn -0.15658974 -0.68606448 0.71048939
vn -0.17704360 -0.68107297 0.71048939
vn -0.19733897 -0.67547180 0.71048939
vn -0.21745770 -0.66926599 0.71048939
vn -0.23738178 -0.66246110 0.71048939
vn -0.25709337 -0.65506322 0.71048939
vn -0.27657482 -0.64707897 0.71048939
vn -0.29580871 -0.63851549 0.71048939
vn -0.31477780 -0.62938046 0.71048939
vn -0.33346513 -0.61968204 0.71048939
vn -0.35185396 -0.60942893 0.71048939
vn -0.36992783 -0.59863029 0.71048939
vn -0.38767056 -0.58729580 0.71048939
vn -0.40506628 -0.57543560 0.71048939
vn -0.42209941 -0.56306031 0.71048939
vn -0.43875471 -0.55018100 0.71048939
vn -0.45501725 -0.53680920 0.71048939
vn -0.47087250 -0.52295689 0.71048939
vn -0.48630625 -0.50863646 0.71048939
vn -0.50130469 -0.49386074 0.71048939
vn -0.51585440 -0.47864294 0.71048939
vn -0.52994235 -0.46299669 0.71048939
vn -0.54355592 -0.44693599 0.71048939
vn -0.55668294 -0.43047523 0.71048939
vn -0.56931166 -0.41362913 0.71048939
vn -0.58143076 -0.39641278 0.71048939
vn -0.59302940 -0.37884159 0.71048939
vn -0.60409721 -0.36093128 0.71048939
vn -0.61462426 -0.34269789 0.71048939
vn -0.62460114 -0.32415774 0.71048939
vn -0.63401892 -0.30532742 0.71048939
vn -0.64286916 -0.28622379 0.71048939
vn -0.65114396 -0.26686396 0.71048939
vn -0.65883588 -0.24726524 0.71048939
vn -0.66593807 -0.22744519 0.71048939
vn -0.67244414 -0.20742155 0.71048939
vn -0.67834829 -0.18721223 0.71048939
vn -0.68364522 -0.16683534 0.71048939
vn -0.68833020 -0.14630910 0.71048939
vn -0.69239903 -0.12565190 0.71048939
vn -0.69584807 -0.10488222 0.71048939
vn -0.69867424 -0.08401866 0.71048939
vn -0.70087499 -0.06307989 0.71048939
vn -0.70244836 -0.04208466 0.71048939
vn -0.70339295 -0.02105175 0.71048939
vn -0.70370791 0.00000000 0.71048939
vn -0.70339295 0.02105175 0.71048939
vn -0.70244836 0.04208466 0.71048939
vn -0.70087499 0.06307989 0.71048939
vn -0.69867424 0.08401866 0.71048939
vn -0.69584807 0.10488222 0.71048939
vn -0.69239903 0.12565190 0.71048939
vn -0.68833020 0.14630910 0.71048939
vn -0.68364522 0.16683534 0.71048939
vn -0.67834829 0.18721223 0.71048939
vn -0.67244414 0.20742155 0.71048939
vn -0.66593807 0.22744519 0.71048939
vn -0.65883588 0.24726524 0.71048939
vn -0.65114396 0.26686396 0.71048939
vn -0.64286916 0.28622379 0.71048939
vn -0.63401892 0.30532742 0.71048939
vn -0.62460114 0.32415774 0.71048939
vn -0.61462426 0.34269789 0.71048939
vn -0.60409721 0.36093128 0.71048939
vn -0.59302940 0.37884159 0.71048939
vn -0.58143076 0.39641278 0.71048939
vn -0.56931166 0.41362913 0.71048939
vn -0.55668294 0.43047523 0.71048939
vn -0.54355592 0.44693599 0.71048939
vn -0.52994235 0.46299669 0.71048939
vn -0.51585440 0.47864294 0.71048939
vn -0.50130469 0.49386074 0.71048939
vn -0.48630625 0.50863646 0.71048939
vn -0.47087250 0.52295689 0.71048939
vn -0.45501725 0.53680920 0.71048939
vn -0.43875471 0.55018100 0.71048939
vn -0.42209941 0.56306031 0.71048939
vn -0.40506628 0.57543560 0.71048939
vn -0.38767056 0.58729580 0.71048939
vn -0.36992783 0.59863029 0.71048939
vn -0.35185396 0.60942893 0.71048939
vn -0.33346513 0.61968204 0.71048939
vn -0.31477780 0.62938046 0.71048939
vn -0.29580871 0.63851549 0.71048939
vn -0.27657482 0.64707897 0.71048939
vn -0.25709337 0.65506322 0.71048939
vn -0.23738178 0.66246110 0.71048939
vn -0.21745770 0.66926599 0.71048939
vn -0.19733897 0.67547180 0.71048939
vn -0.17704360 0.68107297 0.71048939
vn -0.15658974 0.68606448 0.71048939
vn -0.13599572 0.69044188 0.71048939
vn -0.11527996 0.69420123 0.71048939
vn -0.09446101 0.69733919 0.71048939
vn -0.07355751 0.69985292 0.71048939
vn -0.05258816 0.70174020 0.71048939
vn -0.03157174 0.70299932 0.71048939
vn -0.01052705 0.70362917 0.71048939
vn 0.01052705 0.70362917 0.71048939
vn 0.03157174 0.70299932 0.71048939
vn 0.05258816 0.70174020 0.71048939
vn 0.07355751 0.69985292 0.71048939
vn 0.09446101 0.69733919 0.71048939
vn 0.11527996 0.69420123 0.71048939
vn 0.13599572 0.69044188 0.71048939
vn 0.15658974 0.68606448 0.71048939
vn 0.17704360 0.68107297 0.71048939
vn 0.19733897 0.67547180 0.71048939
vn 0.21745770 0.66926599 0.71048939
vn 0.23738178 0.66246110 0.71048939
vn 0.25709337 0.65506322 0.71048939
vn 0.27657482 0.64707897 0.71048939
vn 0.29580871 0.63851549 0.71048939
vn 0.31477780 0.62938046 0.71048939
vn 0.33346513 0.61968204 0.71048939
vn 0.35185396 0.60942893 0.71048939
vn 0.36992783 0.59863029 0.71048939
vn 0.38767056 0.58729580 0.71048939
vn 0.40506628 0.57543560 0.71048939
vn 0.42209941 0.56306031 0.71048939
vn 0.43875471 0.55018100 0.71048939
vn 0.45501725 0.53680920 0.71048939
vn 0.47087250 0.52295689 0.71048939
vn 0.48630625 0.50863646 0.71048939
vn 0.50130469 0.49386074 0.71048939
vn 0.51585440 0.47864294 0.71048939
vn 0.52994235 0.46299669 0.71048939
vn 0.54355592 0.44693599 0.71048939
vn 0.55668294 0.43047523 0.71048939
vn 0.56931166 0.41362913 0.71048939
vn 0.58143076 0.39641278 0.71048939
vn 0.59302940 0.37884159 0.71048939
vn 0.60409721 0.36093128 0.71048939
vn 0.61462426 0.34269789 0.71048939
vn 0.62460114 0.32415774 0.71048939
vn 0.63401892 0.30532742 0.71048939
vn 0.64286916 0.28622379 0.71048939
vn 0.65114396 0.26686396 0.71048939
vn 0.65883588 0.24726524 0.71048939
vn 0.66593807 0.22744519 0.71048939
vn 0.67244414 0.20742155 0.71048939
vn 0.67834829 0.18721223 0.71048939
vn 0.68364522 0.16683534 0.71048939
vn 0.68833020 0.14630910 0.71048939
vn 0.69239903 0.12565190 0.71048939
vn 0.69584807 0.10488222 0.71048939
vn 0.69867424 0.08401866 0.71048939
vn 0.70087499 0.06307989 0.71048939
vn 0.70244836 0.04208466 0.71048939
vn 0.70339295 0.02105175 0.71048939
vn 0.70370791 0.00000000 0.71048939
vn 0.70339295 -0.02105175 0.71048939
vn 0.70244836 -0.04208466 0.71048939
vn 0.70087499 -0.06307989 0.71048939
vn 0.69867424 -0.08401866 0.71048939
vn 0.69584807 -0.10488222 0.71048939
vn 0.69239903 -0.12565190 0.71048939
vn 0.68833020 -0.14630910 0.71048939
vn 0.68364522 -0.16683534 0.71048939
vn 0.67834829 -0.18721223 0.71048939
vn 0.67244414 -0.20742155 0.71048939
vn 0.66593807 -0.22744519 0.71048939
vn 0.65883588 -0.24726524 0.71048939
vn 0.65114396 -0.26686396 0.71048939
vn 0.64286916 -0.28622379 0.71048939
vn 0.63401892 -0.30532742 0.71048939
vn 0.62460114 -0.32415774 0.71048939
vn 0.61462426 -0.34269789 0.71048939
vn 0.60409721 -0.36093128 0.71048939
vn 0.59302940 -0.37884159 0.71048939
vn 0.58143076 -0.39641278 0.71048939
vn 0.56931166 -0.41362913 0.71048939
vn 0.55668294 -0.43047523 0.71048939
vn 0.54355592 -0.44693599 0.71048939
vn 0.52994235 -0.46299669 0.71048939
vn 0.51585440 -0.47864294 0.71048939
vn 0.50130469 -0.49386074 0.71048939
vn 0.48630625 -0.50863646 0.71048939
vn 0.47087250 -0.52295689 0.71048939
vn 0.45501725 -0.53680920 0.71048939
vn 0.43875471 -0.55018100 0.71048939
vn 0.42209941 -0.56306031 0.71048939
vn 0.40506628 -0.57543560 0.71048939
vn 0.38767056 -0.58729580 0.71048939
vn 0.36992783 -0.59863029 0.71048939
vn 0.35185396 -0.60942893 0.71048939
vn 0.33346513 -0.61968204 0.71048939
vn 0.31477780 -0.62938046 0.71048939
vn 0.29580871 -0.63851549 0.71048939
vn 0.27657482 -0.64707897 0.71048939
vn 0.25709337 -0.65506322 0.71048939
vn 0.23738178 -0.66246110 0.71048939
vn 0.21745770 -0.66926599 0.71048939
vn 0.19733897 -0.67547180 0.71048939
vn 0.17704360 -0.68107297 0.71048939
vn 0.15658974 -0.68606448 0.71048939
vn 0.13599572 -0.69044188 0.71048939
vn 0.11527996 -0.69420123 0.71048939
vn 0.09446101 -0.69733919 0.71048939
vn 0.07355751 -0.69985292 0.71048939
vn 0.05258816 -0.70174020 0.71048939
vn 0.03157174 -0.70299932 0.71048939
vn 0.01052705 -0.70362917 0.71048939
vn -0.01052705 -0.70362917 0.71048939
vn -0.03157174 -0.70299932 0.71048939
vn -0.05258816 -0.70174020 0.71048939
vn -0.07355751 -0.69985292 0.71048939
vn -0.09446101 -0.69733919 0.71048939
vn -0.11527996 -0.69420123 0.71048939
vn -0.13599572 -0.69044188 0.71048939
vn -0.15658974 -0.68606448 0.71048939
vn -0.17704360 -0.68107297 0.71048939
vn -0.19733897 -0.67547180 0.71048939
vn -0.21745770 -0.66926599 0.71048939
vn -0.23738178 -0.66246110 0.71048939
vn -0.25709337 -0.65506322 0.71048939
vn -0.27657482 -0.64707897 0.71048939
vn -0.29580871 -0.63851549 0.71048939
vn -0.31477780 -0.62938046 0.71048939
vn -0.33346513 -0.61968204 0.71048939
vn -0.35185396 -0.60942893 0.71048939
vn -0.36992783 -0.59863029 0.71048939
vn -0.38767056 -0.58729580 0.71048939
vn -0.40506628 -0.57543560 0.71048939
vn -0.42209941 -0.56306031 0.71048939
vn -0.43875471 -0.55018100 0.71048939
vn -0.45501725 -0.53680920 0.71048939
vn -0.47087250 -0.52295689 0.71048939
vn -0.48630625 -0.50863646 0.71048939
vn -0.50130469 -0.49386074 0.71048939
vn -0.51585440 -0.47864294 0.71048939
vn -0.52994235 -0.46299669 0.71048939
vn -0.54355592 -0.44693599 0.71048939
vn -0.55668294 -0.43047523 0.71048939
vn -0.56931166 -0.41362913 0.71048939
vn -0.58143076 -0.39641278 0.71048939
vn -0.59302940 -0.37884159 0.71048939
vn -0.60409721 -0.36093128 0.71048939
vn -0.61462426 -0.34269789 0.71048939
vn -0.62460114 -0.32415774 0.71048939
vn -0.63401892 -0.30532742 0.71048939
vn -0.64286916 -0.28622379 0.71048939
vn -0.65114396 -0.26686396 0.71048939
vn -0.65883588 -0.24726524 0.71048939
vn -0.66593807 -0.22744519 0.71048939
vn -0.67244414 -0.20742155 0.71048939
vn -0.67834829 -0.18721223 0.71048939
vn -0.68364522 -0.16683534 0.71048939
vn -0.68833020 -0.14630910 0.71048939
vn -0.69239903 -0.12565190 0.71048939
vn -0.69584807 -0.10488222 0.71048939
vn -0.69867424 -0.08401866 0.71048939
vn -0.70087499 -0.06307989 0.71048939
vn -0.70244836 -0.04208466 0.71048939
vn -0.70339295 -0.02105175 0.71048939
vn -0.70370791 -0.00000000 0.71048939
vn -0.70339295 0.02105175 0.71048939
vn -0.70244836 0.04208466 0.71048939
vn -0.70087499 0.06307989 0.71048939
vn -0.69867424 0.08401866 0.71048939
vn -0.69584807 0.10488222 0.71048939
vn -0.69239903 0.12565190 0.71048939
vn -0.68833020 0.14630910 0.71048939
vn -0.68364522 0.16683534 0.71048939
vn -0.67834829 0.18721223 0.71048939
vn -0.67244414 0.20742155 0.71048939
vn -0.66593807 0.22744519 0.71048939
vn -0.65883588 0.24726524 0.71048939
vn -0.65114396 0.26686396 0.71048939
vn -0.64286916 0.28622379 0.71048939
vn -0.63401892 0.30532742 0.71048939
vn -0.62460114 0.32415774 0.71048939
vn -0.61462426 0.34269789 0.71048939
vn -0.60409721 0.36093128 0.71048939
vn -0.59302940 0.37884159 0.71048939
vn -0.58143076 0.39641278 0.71048939
vn -0.56931166 0.41362913 0.71048939
vn -0.55668294 0.43047523 0.71048939
vn -0.54355592 0.44693599 0.71048939
vn -0.52994235 0.46299669 0.71048939
vn -0.51585440 0.47864294 0.71048939
vn -0.50130469 0.49386074 0.71048939
vn -0.48630625 0.50863646 0.71048939
vn -0.47087250 0.52295689 0.71048939
vn -0.45501725 0.53680920 0.71048939
vn -0.43875471 0.55018100 0.71048939
vn -0.42209941 0.56306031 0.71048939
vn -0.40506628 0.57543560 0.71048939
vn -0.38767056 0.58729580 0.71048939
vn -0.36992783 0.59863029 0.71048939
vn -0.35185396 0.60942893 0.71048939
vn -0.33346513 0.61968204 0.71048939
vn -0.31477780 0.62938046 0.71048939
vn -0.29580871 0.63851549 0.71048939
vn -0.27657482 0.64707897 0.71048939
vn -0.25709337 0.65506322 0.71048939
vn -0.23738178 0.66246110 0.71048939
vn -0.21745770 0.66926599 0.71048939
vn -0.19733897 0.67547180 0.71048939
vn -0.17704360 0.68107297 0.71048939
vn -0.15658974 0.68606448 0.71048939
vn -0.13599572 0.69044188 0.71048939
vn -0.11527996 0.69420123 0.71048939
vn -0.09446101 0.69733919 0.71048939
vn -0.07355751 0.69985292 0.71048939
vn -0.05258816 0.70174020 0.71048939
vn -0.03157174 0.70299932 0.71048939
vn -0.01052705 0.70362917 0.71048939
vn 0.01052705 0.70362917 0.71048939
vn 0.03157174 0.70299932 0.71048939
vn 0.05258816 0.70174020 0.71048939
vn 0.07355751 0.69985292 0.71048939
vn 0.09446101 0.69733919 0.71048939
vn 0.11527996 0.69420123 0.71048939
vn 0.13599572 0.69044188 0.71048939
vn 0.15658974 0.68606448 0.71048939
vn 0.17704360 0.68107297 0.71048939
vn 0.19733897 0.67547180 0.71048939
vn 0.21745770 0.66926599 0.71048939
vn 0.23738178 0.66246110 0.71048939
vn 0.25709337 0.65506322 0.71048939
vn 0.27657482 0.64707897 0.71048939
vn 0.29580871 0.63851549 0.71048939
vn 0.31477780 0.62938046 0.71048939
vn 0.33346513 0.61968204 0.71048939
vn 0.35185396 0.60942893 0.71048939
vn 0.36992783 0.59863029 0.71048939
vn 0.38767056 0.58729580 0.71048939
vn 0.40506628 0.57543560 0.71048939
vn 0.42209941 0.56306031 0.71048939
vn 0.43875471 0.55018100 0.71048939
vn 0.45501725 0.53680920 0.71048939
vn 0.47087250 0.52295689 0.71048939
vn 0.48630625 0.50863646 0.71048939
vn 0.50130469 0.49386074 0.71048939
vn 0.51585440 0.47864294 0.71048939
vn 0.52994235 0.46299669 0.71048939
vn 0.54355592 0.44693599 0.71048939
vn 0.55668294 0.43047523 0.71048939
vn 0.56931166 0.41362913 0.71048939
vn 0.58143076 0.39641278 0.71048939
vn 0.59302940 0.37884159 0.71048939
vn 0.60409721 0.36093128 0.71048939
vn 0.61462426 0.34269789 0.71048939
vn 0.62460114 0.32415774 0.71048939
vn 0.63401892 0.30532742 0.71048939
vn 0.64286916 0.28622379 0.71048939
vn 0.65114396 0.26686396 0.71048939
vn 0.65883588 0.24726524 0.71048939
vn 0.66593807 0.22744519 0.71048939
vn 0.67244414 0.20742155 0.71048939
vn 0.67834829 0.18721223 0.71048939
vn 0.68364522 0.16683534 0.71048939
vn 0.68833020 0.14630910 0.71048939
vn 0.69239903 0.12565190 0.71048939
vn 0.69584807 0.10488222 0.71048939
vn 0.69867424 0.08401866 0.71048939
vn 0.70087499 0.06307989 0.71048939
vn 0.70244836 0.04208466 0.71048939
vn 0.70339295 0.02105175 0.71048939
vn 0.70370791 -0.00000000 0.71048939
vn 0.70339295 -0.02105175 0.71048939
vn 0.70244836 -0.04208466 0.71048939
vn 0.70087499 -0.06307989 0.71048939
vn 0.69867424 -0.08401866 0.71048939
vn 0.69584807 -0.10488222 0.71048939
vn 0.69239903 -0.12565190 0.71048939
vn 0.68833020 -0.14630910 0.71048939
vn 0.68364522 -0.16683534 0.71048939
vn 0.67834829 -0.18721223 0.71048939
vn 0.67244414 -0.20742155 0.71048939
vn 0.66593807 -0.22744519 0.71048939
vn 0.65883588 -0.24726524 0.71048939
vn 0.65114396 -0.26686396 0.71048939
vn 0.64286916 -0.28622379 0.71048939
vn 0.63401892 -0.30532742 0.71048939
vn 0.62460114 -0.32415774 0.71048939
vn 0.61462426 -0.34269789 0.71048939
vn 0.60409721 -0.36093128 0.71048939
vn 0.59302940 -0.37884159 0.71048939
vn 0.58143076 -0.39641278 0.71048939
vn 0.56931166 -0.41362913 0.71048939
vn 0.55668294 -0.43047523 0.71048939
vn 0.54355592 -0.44693599 0.71048939
vn 0.52994235 -0.46299669 0.71048939
vn 0.51585440 -0.47864294 0.71048939
vn 0.50130469 -0.49386074 0.71048939
vn 0.48630625 -0.50863646 0.71048939
vn 0.47087250 -0.52295689 0.71048939
vn 0.45501725 -0.53680920 0.71048939
vn 0.43875471 -0.55018100 0.71048939
vn 0.42209941 -0.56306031 0.71048939
vn 0.40506628 -0.57543560 0.71048939
vn 0.38767056 -0.58729580 0.71048939
vn 0.36992783 -0.59863029 0.71048939
vn 0.35185396 -0.60942893 0.71048939
vn 0.33346513 -0.61968204 0.71048939
vn 0.31477780 -0.62938046 0.71048939
vn 0.29580871 -0.63851549 0.71048939
vn 0.27657482 -0.64707897 0.71048939
vn 0.25709337 -0.65506322 0.71048939
vn 0.23738178 -0.66246110 0.71048939
vn 0.21745770 -0.66926599 0.71048939
vn 0.19733897 -0.67547180 0.71048939
vn 0.17704360 -0.68107297 0.71048939
vn 0.15658974 -0.68606448 0.71048939
vn 0.13599572 -0.69044188 0.71048939
vn 0.11527996 -0.69420123 0.71048939
vn 0.09446101 -0.69733919 0.71048939
vn 0.07355751 -0.69985292 0.71048939
vn 0.05258816 -0.70174020 0.71048939
vn 0.03157174 -0.70299932 0.71048939
vn 0.01052705 -0.70362917 0.71048939
vn -0.01052705 -0.70362917 0.71048939
vn -0.03157174 -0.70299932 0.71048939
vn -0.05258816 -0.70174020 0.71048939
vn -0.07355751 -0.69985292 0.71048939
vn -0.09446101 -0.69733919 0.71048939
vn -0.11527996 -0.69420123 0.71048939
vn -0.13599572 -0.69044188 0.71048939
vn -0.15658974 -0.68606448 0.71048939
vn -0.17704360 -0.68107297 0.71048939
vn -0.19733897 -0.67547180 0.71048939
vn -0.21745770 -0.66926599 0.71048939
vn -0.23738178 -0.66246110 0.71048939
vn -0.25709337 -0.65506322 0.71048939
vn -0.27657482 -0.64707897 0.71048939
vn -0.29580871 -0.63851549 0.71048939
vn -0.31477780 -0.62938046 0.71048939
vn -0.33346513 -0.61968204 0.71048939
vn -0.35185396 -0.60942893 0.71048939
vn -0.36992783 -0.59863029 0.71048939
vn -0.38767056 -0.58729580 0.71048939
vn -0.40506628 -0.57543560 0.71048939
vn -0.42209941 -0.56306031 0.71048939
vn -0.43875471 -0.55018100 0.71048939
vn -0.45501725 -0.53680920 0.71048939
vn -0.47087250 -0.52295689 0.71048939
vn -0.48630625 -0.50863646 0.71048939
vn -0.50130469 -0.49386074 0.71048939
vn -0.51585440 -0.47864294 0.71048939
vn -0.52994235 -0.46299669 0.71048939
vn -0.54355592 -0.44693599 0.71048939
vn -0.55668294 -0.43047523 0.71048939
vn -0.56931166 -0.41362913 0.71048939
vn -0.58143076 -0.39641278 0.71048939
vn -0.59302940 -0.37884159 0.71048939
vn -0.60409721 -0.36093128 0.71048939
vn -0.61462426 -0.34269789 0.71048939
vn -0.62460114 -0.32415774 0.71048939
vn -0.63401892 -0.30532742 0.71048939
vn -0.64286916 -0.28622379 0.71048939
vn -0.65114396 -0.26686396 0.71048939
vn -0.65883588 -0.24726524 0.71048939
vn -0.66593807 -0.22744519 0.71048939
vn -0.67244414 -0.20742155 0.71048939
vn -0.67834829 -0.18721223 0.71048939
vn -0.68364522 -0.16683534 0.71048939
vn -0.68833020 -0.14630910 0.71048939
vn -0.69239903 -0.12565190 0.71048939
vn -0.69584807 -0.10488222 0.71048939
vn -0.69867424 -0.08401866 0.71048939
vn -0.70087499 -0.06307989 0.71048939
vn -0.70244836 -0.04208466 0.71048939
vn -0.70339295 -0.02105175 0.71048939
vn -0.70370791 0.00000000 0.71048939
vn -0.70339295 0.02105175 0.71048939
vn -0.70244836 0.04208466 0.71048939
vn -0.70087499 0.06307989 0.71048939
vn -0.69867424 0.08401866 0.71048939
vn -0.69584807 0.10488222 0.71048939
vn -0.69239903 0.12565190 0.71048939
vn -0.68833020 0.14630910 0.71048939
vn -0.68364522 0.16683534 0.71048939
vn -0.67834829 0.18721223 0.71048939
vn -0.67244414 0.20742155 0.71048939
vn -0.66593807 0.22744519 0.71048939
vn -0.65883588 0.24726524 0.71048939
vn -0.65114396 0.26686396 0.71048939
vn -0.64286916 0.28622379 0.71048939
vn -0.63401892 0.30532742 0.71048939
vn -0.62460114 0.32415774 0.71048939
vn -0.61462426 0.34269789 0.71048939
vn -0.60409721 0.36093128 0.71048939
vn -0.59302940 0.37884159 0.71048939
vn -0.58143076 0.39641278 0.71048939
vn -0.56931166 0.41362913 0.71048939
vn -0.55668294 0.43047523 0.71048939
vn -0.54355592 0.44693599 0.71048939
vn -0.52994235 0.46299669 0.71048939
vn -0.51585440 0.47864294 0.71048939
vn -0.50130469 0.49386074 0.71048939
vn -0.48630625 0.50863646 0.71048939
vn -0.47087250 0.52295689 0.71048939
vn -0.45501725 0.53680920 0.71048939
vn -0.43875471 0.55018100 0.71048939
vn -0.42209941 0.56306031 0.71048939
vn -0.40506628 0.57543560 0.71048939
vn -0.38767056 0.58729580 0.71048939
vn -0.36992783 0.59863029 0.71048939
vn -0.35185396 0.60942893 0.71048939
vn -0.33346513 0.61968204 0.71048939
vn -0.31477780 0.62938046 0.71048939
vn -0.29580871 0.63851549 0.71048939
vn -0.27657482 0.64707897 0.71048939
vn -0.25709337 0.65506322 0.71048939
vn -0.23738178 0.66246110 0.71048939
vn -0.21745770 0.66926599 0.71048939
vn -0.19733897 0.67547180 0.71048939
vn -0.17704360 0.68107297 0.71048939
vn -0.15658974 0.68606448 0.71048939
vn -0.13599572 0.69044188 0.71048939
vn -0.11527996 0.69420123 0.71048939
vn -0.09446101 0.69733919 0.71048939
vn -0.07355751 0.69985292 0.71048939
vn -0.05258816 0.70174020 0.71048939
vn -0.03157174 0.70299932 0.71048939
vn -0.01052705 0.70362917 0.71048939
vn 0.01052705 0.70362917 0.71048939
vn 0.03157174 0.70299932 0.71048939
vn 0.05258816 0.70174020 0.71048939
vn 0.07355751 0.69985292 0.71048939
vn 0.09446101 0.69733919 0.71048939
vn 0.11527996 0.69420123 0.71048939
vn 0.13599572 0.69044188 0.71048939
vn 0.15658974 0.68606448 0.71048939
vn 0.17704360 0.68107297 0.71048939
vn 0.19733897 0.67547180 0.71048939
vn 0.21745770 0.66926599 0.71048939
vn 0.23738178 0.66246110 0.71048939
vn 0.25709337 0.65506322 0.71048939
vn 0.27657482 0.64707897 0.71048939
vn 0.29580871 0.63851549 0.71048939
vn 0.31477780 0.62938046 0.71048939
vn 0.33346513 0.61968204 0.71048939
vn 0.35185396 0.60942893 0.71048939
vn 0.36992783 0.59863029 0.71048939
vn 0.38767056 0.58729580 0.71048939
vn 0.40506628 0.57543560 0.71048939
vn 0.42209941 0.56306031 0.71048939
vn 0.43875471 0.55018100 0.71048939
vn 0.45501725 0.53680920 0.71048939
vn 0.47087250 0.52295689 0.71048939
vn 0.48630625 0.50863646 0.71048939
vn 0.50130469 0.49386074 0.71048939
vn 0.51585440 0.47864294 0.71048939
vn 0.52994235 0.46299669 0.71048939
vn 0.54355592 0.44693599 0.71048939
vn 0.55668294 0.43047523 0.71048939
vn 0.56931166 0.41362913 0.71048939
vn 0.58143076 0.39641278 0.71048939
vn 0.59302940 0.37884159 0.71048939
vn 0.60409721 0.36093128 0.71048939
vn 0.61462426 0.34269789 0.71048939
vn 0.62460114 0.32415774 0.71048939
vn 0.63401892 0.30532742 0.71048939
vn 0.64286916 0.28622379 0.71048939
vn 0.65114396 0.26686396 0.71048939
vn 0.65883588 0.24726524 0.71048939
vn 0.66593807 0.22744519 0.71048939
vn 0.67244414 0.20742155 0.71048939
vn 0.67834829 0.18721223 0.71048939
vn 0.68364522 0.16683534 0.71048939
vn 0.68833020 0.14630910 0.71048939
vn 0.69239903 0.12565190 0.71048939
vn 0.69584807 0.10488222 0.71048939
vn 0.69867424 0.08401866 0.71048939
vn 0.70087499 0.06307989 0.71048939
vn 0.70244836 0.04208466 0.71048939
vn 0.70339295 0.02105175 0.71048939
vn 0.70370791 0.00000000 0.71048939
vn 0.70339295 -0.02105175 0.71048939
vn 0.70244836 -0.04208466 0.71048939
vn 0.70087499 -0.06307989 0.71048939
vn 0.69867424 -0.08401866 0.71048939
vn 0.69584807 -0.10488222 0.71048939
vn 0.69239903 -0.12565190 0.71048939
vn 0.68833020 -0.14630910 0.71048939
vn 0.68364522 -0.16683534 0.71048939
vn 0.67834829 -0.18721223 0.71048939
vn 0.67244414 -0.20742155 0.71048939
vn 0.66593807 -0.22744519 0.71048939
vn 0.65883588 -0.24726524 0.71048939
vn 0.65114396 -0.26686396 0.71048939
vn 0.64286916 -0.28622379 0.71048939
vn 0.63401892 -0.30532742 0.71048939
vn 0.62460114 -0.32415774 0.71048939
vn 0.61462426 -0.34269789 0.71048939
vn 0.60409721 -0.36093128 0.71048939
vn 0.59302940 -0.37884159 0.71048939
vn 0.58143076 -0.39641278 0.71048939
vn 0.56931166 -0.41362913 0.71048939
vn 0.55668294 -0.43047523 0.71048939
vn 0.54355592 -0.44693599 0.71048939
vn 0.52994235 -0.46299669 0.71048939
vn 0.51585440 -0.47864294 0.71048939
vn 0.50130469 -0.49386074 0.71048939
vn 0.48630625 -0.50863646 0.71048939
vn 0.47087250 -0.52295689 0.71048939
vn 0.45501725 -0.53680920 0.71048939
vn 0.43875471 -0.55018100 0.71048939
vn 0.42209941 -0.56306031 0.71048939
vn 0.40506628 -0.57543560 0.71048939
vn 0.38767056 -0.58729580 0.71048939
vn 0.36992783 -0.59863029 0.71048939
vn 0.35185396 -0.60942893 0.71048939
vn 0.33346513 -0.61968204 0.71048939
vn 0.31477780 -0.62938046 0.71048939
vn 0.29580871 -0.63851549 0.71048939
vn 0.27657482 -0.64707897 0.71048939
vn 0.25709337 -0.65506322 0.71048939
vn 0.23738178 -0.66246110 0.71048939
vn 0.21745770 -0.66926599 0.71048939
vn 0.19733897 -0.67547180 0.71048939
vn 0.17704360 -0.68107297 0.71048939
vn 0.15658974 -0.68606448 0.71048939
vn 0.13599572 -0.69044188 0.71048939
vn 0.11527996 -0.69420123 0.71048939
vn 0.09446101 -0.69733919 0.71048939
vn 0.07355751 -0.69985292 0.71048939
vn 0.05258816 -0.70174020 0.71048939
vn 0.03157174 -0.70299932 0.71048939
vn 0.01052705 -0.70362917 0.71048939
vn -0.01052705 -0.70362917 0.71048939
vn -0.03157174 -0.70299932 0.71048939
vn -0.05258816 -0.70174020 0.71048939
vn -0.07355751 -0.69985292 0.71048939
vn -0.09446101 -0.69733919 0.71048939
vn -0.11527996 -0.69420123 0.71048939
vn -0.13599572 -0.69044188 0.71048939
vn -0.15658974 -0.68606448 0.71048939
vn -0.17704360 -0.68107297 0.71048939
vn -0.19733897 -0.67547180 0.71048939
vn -0.21745770 -0.66926599 0.71048939
vn -0.23738178 -0.66246110 0.71048939
vn -0.25709337 -0.65506322 0.71048939
vn -0.27657482 -0.64707897 0.71048939
vn -0.29580871 -0.63851549 0.71048939
vn -0.31477780 -0.62938046 0.71048939
vn -0.33346513 -0.61968204 0.71048939
vn -0.35185396 -0.60942893 0.71048939
vn -0.36992783 -0.59863029 0.71048939
vn -0.38767056 -0.58729580 0.71048939
vn -0.40506628 -0.57543560 0.71048939
vn -0.42209941 -0.56306031 0.71048939
vn -0.43875471 -0.55018100 0.71048939
vn -0.45501725 -0.53680920 0.71048939
vn -0.47087250 -0.52295689 0.71048939
vn -0.48630625 -0.50863646 0.71048939
vn -0.50130469 -0.49386074 0.71048939
vn -0.51585440 -0.47864294 0.71048939
vn -0.52994235 -0.46299669 0.71048939
vn -0.54355592 -0.44693599 0.71048939
vn -0.55668294 -0.43047523 0.71048939
vn -0.56931166 -0.41362913 0.71048939
vn -0.58143076 -0.39641278 0.71048939
vn -0.59302940 -0.37884159 0.71048939
vn -0.60409721 -0.36093128 0.71048939
vn -0.61462426 -0.34269789 0.71048939
vn -0.62460114 -0.32415774 0.71048939
vn -0.63401892 -0.30532742 0.71048939
vn -0.64286916 -0.28622379 0.71048939
vn -0.65114396 -0.26686396 0.71048939
vn -0.65883588 -0.24726524 0.71048939
vn -0.66593807 -0.22744519 0.71048939
vn -0.67244414 -0.20742155 0.71048939
vn -0.67834829 -0.18721223 0.71048939
vn -0.68364522 -0.16683534 0.71048939
vn -0.68833020 -0.14630910 0.71048939
vn -0.69239903 -0.12565190 0.71048939
vn -0.69584807 -0.10488222 0.71048939
vn -0.69867424 -0.08401866 0.71048939
vn -0.70087499 -0.06307989 0.71048939
vn -0.70244836 -0.04208466 0.71048939
vn -0.70339295 -0.02105175 0.71048939
vn -0.70370791 -0.00000000 0.71048939
vn -0.70339295 0.02105175 0.71048939
vn -0.70244836 0.04208466 0.71048939
vn -0.70087499 0.06307989 0.71048939
vn -0.69867424 0.08401866 0.71048939
vn -0.69584807 0.10488222 0.71048939
vn -0.69239903 0.12565190 0.71048939
vn -0.68833020 0.14630910 0.71048939
vn -0.68364522 0.16683534 0.71048939
vn -0.67834829 0.18721223 0.71048939
vn -0.67244414 0.20742155 0.71048939
vn -0.66593807 0.22744519 0.71048939
vn -0.65883588 0.24726524 0.71048939
vn -0.65114396 0.26686396 0.71048939
vn -0.64286916 0.28622379 0.71048939
vn -0.63401892 0.30532742 0.71048939
vn -0.62460114 0.32415774 0.71048939
vn -0.61462426 0.34269789 0.71048939
vn -0.60409721 0.36093128 0.71048939
vn -0.59302940 0.37884159 0.71048939
vn -0.58143076 0.39641278 0.71048939
vn -0.56931166 0.41362913 0.71048939
vn -0.55668294 0.43047523 0.71048939
vn -0.54355592 0.44693599 0.71048939
vn -0.52994235 0.46299669 0.71048939
vn -0.51585440 0.47864294 0.71048939
vn -0.50130469 0.49386074 0.71048939
vn -0.48630625 0.50863646 0.71048939
vn -0.47087250 0.52295689 0.71048939
vn -0.45501725 0.53680920 0.71048939
vn -0.43875471 0.55018100 0.71048939
vn -0.42209941 0.56306031 0.71048939
vn -0.40506628 0.57543560 0.71048939
vn -0.38767056 0.58729580 0.71048939
vn -0.36992783 0.59863029 0.71048939
vn -0.35185396 0.60942893 0.71048939
vn -0.33346513 0.61968204 0.71048939
vn -0.31477780 0.62938046 0.71048939
vn -0.29580871 0.63851549 0.71048939
vn -0.27657482 0.64707897 0.71048939
vn -0.25709337 0.65506322 0.71048939
vn -0.23738178 0.66246110 0.71048939
vn -0.21745770 0.66926599 0.71048939
vn -0.19733897 0.67547180 0.71048939
vn -0.17704360 0.68107297 0.71048939
vn -0.15658974 0.68606448 0.71048939
vn -0.13599572 0.69044188 0.71048939
vn -0.11527996 0.69420123 0.71048939
vn -0.09446101 0.69733919 0.71048939
vn -0.07355751 0.69985292 0.71048939
vn -0.05258816 0.70174020 0.71048939
vn -0.03157174 0.70299932 0.71048939
vn -0.01052705 0.70362917 0.71048939
vn 0.01052705 0.70362917 0.71048939
vn 0.03157174 0.70299932 0.71048939
vn 0.05258816 0.70174020 0.71048939
vn 0.07355751 0.69985292 0.71048939
vn 0.09446101 0.69733919 0.71048939
vn 0.11527996 0.69420123 0.71048939
vn 0.13599572 0.69044188 0.71048939
vn 0.15658974 0.68606448 0.71048939
vn 0.17704360 0.68107297 0.71048939
vn 0.19733897 0.67547180 0.71048939
vn 0.21745770 0.66926599 0.71048939
vn 0.23738178 0.66246110 0.71048939
vn 0.25709337 0.65506322 0.71048939
vn 0.27657482 0.64707897 0.71048939
vn 0.29580871 0.63851549 0.71048939
vn 0.31477780 0.62938046 0.71048939
vn 0.33346513 0.61968204 0.71048939
vn 0.35185396 0.60942893 0.71048939
vn 0.36992783 0.59863029 0.71048939
vn 0.38767056 0.58729580 0.71048939
vn 0.40506628 0.57543560 0.71048939
vn 0.42209941 0.56306031 0.71048939
vn 0.43875471 0.55018100 0.71048939
vn 0.45501725 0.53680920 0.71048939
vn 0.47087250 0.52295689 0.71048939
vn 0.48630625 0.50863646 0.71048939
vn 0.50130469 0.49386074 0.71048939
vn 0.51585440 0.47864294 0.71048939
vn 0.52994235 0.46299669 0.71048939
vn 0.54355592 0.44693599 0.71048939
vn 0.55668294 0.43047523 0.71048939
vn 0.56931166 0.41362913 0.71048939
vn 0.58143076 0.39641278 0.71048939
vn 0.59302940 0.37884159 0.71048939
vn 0.60409721 0.36093128 0.71048939
vn 0.61462426 0.34269789 0.71048939
vn 0.62460114 0.32415774 0.71048939
vn 0.63401892 0.30532742 0.71048939
vn 0.64286916 0.28622379 0.71048939
vn 0.65114396 0.26686396 0.71048939
vn 0.65883588 0.24726524 0.71048939
vn 0.66593807 0.22744519 0.71048939
vn 0.67244414 0.20742155 0.71048939
vn 0.67834829 0.18721223 0.71048939
vn 0.68364522 0.16683534 0.71048939
vn 0.68833020 0.14630910 0.71048939
vn 0.69239903 0.12565190 0.71048939
vn 0.69584807 0.10488222 0.71048939
vn 0.69867424 0.08401866 0.71048939
vn 0.70087499 0.06307989 0.71048939
vn 0.70244836 0.04208466 0.71048939
vn 0.70339295 0.02105175 0.71048939
vn 0.70370791 -0.00000000 0.71048939
vn 0.70339295 -0.02105175 0.71048939
vn 0.70244836 -0.04208466 0.71048939
vn 0.70087499 -0.06307989 0.71048939
vn 0.69867424 -0.08401866 0.71048939
vn 0.69584807 -0.10488222 0.71048939
vn 0.69239903 -0.12565190 0.71048939
vn 0.68833020 -0.14630910 0.71048939
vn 0.68364522 -0.16683534 0.71048939
vn 0.67834829 -0.18721223 0.71048939
vn 0.67244414 -0.20742155 0.71048939
vn 0.66593807 -0.22744519 0.71048939
vn 0.65883588 -0.24726524 0.71048939
vn 0.65114396 -0.26686396 0.71048939
vn 0.64286916 -0.28622379 0.71048939
vn 0.63401892 -0.30532742 0.71048939
vn 0.62460114 -0.32415774 0.71048939
vn 0.61462426 -0.34269789 0.71048939
vn 0.60409721 -0.36093128 0.71048939
vn 0.59302940 -0.37884159 0.71048939
vn 0.58143076 -0.39641278 0.71048939
vn 0.56931166 -0.41362913 0.71048939
vn 0.55668294 -0.43047523 0.71048939
vn 0.54355592 -0.44693599 0.71048939
vn 0.52994235 -0.46299669 0.71048939
vn 0.51585440 -0.47864294 0.71048939
vn 0.50130469 -0.49386074 0.71048939
vn 0.48630625 -0.50863646 0.71048939
vn 0.47087250 -0.52295689 0.71048939
vn 0.45501725 -0.53680920 0.71048939
vn 0.43875471 -0.55018100 0.71048939
vn 0.42209941 -0.56306031 0.71048939
vn 0.40506628 -0.57543560 0.71048939
vn 0.38767056 -0.58729580 0.71048939
vn 0.36992783 -0.59863029 0.71048939
vn 0.35185396 -0.60942893 0.71048939
vn 0.33346513 -0.61968204 0.71048939
vn 0.31477780 -0.62938046 0.71048939
vn 0.29580871 -0.63851549 0.71048939
vn 0.27657482 -0.64707897 0.71048939
vn 0.25709337 -0.65506322 0.71048939
vn 0.23738178 -0.66246110 0.71048939
vn 0.21745770 -0.66926599 0.71048939
vn 0.19733897 -0.67547180 0.71048939
vn 0.17704360 -0.68107297 0.71048939
vn 0.15658974 -0.68606448 0.71048939
vn 0.13599572 -0.69044188 0.71048939
vn 0.11527996 -0.69420123 0.71048939
vn 0.09446101 -0.69733919 0.71048939
vn 0.07355751 -0.69985292 0.71048939
vn 0.05258816 -0.70174020 0.71048939
vn 0.03157174 -0.70299932 0.71048939
vn 0.01052705 -0.70362917 0.71048939
vn -0.01052705 -0.70362917 0.71048939
vn -0.03157174 -0.70299932 0.71048939
vn -0.05258816 -0.70174020 0.71048939
vn -0.07355751 -0.69985292 0.71048939
vn -0.09446101 -0.69733919 0.71048939
vn -0.11527996 -0.69420123 0.71048939
vn -0.13599572 -0.69044188 0.71048939
vn -0.15658974 -0.68606448 0.71048939
vn -0.17704360 -0.68107297 0.71048939
vn -0.19733897 -0.67547180 0.71048939
vn -0.21745770 -0.66926599 0.71048939
vn -0.23738178 -0.66246110 0.71048939
vn -0.25709337 -0.65506322 0.71048939
vn -0.27657482 -0.64707897 0.71048939
vn -0.29580871 -0.63851549 0.71048939
vn -0.31477780 -0.62938046 0.71048939
vn -0.33346513 -0.61968204 0.71048939
vn -0.35185396 -0.60942893 0.71048939
vn -0.36992783 -0.59863029 0.71048939
vn -0.38767056 -0.58729580 0.71048939
vn -0.40506628 -0.57543560 0.71048939
vn -0.42209941 -0.56306031 0.71048939
vn -0.43875471 -0.55018100 0.71048939
vn -0.45501725 -0.53680920 0.71048939
vn -0.47087250 -0.52295689 0.71048939
vn -0.48630625 -0.50863646 0.71048939
vn -0.50130469 -0.49386074 0.71048939
vn -0.51585440 -0.47864294 0.71048939
vn -0.52994235 -0.46299669 0.71048939
vn -0.54355592 -0.44693599 0.71048939
vn -0.55668294 -0.43047523 0.71048939
vn -0.56931166 -0.41362913 0.71048939
vn -0.58143076 -0.39641278 0.71048939
vn -0.59302940 -0.37884159 0.71048939
vn -0.60409721 -0.36093128 0.71048939
vn -0.61462426 -0.34269789 0.71048939
vn -0.62460114 -0.32415774 0.71048939
vn -0.63401892 -0.30532742 0.71048939
vn -0.64286916 -0.28622379 0.71048939
vn -0.65114396 -0.26686396 0.71048939
vn -0.65883588 -0.24726524 0.71048939
vn -0.66593807 -0.22744519 0.71048939
vn -0.67244414 -0.20742155 0.71048939
vn -0.67834829 -0.18721223 0.71048939
vn -0.68364522 -0.16683534 0.71048939
vn -0.68833020 -0.14630910 0.71048939
vn -0.69239903 -0.12565190 0.71048939
vn -0.69584807 -0.10488222 0.71048939
vn -0.69867424 -0.08401866 0.71048939
vn -0.70087499 -0.06307989 0.71048939
vn -0.70244836 -0.04208466 0.71048939
vn -0.70339295 -0.02105175 0.71048939
vn -0.70370791 -0.00000000 0.71048939
vn -0.70339295 0.02105175 0.71048939
vn -0.70244836 0.04208466 0.71048939
vn -0.70087499 0.06307989 0.71048939
vn -0.69867424 0.08401866 0.71048939
vn -0.69584807 0.10488222 0.71048939
vn -0.69239903 0.12565190 0.71048939
vn -0.68833020 0.14630910 0.71048939
vn -0.68364522 0.16683534 0.71048939
vn -0.67834829 0.18721223 0.71048939
vn -0.67244414 0.20742155 0.71048939
vn -0.66593807 0.22744519 0.71048939
vn -0.65883588 0.24726524 0.71048939
vn -0.65114396 0.26686396 0.71048939
vn -0.64286916 0.28622379 0.71048939
vn -0.63401892 0.30532742 0.71048939
vn -0.62460114 0.32415774 0.71048939
vn -0.61462426 0.34269789 0.71048939
vn -0.60409721 0.36093128 0.71048939
vn -0.59302940 0.37884159 0.71048939
vn -0.58143076 0.39641278 0.71048939
vn -0.56931166 0.41362913 0.71048939
vn -0.55668294 0.43047523 0.71048939
vn -0.54355592 0.44693599 0.71048939
vn -0.52994235 0.46299669 0.71048939
vn -0.51585440 0.47864294 0.71048939
vn -0.50130469 0.49386074 0.71048939
vn -0.48630625 0.50863646 0.71048939
vn -0.47087250 0.52295689 0.71048939
vn -0.45501725 0.53680920 0.71048939
vn -0.43875471 0.55018100 0.71048939
vn -0.42209941 0.56306031 0.71048939
vn -0.40506628 0.57543560 0.71048939
vn -0.38767056 0.58729580 0.71048939
vn -0.36992783 0.59863029 0.71048939
vn -0.35185396 0.60942893 0.71048939
vn -0.33346513 0.61968204 0.71048939
vn -0.31477780 0.62938046 0.71048939
vn -0.29580871 0.63851549 0.71048939
vn -0.27657482 0.64707897 0.71048939
vn -0.25709337 0.65506322 0.71048939
vn -0.23738178 0.66246110 0.71048939
vn -0.21745770 0.66926599 0.71048939
vn -0.19733897 0.67547180 0.71048939
vn -0.17704360 0.68107297 0.71048939
vn -0.15658974 0.68606448 0.71048939
vn -0.13599572 0.69044188 0.71048939
vn -0.11527996 0.69420123 0.71048939
vn -0.09446101 0.69733919 0.71048939
vn -0.07355751 0.69985292 0.71048939
vn -0.05258816 0.70174020 0.71048939
vn -0.03157174 0.70299932 0.71048939
vn -0.01052705 0.70362917 0.71048939
vn 0.01052705 0.70362917 0.71048939
vn 0.03157174 0.70299932 0.71048939
vn 0.05258816 0.70174020 0.71048939
vn 0.07355751 0.69985292 0.71048939
vn 0.09446101 0.69733919 0.71048939
vn 0.11527996 0.69420123 0.71048939
vn 0.13599572 0.69044188 0.71048939
vn 0.15658974 0.68606448 0.71048939
vn 0.17704360 0.68107297 0.71048939
vn 0.19733897 0.67547180 0.71048939
vn 0.21745770 0.66926599 0.71048939
vn 0.23738178 0.66246110 0.71048939
vn 0.25709337 0.65506322 0.71048939
vn 0.27657482 0.64707897 0.71048939
vn 0.29580871 0.63851549 0.71048939
vn 0.31477780 0.62938046 0.71048939
vn 0.33346513 0.61968204 0.71048939
vn 0.35185396 0.60942893 0.71048939
vn 0.36992783 0.59863029 0.71048939
vn 0.38767056 0.58729580 0.71048939
vn 0.40506628 0.57543560 0.71048939
vn 0.42209941 0.56306031 0.71048939
vn 0.43875471 0.55018100 0.71048939
vn 0.45501725 0.53680920 0.71048939
vn 0.47087250 0.52295689 0.71048939
vn 0.48630625 0.50863646 0.71048939
vn 0.50130469 0.49386074 0.71048939
vn 0.51585440 0.47864294 0.71048939
vn 0.52994235 0.46299669 0.71048939
vn 0.54355592 0.44693599 0.71048939
vn 0.55668294 0.43047523 0.71048939
vn 0.56931166 0.41362913 0.71048939
vn 0.58143076 0.39641278 0.71048939
vn 0.59302940 0.37884159 0.71048939
vn 0.60409721 0.36093128 0.71048939
vn 0.61462426 0.34269789 0.71048939
vn 0.62460114 0.32415774 0.71048939
vn 0.63401892 0.30532742 0.71048939
vn 0.64286916 0.28622379 0.71048939
vn 0.65114396 0.26686396 0.71048939
vn 0.65883588 0.24726524 0.71048939
vn 0.66593807 0.22744519 0.71048939
vn 0.67244414 0.20742155 0.71048939
vn 0.67834829 0.18721223 0.71048939
vn 0.68364522 0.16683534 0.71048939
vn 0.68833020 0.14630910 0.71048939
vn 0.69239903 0.12565190 0.71048939
vn 0.69584807 0.10488222 0.71048939
vn 0.69867424 0.08401866 0.71048939
vn 0.70087499 0.06307989 0.71048939
vn 0.70244836 0.04208466 0.71048939
vn 0.70339295 0.02105175 0.71048939
vn 0.70370791 -0.00000000 0.71048939
vn 0.70339295 -0.02105175 0.71048939
vn 0.70244836 -0.04208466 0.71048939
vn 0.70087499 -0.06307989 0.71048939
vn 0.69867424 -0.08401866 0.71048939
vn 0.69584807 -0.10488222 0.71048939
vn 0.69239903 -0.12565190 0.71048939
vn 0.68833020 -0.14630910 0.71048939
vn 0.68364522 -0.16683534 0.71048939
vn 0.67834829 -0.18721223 0.71048939
vn 0.67244414 -0.20742155 0.71048939
vn 0.66593807 -0.22744519 0.71048939
vn 0.65883588 -0.24726524 0.71048939
vn 0.65114396 -0.26686396 0.71048939
vn 0.64286916 -0.28622379 0.71048939
vn 0.63401892 -0.30532742 0.71048939
vn 0.62460114 -0.32415774 0.71048939
vn 0.61462426 -0.34269789 0.71048939
vn 0.60409721 -0.36093128 0.71048939
vn 0.59302940 -0.37884159 0.71048939
vn 0.58143076 -0.39641278 0.71048939
vn 0.56931166 -0.41362913 0.71048939
vn 0.55668294 -0.43047523 0.71048939
vn 0.54355592 -0.44693599 0.71048939
vn 0.52994235 -0.46299669 0.71048939
vn 0.51585440 -0.47864294 0.71048939
vn 0.50130469 -0.49386074 0.71048939
vn 0.48630625 -0.50863646 0.71048939
vn 0.47087250 -0.52295689 0.71048939
vn 0.45501725 -0.53680920 0.71048939
vn 0.43875471 -0.55018100 0.71048939
vn 0.42209941 -0.56306031 0.71048939
vn 0.40506628 -0.57543560 0.71048939
vn 0.38767056 -0.58729580 0.71048939
vn 0.36992783 -0.59863029 0.71048939
vn 0.35185396 -0.60942893 0.71048939
vn 0.33346513 -0.61968204 0.71048939
vn 0.31477780 -0.62938046 0.71048939
vn 0.29580871 -0.63851549 0.71048939
vn 0.27657482 -0.64707897 0.71048939
vn 0.25709337 -0.65506322 0.71048939
vn 0.23738178 -0.66246110 0.71048939
vn 0.21745770 -0.66926599 0.71048939
vn 0.19733897 -0.67547180 0.71048939
vn 0.17704360 -0.68107297 0.71048939
vn 0.15658974 -0.68606448 0.71048939
vn 0.13599572 -0.69044188 0.71048939
vn 0.11527996 -0.69420123 0.71048939
vn 0.09446101 -0.69733919 0.71048939
vn 0.07355751 -0.69985292 0.71048939
vn 0.05258816 -0.70174020 0.71048939
vn 0.03157174 -0.70299932 0.71048939
vn 0.01052705 -0.70362917 0.71048939
vn -0.01052705 -0.70362917 0.71048939
vn -0.03157174 -0.70299932 0.71048939
vn -0.05258816 -0.70174020 0.71048939
vn -0.07355751 -0.69985292 0.71048939
vn -0.09446101 -0.69733919 0.71048939
vn -0.11527996 -0.69420123 0.71048939
vn -0.13599572 -0.69044188 0.71048939
vn -0.15658974 -0.68606448 0.71048939
vn -0.17704360 -0.68107297 0.71048939
vn -0.19733897 -0.67547180 0.71048939
vn -0.21745770 -0.66926599 0.71048939
vn -0.23738178 -0.66246110 0.71048939
vn -0.25709337 -0.65506322 0.71048939
vn -0.27657482 -0.64707897 0.71048939
vn -0.29580871 -0.63851549 0.71048939
vn -0.31477780 -0.62938046 0.71048939
vn -0.33346513 -0.61968204 0.71048939
vn -0.35185396 -0.60942893 0.71048939
vn -0.36992783 -0.59863029 0.71048939
vn -0.38767056 -0.58729580 0.71048939
vn -0.40506628 -0.57543560 0.71048939
vn -0.42209941 -0.56306031 0.71048939
vn -0.43875471 -0.55018100 0.71048939
vn -0.45501725 -0.53680920 0.71048939
vn -0.47087250 -0.52295689 0.71048939
vn -0.48630625 -0.50863646 0.71048939
vn -0.50130469 -0.49386074 0.71048939
vn -0.51585440 -0.47864294 0.71048939
vn -0.52994235 -0.46299669 0.71048939
vn -0.54355592 -0.44693599 0.71048939
vn -0.55668294 -0.43047523 0.71048939
vn -0.56931166 -0.41362913 0.71048939
vn -0.58143076 -0.39641278 0.71048939
vn -0.59302940 -0.37884159 0.71048939
vn -0.60409721 -0.36093128 0.71048939
vn -0.61462426 -0.34269789 0.71048939
vn -0.62460114 -0.32415774 0.71048939
vn -0.63401892 -0.30532742 0.71048939
vn -0.64286916 -0.28622379 0.71048939
vn -0.65114396 -0.26686396 0.71048939
vn -0.65883588 -0.24726524 0.71048939
vn -0.66593807 -0.22744519 0.71048939
vn -0.67244414 -0.20742155 0.71048939
vn -0.67834829 -0.18721223 0.71048939
vn -0.68364522 -0.16683534 0.71048939
vn -0.68833020 -0.14630910 0.71048939
vn -0.69239903 -0.12565190 0.71048939
vn -0.69584807 -0.10488222 0.71048939
vn -0.69867424 -0.08401866 0.71048939
vn -0.70087499 -0.06307989 0.71048939
vn -0.70244836 -0.04208466 0.71048939
vn -0.70339295 -0.02105175 0.71048939
vn -0.70370791 -0.00000000 0.71048939
vn -0.70339295 0.02105175 0.71048939
vn -0.70244836 0.04208466 0.71048939
vn -0.70087499 0.06307989 0.71048939
vn -0.69867424 0.08401866 0.71048939
vn -0.69584807 0.10488222 0.71048939
vn -0.69239903 0.12565190 0.71048939
vn -0.68833020 0.14630910 0.71048939
vn -0.68364522 0.16683534 0.71048939
vn -0.67834829 0.18721223 0.71048939
vn -0.67244414 0.20742155 0.71048939
vn -0.66593807 0.22744519 0.71048939
vn -0.65883588 0.24726524 0.71048939
vn -0.65114396 0.26686396 0.71048939
vn -0.64286916 0.28622379 0.71048939
vn -0.63401892 0.30532742 0.71048939
vn -0.62460114 0.32415774 0.71048939
vn -0.61462426 0.34269789 0.71048939
vn -0.60409721 0.36093128 0.71048939
vn -0.59302940 0.37884159 0.71048939
vn -0.58143076 0.39641278 0.71048939
vn -0.56931166 0.41362913 0.71048939
vn -0.55668294 0.43047523 0.71048939
vn -0.54355592 0.44693599 0.71048939
vn -0.52994235 0.46299669 0.71048939
vn -0.51585440 0.47864294 0.71048939
vn -0.50130469 0.49386074 0.71048939
vn -0.48630625 0.50863646 0.71048939
vn -0.47087250 0.52295689 0.71048939
vn -0.45501725 0.53680920 0.71048939
vn -0.43875471 0.55018100 0.71048939
vn -0.42209941 0.56306031 0.71048939
vn -0.40506628 0.57543560 0.71048939
vn -0.38767056 0.58729580 0.71048939
vn -0.36992783 0.59863029 0.71048939
vn -0.35185396 0.60942893 0.71048939
vn -0.33346513 0.61968204 0.71048939
vn -0.31477780 0.62938046 0.71048939
vn -0.29580871 0.63851549 0.71048939
vn -0.27657482 0.64707897 0.71048939
vn -0.25709337 0.65506322 0.71048939
vn -0.23738178 0.66246110 0.71048939
vn -0.21745770 0.66926599 0.71048939
vn -0.19733897 0.67547180 0.71048939
vn -0.17704360 0.68107297 0.71048939
vn -0.15658974 0.68606448 0.71048939
vn -0.13599572 0.69044188 0.71048939
vn -0.11527996 0.69420123 0.71048939
vn -0.09446101 0.69733919 0.71048939
vn -0.07355751 0.69985292 0.71048939
vn -0.05258816 0.70174020 0.71048939
vn -0.03157174 0.70299932 0.71048939
vn -0.01052705 0.70362917 0.71048939
vn 0.01052705 0.70362917 0.71048939
vn 0.03157174 0.70299932 0.71048939
vn 0.05258816 0.70174020 0.71048939
vn 0.07355751 0.69985292 0.71048939
vn 0.09446101 0.69733919 0.71048939
vn 0.11527996 0.69420123 0.71048939
vn 0.13599572 0.69044188 0.71048939
vn 0.15658974 0.68606448 0.71048939
vn 0.17704360 0.68107297 0.71048939
vn 0.19733897 0.67547180 0.71048939
vn 0.21745770 0.66926599 0.71048939
vn 0.23738178 0.66246110 0.71048939
vn 0.25709337 0.65506322 0.71048939
vn 0.27657482 0.64707897 0.71048939
vn 0.29580871 0.63851549 0.71048939
vn 0.31477780 0.62938046 0.71048939
vn 0.33346513 0.61968204 0.71048939
vn 0.35185396 0.60942893 0.71048939
vn 0.36992783 0.59863029 0.71048939
vn 0.38767056 0.58729580 0.71048939
vn 0.40506628 0.57543560 0.71048939
vn 0.42209941 0.56306031 0.71048939
vn 0.43875471 0.55018100 0.71048939
vn 0.45501725 0.53680920 0.71048939
vn 0.47087250 0.52295689 0.71048939
vn 0.48630625 0.50863646 0.71048939
vn 0.50130469 0.49386074 0.71048939
vn 0.51585440 0.47864294 0.71048939
vn 0.52994235 0.46299669 0.71048939
vn 0.54355592 0.44693599 0.71048939
vn 0.55668294 0.43047523 0.71048939
vn 0.56931166 0.41362913 0.71048939
vn 0.58143076 0.39641278 0.71048939
vn 0.59302940 0.37884159 0.71048939
vn 0.60409721 0.36093128 0.71048939
vn 0.61462426 0.34269789 0.71048939
vn 0.62460114 0.32415774 0.71048939
vn 0.63401892 0.30532742 0.71048939
vn 0.64286916 0.28622379 0.71048939
vn 0.65114396 0.26686396 0.71048939
vn 0.65883588 0.24726524 0.71048939
vn 0.66593807 0.22744519 0.71048939
vn 0.67244414 0.20742155 0.71048939
vn 0.67834829 0.18721223 0.71048939
vn 0.68364522 0.16683534 0.71048939
vn 0.68833020 0.14630910 0.71048939
vn 0.69239903 0.12565190 0.71048939
vn 0.69584807 0.10488222 0.71048939
vn 0.69867424 0.08401866 0.71048939
vn 0.70087499 0.06307989 0.71048939
vn 0.70244836 0.04208466 0.71048939
vn 0.70339295 0.02105175 0.71048939
vn 0.70370791 -0.00000000 0.71048939
vn 0.70339295 -0.02105175 0.71048939
vn 0.70244836 -0.04208466 0.71048939
vn 0.70087499 -0.06307989 0.71048939
vn 0.69867424 -0.08401866 0.71048939
vn 0.69584807 -0.10488222 0.71048939
vn 0.69239903 -0.12565190 0.71048939
vn 0.68833020 -0.14630910 0.71048939
vn 0.68364522 -0.16683534 0.71048939
vn 0.67834829 -0.18721223 0.71048939
vn 0.67244414 -0.20742155 0.71048939
vn 0.66593807 -0.22744519 0.71048939
vn 0.65883588 -0.24726524 0.71048939
vn 0.65114396 -0.26686396 0.71048939
vn 0.64286916 -0.28622379 0.71048939
vn 0.63401892 -0.30532742 0.71048939
vn 0.62460114 -0.32415774 0.71048939
vn 0.61462426 -0.34269789 0.71048939
vn 0.60409721 -0.36093128 0.71048939
vn 0.59302940 -0.37884159 0.71048939
vn 0.58143076 -0.39641278 0.71048939
vn 0.56931166 -0.41362913 0.71048939
vn 0.55668294 -0.43047523 0.71048939
vn 0.54355592 -0.44693599 0.71048939
vn 0.52994235 -0.46299669 0.71048939
vn 0.51585440 -0.47864294 0.71048939
vn 0.50130469 -0.49386074 0.71048939
vn 0.48630625 -0.50863646 0.71048939
vn 0.47087250 -0.52295689 0.71048939
vn 0.45501725 -0.53680920 0.71048939
vn 0.43875471 -0.55018100 0.71048939
vn 0.42209941 -0.56306031 0.71048939
vn 0.40506628 -0.57543560 0.71048939
vn 0.38767056 -0.58729580 0.71048939
vn 0.36992783 -0.59863029 0.71048939
vn 0.35185396 -0.60942893 0.71048939
vn 0.33346513 -0.61968204 0.71048939
vn 0.31477780 -0.62938046 0.71048939
vn 0.29580871 -0.63851549 0.71048939
vn 0.27657482 -0.64707897 0.71048939
vn 0.25709337 -0.65506322 0.71048939
vn 0.23738178 -0.66246110 0.71048939
vn 0.21745770 -0.66926599 0.71048939
vn 0.19733897 -0.67547180 0.71048939
vn 0.17704360 -0.68107297 0.71048939
vn 0.15658974 -0.68606448 0.71048939
vn 0.13599572 -0.69044188 0.71048939
vn 0.11527996 -0.69420123 0.71048939
vn 0.09446101 -0.69733919 0.71048939
vn 0.07355751 -0.69985292 0.71048939
vn 0.05258816 -0.70174020 0.71048939
vn 0.03157174 -0.70299932 0.71048939
vn 0.01052705 -0.70362917 0.71048939
vn -0.01052705 -0.70362917 0.71048939
vn -0.03157174 -0.70299932 0.71048939
vn -0.05258816 -0.70174020 0.71048939
vn -0.07355751 -0.69985292 0.71048939
vn -0.09446101 -0.69733919 0.71048939
vn -0.11527996 -0.69420123 0.71048939
vn -0.13599572 -0.69044188 0.71048939
vn -0.15658974 -0.68606448 0.71048939
vn -0.17704360 -0.68107297 0.71048939
vn -0.19733897 -0.67547180 0.71048939
vn -0.21745770 -0.66926599 0.71048939
vn -0.23738178 -0.66246110 0.71048939
vn -0.25709337 -0.65506322 0.71048939
vn -0.27657482 -0.64707897 0.71048939
vn -0.29580871 -0.63851549 0.71048939
vn -0.31477780 -0.62938046 0.71048939
vn -0.33346513 -0.61968204 0.71048939
vn -0.35185396 -0.60942893 0.71048939
vn -0.36992783 -0.59863029 0.71048939
vn -0.38767056 -0.58729580 0.71048939
vn -0.40506628 -0.57543560 0.71048939
vn -0.42209941 -0.56306031 0.71048939
vn -0.43875471 -0.55018100 0.71048939
vn -0.45501725 -0.53680920 0.71048939
vn -0.47087250 -0.52295689 0.71048939
vn -0.48630625 -0.50863646 0.71048939
vn -0.50130469 -0.49386074 0.71048939
vn -0.51585440 -0.47864294 0.71048939
vn -0.52994235 -0.46299669 0.71048939
vn -0.54355592 -0.44693599 0.71048939
vn -0.55668294 -0.43047523 0.71048939
vn -0.56931166 -0.41362913 0.71048939
vn -0.58143076 -0.39641278 0.71048939
vn -0.59302940 -0.37884159 0.71048939
vn -0.60409721 -0.36093128 0.71048939
vn -0.61462426 -0.34269789 0.71048939
vn -0.62460114 -0.32415774 0.71048939
vn -0.63401892 -0.30532742 0.71048939
vn -0.64286916 -0.28622379 0.71048939
vn -0.65114396 -0.26686396 0.71048939
vn -0.65883588 -0.24726524 0.71048939
vn -0.66593807 -0.22744519 0.71048939
vn -0.67244414 -0.20742155 0.71048939
vn -0.67834829 -0.18721223 0.71048939
vn -0.68364522 -0.16683534 0.71048939
vn -0.68833020 -0.14630910 0.71048939
vn -0.69239903 -0.12565190 0.71048939
vn -0.69584807 -0.10488222 0.71048939
vn -0.69867424 -0.08401866 0.71048939
vn -0.70087499 -0.06307989 0.71048939
vn -0.70244836 -0.04208466 0.71048939
vn -0.70339295 -0.02105175 0.71048939
vn -0.70370791 -0.00000000 0.71048939
vn -0.70339295 0.02105175 0.71048939
vn -0.70244836 0.04208466 0.71048939
vn -0.70087499 0.06307989 0.71048939
vn -0.69867424 0.08401866 0.71048939
vn -0.69584807 0.10488222 0.71048939
vn -0.69239903 0.12565190 0.71048939
vn -0.68833020 0.14630910 0.71048939
vn -0.68364522 0.16683534 0.71048939
vn -0.67834829 0.18721223 0.71048939
vn -0.67244414 0.20742155 0.71048939
vn -0.66593807 0.22744519 0.71048939
vn -0.65883588 0.24726524 0.71048939
vn -0.65114396 0.26686396 0.71048939
vn -0.64286916 0.28622379 0.71048939
vn -0.63401892 0.30532742 0.71048939
vn -0.62460114 0.32415774 0.71048939
vn -0.61462426 0.34269789 0.71048939
vn -0.60409721 0.36093128 0.71048939
vn -0.59302940 0.37884159 0.71048939
vn -0.58143076 0.39641278 0.71048939
vn -0.56931166 0.41362913 0.71048939
vn -0.55668294 0.43047523 0.71048939
vn -0.54355592 0.44693599 0.71048939
vn -0.52994235 0.46299669 0.71048939
vn -0.51585440 0.47864294 0.71048939
vn -0.50130469 0.49386074 0.71048939
vn -0.48630625 0.50863646 0.71048939
vn -0.47087250 0.52295689 0.71048939
vn -0.45501725 0.53680920 0.71048939
vn -0.43875471 0.55018100 0.71048939
vn -0.42209941 0.56306031 0.71048939
vn -0.40506628 0.57543560 0.71048939
vn -0.38767056 0.58729580 0.71048939
vn -0.36992783 0.59863029 0.71048939
vn -0.35185396 0.60942893 0.71048939
vn -0.33346513 0.61968204 0.71048939
vn -0.31477780 0.62938046 0.71048939
vn -0.29580871 0.63851549 0.71048939
vn -0.27657482 0.64707897 0.71048939
vn -0.25709337 0.65506322 0.71048939
vn -0.23738178 0.66246110 0.71048939
vn -0.21745770 0.66926599 0.71048939
vn -0.19733897 0.67547180 0.71048939
vn -0.17704360 0.68107297 0.71048939
vn -0.15658974 0.68606448 0.71048939
vn -0.13599572 0.69044188 0.71048939
vn -0.11527996 0.69420123 0.71048939
vn -0.09446101 0.69733919 0.71048939
vn -0.07355751 0.69985292 0.71048939
vn -0.05258816 0.70174020 0.71048939
vn -0.03157174 0.70299932 0.71048939
vn -0.01052705 0.70362917 0.71048939
vn 0.01052705 0.70362917 0.71048939
vn 0.03157174 0.70299932 0.71048939
vn 0.05258816 0.70174020 0.71048939
vn 0.07355751 0.69985292 0.71048939
vn 0.09446101 0.69733919 0.71048939
vn 0.11527996 0.69420123 0.71048939
vn 0.13599572 0.69044188 0.71048939
vn 0.15658974 0.68606448 0.71048939
vn 0.17704360 0.68107297 0.71048939
vn 0.19733897 0.67547180 0.71048939
vn 0.21745770 0.66926599 0.71048939
vn 0.23738178 0.66246110 0.71048939
vn 0.25709337 0.65506322 0.71048939
vn 0.27657482 0.64707897 0.71048939
vn 0.29580871 0.63851549 0.71048939
vn 0.31477780 0.62938046 0.71048939
vn 0.33346513 0.61968204 0.71048939
vn 0.35185396 0.60942893 0.71048939
vn 0.36992783 0.59863029 0.71048939
vn 0.38767056 0.58729580 0.71048939
vn 0.40506628 0.57543560 0.71048939
vn 0.42209941 0.56306031 0.71048939
vn 0.43875471 0.55018100 0.71048939
vn 0.45501725 0.53680920 0.71048939
vn 0.47087250 0.52295689 0.71048939
vn 0.48630625 0.50863646 0.71048939
vn 0.50130469 0.49386074 0.71048939
vn 0.51585440 0.47864294 0.71048939
vn 0.52994235 0.46299669 0.71048939
vn 0.54355592 0.44693599 0.71048939
vn 0.55668294 0.43047523 0.71048939
vn 0.56931166 0.41362913 0.71048939
vn 0.58143076 0.39641278 0.71048939
vn 0.59302940 0.37884159 0.71048939
vn 0.60409721 0.36093128 0.71048939
vn 0.61462426 0.34269789 0.71048939
vn 0.62460114 0.32415774 0.71048939
vn 0.63401892 0.30532742 0.71048939
vn 0.64286916 0.28622379 0.71048939
vn 0.65114396 0.26686396 0.71048939
vn 0.65883588 0.24726524 0.71048939
vn 0.66593807 0.22744519 0.71048939
vn 0.67244414 0.20742155 0.71048939
vn 0.67834829 0.18721223 0.71048939
vn 0.68364522 0.16683534 0.71048939
vn 0.68833020 0.14630910 0.71048939
vn 0.69239903 0.12565190 0.71048939
vn 0.69584807 0.10488222 0.71048939
vn 0.69867424 0.08401866 0.71048939
vn 0.70087499 0.06307989 0.71048939
vn 0.70244836 0.04208466 0.71048939
vn 0.70339295 0.02105175 0.71048939
vn 0.70370791 -0.00000000 0.71048939
vn 0.70339295 -0.02105175 0.71048939
vn 0.70244836 -0.04208466 0.71048939
vn 0.70087499 -0.06307989 0.71048939
vn 0.69867424 -0.08401866 0.71048939
vn 0.69584807 -0.10488222 0.71048939
vn 0.69239903 -0.12565190 0.71048939
vn 0.68833020 -0.14630910 0.71048939
vn 0.68364522 -0.16683534 0.71048939
vn 0.67834829 -0.18721223 0.71048939
vn 0.67244414 -0.20742155 0.71048939
vn 0.66593807 -0.22744519 0.71048939
vn 0.65883588 -0.24726524 0.71048939
vn 0.65114396 -0.26686396 0.71048939
vn 0.64286916 -0.28622379 0.71048939
vn 0.63401892 -0.30532742 0.71048939
vn 0.62460114 -0.32415774 0.71048939
vn 0.61462426 -0.34269789 0.71048939
vn 0.60409721 -0.36093128 0.71048939
vn 0.59302940 -0.37884159 0.71048939
vn 0.58143076 -0.39641278 0.71048939
vn 0.56931166 -0.41362913 0.71048939
vn 0.55668294 -0.43047523 0.71048939
vn 0.54355592 -0.44693599 0.71048939
vn 0.52994235 -0.46299669 0.71048939
vn 0.51585440 -0.47864294 0.71048939
vn 0.50130469 -0.49386074 0.71048939
vn 0.48630625 -0.50863646 0.71048939
vn 0.47087250 -0.52295689 0.71048939
vn 0.45501725 -0.53680920 0.71048939
vn 0.43875471 -0.55018100 0.71048939
vn 0.42209941 -0.56306031 0.71048939
vn 0.40506628 -0.57543560 0.71048939
vn 0.38767056 -0.58729580 0.71048939
vn 0.36992783 -0.59863029 0.71048939
vn 0.35185396 -0.60942893 0.71048939
vn 0.33346513 -0.61968204 0.71048939
vn 0.31477780 -0.62938046 0.71048939
vn 0.29580871 -0.63851549 0.71048939
vn 0.27657482 -0.64707897 0.71048939
vn 0.25709337 -0.65506322 0.71048939
vn 0.23738178 -0.66246110 0.71048939
vn 0.21745770 -0.66926599 0.71048939
vn 0.19733897 -0.67547180 0.71048939
vn 0.17704360 -0.68107297 0.71048939
vn 0.15658974 -0.68606448 0.71048939
vn 0.13599572 -0.69044188 0.71048939
vn 0.11527996 -0.69420123 0.71048939
vn 0.09446101 -0.69733919 0.71048939
vn 0.07355751 -0.69985292 0.71048939
vn 0.05258816 -0.70174020 0.71048939
vn 0.03157174 -0.70299932 0.71048939
vn 0.01052705 -0.70362917 0.71048939
vn -0.01052705 -0.70362917 0.71048939
vn -0.03157174 -0.70299932 0.71048939
vn -0.05258816 -0.70174020 0.71048939
vn -0.07355751 -0.69985292 0.71048939
vn -0.09446101 -0.69733919 0.71048939
vn -0.11527996 -0.69420123 0.71048939
vn -0.13599572 -0.69044188 0.71048939
vn -0.15658974 -0.68606448 0.71048939
vn -0.17704360 -0.68107297 0.71048939
vn -0.19733897 -0.67547180 0.71048939
vn -0.21745770 -0.66926599 0.71048939
vn -0.23738178 -0.66246110 0.71048939
vn -0.25709337 -0.65506322 0.71048939
vn -0.27657482 -0.64707897 0.71048939
vn -0.29580871 -0.63851549 0.71048939
vn -0.31477780 -0.62938046 0.71048939
vn -0.33346513 -0.61968204 0.71048939
vn -0.35185396 -0.60942893 0.71048939
vn -0.36992783 -0.59863029 0.71048939
vn -0.38767056 -0.58729580 0.71048939
vn -0.40506628 -0.57543560 0.71048939
vn -0.42209941 -0.56306031 0.71048939
vn -0.43875471 -0.55018100 0.71048939
vn -0.45501725 -0.53680920 0.71048939
vn -0.47087250 -0.52295689 0.71048939
vn -0.48630625 -0.50863646 0.71048939
vn -0.50130469 -0.49386074 0.71048939
vn -0.51585440 -0.47864294 0.71048939
vn -0.52994235 -0.46299669 0.71048939
vn -0.54355592 -0.44693599 0.71048939
vn -0.55668294 -0.43047523 0.71048939
vn -0.56931166 -0.41362913 0.71048939
vn -0.58143076 -0.39641278 0.71048939
vn -0.59302940 -0.37884159 0.71048939
vn -0.60409721 -0.36093128 0.71048939
vn -0.61462426 -0.34269789 0.71048939
vn -0.62460114 -0.32415774 0.71048939
vn -0.63401892 -0.30532742 0.71048939
vn -0.64286916 -0.28622379 0.71048939
vn -0.65114396 -0.26686396 0.71048939
vn -0.65883588 -0.24726524 0.71048939
vn -0.66593807 -0.22744519 0.71048939
vn -0.67244414 -0.20742155 0.71048939
vn -0.67834829 -0.18721223 0.71048939
vn -0.68364522 -0.16683534 0.71048939
vn -0.68833020 -0.14630910 0.71048939
vn -0.69239903 -0.12565190 0.71048939
vn -0.69584807 -0.10488222 0.71048939
vn -0.69867424 -0.08401866 0.71048939
vn -0.70087499 -0.06307989 0.71048939
vn -0.70244836 -0.04208466 0.71048939
vn -0.70339295 -0.02105175 0.71048939
vn -0.70370791 -0.00000000 0.71048939
vn -0.70339295 0.02105175 0.71048939
vn -0.70244836 0.04208466 0.71048939
vn -0.70087499 0.06307989 0.71048939
vn -0.69867424 0.08401866 0.71048939
vn -0.69584807 0.10488222 0.71048939
vn -0.69239903 0.12565190 0.71048939
vn -0.68833020 0.14630910 0.71048939
vn -0.68364522 0.16683534 0.71048939
vn -0.67834829 0.18721223 0.71048939
vn -0.67244414 0.20742155 0.71048939
vn -0.66593807 0.22744519 0.71048939
vn -0.65883588 0.24726524 0.71048939
vn -0.65114396 0.26686396 0.71048939
vn -0.64286916 0.28622379 0.71048939
vn -0.63401892 0.30532742 0.71048939
vn -0.62460114 0.32415774 0.71048939
vn -0.61462426 0.34269789 0.71048939
vn -0.60409721 0.36093128 0.71048939
vn -0.59302940 0.37884159 0.71048939
vn -0.58143076 0.39641278 0.71048939
vn -0.56931166 0.41362913 0.71048939
vn -0.55668294 0.43047523 0.71048939
vn -0.54355592 0.44693599 0.71048939
vn -0.52994235 0.46299669 0.71048939
vn -0.51585440 0.47864294 0.71048939
vn -0.50130469 0.49386074 0.71048939
vn -0.48630625 0.50863646 0.71048939
vn -0.47087250 0.52295689 0.71048939
vn -0.45501725 0.53680920 0.71048939
vn -0.43875471 0.55018100 0.71048939
vn -0.42209941 0.56306031 0.71048939
vn -0.40506628 0.57543560 0.71048939
vn -0.38767056 0.58729580 0.71048939
vn -0.36992783 0.59863029 0.71048939
vn -0.35185396 0.60942893 0.71048939
vn -0.33346513 0.61968204 0.71048939
vn -0.31477780 0.62938046 0.71048939
vn -0.29580871 0.63851549 0.71048939
vn -0.27657482 0.64707897 0.71048939
vn -0.25709337 0.65506322 0.71048939
vn -0.23738178 0.66246110 0.71048939
vn -0.21745770 0.66926599 0.71048939
vn -0.19733897 0.67547180 0.71048939
vn -0.17704360 0.68107297 0.71048939
vn -0.15658974 0.68606448 0.71048939
vn -0.13599572 0.69044188 0.71048939
vn -0.11527996 0.69420123 0.71048939
vn -0.09446101 0.69733919 0.71048939
vn -0.07355751 0.69985292 0.71048939
vn -0.05258816 0.70174020 0.71048939
vn -0.03157174 0.70299932 0.71048939
vn -0.01052705 0.70362917 0.71048939
vn 0.01052705 0.70362917 0.71048939
vn 0.03157174 0.70299932 0.71048939
vn 0.05258816 0.70174020 0.71048939
vn 0.07355751 0.69985292 0.71048939
vn 0.09446101 0.69733919 0.71048939
vn 0.11527996 0.69420123 0.71048939
vn 0.13599572 0.69044188 0.71048939
vn 0.15658974 0.68606448 0.71048939
vn 0.17704360 0.68107297 0.71048939
vn 0.19733897 0.67547180 0.71048939
vn 0.21745770 0.66926599 0.71048939
vn 0.23738178 0.66246110 0.71048939
vn 0.25709337 0.65506322 0.71048939
vn 0.27657482 0.64707897 0.71048939
vn 0.29580871 0.63851549 0.71048939
vn 0.31477780 0.62938046 0.71048939
vn 0.33346513 0.61968204 0.71048939
vn 0.35185396 0.60942893 0.71048939
vn 0.36992783 0.59863029 0.71048939
vn 0.38767056 0.58729580 0.71048939
vn 0.40506628 0.57543560 0.71048939
vn 0.42209941 0.56306031 0.71048939
vn 0.43875471 0.55018100 0.71048939
vn 0.45501725 0.53680920 0.71048939
vn 0.47087250 0.52295689 0.71048939
vn 0.48630625 0.50863646 0.71048939
vn 0.50130469 0.49386074 0.71048939
vn 0.51585440 0.47864294 0.71048939
vn 0.52994235 0.46299669 0.71048939
vn 0.54355592 0.44693599 0.71048939
vn 0.55668294 0.43047523 0.71048939
vn 0.56931166 0.41362913 0.71048939
vn 0.58143076 0.39641278 0.71048939
vn 0.59302940 0.37884159 0.71048939
vn 0.60409721 0.36093128 0.71048939
vn 0.61462426 0.34269789 0.71048939
vn 0.62460114 0.32415774 0.71048939
vn 0.63401892 0.30532742 0.71048939
vn 0.64286916 0.28622379 0.71048939
vn 0.65114396 0.26686396 0.71048939
vn 0.65883588 0.24726524 0.71048939
vn 0.66593807 0.22744519 0.71048939
vn 0.67244414 0.20742155 0.71048939
vn 0.67834829 0.18721223 0.71048939
vn 0.68364522 0.16683534 0.71048939
vn 0.68833020 0.14630910 0.71048939
vn 0.69239903 0.12565190 0.71048939
vn 0.69584807 0.10488222 0.71048939
vn 0.69867424 0.08401866 0.71048939
vn 0.70087499 0.06307989 0.71048939
vn 0.70244836 0.04208466 0.71048939
vn 0.70339295 0.02105175 0.71048939
vn 0.70370791 -0.00000000 0.71048939
vn 0.70339295 -0.02105175 0.71048939
vn 0.70244836 -0.04208466 0.71048939
vn 0.70087499 -0.06307989 0.71048939
vn 0.69867424 -0.08401866 0.71048939
vn 0.69584807 -0.10488222 0.71048939
vn 0.69239903 -0.12565190 0.71048939
vn 0.68833020 -0.14630910 0.71048939
vn 0.68364522 -0.16683534 0.71048939
vn 0.67834829 -0.18721223 0.71048939
vn 0.67244414 -0.20742155 0.71048939
vn 0.66593807 -0.22744519 0.71048939
vn 0.65883588 -0.24726524 0.71048939
vn 0.65114396 -0.26686396 0.71048939
vn 0.64286916 -0.28622379 0.71048939
vn 0.63401892 -0.30532742 0.71048939
vn 0.62460114 -0.32415774 0.71048939
vn 0.61462426 -0.34269789 0.71048939
vn 0.60409721 -0.36093128 0.71048939
vn 0.59302940 -0.37884159 0.71048939
vn 0.58143076 -0.39641278 0.71048939
vn 0.56931166 -0.41362913 0.71048939
vn 0.55668294 -0.43047523 0.71048939
vn 0.54355592 -0.44693599 0.71048939
vn 0.52994235 -0.46299669 0.71048939
vn 0.51585440 -0.47864294 0.71048939
vn 0.50130469 -0.49386074 0.71048939
vn 0.48630625 -0.50863646 0.71048939
vn 0.47087250 -0.52295689 0.71048939
vn 0.45501725 -0.53680920 0.71048939
vn 0.43875471 -0.55018100 0.71048939
vn 0.42209941 -0.56306031 0.71048939
vn 0.40506628 -0.57543560 0.71048939
vn 0.38767056 -0.58729580 0.71048939
vn 0.36992783 -0.59863029 0.71048939
vn 0.35185396 -0.60942893 0.71048939
vn 0.33346513 -0.61968204 0.71048939
vn 0.31477780 -0.62938046 0.71048939
vn 0.29580871 -0.63851549 0.71048939
vn 0.27657482 -0.64707897 0.71048939
vn 0.25709337 -0.65506322 0.71048939
vn 0.23738178 -0.66246110 0.71048939
vn 0.21745770 -0.66926599 0.71048939
vn 0.19733897 -0.67547180 0.71048939
vn 0.17704360 -0.68107297 0.71048939
vn 0.15658974 -0.68606448 0.71048939
vn 0.13599572 -0.69044188 0.71048939
vn 0.11527996 -0.69420123 0.71048939
vn 0.09446101 -0.69733919 0.71048939
vn 0.07355751 -0.69985292 0.71048939
vn 0.05258816 -0.70174020 0.71048939
vn 0.03157174 -0.70299932 0.71048939
vn 0.01052705 -0.70362917 0.71048939
vn -0.01052705 -0.70362917 0.71048939
vn -0.03157174 -0.70299932 0.71048939
vn -0.05258816 -0.70174020 0.71048939
vn -0.07355751 -0.69985292 0.71048939
vn -0.09446101 -0.69733919 0.71048939
vn -0.11527996 -0.69420123 0.71048939
vn -0.13599572 -0.69044188 0.71048939
vn -0.15658974 -0.68606448 0.71048939
vn -0.17704360 -0.68107297 0.71048939
vn -0.19733897 -0.67547180 0.71048939
vn -0.21745770 -0.66926599 0.71048939
vn -0.23738178 -0.66246110 0.71048939
vn -0.25709337 -0.65506322 0.71048939
vn -0.27657482 -0.64707897 0.71048939
vn -0.29580871 -0.63851549 0.71048939
vn -0.31477780 -0.62938046 0.71048939
vn -0.33346513 -0.61968204 0.71048939
vn -0.35185396 -0.60942893 0.71048939
vn -0.36992783 -0.59863029 0.71048939
vn -0.38767056 -0.58729580 0.71048939
vn -0.40506628 -0.57543560 0.71048939
vn -0.42209941 -0.56306031 0.71048939
vn -0.43875471 -0.55018100 0.71048939
vn -0.45501725 -0.53680920 0.71048939
vn -0.47087250 -0.52295689 0.71048939
vn -0.48630625 -0.50863646 0.71048939
vn -0.50130469 -0.49386074 0.71048939
vn -0.51585440 -0.47864294 0.71048939
vn -0.52994235 -0.46299669 0.71048939
vn -0.54355592 -0.44693599 0.71048939
vn -0.55668294 -0.43047523 0.71048939
vn -0.56931166 -0.41362913 0.71048939
vn -0.58143076 -0.39641278 0.71048939
vn -0.59302940 -0.37884159 0.71048939
vn -0.60409721 -0.36093128 0.71048939
vn -0.61462426 -0.34269789 0.71048939
vn -0.62460114 -0.32415774 0.71048939
vn -0.63401892 -0.30532742 0.71048939
vn -0.64286916 -0.28622379 0.71048939
vn -0.65114396 -0.26686396 0.71048939
vn -0.65883588 -0.24726524 0.71048939
vn -0.66593807 -0.22744519 0.71048939
vn -0.67244414 -0.20742155 0.71048939
vn -0.67834829 -0.18721223 0.71048939
vn -0.68364522 -0.16683534 0.71048939
vn -0.68833020 -0.14630910 0.71048939
vn -0.69239903 -0.12565190 0.71048939
vn -0.69584807 -0.10488222 0.71048939
vn -0.69867424 -0.08401866 0.71048939
vn -0.70087499 -0.06307989 0.71048939
vn -0.70244836 -0.04208466 0.71048939
vn -0.70339295 -0.02105175 0.71048939
vn -0.71044256 0.00000000 0.70375519
vn -0.71012459 -0.02125322 0.70375519
vn -0.70917096 -0.04248742 0.70375519
vn -0.70758253 -0.06368358 0.70375519
vn -0.70536071 -0.08482274 0.70375519
vn -0.70250750 -0.10588597 0.70375519
vn -0.69902546 -0.12685442 0.70375519
vn -0.69491769 -0.14770931 0.70375519
vn -0.69018787 -0.16843199 0.70375519
vn -0.68484024 -0.18900390 0.70375519
vn -0.67887959 -0.20940662 0.70375519
vn -0.67231125 -0.22962190 0.70375519
vn -0.66514110 -0.24963163 0.70375519
vn -0.65737556 -0.26941791 0.70375519
vn -0.64902157 -0.28896302 0.70375519
vn -0.64008663 -0.30824947 0.70375519
vn -0.63057872 -0.32726000 0.70375519
vn -0.62050636 -0.34597759 0.70375519
vn -0.60987856 -0.36438548 0.70375519
vn -0.59870484 -0.38246719 0.70375519
vn -0.58699519 -0.40020654 0.70375519
vn -0.57476011 -0.41758766 0.70375519
vn -0.56201053 -0.43459498 0.70375519
vn -0.54875788 -0.45121327 0.70375519
vn -0.53501402 -0.46742767 0.70375519
vn -0.52079125 -0.48322366 0.70375519
vn -0.50610230 -0.49858710 0.70375519
vn -0.49096032 -0.51350423 0.70375519
vn -0.47537886 -0.52796171 0.70375519
vn -0.45937188 -0.54194659 0.70375519
vn -0.44295369 -0.55544636 0.70375519
vn -0.42613900 -0.56844893 0.70375519
vn -0.40894286 -0.58094265 0.70375519
vn -0.39138066 -0.59291636 0.70375519
vn -0.37346812 -0.60435932 0.70375519
vn -0.35522128 -0.61526131 0.70375519
vn -0.33665647 -0.62561254 0.70375519
vn -0.31779030 -0.63540378 0.70375519
vn -0.29863967 -0.64462623 0.70375519
vn -0.27922171 -0.65327167 0.70375519
vn -0.25955381 -0.66133233 0.70375519
vn -0.23965358 -0.66880101 0.70375519
vn -0.21953882 -0.67567103 0.70375519
vn -0.19922755 -0.68193622 0.70375519
vn -0.17873794 -0.68759100 0.70375519
vn -0.15808834 -0.69263028 0.70375519
vn -0.13729723 -0.69704957 0.70375519
vn -0.11638322 -0.70084490 0.70375519
vn -0.09536503 -0.70401289 0.70375519
vn -0.07426147 -0.70655068 0.70375519
vn -0.05309144 -0.70845602 0.70375519
vn -0.03187388 -0.70972719 0.70375519
vn -0.01062780 -0.71036306 0.70375519
vn 0.01062780 -0.71036306 0.70375519
vn 0.03187388 -0.70972719 0.70375519
vn 0.05309144 -0.70845602 0.70375519
vn 0.07426147 -0.70655068 0.70375519
vn 0.09536503 -0.70401289 0.70375519
vn 0.11638322 -0.70084490 0.70375519
vn 0.13729723 -0.69704957 0.70375519
vn 0.15808834 -0.69263028 0.70375519
vn 0.17873794 -0.68759100 0.70375519
vn 0.19922755 -0.68193622 0.70375519
vn 0.21953882 -0.67567103 0.70375519
vn 0.23965358 -0.66880101 0.70375519
vn 0.25955381 -0.66133233 0.70375519
vn 0.27922171 -0.65327167 0.70375519
vn 0.29863967 -0.64462623 0.70375519
vn 0.31779030 -0.63540378 0.70375519
vn 0.33665647 -0.62561254 0.70375519
vn 0.35522128 -0.61526131 0.70375519
vn 0.37346812 -0.60435932 0.70375519
vn 0.39138066 -0.59291636 0.70375519
vn 0.40894286 -0.58094265 0.70375519
vn 0.42613900 -0.56844893 0.70375519
vn 0.44295369 -0.55544636 0.70375519
vn 0.45937188 -0.54194659 0.70375519
vn 0.47537886 -0.52796171 0.70375519
vn 0.49096032 -0.51350423 0.70375519
vn 0.50610230 -0.49858710 0.70375519
vn 0.52079125 -0.48322366 0.70375519
vn 0.53501402 -0.46742767 0.70375519
vn 0.54875788 -0.45121327 0.70375519
vn 0.56201053 -0.43459498 0.70375519
vn 0.57476011 -0.41758766 0.70375519
vn 0.58699519 -0.40020654 0.70375519
vn 0.59870484 -0.38246719 0.70375519
vn 0.60987856 -0.36438548 0.70375519
vn 0.62050636 -0.34597759 0.70375519
vn 0.63057872 -0.32726000 0.70375519
vn 0.64008663 -0.30824947 0.70375519
vn 0.64902157 -0.28896302 0.70375519
vn 0.65737556 -0.26941791 0.70375519
vn 0.66514110 -0.24963163 0.70375519
vn 0.67231125 -0.22962190 0.70375519
vn 0.67887959 -0.20940662 0.70375519
vn 0.68484024 -0.18900390 0.70375519
vn 0.69018787 -0.16843199 0.70375519
vn 0.69491769 -0.14770931 0.70375519
vn 0.69902546 -0.12685442 0.70375519
vn 0.70250750 -0.10588597 0.70375519
vn 0.70536071 -0.08482274 0.70375519
vn 0.70758253 -0.06368358 0.70375519
vn 0.70917096 -0.04248742 0.70375519
vn 0.71012459 -0.02125322 0.70375519
vn 0.71044256 0.00000000 0.70375519
vn 0.71012459 0.02125322 0.70375519
vn 0.70917096 0.04248742 0.70375519
vn 0.70758253 0.06368358 0.70375519
vn 0.70536071 0.08482274 0.70375519
vn 0.70250750 0.10588597 0.70375519
vn 0.69902546 0.12685442 0.70375519
vn 0.69491769 0.14770931 0.70375519
vn 0.69018787 0.16843199 0.70375519
vn 0.68484024 0.18900390 0.70375519
vn 0.67887959 0.20940662 0.70375519
vn 0.67231125 0.22962190 0.70375519
vn 0.66514110 0.24963163 0.70375519
vn 0.65737556 0.26941791 0.70375519
vn 0.64902157 0.28896302 0.70375519
vn 0.64008663 0.30824947 0.70375519
vn 0.63057872 0.32726000 0.70375519
vn 0.62050636 0.34597759 0.70375519
vn 0.60987856 0.36438548 0.70375519
vn 0.59870484 0.38246719 0.70375519
vn 0.58699519 0.40020654 0.70375519
vn 0.57476011 0.41758766 0.70375519
vn 0.56201053 0.43459498 0.70375519
vn 0.54875788 0.45121327 0.70375519
vn 0.53501402 0.46742767 0.70375519
vn 0.52079125 0.48322366 0.70375519
vn 0.50610230 0.49858710 0.70375519
vn 0.49096032 0.51350423 0.70375519
vn 0.47537886 0.52796171 0.70375519
vn 0.45937188 0.54194659 0.70375519
vn 0.44295369 0.55544636 0.70375519
vn 0.42613900 0.56844893 0.70375519
vn 0.40894286 0.58094265 0.70375519
vn 0.39138066 0.59291636 0.70375519
vn 0.37346812 0.60435932 0.70375519
vn 0.35522128 0.61526131 0.70375519
vn 0.33665647 0.62561254 0.70375519
vn 0.31779030 0.63540378 0.70375519
vn 0.29863967 0.64462623 0.70375519
vn 0.27922171 0.65327167 0.70375519
vn 0.25955381 0.66133233 0.70375519
vn 0.23965358 0.66880101 0.70375519
vn 0.21953882 0.67567103 0.70375519
vn 0.19922755 0.68193622 0.70375519
vn 0.17873794 0.68759100 0.70375519
vn 0.15808834 0.69263028 0.70375519
vn 0.13729723 0.69704957 0.70375519
vn 0.11638322 0.70084490 0.70375519
vn 0.09536503 0.70401289 0.70375519
vn 0.07426147 0.70655068 0.70375519
vn 0.05309144 0.70845602 0.70375519
vn 0.03187388 0.70972719 0.70375519
vn 0.01062780 0.71036306 0.70375519
vn -0.01062780 0.71036306 0.70375519
vn -0.03187388 0.70972719 0.70375519
vn -0.05309144 0.70845602 0.70375519
vn -0.07426147 0.70655068 0.70375519
vn -0.09536503 0.70401289 0.70375519
vn -0.11638322 0.70084490 0.70375519
vn -0.13729723 0.69704957 0.70375519
vn -0.15808834 0.69263028 0.70375519
vn -0.17873794 0.68759100 0.70375519
vn -0.19922755 0.68193622 0.70375519
vn -0.21953882 0.67567103 0.70375519
vn -0.23965358 0.66880101 0.70375519
vn -0.25955381 0.66133233 0.70375519
vn -0.27922171 0.65327167 0.70375519
vn -0.29863967 0.64462623 0.70375519
vn -0.31779030 0.63540378 0.70375519
vn -0.33665647 0.62561254 0.70375519
vn -0.35522128 0.61526131 0.70375519
vn -0.37346812 0.60435932 0.70375519
vn -0.39138066 0.59291636 0.70375519
vn -0.40894286 0.58094265 0.70375519
vn -0.42613900 0.56844893 0.70375519
vn -0.44295369 0.55544636 0.70375519
vn -0.45937188 0.54194659 0.70375519
vn -0.47537886 0.52796171 0.70375519
vn -0.49096032 0.51350423 0.70375519
vn -0.50610230 0.49858710 0.70375519
vn -0.52079125 0.48322366 0.70375519
vn -0.53501402 0.46742767 0.70375519
vn -0.54875788 0.45121327 0.70375519
vn -0.56201053 0.43459498 0.70375519
vn -0.57476011 0.41758766 0.70375519
vn -0.58699519 0.40020654 0.70375519
vn -0.59870484 0.38246719 0.70375519
vn -0.60987856 0.36438548 0.70375519
vn -0.62050636 0.34597759 0.70375519
vn -0.63057872 0.32726000 0.70375519
vn -0.64008663 0.30824947 0.70375519
vn -0.64902157 0.28896302 0.70375519
vn -0.65737556 0.26941791 0.70375519
vn -0.66514110 0.24963163 0.70375519
vn -0.67231125 0.22962190 0.70375519
vn -0.67887959 0.20940662 0.70375519
vn -0.68484024 0.18900390 0.70375519
vn -0.69018787 0.16843199 0.70375519
vn -0.69491769 0.14770931 0.70375519
vn -0.69902546 0.12685442 0.70375519
vn -0.70250750 0.10588597 0.70375519
vn -0.70536071 0.08482274 0.70375519
vn -0.70758253 0.06368358 0.70375519
vn -0.70917096 0.04248742 0.70375519
vn -0.71012459 0.02125322 0.70375519
vn -0.71044256 -0.00000000 0.70375519
vn -0.71012459 -0.02125322 0.70375519
vn -0.70917096 -0.04248742 0.70375519
vn -0.70758253 -0.06368358 0.70375519
vn -0.70536071 -0.08482274 0.70375519
vn -0.70250750 -0.10588597 0.70375519
vn -0.69902546 -0.12685442 0.70375519
vn -0.69491769 -0.14770931 0.70375519
vn -0.69018787 -0.16843199 0.70375519
vn -0.68484024 -0.18900390 0.70375519
vn -0.67887959 -0.20940662 0.70375519
vn -0.67231125 -0.22962190 0.70375519
vn -0.66514110 -0.24963163 0.70375519
vn -0.65737556 -0.26941791 0.70375519
vn -0.64902157 -0.28896302 0.70375519
vn -0.64008663 -0.30824947 0.70375519
vn -0.63057872 -0.32726000 0.70375519
vn -0.62050636 -0.34597759 0.70375519
vn -0.60987856 -0.36438548 0.70375519
vn -0.59870484 -0.38246719 0.70375519
vn -0.58699519 -0.40020654 0.70375519
vn -0.57476011 -0.41758766 0.70375519
vn -0.56201053 -0.43459498 0.70375519
vn -0.54875788 -0.45121327 0.70375519
vn -0.53501402 -0.46742767 0.70375519
vn -0.52079125 -0.48322366 0.70375519
vn -0.50610230 -0.49858710 0.70375519
vn -0.49096032 -0.51350423 0.70375519
vn -0.47537886 -0.52796171 0.70375519
vn -0.45937188 -0.54194659 0.70375519
vn -0.44295369 -0.55544636 0.70375519
vn -0.42613900 -0.56844893 0.70375519
vn -0.40894286 -0.58094265 0.70375519
vn -0.39138066 -0.59291636 0.70375519
vn -0.37346812 -0.60435932 0.70375519
vn -0.35522128 -0.61526131 0.70375519
vn -0.33665647 -0.62561254 0.70375519
vn -0.31779030 -0.63540378 0.70375519
vn -0.29863967 -0.64462623 0.70375519
vn -0.27922171 -0.65327167 0.70375519
vn -0.25955381 -0.66133233 0.70375519
vn -0.23965358 -0.66880101 0.70375519
vn -0.21953882 -0.67567103 0.70375519
vn -0.19922755 -0.68193622 0.70375519
vn -0.17873794 -0.68759100 0.70375519
vn -0.15808834 -0.69263028 0.70375519
vn -0.13729723 -0.69704957 0.70375519
vn -0.11638322 -0.70084490 0.70375519
vn -0.09536503 -0.70401289 0.70375519
vn -0.07426147 -0.70655068 0.70375519
vn -0.05309144 -0.70845602 0.70375519
vn -0.03187388 -0.70972719 0.70375519
vn -0.01062780 -0.71036306 0.70375519
vn 0.01062780 -0.71036306 0.70375519
vn 0.03187388 -0.70972719 0.70375519
vn 0.05309144 -0.70845602 0.70375519
vn 0.07426147 -0.70655068 0.70375519
vn 0.09536503 -0.70401289 0.70375519
vn 0.11638322 -0.70084490 0.70375519
vn 0.13729723 -0.69704957 0.70375519
vn 0.15808834 -0.69263028 0.70375519
vn 0.17873794 -0.68759100 0.70375519
vn 0.19922755 -0.68193622 0.70375519
vn 0.21953882 -0.67567103 0.70375519
vn 0.23965358 -0.66880101 0.70375519
vn 0.25955381 -0.66133233 0.70375519
vn 0.27922171 -0.65327167 0.70375519
vn 0.29863967 -0.64462623 0.70375519
vn 0.31779030 -0.63540378 0.70375519
vn 0.33665647 -0.62561254 0.70375519
vn 0.35522128 -0.61526131 0.70375519
vn 0.37346812 -0.60435932 0.70375519
vn 0.39138066 -0.59291636 0.70375519
vn 0.40894286 -0.58094265 0.70375519
vn 0.42613900 -0.56844893 0.70375519
vn 0.44295369 -0.55544636 0.70375519
vn 0.45937188 -0.54194659 0.70375519
vn 0.47537886 -0.52796171 0.70375519
vn 0.49096032 -0.51350423 0.70375519
vn 0.50610230 -0.49858710 0.70375519
vn 0.52079125 -0.48322366 0.70375519
vn 0.53501402 -0.46742767 0.70375519
vn 0.54875788 -0.45121327 0.70375519
vn 0.56201053 -0.43459498 0.70375519
vn 0.57476011 -0.41758766 0.70375519
vn 0.58699519 -0.40020654 0.70375519
vn 0.59870484 -0.38246719 0.70375519
vn 0.60987856 -0.36438548 0.70375519
vn 0.62050636 -0.34597759 0.70375519
vn 0.63057872 -0.32726000 0.70375519
vn 0.64008663 -0.30824947 0.70375519
vn 0.64902157 -0.28896302 0.70375519
vn 0.65737556 -0.26941791 0.70375519
vn 0.66514110 -0.24963163 0.70375519
vn 0.67231125 -0.22962190 0.70375519
vn 0.67887959 -0.20940662 0.70375519
vn 0.68484024 -0.18900390 0.70375519
vn 0.69018787 -0.16843199 0.70375519
vn 0.69491769 -0.14770931 0.70375519
vn 0.69902546 -0.12685442 0.70375519
vn 0.70250750 -0.10588597 0.70375519
vn 0.70536071 -0.08482274 0.70375519
vn 0.70758253 -0.06368358 0.70375519
vn 0.70917096 -0.04248742 0.70375519
vn 0.71012459 -0.02125322 0.70375519
vn 0.71044256 -0.00000000 0.70375519
vn 0.71012459 0.02125322 0.70375519
vn 0.70917096 0.04248742 0.70375519
vn 0.70758253 0.06368358 0.70375519
vn 0.70536071 0.08482274 0.70375519
vn 0.70250750 0.10588597 0.70375519
vn 0.69902546 0.12685442 0.70375519
vn 0.69491769 0.14770931 0.70375519
vn 0.69018787 0.16843199 0.70375519
vn 0.68484024 0.18900390 0.70375519
vn 0.67887959 0.20940662 0.70375519
vn 0.67231125 0.22962190 0.70375519
vn 0.66514110 0.24963163 0.70375519
vn 0.65737556 0.26941791 0.70375519
vn 0.64902157 0.28896302 0.70375519
vn 0.64008663 0.30824947 0.70375519
vn 0.63057872 0.32726000 0.70375519
vn 0.62050636 0.34597759 0.70375519
vn 0.60987856 0.36438548 0.70375519
vn 0.59870484 0.38246719 0.70375519
vn 0.58699519 0.40020654 0.70375519
vn 0.57476011 0.41758766 0.70375519
vn 0.56201053 0.43459498 0.70375519
vn 0.54875788 0.45121327 0.70375519
vn 0.53501402 0.46742767 0.70375519
vn 0.52079125 0.48322366 0.70375519
vn 0.50610230 0.49858710 0.70375519
vn 0.49096032 0.51350423 0.70375519
vn 0.47537886 0.52796171 0.70375519
vn 0.45937188 0.54194659 0.70375519
vn 0.44295369 0.55544636 0.70375519
vn 0.42613900 0.56844893 0.70375519
vn 0.40894286 0.58094265 0.70375519
vn 0.39138066 0.59291636 0.70375519
vn 0.37346812 0.60435932 0.70375519
vn 0.35522128 0.61526131 0.70375519
vn 0.33665647 0.62561254 0.70375519
vn 0.31779030 0.63540378 0.70375519
vn 0.29863967 0.64462623 0.70375519
vn 0.27922171 0.65327167 0.70375519
vn 0.25955381 0.66133233 0.70375519
vn 0.23965358 0.66880101 0.70375519
vn 0.21953882 0.67567103 0.70375519
vn 0.19922755 0.68193622 0.70375519
vn 0.17873794 0.68759100 0.70375519
vn 0.15808834 0.69263028 0.70375519
vn 0.13729723 0.69704957 0.70375519
vn 0.11638322 0.70084490 0.70375519
vn 0.09536503 0.70401289 0.70375519
vn 0.07426147 0.70655068 0.70375519
vn 0.05309144 0.70845602 0.70375519
vn 0.03187388 0.70972719 0.70375519
vn 0.01062780 0.71036306 0.70375519
vn -0.01062780 0.71036306 0.70375519
vn -0.03187388 0.70972719 0.70375519
vn -0.05309144 0.70845602 0.70375519
vn -0.07426147 0.70655068 0.70375519
vn -0.09536503 0.70401289 0.70375519
vn -0.11638322 0.70084490 0.70375519
vn -0.13729723 0.69704957 0.70375519
vn -0.15808834 0.69263028 0.70375519
vn -0.17873794 0.68759100 0.70375519
vn -0.19922755 0.68193622 0.70375519
vn -0.21953882 0.67567103 0.70375519
vn -0.23965358 0.66880101 0.70375519
vn -0.25955381 0.66133233 0.70375519
vn -0.27922171 0.65327167 0.70375519
vn -0.29863967 0.64462623 0.70375519
vn -0.31779030 0.63540378 0.70375519
vn -0.33665647 0.62561254 0.70375519
vn -0.35522128 0.61526131 0.70375519
vn -0.37346812 0.60435932 0.70375519
vn -0.39138066 0.59291636 0.70375519
vn -0.40894286 0.58094265 0.70375519
vn -0.42613900 0.56844893 0.70375519
vn -0.44295369 0.55544636 0.70375519
vn -0.45937188 0.54194659 0.70375519
vn -0.47537886 0.52796171 0.70375519
vn -0.49096032 0.51350423 0.70375519
vn -0.50610230 0.49858710 0.70375519
vn -0.52079125 0.48322366 0.70375519
vn -0.53501402 0.46742767 0.70375519
vn -0.54875788 0.45121327 0.70375519
vn -0.56201053 0.43459498 0.70375519
vn -0.57476011 0.41758766 0.70375519
vn -0.58699519 0.40020654 0.70375519
vn -0.59870484 0.38246719 0.70375519
vn -0.60987856 0.36438548 0.70375519
vn -0.62050636 0.34597759 0.70375519
vn -0.63057872 0.32726000 0.70375519
vn -0.64008663 0.30824947 0.70375519
vn -0.64902157 0.28896302 0.70375519
vn -0.65737556 0.26941791 0.70375519
vn -0.66514110 0.24963163 0.70375519
vn -0.67231125 0.22962190 0.70375519
vn -0.67887959 0.20940662 0.70375519
vn -0.68484024 0.18900390 0.70375519
vn -0.69018787 0.16843199 0.70375519
vn -0.69491769 0.14770931 0.70375519
vn -0.69902546 0.12685442 0.70375519
vn -0.70250750 0.10588597 0.70375519
vn -0.70536071 0.08482274 0.70375519
vn -0.70758253 0.06368358 0.70375519
vn -0.70917096 0.04248742 0.70375519
vn -0.71012459 0.02125322 0.70375519
vn -0.71044256 0.00000000 0.70375519
vn -0.71012459 -0.02125322 0.70375519
vn -0.70917096 -0.04248742 0.70375519
vn -0.70758253 -0.06368358 0.70375519
vn -0.70536071 -0.08482274 0.70375519
vn -0.70250750 -0.10588597 0.70375519
vn -0.69902546 -0.12685442 0.70375519
vn -0.69491769 -0.14770931 0.70375519
vn -0.69018787 -0.16843199 0.70375519
vn -0.68484024 -0.18900390 0.70375519
vn -0.67887959 -0.20940662 0.70375519
vn -0.67231125 -0.22962190 0.70375519
vn -0.66514110 -0.24963163 0.70375519
vn -0.65737556 -0.26941791 0.70375519
vn -0.64902157 -0.28896302 0.70375519
vn -0.64008663 -0.30824947 0.70375519
vn -0.63057872 -0.32726000 0.70375519
vn -0.62050636 -0.34597759 0.70375519
vn -0.60987856 -0.36438548 0.70375519
vn -0.59870484 -0.38246719 0.70375519
vn -0.58699519 -0.40020654 0.70375519
vn -0.57476011 -0.41758766 0.70375519
vn -0.56201053 -0.43459498 0.70375519
vn -0.54875788 -0.45121327 0.70375519
vn -0.53501402 -0.46742767 0.70375519
vn -0.52079125 -0.48322366 0.70375519
vn -0.50610230 -0.49858710 0.70375519
vn -0.49096032 -0.51350423 0.70375519
vn -0.47537886 -0.52796171 0.70375519
vn -0.45937188 -0.54194659 0.70375519
vn -0.44295369 -0.55544636 0.70375519
vn -0.42613900 -0.56844893 0.70375519
vn -0.40894286 -0.58094265 0.70375519
vn -0.39138066 -0.59291636 0.70375519
vn -0.37346812 -0.60435932 0.70375519
vn -0.35522128 -0.61526131 0.70375519
vn -0.33665647 -0.62561254 0.70375519
vn -0.31779030 -0.63540378 0.70375519
vn -0.29863967 -0.64462623 0.70375519
vn -0.27922171 -0.65327167 0.70375519
vn -0.25955381 -0.66133233 0.70375519
vn -0.23965358 -0.66880101 0.70375519
vn -0.21953882 -0.67567103 0.70375519
vn -0.19922755 -0.68193622 0.70375519
vn -0.17873794 -0.68759100 0.70375519
vn -0.15808834 -0.69263028 0.70375519
vn -0.13729723 -0.69704957 0.70375519
vn -0.11638322 -0.70084490 0.70375519
vn -0.09536503 -0.70401289 0.70375519
vn -0.07426147 -0.70655068 0.70375519
vn -0.05309144 -0.70845602 0.70375519
vn -0.03187388 -0.70972719 0.70375519
vn -0.01062780 -0.71036306 0.70375519
vn 0.01062780 -0.71036306 0.70375519
vn 0.03187388 -0.70972719 0.70375519
vn 0.05309144 -0.70845602 0.70375519
vn 0.07426147 -0.70655068 0.70375519
vn 0.09536503 -0.70401289 0.70375519
vn 0.11638322 -0.70084490 0.70375519
vn 0.13729723 -0.69704957 0.70375519
vn 0.15808834 -0.69263028 0.70375519
vn 0.17873794 -0.68759100 0.70375519
vn 0.19922755 -0.68193622 0.70375519
vn 0.21953882 -0.67567103 0.70375519
vn 0.23965358 -0.66880101 0.70375519
vn 0.25955381 -0.66133233 0.70375519
vn 0.27922171 -0.65327167 0.70375519
vn 0.29863967 -0.64462623 0.70375519
vn 0.31779030 -0.63540378 0.70375519
vn 0.33665647 -0.62561254 0.70375519
vn 0.35522128 -0.61526131 0.70375519
vn 0.37346812 -0.60435932 0.70375519
vn 0.39138066 -0.59291636 0.70375519
vn 0.40894286 -0.58094265 0.70375519
vn 0.42613900 -0.56844893 0.70375519
vn 0.44295369 -0.55544636 0.70375519
vn 0.45937188 -0.54194659 0.70375519
vn 0.47537886 -0.52796171 0.70375519
vn 0.49096032 -0.51350423 0.70375519
vn 0.50610230 -0.49858710 0.70375519
vn 0.52079125 -0.48322366 0.70375519
vn 0.53501402 -0.46742767 0.70375519
vn 0.54875788 -0.45121327 0.70375519
vn 0.56201053 -0.43459498 0.70375519
vn 0.57476011 -0.41758766 0.70375519
vn 0.58699519 -0.40020654 0.70375519
vn 0.59870484 -0.38246719 0.70375519
vn 0.60987856 -0.36438548 0.70375519
vn 0.62050636 -0.34597759 0.70375519
vn 0.63057872 -0.32726000 0.70375519
vn 0.64008663 -0.30824947 0.70375519
vn 0.64902157 -0.28896302 0.70375519
vn 0.65737556 -0.26941791 0.70375519
vn 0.66514110 -0.24963163 0.70375519
vn 0.67231125 -0.22962190 0.70375519
vn 0.67887959 -0.20940662 0.70375519
vn 0.68484024 -0.18900390 0.70375519
vn 0.69018787 -0.16843199 0.70375519
vn 0.69491769 -0.14770931 0.70375519
vn 0.69902546 -0.12685442 0.70375519
vn 0.70250750 -0.10588597 0.70375519
vn 0.70536071 -0.08482274 0.70375519
vn 0.70758253 -0.06368358 0.70375519
vn 0.70917096 -0.04248742 0.70375519
vn 0.71012459 -0.02125322 0.70375519
vn 0.71044256 -0.00000000 0.70375519
vn 0.71012459 0.02125322 0.70375519
vn 0.70917096 0.04248742 0.70375519
vn 0.70758253 0.06368358 0.70375519
vn 0.70536071 0.08482274 0.70375519
vn 0.70250750 0.10588597 0.70375519
vn 0.69902546 0.12685442 0.70375519
vn 0.69491769 0.14770931 0.70375519
vn 0.69018787 0.16843199 0.70375519
vn 0.68484024 0.18900390 0.70375519
vn 0.67887959 0.20940662 0.70375519
vn 0.67231125 0.22962190 0.70375519
vn 0.66514110 0.24963163 0.70375519
vn 0.65737556 0.26941791 0.70375519
vn 0.64902157 0.28896302 0.70375519
vn 0.64008663 0.30824947 0.70375519
vn 0.63057872 0.32726000 0.70375519
vn 0.62050636 0.34597759 0.70375519
vn 0.60987856 0.36438548 0.70375519
vn 0.59870484 0.38246719 0.70375519
vn 0.58699519 0.40020654 0.70375519
vn 0.57476011 0.41758766 0.70375519
vn 0.56201053 0.43459498 0.70375519
vn 0.54875788 0.45121327 0.70375519
vn 0.53501402 0.46742767 0.70375519
vn 0.52079125 0.48322366 0.70375519
vn 0.50610230 0.49858710 0.70375519
vn 0.49096032 0.51350423 0.70375519
vn 0.47537886 0.52796171 0.70375519
vn 0.45937188 0.54194659 0.70375519
vn 0.44295369 0.55544636 0.70375519
vn 0.42613900 0.56844893 0.70375519
vn 0.40894286 0.58094265 0.70375519
vn 0.39138066 0.59291636 0.70375519
vn 0.37346812 0.60435932 0.70375519
vn 0.35522128 0.61526131 0.70375519
vn 0.33665647 0.62561254 0.70375519
vn 0.31779030 0.63540378 0.70375519
vn 0.29863967 0.64462623 0.70375519
vn 0.27922171 0.65327167 0.70375519
vn 0.25955381 0.66133233 0.70375519
vn 0.23965358 0.66880101 0.70375519
vn 0.21953882 0.67567103 0.70375519
vn 0.19922755 0.68193622 0.70375519
vn 0.17873794 0.68759100 0.70375519
vn 0.15808834 0.69263028 0.70375519
vn 0.13729723 0.69704957 0.70375519
vn 0.11638322 0.70084490 0.70375519
vn 0.09536503 0.70401289 0.70375519
vn 0.07426147 0.70655068 0.70375519
vn 0.05309144 0.70845602 0.70375519
vn 0.03187388 0.70972719 0.70375519
vn 0.01062780 0.71036306 0.70375519
vn -0.01062780 0.71036306 0.70375519
vn -0.03187388 0.70972719 0.70375519
vn -0.05309144 0.70845602 0.70375519
vn -0.07426147 0.70655068 0.70375519
vn -0.09536503 0.70401289 0.70375519
vn -0.11638322 0.70084490 0.70375519
vn -0.13729723 0.69704957 0.70375519
vn -0.15808834 0.69263028 0.70375519
vn -0.17873794 0.68759100 0.70375519
vn -0.19922755 0.68193622 0.70375519
vn -0.21953882 0.67567103 0.70375519
vn -0.23965358 0.66880101 0.70375519
vn -0.25955381 0.66133233 0.70375519
vn -0.27922171 0.65327167 0.70375519
vn -0.29863967 0.64462623 0.70375519
vn -0.31779030 0.63540378 0.70375519
vn -0.33665647 0.62561254 0.70375519
vn -0.35522128 0.61526131 0.70375519
vn -0.37346812 0.60435932 0.70375519
vn -0.39138066 0.59291636 0.70375519
vn -0.40894286 0.58094265 0.70375519
vn -0.42613900 0.56844893 0.70375519
vn -0.44295369 0.55544636 0.70375519
vn -0.45937188 0.54194659 0.70375519
vn -0.47537886 0.52796171 0.70375519
vn -0.49096032 0.51350423 0.70375519
vn -0.50610230 0.49858710 0.70375519
vn -0.52079125 0.48322366 0.70375519
vn -0.53501402 0.46742767 0.70375519
vn -0.54875788 0.45121327 0.70375519
vn -0.56201053 0.43459498 0.70375519
vn -0.57476011 0.41758766 0.70375519
vn -0.58699519 0.40020654 0.70375519
vn -0.59870484 0.38246719 0.70375519
vn -0.60987856 0.36438548 0.70375519
vn -0.62050636 0.34597759 0.70375519
vn -0.63057872 0.32726000 0.70375519
vn -0.64008663 0.30824947 0.70375519
vn -0.64902157 0.28896302 0.70375519
vn -0.65737556 0.26941791 0.70375519
vn -0.66514110 0.24963163 0.70375519
vn -0.67231125 0.22962190 0.70375519
vn -0.67887959 0.20940662 0.70375519
vn -0.68484024 0.18900390 0.70375519
vn -0.69018787 0.16843199 0.70375519
vn -0.69491769 0.14770931 0.70375519
vn -0.69902546 0.12685442 0.70375519
vn -0.70250750 0.10588597 0.70375519
vn -0.70536071 0.08482274 0.70375519
vn -0.70758253 0.06368358 0.70375519
vn -0.70917096 0.04248742 0.70375519
vn -0.71012459 0.02125322 0.70375519
vn -0.71044256 0.00000000 0.70375519
vn -0.71012459 -0.02125322 0.70375519
vn -0.70917096 -0.04248742 0.70375519
vn -0.70758253 -0.06368358 0.70375519
vn -0.70536071 -0.08482274 0.70375519
vn -0.70250750 -0.10588597 0.70375519
vn -0.69902546 -0.12685442 0.70375519
vn -0.69491769 -0.14770931 0.70375519
vn -0.69018787 -0.16843199 0.70375519
vn -0.68484024 -0.18900390 0.70375519
vn -0.67887959 -0.20940662 0.70375519
vn -0.67231125 -0.22962190 0.70375519
vn -0.66514110 -0.24963163 0.70375519
vn -0.65737556 -0.26941791 0.70375519
vn -0.64902157 -0.28896302 0.70375519
vn -0.64008663 -0.30824947 0.70375519
vn -0.63057872 -0.32726000 0.70375519
vn -0.62050636 -0.34597759 0.70375519
vn -0.60987856 -0.36438548 0.70375519
vn -0.59870484 -0.38246719 0.70375519
vn -0.58699519 -0.40020654 0.70375519
vn -0.57476011 -0.41758766 0.70375519
vn -0.56201053 -0.43459498 0.70375519
vn -0.54875788 -0.45121327 0.70375519
vn -0.53501402 -0.46742767 0.70375519
vn -0.52079125 -0.48322366 0.70375519
vn -0.50610230 -0.49858710 0.70375519
vn -0.49096032 -0.51350423 0.70375519
vn -0.47537886 -0.52796171 0.70375519
vn -0.45937188 -0.54194659 0.70375519
vn -0.44295369 -0.55544636 0.70375519
vn -0.42613900 -0.56844893 0.70375519
vn -0.40894286 -0.58094265 0.70375519
vn -0.39138066 -0.59291636 0.70375519
vn -0.37346812 -0.60435932 0.70375519
vn -0.35522128 -0.61526131 0.70375519
vn -0.33665647 -0.62561254 0.70375519
vn -0.31779030 -0.63540378 0.70375519
vn -0.29863967 -0.64462623 0.70375519
vn -0.27922171 -0.65327167 0.70375519
vn -0.25955381 -0.66133233 0.70375519
vn -0.23965358 -0.66880101 0.70375519
vn -0.21953882 -0.67567103 0.70375519
vn -0.19922755 -0.68193622 0.70375519
vn -0.17873794 -0.68759100 0.70375519
vn -0.15808834 -0.69263028 0.70375519
vn -0.13729723 -0.69704957 0.70375519
vn -0.11638322 -0.70084490 0.70375519
vn -0.09536503 -0.70401289 0.70375519
vn -0.07426147 -0.70655068 0.70375519
vn -0.05309144 -0.70845602 0.70375519
vn -0.03187388 -0.70972719 0.70375519
vn -0.01062780 -0.71036306 0.70375519
vn 0.01062780 -0.71036306 0.70375519
vn 0.03187388 -0.70972719 0.70375519
vn 0.05309144 -0.70845602 0.70375519
vn 0.07426147 -0.70655068 0.70375519
vn 0.09536503 -0.70401289 0.70375519
vn 0.11638322 -0.70084490 0.70375519
vn 0.13729723 -0.69704957 0.70375519
vn 0.15808834 -0.69263028 0.70375519
vn 0.17873794 -0.68759100 0.70375519
vn 0.19922755 -0.68193622 0.70375519
vn 0.21953882 -0.67567103 0.70375519
vn 0.23965358 -0.66880101 0.70375519
vn 0.25955381 -0.66133233 0.70375519
vn 0.27922171 -0.65327167 0.70375519
vn 0.29863967 -0.64462623 0.70375519
vn 0.31779030 -0.63540378 0.70375519
vn 0.33665647 -0.62561254 0.70375519
vn 0.35522128 -0.61526131 0.70375519
vn 0.37346812 -0.60435932 0.70375519
vn 0.39138066 -0.59291636 0.70375519
vn 0.40894286 -0.58094265 0.70375519
vn 0.42613900 -0.56844893 0.70375519
vn 0.44295369 -0.55544636 0.70375519
vn 0.45937188 -0.54194659 0.70375519
vn 0.47537886 -0.52796171 0.70375519
vn 0.49096032 -0.51350423 0.70375519
vn 0.50610230 -0.49858710 0.70375519
vn 0.52079125 -0.48322366 0.70375519
vn 0.53501402 -0.46742767 0.70375519
vn 0.54875788 -0.45121327 0.70375519
vn 0.56201053 -0.43459498 0.70375519
vn 0.57476011 -0.41758766 0.70375519
vn 0.58699519 -0.40020654 0.70375519
vn 0.59870484 -0.38246719 0.70375519
vn 0.60987856 -0.36438548 0.70375519
vn 0.62050636 -0.34597759 0.70375519
vn 0.63057872 -0.32726000 0.70375519
vn 0.64008663 -0.30824947 0.70375519
vn 0.64902157 -0.28896302 0.70375519
vn 0.65737556 -0.26941791 0.70375519
vn 0.66514110 -0.24963163 0.70375519
vn 0.67231125 -0.22962190 0.70375519
vn 0.67887959 -0.20940662 0.70375519
vn 0.68484024 -0.18900390 0.70375519
vn 0.69018787 -0.16843199 0.70375519
vn 0.69491769 -0.14770931 0.70375519
vn 0.69902546 -0.12685442 0.70375519
vn 0.70250750 -0.10588597 0.70375519
vn 0.70536071 -0.08482274 0.70375519
vn 0.70758253 -0.06368358 0.70375519
vn 0.70917096 -0.04248742 0.70375519
vn 0.71012459 -0.02125322 0.70375519
vn 0.71044256 -0.00000000 0.70375519
vn 0.71012459 0.02125322 0.70375519
vn 0.70917096 0.04248742 0.70375519
vn 0.70758253 0.06368358 0.70375519
vn 0.70536071 0.08482274 0.70375519
vn 0.70250750 0.10588597 0.70375519
vn 0.69902546 0.12685442 0.70375519
vn 0.69491769 0.14770931 0.70375519
vn 0.69018787 0.16843199 0.70375519
vn 0.68484024 0.18900390 0.70375519
vn 0.67887959 0.20940662 0.70375519
vn 0.67231125 0.22962190 0.70375519
vn 0.66514110 0.24963163 0.70375519
vn 0.65737556 0.26941791 0.70375519
vn 0.64902157 0.28896302 0.70375519
vn 0.64008663 0.30824947 0.70375519
vn 0.63057872 0.32726000 0.70375519
vn 0.62050636 0.34597759 0.70375519
vn 0.60987856 0.36438548 0.70375519
vn 0.59870484 0.38246719 0.70375519
vn 0.58699519 0.40020654 0.70375519
vn 0.57476011 0.41758766 0.70375519
vn 0.56201053 0.43459498 0.70375519
vn 0.54875788 0.45121327 0.70375519
vn 0.53501402 0.46742767 0.70375519
vn 0.52079125 0.48322366 0.70375519
vn 0.50610230 0.49858710 0.70375519
vn 0.49096032 0.51350423 0.70375519
vn 0.47537886 0.52796171 0.70375519
vn 0.45937188 0.54194659 0.70375519
vn 0.44295369 0.55544636 0.70375519
vn 0.42613900 0.56844893 0.70375519
vn 0.40894286 0.58094265 0.70375519
vn 0.39138066 0.59291636 0.70375519
vn 0.37346812 0.60435932 0.70375519
vn 0.35522128 0.61526131 0.70375519
vn 0.33665647 0.62561254 0.70375519
vn 0.31779030 0.63540378 0.70375519
vn 0.29863967 0.64462623 0.70375519
vn 0.27922171 0.65327167 0.70375519
vn 0.25955381 0.66133233 0.70375519
vn 0.23965358 0.66880101 0.70375519
vn 0.21953882 0.67567103 0.70375519
vn 0.19922755 0.68193622 0.70375519
vn 0.17873794 0.68759100 0.70375519
vn 0.15808834 0.69263028 0.70375519
vn 0.13729723 0.69704957 0.70375519
vn 0.11638322 0.70084490 0.70375519
vn 0.09536503 0.70401289 0.70375519
vn 0.07426147 0.70655068 0.70375519
vn 0.05309144 0.70845602 0.70375519
vn 0.03187388 0.70972719 0.70375519
vn 0.01062780 0.71036306 0.70375519
vn -0.01062780 0.71036306 0.70375519
vn -0.03187388 0.70972719 0.70375519
vn -0.05309144 0.70845602 0.70375519
vn -0.07426147 0.70655068 0.70375519
vn -0.09536503 0.70401289 0.70375519
vn -0.11638322 0.70084490 0.70375519
vn -0.13729723 0.69704957 0.70375519
vn -0.15808834 0.69263028 0.70375519
vn -0.17873794 0.68759100 0.70375519
vn -0.19922755 0.68193622 0.70375519
vn -0.21953882 0.67567103 0.70375519
vn -0.23965358 0.66880101 0.70375519
vn -0.25955381 0.66133233 0.70375519
vn -0.27922171 0.65327167 0.70375519
vn -0.29863967 0.64462623 0.70375519
vn -0.31779030 0.63540378 0.70375519
vn -0.33665647 0.62561254 0.70375519
vn -0.35522128 0.61526131 0.70375519
vn -0.37346812 0.60435932 0.70375519
vn -0.39138066 0.59291636 0.70375519
vn -0.40894286 0.58094265 0.70375519
vn -0.42613900 0.56844893 0.70375519
vn -0.44295369 0.55544636 0.70375519
vn -0.45937188 0.54194659 0.70375519
vn -0.47537886 0.52796171 0.70375519
vn -0.49096032 0.51350423 0.70375519
vn -0.50610230 0.49858710 0.70375519
vn -0.52079125 0.48322366 0.70375519
vn -0.53501402 0.46742767 0.70375519
vn -0.54875788 0.45121327 0.70375519
vn -0.56201053 0.43459498 0.70375519
vn -0.57476011 0.41758766 0.70375519
vn -0.58699519 0.40020654 0.70375519
vn -0.59870484 0.38246719 0.70375519
vn -0.60987856 0.36438548 0.70375519
vn -0.62050636 0.34597759 0.70375519
vn -0.63057872 0.32726000 0.70375519
vn -0.64008663 0.30824947 0.70375519
vn -0.64902157 0.28896302 0.70375519
vn -0.65737556 0.26941791 0.70375519
vn -0.66514110 0.24963163 0.70375519
vn -0.67231125 0.22962190 0.70375519
vn -0.67887959 0.20940662 0.70375519
vn -0.68484024 0.18900390 0.70375519
vn -0.69018787 0.16843199 0.70375519
vn -0.69491769 0.14770931 0.70375519
vn -0.69902546 0.12685442 0.70375519
vn -0.70250750 0.10588597 0.70375519
vn -0.70536071 0.08482274 0.70375519
vn -0.70758253 0.06368358 0.70375519
vn -0.70917096 0.04248742 0.70375519
vn -0.71012459 0.02125322 0.70375519
f 212//212 2//2 1//1
f 212//212 3//3 2//2
f 213//213 4//4 3//3
f 213//213 3//3 212//212
f 214//214 5//5 4//4
f 214//214 4//4 213//213
f 215//215 6//6 5//5
f 215//215 5//5 214//214
f 216//216 7//7 6//6
f 216//216 8//8 7//7
f 216//216 6//6 215//215
f 217//217 8//8 216//216
f 218//218 9//9 8//8
f 218//218 8//8 217//217
f 219//219 10//10 9//9
f 219//219 9//9 218//218
f 220//220 11//11 10//10
f 220//220 10//10 219//219
f 221//221 12//12 11//11
f 221//221 11//11 220//220
f 222//222 13//13 12//12
f 222//222 12//12 221//221
f 223//223 14//14 13//13
f 223//223 13//13 222//222
f 224//224 15//15 14//14
f 224//224 14//14 223//223
f 225//225 16//16 15//15
f 225//225 15//15 224//224
f 226//226 17//17 16//16
f 226//226 16//16 225//225
f 227//227 18//18 17//17
f 227//227 17//17 226//226
f 228//228 19//19 18//18
f 228//228 20//20 19//19
f 228//228 18//18 227//227
f 229//229 20//20 228//228
f 230//230 21//21 20//20
f 230//230 20//20 229//229
f 231//231 22//22 21//21
f 231//231 21//21 230//230
f 232//232 22//22 231//231
f 232//232 23//23 22//22
f 232//232 24//24 23//23
f 233//233 24//24 232//232
f 233//233 25//25 24//24
f 234//234 25//25 233//233
f 235//235 25//25 234//234
f 235//235 26//26 25//25
f 236//236 26//26 235//235
f 236//236 27//27 26//26
f 237//237 28//28 27//27
f 237//237 27//27 236//236
f 238//238 29//29 28//28
f 238//238 28//28 237//237
f 238//238 30//30 29//29
f 239//239 31//31 30//30
f 239//239 30//30 238//238
f 240//240 31//31 239//239
f 241//241 32//32 31//31
f 241//241 33//33 32//32
f 241//241 31//31 240//240
f 242//242 34//34 33//33
f 242//242 33//33 241//241
f 243//243 34//34 242//242
f 244//244 35//35 34//34
f 244//244 34//34 243//243
f 245//245 36//36 35//35
f 245//245 37//37 36//36
f 245//245 35//35 244//244
f 246//246 37//37 245//245
f 247//247 38//38 37//37
f 247//247 37//37 246//246
f 248//248 39//39 38//38
f 248//248 38//38 247//247
f 249//249 40//40 39//39
f 249//249 39//39 248//248
f 250//250 41//41 40//40
f 250//250 40//40 249//249
f 251//251 42//42 41//41
f 251//251 41//41 250//250
f 252//252 43//43 42//42
f 252//252 42//42 251//251
f 253//253 44//44 43//43
f 253//253 43//43 252//252
f 254//254 45//45 44//44
f 254//254 44//44 253//253
f 255//255 46//46 45//45
f 255//255 45//45 254//254
f 256//256 47//47 46//46
f 256//256 46//46 255//255
f 257//257 47//47 256//256
f 257//257 48//48 47//47
f 258//258 48//48 257//257
f 258//258 49//49 48//48
f 259//259 49//49 258//258
f 259//259 50//50 49//49
f 259//259 51//51 50//50
f 260//260 51//51 259//259
f 261//261 51//51 260//260
f 261//261 52//52 51//51
f 262//262 52//52 261//261
f 262//262 53//53 52//52
f 263//263 53//53 262//262
f 263//263 54//54 53//53
f 264//264 54//54 263//263
f 264//264 55//55 54//54
f 265//265 55//55 264//264
f 265//265 56//56 55//55
f 266//266 56//56 265//265
f 266//266 57//57 56//56
f 267//267 57//57 266//266
f 267//267 58//58 57//57
f 267//267 59//59 58//58
f 268//268 59//59 267//267
f 269//269 59//59 268//268
f 269//269 60//60 59//59
f 270//270 60//60 269//269
f 270//270 61//61 60//60
f 271//271 61//61 270//270
f 271//271 62//62 61//61
f 272//272 63//63 62//62
f 272//272 62//62 271//271
f 273//273 64//64 63//63
f 273//273 63//63 272//272
f 274//274 65//65 64//64
f 274//274 64//64 273//273
f 275//275 66//66 65//65
f 275//275 65//65 274//274
f 276//276 67//67 66//66
f 276//276 66//66 275//275
f 277//277 68//68 67//67
f 277//277 69//69 68//68
f 277//277 67//67 276//276
f 278//278 69//69 277//277
f 279//279 70//70 69//69
f 279//279 69//69 278//278
f 280//280 71//71 70//70
f 280//280 72//72 71//71
f 280//280 70//70 279//279
f 281//281 72//72 280//280
f 282//282 72//72 281//281
f 282//282 73//73 72//72
f 283//283 73//73 282//282
f 283//283 74//74 73//73
f 284//284 74//74 283//283
f 284//284 75//75 74//74
f 285//285 75//75 284//284
f 285//285 76//76 75//75
f 286//286 76//76 285//285
f 286//286 77//77 76//76
f 287//287 77//77 286//286
f 287//287 78//78 77//77
f 288//288 78//78 287//287
f 288//288 79//79 78//78
f 289//289 79//79 288//288
f 289//289 80//80 79//79
f 290//290 80//80 289//289
f 290//290 81//81 80//80
f 291//291 81//81 290//290
f 291//291 82//82 81//81
f 292//292 82//82 291//291
f 292//292 83//83 82//82
f 293//293 83//83 292//292
f 293//293 84//84 83//83
f 294//294 84//84 293//293
f 294//294 85//85 84//84
f 295//295 85//85 294//294
f 295//295 86//86 85//85
f 296//296 86//86 295//295
f 296//296 87//87 86//86
f 297//297 87//87 296//296
f 297//297 88//88 87//87
f 298//298 88//88 297//297
f 298//298 89//89 88//88
f 299//299 89//89 298//298
f 299//299 90//90 89//89
f 300//300 90//90 299//299
f 300//300 91//91 90//90
f 301//301 91//91 300//300
f 301//301 92//92 91//91
f 302//302 92//92 301//301
f 302//302 93//93 92//92
f 303//303 93//93 302//302
f 303//303 94//94 93//93
f 304//304 95//95 94//94
f 304//304 94//94 303//303
f 305//305 96//96 95//95
f 305//305 95//95 304//304
f 306//306 97//97 96//96
f 306//306 96//96 305//305
f 307//307 97//97 306//306
f 307//307 98//98 97//97
f 308//308 98//98 307//307
f 308//308 99//99 98//98
f 309//309 99//99 308//308
f 309//309 100//100 99//99
f 310//310 100//100 309//309
f 310//310 101//101 100//100
f 311//311 102//102 101//101
f 311//311 101//101 310//310
f 312//312 103//103 102//102
f 312//312 102//102 311//311
f 313//313 104//104 103//103
f 313//313 103//103 312//312
f 314//314 105//105 104//104
f 314//314 106//106 105//105
f 314//314 104//104 313//313
f 315//315 106//106 314//314
f 316//316 107//107 106//106
f 316//316 108//108 107//107
f 316//316 106//106 315//315
f 317//317 109//109 108//108
f 317//317 108//108 316//316
f 318//318 109//109 317//317
f 319//319 110//110 109//109
f 319//319 111//111 110//110
f 319//319 109//109 318//318
f 320//320 111//111 319//319
f 321//321 112//112 111//111
f 321//321 113//113 112//112
f 321//321 111//111 320//320
f 322//322 113//113 321//321
f 323//323 114//114 113//113
f 323//323 113//113 322//322
f 324//324 115//115 114//114
f 324//324 116//116 115//115
f 324//324 114//114 323//323
f 325//325 116//116 324//324
f 326//326 117//117 116//116
f 326//326 116//116 325//325
f 327//327 118//118 117//117
f 327//327 119//119 118//118
f 327//327 117//117 326//326
f 328//328 120//120 119//119
f 328//328 119//119 327//327
f 329//329 120//120 328//328
f 330//330 121//121 120//120
f 330//330 120//120 329//329
f 331//331 122//122 121//121
f 331//331 121//121 330//330
f 332//332 122//122 331//331
f 332//332 123//123 122//122
f 333//333 123//123 332//332
f 333//333 124//124 123//123
f 333//333 125//125 124//124
f 334//334 125//125 333//333
f 334//334 126//126 125//125
f 335//335 126//126 334//334
f 336//336 126//126 335//335
f 336//336 127//127 126//126
f 337//337 127//127 336//336
f 337//337 128//128 127//127
f 337//337 129//129 128//128
f 338//338 129//129 337//337
f 339//339 130//130 129//129
f 339//339 129//129 338//338
f 340//340 131//131 130//130
f 340//340 130//130 339//339
f 341//341 132//132 131//131
f 341//341 131//131 340//340
f 342//342 133//133 132//132
f 342//342 134//134 133//133
f 342//342 132//132 341//341
f 343//343 135//135 134//134
f 343//343 134//134 342//342
f 344//344 135//135 343//343
f 345//345 136//136 135//135
f 345//345 135//135 344//344
f 346//346 137//137 136//136
f 346//346 138//138 137//137
f 346//346 136//136 345//345
f 347//347 138//138 346//346
f 348//348 139//139 138//138
f 348//348 138//138 347//347
f 349//349 140//140 139//139
f 349//349 141//141 140//140
f 349//349 139//139 348//348
f 350//350 141//141 349//349
f 351//351 142//142 141//141
f 351//351 143//143 142//142
f 351//351 141//141 350//350
f 352//352 143//143 351//351
f 353//353 144//144 143//143
f 353//353 143//143 352//352
f 354//354 145//145 144//144
f 354//354 144//144 353//353
f 355//355 146//146 145//145
f 355//355 145//145 354//354
f 356//356 147//147 146//146
f 356//356 146//146 355//355
f 357//357 148//148 147//147
f 357//357 147//147 356//356
f 358//358 148//148 357//357
f 358//358 149//149 148//148
f 358//358 150//150 149//149
f 359//359 150//150 358//358
f 359//359 151//151 150//150
f 360//360 151//151 359//359
f 361//361 151//151 360//360
f 361//361 152//152 151//151
f 362//362 152//152 361//361
f 362//362 153//153 152//152
f 362//362 154//154 153//153
f 363//363 154//154 362//362
f 364//364 154//154 363//363
f 364//364 155//155 154//154
f 365//365 155//155 364//364
f 365//365 156//156 155//155
f 365//365 157//157 156//156
f 366//366 157//157 365//365
f 366//366 158//158 157//157
f 367//367 158//158 366//366
f 368//368 158//158 367//367
f 368//368 159//159 158//158
f 369//369 159//159 368//368
f 369//369 160//160 159//159
f 370//370 160//160 369//369
f 370//370 161//161 160//160
f 370//370 162//162 161//161
f 371//371 162//162 370//370
f 372//372 163//163 162//162
f 372//372 162//162 371//371
f 373//373 164//164 163//163
f 373//373 163//163 372//372
f 374//374 165//165 164//164
f 374//374 164//164 373//373
f 375//375 166//166 165//165
f 375//375 165//165 374//374
f 376//376 167//167 166//166
f 376//376 166//166 375//375
f 377//377 168//168 167//167
f 377//377 169//169 168//168
f 377//377 167//167 376//376
f 378//378 169//169 377//377
f 379//379 170//170 169//169
f 379//379 171//171 170//170
f 379//379 169//169 378//378
f 380//380 171//171 379//379
f 381//381 172//172 171//171
f 381//381 173//173 172//172
f 381//381 171//171 380//380
f 382//382 173//173 381//381
f 382//382 174//174 173//173
f 383//383 174//174 382//382
f 384//384 174//174 383//383
f 384//384 175//175 174//174
f 384//384 176//176 175//175
f 385//385 176//176 384//384
f 385//385 177//177 176//176
f 386//386 177//177 385//385
f 387//387 177//177 386//386
f 387//387 178//178 177//177
f 388//388 178//178 387//387
f 388//388 179//179 178//178
f 388//388 180//180 179//179
f 389//389 180//180 388//388
f 389//389 181//181 180//180
f 390//390 181//181 389//389
f 391//391 181//181 390//390
f 391//391 182//182 181//181
f 391//391 183//183 182//182
f 392//392 183//183 391//391
f 393//393 183//183 392//392
f 393//393 184//184 183//183
f 393//393 185//185 184//184
f 394//394 185//185 393//393
f 394//394 186//186 185//185
f 395//395 186//186 394//394
f 396//396 186//186 395//395
f 396//396 187//187 186//186
f 396//396 188//188 187//187
f 397//397 188//188 396//396
f 398//398 188//188 397//397
f 398//398 189//189 188//188
f 399//399 189//189 398//398
f 399//399 190//190 189//189
f 399//399 191//191 190//190
f 400//400 191//191 399//399
f 401//401 191//191 400//400
f 401//401 192//192 191//191
f 401//401 193//193 192//192
f 402//402 193//193 401//401
f 403//403 193//193 402//402
f 403//403 194//194 193//193
f 404//404 194//194 403//403
f 404//404 195//195 194//194
f 405//405 196//196 195//195
f 405//405 195//195 404//404
f 405//405 197//197 196//196
f 406//406 197//197 405//405
f 407//407 198//198 197//197
f 407//407 199//199 198//198
f 407//407 197//197 406//406
f 408//408 199//199 407//407
f 409//409 199//199 408//408
f 409//409 200//200 199//199
f 409//409 201//201 200//200
f 410//410 201//201 409//409
f 411//411 201//201 410//410
f 411//411 202//202 201//201
f 412//412 203//203 202//202
f 412//412 204//204 203//203
f 412//412 202//202 411//411
f 413//413 204//204 412//412
f 414//414 205//205 204//204
f 414//414 204//204 413//413
f 415//415 206//206 205//205
f 415//415 205//205 414//414
f 416//416 207//207 206//206
f 416//416 206//206 415//415
f 417//417 208//208 207//207
f 417//417 207//207 416//416
f 418//418 209//209 208//208
f 418//418 208//208 417//417
f 419//419 210//210 209//209
f 419//419 209//209 418//418
f 420//420 211//211 210//210
f 420//420 210//210 419//419
f 1//1 2//2 211//211
f 1//1 211//211 420//420
f 499//499 342//342 500//500
f 501//501 500//500 342//342
f 498//498 342//342 499//499
f 498//498 343//343 342//342
f 502//502 501//501 342//342
f 497//497 343//343 498//498
f 503//503 502//502 342//342
f 496//496 343//343 497//497
f 504//504 503//503 342//342
f 495//495 343//343 496//496
f 505//505 504//504 342//342
f 494//494 343//343 495//495
f 506//506 342//342 341//341
f 506//506 505//505 342//342
f 493//493 343//343 494//494
f 507//507 506//506 341//341
f 492//492 343//343 493//493
f 508//508 507//507 341//341
f 491//491 343//343 492//492
f 509//509 508//508 341//341
f 490//490 344//344 343//343
f 490//490 343//343 491//491
f 510//510 509//509 341//341
f 489//489 344//344 490//490
f 511//511 510//510 341//341
f 488//488 344//344 489//489
f 512//512 511//511 341//341
f 487//487 344//344 488//488
f 513//513 512//512 341//341
f 486//486 344//344 487//487
f 514//514 341//341 340//340
f 514//514 513//513 341//341
f 485//485 344//344 486//486
f 515//515 514//514 340//340
f 484//484 344//344 485//485
f 516//516 515//515 340//340
f 483//483 344//344 484//484
f 517//517 516//516 340//340
f 482//482 345//345 344//344
f 482//482 344//344 483//483
f 518//518 517//517 340//340
f 481//481 345//345 482//482
f 519//519 518//518 340//340
f 480//480 345//345 481//481
f 520//520 519//519 340//340
f 479//479 345//345 480//480
f 521//521 520//520 340//340
f 478//478 345//345 479//479
f 522//522 521//521 340//340
f 522//522 340//340 339//339
f 477//477 345//345 478//478
f 523//523 522//522 339//339
f 476//476 345//345 477//477
f 524//524 523//523 339//339
f 475//475 345//345 476//476
f 525//525 524//524 339//339
f 474//474 346//346 345//345
f 474//474 345//345 475//475
f 526//526 525//525 339//339
f 473//473 346//346 474//474
f 527//527 526//526 339//339
f 472//472 346//346 473//473
f 528//528 527//527 339//339
f 471//471 346//346 472//472
f 529//529 339//339 338//338
f 529//529 528//528 339//339
f 470//470 346//346 471//471
f 530//530 529//529 338//338
f 469//469 346//346 470//470
f 531//531 530//530 338//338
f 468//468 346//346 469//469
f 532//532 531//531 338//338
f 467//467 347//347 346//346
f 467//467 346//346 468//468
f 533//533 532//532 338//338
f 466//466 347//347 467//467
f 534//534 533//533 338//338
f 465//465 347//347 466//466
f 535//535 338//338 337//337
f 535//535 534//534 338//338
f 464//464 347//347 465//465
f 536//536 535//535 337//337
f 463//463 347//347 464//464
f 537//537 536//536 337//337
f 462//462 347//347 463//463
f 538//538 537//537 337//337
f 461//461 348//348 347//347
f 461//461 347//347 462//462
f 539//539 538//538 337//337
f 460//460 348//348 461//461
f 540//540 539//539 337//337
f 459//459 348//348 460//460
f 541//541 337//337 336//336
f 541//541 540//540 337//337
f 458//458 348//348 459//459
f 542//542 541//541 336//336
f 457//457 348//348 458//458
f 543//543 542//542 336//336
f 456//456 349//349 348//348
f 456//456 348//348 457//457
f 544//544 543//543 336//336
f 455//455 349//349 456//456
f 545//545 544//544 336//336
f 454//454 349//349 455//455
f 546//546 336//336 335//335
f 546//546 545//545 336//336
f 453//453 349//349 454//454
f 547//547 546//546 335//335
f 452//452 349//349 453//453
f 548//548 547//547 335//335
f 451//451 349//349 452//452
f 451//451 350//350 349//349
f 549//549 548//548 335//335
f 450//450 350//350 451//451
f 550//550 549//549 335//335
f 449//449 350//350 450//450
f 551//551 335//335 334//334
f 551//551 550//550 335//335
f 448//448 350//350 449//449
f 552//552 551//551 334//334
f 447//447 350//350 448//448
f 553//553 552//552 334//334
f 446//446 351//351 350//350
f 446//446 350//350 447//447
f 554//554 553//553 334//334
f 445//445 351//351 446//446
f 555//555 334//334 333//333
f 555//555 554//554 334//334
f 444//444 351//351 445//445
f 556//556 555//555 333//333
f 443//443 352//352 351//351
f 443//443 351//351 444//444
f 557//557 556//556 333//333
f 442//442 352//352 443//443
f 558//558 557//557 333//333
f 441//441 352//352 442//442
f 559//559 558//558 333//333
f 559//559 333//333 332//332
f 440//440 352//352 441//441
f 560//560 559//559 332//332
f 439//439 353//353 352//352
f 439//439 352//352 440//440
f 561//561 560//560 332//332
f 438//438 353//353 439//439
f 562//562 332//332 331//331
f 562//562 561//561 332//332
f 437//437 353//353 438//438
f 563//563 562//562 331//331
f 436//436 354//354 353//353
f 436//436 353//353 437//437
f 564//564 563//563 331//331
f 435//435 354//354 436//436
f 565//565 331//331 330//330
f 565//565 564//564 331//331
f 434//434 354//354 435//435
f 566//566 565//565 330//330
f 433//433 355//355 354//354
f 433//433 354//354 434//434
f 567//567 330//330 329//329
f 567//567 566//566 330//330
f 432//432 355//355 433//433
f 568//568 567//567 329//329
f 431//431 355//355 432//432
f 431//431 356//356 355//355
f 569//569 568//568 329//329
f 430//430 356//356 431//431
f 570//570 329//329 328//328
f 570//570 569//569 329//329
f 429//429 356//356 430//430
f 429//429 357//357 356//356
f 571//571 570//570 328//328
f 428//428 357//357 429//429
f 572//572 328//328 327//327
f 572//572 571//571 328//328
f 427//427 357//357 428//428
f 427//427 358//358 357//357
f 573//573 572//572 327//327
f 426//426 358//358 427//427
f 574//574 327//327 326//326
f 574//574 573//573 327//327
f 425//425 358//358 426//426
f 425//425 359//359 358//358
f 575//575 326//326 325//325
f 575//575 574//574 326//326
f 424//424 359//359 425//425
f 576//576 575//575 325//325
f 423//423 360//360 359//359
f 423//423 359//359 424//424
f 577//577 576//576 325//325
f 577//577 325//325 324//324
f 422//422 360//360 423//423
f 422//422 361//361 360//360
f 578//578 324//324 323//323
f 578//578 577//577 324//324
f 421//421 361//361 422//422
f 421//421 362//362 361//361
f 579//579 578//578 323//323
f 630//630 362//362 421//421
f 580//580 579//579 323//323
f 580//580 323//323 322//322
f 629//629 363//363 362//362
f 629//629 362//362 630//630
f 1130//1130 605//605 604//604
f 1129//1129 605//605 1130//1130
f 1129//1129 606//606 605//605
f 1131//1131 1130//1130 604//604
f 1131//1131 604//604 603//603
f 1128//1128 606//606 1129//1129
f 1128//1128 607//607 606//606
f 1132//1132 1131//1131 603//603
f 1132//1132 602//602 601//601
f 1132//1132 603//603 602//602
f 1127//1127 607//607 1128//1128
f 1127//1127 608//608 607//607
f 1127//1127 609//609 608//608
f 1133//1133 1132//1132 601//601
f 1133//1133 601//601 600//600
f 1126//1126 609//609 1127//1127
f 1126//1126 610//610 609//609
f 1134//1134 1133//1133 600//600
f 1134//1134 600//600 599//599
f 1125//1125 610//610 1126//1126
f 1125//1125 611//611 610//610
f 1135//1135 1134//1134 599//599
f 1135//1135 599//599 598//598
f 1124//1124 611//611 1125//1125
f 1124//1124 612//612 611//611
f 1136//1136 1135//1135 598//598
f 1136//1136 598//598 597//597
f 1123//1123 612//612 1124//1124
f 1123//1123 613//613 612//612
f 1137//1137 1136//1136 597//597
f 1137//1137 596//596 595//595
f 1137//1137 597//597 596//596
f 1122//1122 615//615 614//614
f 1122//1122 613//613 1123//1123
f 1122//1122 614//614 613//613
f 1138//1138 595//595 594//594
f 1138//1138 1137//1137 595//595
f 1121//1121 616//616 615//615
f 1121//1121 615//615 1122//1122
f 1139//1139 594//594 593//593
f 1139//1139 1138//1138 594//594
f 1120//1120 617//617 616//616
f 1120//1120 616//616 1121//1121
f 1140//1140 1139//1139 593//593
f 1140//1140 593//593 592//592
f 1119//1119 618//618 617//617
f 1119//1119 617//617 1120//1120
f 1141//1141 1140//1140 592//592
f 1141//1141 592//592 591//591
f 1118//1118 619//619 618//618
f 1118//1118 618//618 1119//1119
f 1142//1142 591//591 590//590
f 1142//1142 1141//1141 591//591
f 1117//1117 620//620 619//619
f 1117//1117 621//621 620//620
f 1117//1117 619//619 1118//1118
f 1143//1143 1142//1142 590//590
f 1143//1143 589//589 588//588
f 1143//1143 590//590 589//589
f 1116//1116 622//622 621//621
f 1116//1116 621//621 1117//1117
f 1144//1144 588//588 587//587
f 1144//1144 1143//1143 588//588
f 1115//1115 623//623 622//622
f 1115//1115 622//622 1116//1116
f 1145//1145 587//587 586//586
f 1145//1145 1144//1144 587//587
f 1114//1114 624//624 623//623
f 1114//1114 623//623 1115//1115
f 1146//1146 586//586 585//585
f 1146//1146 1145//1145 586//586
f 1113//1113 624//624 1114//1114
f 1113//1113 625//625 624//624
f 1147//1147 585//585 584//584
f 1147//1147 1146//1146 585//585
f 1112//1112 626//626 625//625
f 1112//1112 625//625 1113//1113
f 1148//1148 1147//1147 584//584
f 1148//1148 583//583 582//582
f 1148//1148 584//584 583//583
f 1111//1111 626//626 1112//1112
f 1111//1111 627//627 626//626
f 1111//1111 628//628 627//627
f 1149//1149 1148//1148 582//582
f 1149//1149 582//582 581//581
f 1110//1110 629//629 628//628
f 1110//1110 628//628 1111//1111
f 1150//1150 1149//1149 581//581
f 1150//1150 580//580 322//322
f 1150//1150 581//581 580//580
f 1109//1109 629//629 1110//1110
f 1109//1109 363//363 629//629
f 1151//1151 322//322 321//321
f 1151//1151 1150//1150 322//322
f 1108//1108 363//363 1109//1109
f 1108//1108 364//364 363//363
f 1152//1152 321//321 320//320
f 1152//1152 1151//1151 321//321
f 1107//1107 364//364 1108//1108
f 1107//1107 365//365 364//364
f 1153//1153 320//320 319//319
f 1153//1153 1152//1152 320//320
f 1106//1106 365//365 1107//1107
f 1106//1106 366//366 365//365
f 1154//1154 319//319 318//318
f 1154//1154 1153//1153 319//319
f 1105//1105 366//366 1106//1106
f 1105//1105 367//367 366//366
f 1155//1155 318//318 317//317
f 1155//1155 1154//1154 318//318
f 1104//1104 367//367 1105//1105
f 1104//1104 368//368 367//367
f 1104//1104 369//369 368//368
f 1156//1156 317//317 316//316
f 1156//1156 1155//1155 317//317
f 1103//1103 369//369 1104//1104
f 1157//1157 316//316 315//315
f 1157//1157 1156//1156 316//316
f 1102//1102 369//369 1103//1103
f 1102//1102 370//370 369//369
f 1158//1158 315//315 314//314
f 1158//1158 1157//1157 315//315
f 1101//1101 371//371 370//370
f 1101//1101 372//372 371//371
f 1101//1101 370//370 1102//1102
f 1159//1159 314//314 313//313
f 1159//1159 1158//1158 314//314
f 1100//1100 372//372 1101//1101
f 1160//1160 313//313 312//312
f 1160//1160 1159//1159 313//313
f 1099//1099 372//372 1100//1100
f 1099//1099 373//373 372//372
f 1161//1161 312//312 311//311
f 1161//1161 1160//1160 312//312
f 1098//1098 374//374 373//373
f 1098//1098 373//373 1099//1099
f 1162//1162 1161//1161 311//311
f 1162//1162 311//311 310//310
f 709//709 387//387 710//710
f 919//919 298//298 920//920
f 711//711 387//387 386//386
f 711//711 710//710 387//387
f 921//921 920//920 298//298
f 921//921 298//298 297//297
f 708//708 387//387 709//709
f 918//918 298//298 919//919
f 712//712 711//711 386//386
f 922//922 921//921 297//297
f 707//707 387//387 708//708
f 917//917 298//298 918//918
f 917//917 299//299 298//298
f 713//713 712//712 386//386
f 923//923 922//922 297//297
f 706//706 387//387 707//707
f 706//706 388//388 387//387
f 916//916 299//299 917//917
f 714//714 713//713 386//386
f 714//714 386//386 385//385
f 924//924 923//923 297//297
f 705//705 388//388 706//706
f 915//915 299//299 916//916
f 715//715 714//714 385//385
f 925//925 924//924 297//297
f 704//704 388//388 705//705
f 914//914 299//299 915//915
f 716//716 715//715 385//385
f 926//926 925//925 297//297
f 926//926 297//297 296//296
f 703//703 388//388 704//704
f 913//913 299//299 914//914
f 913//913 300//300 299//299
f 717//717 716//716 385//385
f 927//927 926//926 296//296
f 702//702 388//388 703//703
f 912//912 300//300 913//913
f 718//718 717//717 385//385
f 718//718 385//385 384//384
f 928//928 927//927 296//296
f 701//701 388//388 702//702
f 701//701 389//389 388//388
f 911//911 300//300 912//912
f 719//719 718//718 384//384
f 929//929 928//928 296//296
f 700//700 389//389 701//701
f 910//910 301//301 300//300
f 910//910 300//300 911//911
f 720//720 719//719 384//384
f 930//930 929//929 296//296
f 699//699 389//389 700//700
f 909//909 301//301 910//910
f 721//721 720//720 384//384
f 721//721 384//384 383//383
f 931//931 930//930 296//296
f 931//931 296//296 295//295
f 698//698 389//389 699//699
f 908//908 301//301 909//909
f 722//722 721//721 383//383
f 932//932 931//931 295//295
f 697//697 389//389 698//698
f 907//907 301//301 908//908
f 907//907 302//302 301//301
f 723//723 722//722 383//383
f 933//933 932//932 295//295
f 696//696 389//389 697//697
f 696//696 390//390 389//389
f 906//906 302//302 907//907
f 724//724 383//383 382//382
f 724//724 723//723 383//383
f 934//934 933//933 295//295
f 695//695 390//390 696//696
f 905//905 302//302 906//906
f 905//905 303//303 302//302
f 725//725 724//724 382//382
f 935//935 934//934 295//295
f 694//694 390//390 695//695
f 904//904 303//303 905//905
f 726//726 382//382 381//381
f 726//726 725//725 382//382
f 936//936 935//935 295//295
f 693//693 390//390 694//694
f 903//903 303//303 904//904
f 727//727 726//726 381//381
f 937//937 295//295 294//294
f 937//937 936//936 295//295
f 692//692 390//390 693//693
f 902//902 303//303 903//903
f 902//902 304//304 303//303
f 728//728 381//381 380//380
f 728//728 727//727 381//381
f 938//938 937//937 294//294
f 691//691 390//390 692//692
f 901//901 304//304 902//902
f 729//729 728//728 380//380
f 939//939 938//938 294//294
f 690//690 390//390 691//691
f 690//690 391//391 390//390
f 900//900 304//304 901//901
f 900//900 305//305 304//304
f 730//730 380//380 379//379
f 730//730 729//729 380//380
f 940//940 939//939 294//294
f 689//689 391//391 690//690
f 899//899 305//305 900//900
f 731//731 730//730 379//379
f 941//941 940//940 294//294
f 688//688 391//391 689//689
f 898//898 306//306 305//305
f 898//898 305//305 899//899
f 732//732 731//731 379//379
f 732//732 379//379 378//378
f 942//942 941//941 294//294
f 687//687 391//391 688//688
f 897//897 306//306 898//898
f 897//897 307//307 306//306
f 733//733 732//732 378//378
f 943//943 942//942 294//294
f 943//943 294//294 293//293
f 686//686 391//391 687//687
f 896//896 307//307 897//897
f 734//734 733//733 378//378
f 734//734 378//378 377//377
f 944//944 943//943 293//293
f 685//685 391//391 686//686
f 895//895 307//307 896//896
f 895//895 308//308 307//307
f 735//735 377//377 376//376
f 735//735 734//734 377//377
f 945//945 944//944 293//293
f 684//684 391//391 685//685
f 894//894 308//308 895//895
f 894//894 309//309 308//308
f 736//736 735//735 376//376
f 736//736 376//376 375//375
f 946//946 945//945 293//293
f 683//683 391//391 684//684
f 683//683 392//392 391//391
f 893//893 309//309 894//894
f 737//737 736//736 375//375
f 947//947 946//946 293//293
f 682//682 392//392 683//683
f 892//892 309//309 893//893
f 892//892 1162//1162 310//310
f 892//892 310//310 309//309
f 738//738 737//737 375//375
f 738//738 375//375 374//374
f 738//738 1098//1098 1097//1097
f 738//738 374//374 1098//1098
f 948//948 947//947 293//293
f 681//681 392//392 682//682
f 891//891 1162//1162 892//892
f 891//891 1163//1163 1162//1162
f 739//739 738//738 1097//1097
f 739//739 1097//1097 1096//1096
f 949//949 948//948 293//293
f 680//680 392//392 681//681
f 890//890 1164//1164 1163//1163
f 890//890 1163//1163 891//891
f 740//740 739//739 1096//1096
f 950//950 949//949 293//293
f 950//950 293//293 292//292
f 679//679 392//392 680//680
f 889//889 1164//1164 890//890
f 741//741 1096//1096 1095//1095
f 741//741 740//740 1096//1096
f 951//951 950//950 292//292
f 678//678 392//392 679//679
f 888//888 1165//1165 1164//1164
f 888//888 1164//1164 889//889
f 742//742 1095//1095 1094//1094
f 742//742 741//741 1095//1095
f 952//952 951//951 292//292
f 677//677 392//392 678//678
f 887//887 1165//1165 888//888
f 887//887 1166//1166 1165//1165
f 743//743 742//742 1094//1094
f 743//743 1094//1094 1093//1093
f 953//953 952//952 292//292
f 676//676 392//392 677//677
f 886//886 1166//1166 887//887
f 886//886 1167//1167 1166//1166
f 744//744 743//743 1093//1093
f 744//744 1093//1093 1092//1092
f 954//954 953//953 292//292
f 675//675 392//392 676//676
f 675//675 393//393 392//392
f 885//885 1167//1167 886//886
f 885//885 1168//1168 1167//1167
f 745//745 744//744 1092//1092
f 745//745 1092//1092 1091//1091
f 955//955 954//954 292//292
f 674//674 393//393 675//675
f 884//884 1169//1169 1168//1168
f 884//884 1168//1168 885//885
f 746//746 745//745 1091//1091
f 746//746 1091//1091 1090//1090
f 956//956 955//955 292//292
f 673//673 393//393 674//674
f 883//883 1169//1169 884//884
f 747//747 746//746 1090//1090
f 957//957 956//956 292//292
f 672//672 393//393 673//673
f 882//882 1169//1169 883//883
f 882//882 1170//1170 1169//1169
f 748//748 747//747 1090//1090
f 748//748 1090//1090 1089//1089
f 958//958 957//957 292//292
f 958//958 292//292 291//291
f 671//671 393//393 672//672
f 881//881 1171//1171 1170//1170
f 881//881 1170//1170 882//882
f 749//749 748//748 1089//1089
f 749//749 1089//1089 1088//1088
f 959//959 958//958 291//291
f 670//670 393//393 671//671
f 880//880 1171//1171 881//881
f 880//880 1172//1172 1171//1171
f 750//750 1088//1088 1087//1087
f 750//750 749//749 1088//1088
f 960//960 959//959 291//291
f 669//669 393//393 670//670
f 879//879 1173//1173 1172//1172
f 879//879 1172//1172 880//880
f 751//751 1087//1087 1086//1086
f 751//751 750//750 1087//1087
f 961//961 960//960 291//291
f 668//668 393//393 669//669
f 878//878 1174//1174 1173//1173
f 878//878 1173//1173 879//879
f 752//752 1086//1086 1085//1085
f 752//752 751//751 1086//1086
f 962//962 961//961 291//291
f 667//667 394//394 393//393
f 667//667 393//393 668//668
f 877//877 1175//1175 1174//1174
f 877//877 1174//1174 878//878
f 753//753 752//752 1085//1085
f 963//963 962//962 291//291
f 666//666 394//394 667//667
f 876//876 1175//1175 877//877
f 754//754 753//753 1085//1085
f 754//754 1085//1085 1084//1084
f 964//964 963//963 291//291
f 665//665 394//394 666//666
f 875//875 1175//1175 876//876
f 875//875 1176//1176 1175//1175
f 755//755 754//754 1084//1084
f 755//755 1084//1084 1083//1083
f 965//965 964//964 291//291
f 664//664 394//394 665//665
f 874//874 1176//1176 875//875
f 874//874 1177//1177 1176//1176
f 756//756 755//755 1083//1083
f 756//756 1083//1083 1082//1082
f 966//966 965//965 291//291
f 663//663 394//394 664//664
f 873//873 1177//1177 874//874
f 873//873 1178//1178 1177//1177
f 290//290 966//966 291//291
f 757//757 756//756 1082//1082
f 757//757 1082//1082 1081//1081
f 967//967 966//966 290//290
f 662//662 394//394 663//663
f 872//872 1178//1178 873//873
f 872//872 1179//1179 1178//1178
f 758//758 757//757 1081//1081
f 758//758 1081//1081 1080//1080
f 968//968 967//967 290//290
f 661//661 394//394 662//662
f 871//871 1179//1179 872//872
f 871//871 1180//1180 1179//1179
f 759//759 758//758 1080//1080
f 969//969 968//968 290//290
f 660//660 394//394 661//661
f 870//870 1180//1180 871//871
f 760//760 1080//1080 1079//1079
f 760//760 759//759 1080//1080
f 970//970 969//969 290//290
f 659//659 394//394 660//660
f 869//869 1180//1180 870//870
f 869//869 1181//1181 1180//1180
f 761//761 760//760 1079//1079
f 761//761 1079//1079 1078//1078
f 971//971 970//970 290//290
f 868//868 1181//1181 869//869
f 1182//1182 1181//1181 868//868
f 762//762 761//761 1078//1078
f 972//972 971//971 290//290
f 867//867 1182//1182 868//868
f 1077//1077 762//762 1078//1078
f 763//763 762//762 1077//1077
f 973//973 972//972 290//290
f 974//974 973//973 290//290
f 1183//1183 1182//1182 867//867
f 1183//1183 867//867 866//866
f 1076//1076 764//764 763//763
f 1076//1076 763//763 1077//1077
f 1184//1184 866//866 865//865
f 1184//1184 1183//1183 866//866
f 395//395 653//653 652//652
f 395//395 654//654 653//653
f 395//395 655//655 654//654
f 395//395 656//656 655//655
f 395//395 657//657 656//656
f 395//395 658//658 657//657
f 395//395 659//659 658//658
f 395//395 394//394 659//659
f 1075//1075 764//764 1076//1076
f 1075//1075 765//765 764//764
f 1075//1075 766//766 765//765
f 651//651 395//395 652//652
f 1185//1185 1184//1184 865//865
f 1185//1185 864//864 863//863
f 1185//1185 865//865 864//864
f 1074//1074 766//766 1075//1075
f 1074//1074 767//767 766//766
f 1186//1186 1185//1185 863//863
f 1186//1186 863//863 862//862
f 1073//1073 767//767 1074//1074
f 1073//1073 768//768 767//767
f 1187//1187 1186//1186 862//862
f 1187//1187 862//862 861//861
f 1072//1072 769//769 768//768
f 1072//1072 768//768 1073//1073
f 1188//1188 861//861 860//860
f 1188//1188 1187//1187 861//861
f 1071//1071 770//770 769//769
f 1071//1071 769//769 1072//1072
f 289//289 974//974 290//290
f 289//289 975//975 974//974
f 289//289 976//976 975//975
f 289//289 977//977 976//976
f 289//289 978//978 977//977
f 289//289 979//979 978//978
f 289//289 980//980 979//979
f 289//289 981//981 980//980
f 289//289 982//982 981//981
f 1189//1189 1188//1188 860//860
f 1189//1189 860//860 859//859
f 1070//1070 770//770 1071//1071
f 1070//1070 771//771 770//770
f 1070//1070 772//772 771//771
f 1190//1190 858//858 857//857
f 1190//1190 859//859 858//858
f 1190//1190 1189//1189 859//859
f 1069//1069 773//773 772//772
f 1069//1069 772//772 1070//1070
f 1191//1191 857//857 856//856
f 1191//1191 1190//1190 857//857
f 1068//1068 774//774 773//773
f 1068//1068 773//773 1069//1069
f 1192//1192 1191//1191 856//856
f 1192//1192 856//856 855//855
f 1067//1067 774//774 1068//1068
f 1067//1067 775//775 774//774
f 396//396 644//644 643//643
f 396//396 645//645 644//644
f 396//396 646//646 645//645
f 396//396 647//647 646//646
f 396//396 648//648 647//647
f 396//396 649//649 648//648
f 396//396 650//650 649//649
f 396//396 651//651 650//650
f 396//396 395//395 651//651
f 1193//1193 855//855 854//854
f 1193//1193 1192//1192 855//855
f 1066//1066 775//775 1067//1067
f 1066//1066 776//776 775//775
f 1194//1194 854//854 853//853
f 1194//1194 1193//1193 854//854
f 1065//1065 776//776 1066//1066
f 1065//1065 777//777 776//776
f 1195//1195 852//852 851//851
f 1195//1195 853//853 852//852
f 1195//1195 1194//1194 853//853
f 1064//1064 778//778 777//777
f 1064//1064 779//779 778//778
f 1064//1064 777//777 1065//1065
f 1196//1196 1195//1195 851//851
f 1196//1196 851//851 850//850
f 1063//1063 780//780 779//779
f 1063//1063 779//779 1064//1064
f 1197//1197 1196//1196 850//850
f 1197//1197 850//850 849//849
f 288//288 982//982 289//289
f 288//288 983//983 982//982
f 288//288 984//984 983//983
f 288//288 985//985 984//984
f 288//288 986//986 985//985
f 288//288 987//987 986//986
f 288//288 988//988 987//987
f 288//288 989//989 988//988
f 288//288 990//990 989//989
f 1062//1062 781//781 780//780
f 1062//1062 780//780 1063//1063
f 1198//1198 849//849 848//848
f 1198//1198 1197//1197 849//849
f 1061//1061 781//781 1062//1062
f 1061//1061 782//782 781//781
f 1199//1199 1198//1198 848//848
f 1199//1199 848//848 847//847
f 1060//1060 782//782 1061//1061
f 1060//1060 783//783 782//782
f 1200//1200 1199//1199 847//847
f 1200//1200 847//847 846//846
f 1059//1059 783//783 1060//1060
f 1059//1059 784//784 783//783
f 1059//1059 785//785 784//784
f 1201//1201 1200//1200 846//846
f 1201//1201 845//845 844//844
f 1201//1201 846//846 845//845
f 1058//1058 785//785 1059//1059
f 1058//1058 786//786 785//785
f 1202//1202 844//844 843//843
f 1202//1202 1201//1201 844//844
f 397//397 636//636 635//635
f 397//397 637//637 636//636
f 397//397 638//638 637//637
f 397//397 639//639 638//638
f 397//397 640//640 639//639
f 397//397 641//641 640//640
f 397//397 642//642 641//641
f 397//397 396//396 643//643
f 397//397 643//643 642//642
f 1057//1057 787//787 786//786
f 1057//1057 786//786 1058//1058
f 1203//1203 1202//1202 843//843
f 287//287 990//990 288//288
f 287//287 991//991 990//990
f 287//287 992//992 991//991
f 287//287 993//993 992//992
f 287//287 994//994 993//993
f 287//287 995//995 994//994
f 287//287 996//996 995//995
f 287//287 997//997 996//996
f 287//287 998//998 997//997
f 398//398 632//632 631//631
f 398//398 633//633 632//632
f 398//398 634//634 633//633
f 398//398 635//635 634//634
f 398//398 839//839 838//838
f 398//398 840//840 839//839
f 398//398 631//631 840//840
f 398//398 397//397 635//635
f 286//286 998//998 287//287
f 286//286 999//999 998//998
f 286//286 1000//1000 999//999
f 286//286 1001//1001 1000//1000
f 286//286 1002//1002 1001//1001
f 286//286 1003//1003 1002//1002
f 286//286 1004//1004 1003//1003
f 286//286 1005//1005 1004//1004
f 399//399 833//833 832//832
f 399//399 834//834 833//833
f 399//399 835//835 834//834
f 399//399 836//836 835//835
f 399//399 837//837 836//836
f 399//399 838//838 837//837
f 399//399 398//398 838//838
f 285//285 1005//1005 286//286
f 285//285 1006//1006 1005//1005
f 285//285 1007//1007 1006//1006
f 285//285 1008//1008 1007//1007
f 285//285 1009//1009 1008//1008
f 285//285 1010//1010 1009//1009
f 285//285 1011//1011 1010//1010
f 400//400 827//827 826//826
f 400//400 828//828 827//827
f 400//400 829//829 828//828
f 400//400 830//830 829//829
f 400//400 831//831 830//830
f 400//400 832//832 831//831
f 400//400 399//399 832//832
f 284//284 1011//1011 285//285
f 284//284 1012//1012 1011//1011
f 284//284 1013//1013 1012//1012
f 284//284 1014//1014 1013//1013
f 284//284 1015//1015 1014//1014
f 284//284 1016//1016 1015//1015
f 401//401 400//400 826//826
f 401//401 822//822 821//821
f 401//401 823//823 822//822
f 401//401 824//824 823//823
f 401//401 825//825 824//824
f 401//401 826//826 825//825
f 283//283 1019//1019 1018//1018
f 283//283 1020//1020 1019//1019
f 283//283 1021//1021 1020//1020
f 283//283 1016//1016 284//284
f 283//283 1017//1017 1016//1016
f 283//283 1018//1018 1017//1017
f 402//402 817//817 816//816
f 402//402 818//818 817//817
f 402//402 819//819 818//818
f 402//402 820//820 819//819
f 402//402 821//821 820//820
f 402//402 401//401 821//821
f 282//282 1022//1022 1021//1021
f 282//282 1023//1023 1022//1022
f 282//282 1024//1024 1023//1023
f 282//282 1025//1025 1024//1024
f 282//282 1026//1026 1025//1025
f 282//282 1021//1021 283//283
f 403//403 402//402 816//816
f 403//403 813//813 812//812
f 403//403 814//814 813//813
f 403//403 815//815 814//814
f 403//403 816//816 815//815
f 281//281 1027//1027 1026//1026
f 281//281 1028//1028 1027//1027
f 281//281 1029//1029 1028//1028
f 281//281 1026//1026 282//282
f 404//404 403//403 812//812
f 404//404 809//809 808//808
f 404//404 810//810 809//809
f 404//404 811//811 810//810
f 404//404 812//812 811//811
f 280//280 1030//1030 1029//1029
f 280//280 1031//1031 1030//1030
f 280//280 1032//1032 1031//1031
f 280//280 1033//1033 1032//1032
f 280//280 1029//1029 281//281
f 405//405 404//404 808//808
f 405//405 806//806 805//805
f 405//405 807//807 806//806
f 405//405 808//808 807//807
f 279//279 1034//1034 1033//1033
f 279//279 1035//1035 1034//1034
f 279//279 1036//1036 1035//1035
f 279//279 1033//1033 280//280
f 406//406 405//405 805//805
f 406//406 803//803 802//802
f 406//406 804//804 803//803
f 406//406 805//805 804//804
f 278//278 1037//1037 1036//1036
f 278//278 1038//1038 1037//1037
f 278//278 1039//1039 1038//1038
f 278//278 1036//1036 279//279
f 407//407 801//801 800//800
f 407//407 406//406 802//802
f 407//407 802//802 801//801
f 277//277 1040//1040 1039//1039
f 277//277 1041//1041 1040//1040
f 277//277 1039//1039 278//278
f 408//408 798//798 797//797
f 408//408 799//799 798//798
f 408//408 800//800 799//799
f 408//408 407//407 800//800
f 276//276 1042//1042 1041//1041
f 276//276 1043//1043 1042//1042
f 276//276 1041//1041 277//277
f 409//409 408//408 797//797
f 409//409 796//796 795//795
f 409//409 797//797 796//796
f 275//275 1043//1043 276//276
f 275//275 1044//1044 1043//1043
f 275//275 1045//1045 1044//1044
f 410//410 794//794 793//793
f 410//410 795//795 794//794
f 410//410 409//409 795//795
f 274//274 1045//1045 275//275
f 274//274 1046//1046 1045//1045
f 274//274 1047//1047 1046//1046
f 411//411 410//410 793//793
f 411//411 793//793 792//792
f 273//273 1048//1048 1047//1047
f 273//273 1049//1049 1048//1048
f 273//273 1047//1047 274//274
f 412//412 791//791 790//790
f 412//412 792//792 791//791
f 412//412 411//411 792//792
f 272//272 1050//1050 1049//1049
f 272//272 1049//1049 273//273
f 413//413 790//790 789//789
f 413//413 412//412 790//790
f 271//271 841//841 1050//1050
f 271//271 1050//1050 272//272
f 414//414 413//413 789//789
f 414//414 788//788 787//787
f 414//414 789//789 788//788
f 270//270 842//842 841//841
f 270//270 843//843 842//842
f 270//270 841//841 271//271
f 415//415 787//787 1057//1057
f 415//415 414//414 787//787
f 269//269 1203//1203 843//843
f 269//269 843//843 270//270
f 416//416 1057//1057 1056//1056
f 416//416 415//415 1057//1057
f 268//268 1204//1204 1203//1203
f 268//268 1205//1205 1204//1204
f 268//268 1203//1203 269//269
f 417//417 1056//1056 1055//1055
f 417//417 416//416 1056//1056
f 267//267 1205//1205 268//268
f 267//267 1206//1206 1205//1205
f 418//418 417//417 1055//1055
f 418//418 1054//1054 1053//1053
f 418//418 1055//1055 1054//1054
f 266//266 1206//1206 267//267
f 266//266 1207//1207 1206//1206
f 419//419 1053//1053 1052//1052
f 419//419 418//418 1053//1053
f 265//265 1207//1207 266//266
f 420//420 1052//1052 1051//1051
f 420//420 419//419 1052//1052
f 264//264 1207//1207 265//265
f 264//264 1208//1208 1207//1207
f 1//1 420//420 1051//1051
f 1//1 1051//1051 1260//1260
f 263//263 1208//1208 264//264
f 263//263 1209//1209 1208//1208
f 212//212 1//1 1260//1260
f 262//262 1209//1209 263//263
f 262//262 1210//1210 1209//1209
f 262//262 1211//1211 1210//1210
f 213//213 212//212 1260//1260
f 213//213 1259//1259 1258//1258
f 213//213 1260//1260 1259//1259
f 261//261 1211//1211 262//262
f 214//214 213//213 1258//1258
f 1340//1340 1235//1235 1234//1234
f 1339//1339 1236//1236 1235//1235
f 1339//1339 1235//1235 1340//1340
f 1341//1341 1234//1234 1233//1233
f 1341//1341 1340//1340 1234//1234
f 1338//1338 1237//1237 1236//1236
f 1338//1338 1236//1236 1339//1339
f 1342//1342 1341//1341 1233//1233
f 1342//1342 1233//1233 1232//1232
f 1337//1337 1237//1237 1338//1338
f 1343//1343 1342//1342 1232//1232
f 1336//1336 1237//1237 1337//1337
f 1336//1336 1238//1238 1237//1237
f 1344//1344 1232//1232 1231//1231
f 1344//1344 1343//1343 1232//1232
f 1335//1335 1239//1239 1238//1238
f 1335//1335 1238//1238 1336//1336
f 1345//1345 1231//1231 1230//1230
f 1345//1345 1344//1344 1231//1231
f 1334//1334 1240//1240 1239//1239
f 1334//1334 1239//1239 1335//1335
f 1346//1346 1230//1230 1229//1229
f 1346//1346 1345//1345 1230//1230
f 1333//1333 1241//1241 1240//1240
f 1333//1333 1240//1240 1334//1334
f 1347//1347 1229//1229 1228//1228
f 1347//1347 1346//1346 1229//1229
f 1332//1332 1242//1242 1241//1241
f 1332//1332 1241//1241 1333//1333
f 1348//1348 1228//1228 1227//1227
f 1348//1348 1347//1347 1228//1228
f 1331//1331 1242//1242 1332//1332
f 1349//1349 1348//1348 1227//1227
f 1330//1330 1243//1243 1242//1242
f 1330//1330 1242//1242 1331//1331
f 1350//1350 1227//1227 1226//1226
f 1350//1350 1349//1349 1227//1227
f 260//260 1211//1211 261//261
f 260//260 1212//1212 1211//1211
f 260//260 1213//1213 1212//1212
f 1329//1329 1244//1244 1243//1243
f 1329//1329 1243//1243 1330//1330
f 1351//1351 1226//1226 1225//1225
f 1351//1351 1350//1350 1226//1226
f 1328//1328 1245//1245 1244//1244
f 1328//1328 1244//1244 1329//1329
f 1352//1352 1225//1225 1224//1224
f 1352//1352 1351//1351 1225//1225
f 1327//1327 1246//1246 1245//1245
f 1327//1327 1245//1245 1328//1328
f 1353//1353 1224//1224 1223//1223
f 1353//1353 1352//1352 1224//1224
f 1326//1326 1247//1247 1246//1246
f 1326//1326 1246//1246 1327//1327
f 1354//1354 1223//1223 1222//1222
f 1354//1354 1353//1353 1223//1223
f 1325//1325 1248//1248 1247//1247
f 1325//1325 1247//1247 1326//1326
f 1355//1355 1354//1354 1222//1222
f 1324//1324 1248//1248 1325//1325
f 1356//1356 1222//1222 1221//1221
f 1356//1356 1355//1355 1222//1222
f 1323//1323 1248//1248 1324//1324
f 1323//1323 1249//1249 1248//1248
f 1357//1357 1221//1221 1220//1220
f 1357//1357 1356//1356 1221//1221
f 1322//1322 1250//1250 1249//1249
f 1322//1322 1249//1249 1323//1323
f 1358//1358 1357//1357 1220//1220
f 1358//1358 1220//1220 1219//1219
f 1321//1321 1251//1251 1250//1250
f 1321//1321 1250//1250 1322//1322
f 1359//1359 1358//1358 1219//1219
f 1359//1359 1219//1219 1218//1218
f 1320//1320 1251//1251 1321//1321
f 1320//1320 1252//1252 1251//1251
f 1360//1360 1359//1359 1218//1218
f 1360//1360 1218//1218 1217//1217
f 1319//1319 1253//1253 1252//1252
f 1319//1319 1252//1252 1320//1320
f 1361//1361 1360//1360 1217//1217
f 1361//1361 1217//1217 1216//1216
f 1318//1318 1253//1253 1319//1319
f 1362//1362 1361//1361 1216//1216
f 1317//1317 1253//1253 1318//1318
f 1317//1317 1254//1254 1253//1253
f 1363//1363 1362//1362 1216//1216
f 1363//1363 1216//1216 1215//1215
f 1316//1316 1255//1255 1254//1254
f 1316//1316 1254//1254 1317//1317
f 1364//1364 1363//1363 1215//1215
f 1364//1364 1215//1215 1214//1214
f 215//215 214//214 1258//1258
f 215//215 1258//1258 1257//1257
f 1315//1315 1255//1255 1316//1316
f 259//259 1213//1213 260//260
f 216//216 1257//1257 1256//1256
f 216//216 215//215 1257//1257
f 258//258 1364//1364 1214//1214
f 258//258 1213//1213 259//259
f 258//258 1214//1214 1213//1213
f 217//217 1255//1255 1315//1315
f 217//217 1256//1256 1255//1255
f 217//217 216//216 1256//1256
f 257//257 1364//1364 258//258
f 257//257 1365//1365 1364//1364
f 257//257 1366//1366 1365//1365
f 218//218 217//217 1315//1315
f 218//218 1314//1314 1313//1313
f 218//218 1315//1315 1314//1314
f 256//256 1367//1367 1366//1366
f 256//256 1366//1366 257//257
f 219//219 218//218 1313//1313
f 219//219 1313//1313 1312//1312
f 255//255 1367//1367 256//256
f 255//255 1368//1368 1367//1367
f 220//220 219//219 1312//1312
f 220//220 1311//1311 1310//1310
f 220//220 1312//1312 1311//1311
f 254//254 1369//1369 1368//1368
f 254//254 1370//1370 1369//1369
f 254//254 1368//1368 255//255
f 221//221 220//220 1310//1310
f 221//221 1310//1310 1309//1309
f 253//253 1370//1370 254//254
f 253//253 1371//1371 1370//1370
f 253//253 1372//1372 1371//1371
f 222//222 221//221 1309//1309
f 222//222 1308//1308 1307//1307
f 222//222 1309//1309 1308//1308
f 252//252 1373//1373 1372//1372
f 252//252 1374//1374 1373//1373
f 252//252 1372//1372 253//253
f 223//223 1306//1306 1305//1305
f 223//223 1307//1307 1306//1306
f 223//223 222//222 1307//1307
f 251//251 1374//1374 252//252
f 251//251 1375//1375 1374//1374
f 251//251 1376//1376 1375//1375
f 224//224 223//223 1305//1305
f 224//224 1303//1303 1302//1302
f 224//224 1304//1304 1303//1303
f 224//224 1305//1305 1304//1304
f 250//250 1377//1377 1376//1376
f 250//250 1378//1378 1377//1377
f 250//250 1376//1376 251//251
f 225//225 1301//1301 1300//1300
f 225//225 1302//1302 1301//1301
f 225//225 224//224 1302//1302
f 249//249 1378//1378 250//250
f 249//249 1379//1379 1378//1378
f 249//249 1380//1380 1379//1379
f 249//249 1381//1381 1380//1380
f 226//226 1298//1298 1297//1297
f 226//226 1299//1299 1298//1298
f 226//226 1300//1300 1299//1299
f 226//226 225//225 1300//1300
f 248//248 1381//1381 249//249
f 248//248 1382//1382 1381//1381
f 248//248 1383//1383 1382//1382
f 248//248 1384//1384 1383//1383
f 227//227 226//226 1297//1297
f 227//227 1295//1295 1294//1294
f 227//227 1296//1296 1295//1295
f 227//227 1297//1297 1296//1296
f 247//247 1385//1385 1384//1384
f 247//247 1386//1386 1385//1385
f 247//247 1387//1387 1386//1386
f 247//247 1388//1388 1387//1387
f 247//247 1384//1384 248//248
f 228//228 227//227 1294//1294
f 228//228 1291//1291 1290//1290
f 228//228 1292//1292 1291//1291
f 228//228 1293//1293 1292//1292
f 228//228 1294//1294 1293//1293
f 246//246 1388//1388 247//247
f 246//246 1389//1389 1388//1388
f 246//246 1390//1390 1389//1389
f 246//246 1391//1391 1390//1390
f 229//229 228//228 1290//1290
f 229//229 1287//1287 1286//1286
f 229//229 1288//1288 1287//1287
f 229//229 1289//1289 1288//1288
f 229//229 1290//1290 1289//1289
f 245//245 1392//1392 1391//1391
f 245//245 1393//1393 1392//1392
f 245//245 1394//1394 1393//1393
f 245//245 1395//1395 1394//1394
f 245//245 1396//1396 1395//1395
f 245//245 1391//1391 246//246
f 230//230 229//229 1286//1286
f 230//230 1282//1282 1281//1281
f 230//230 1283//1283 1282//1282
f 230//230 1284//1284 1283//1283
f 230//230 1285//1285 1284//1284
f 230//230 1286//1286 1285//1285
f 244//244 1396//1396 245//245
f 244//244 1397//1397 1396//1396
f 244//244 1398//1398 1397//1397
f 244//244 1399//1399 1398//1398
f 244//244 1400//1400 1399//1399
f 244//244 1401//1401 1400//1400
f 231//231 1277//1277 1276//1276
f 231//231 1278//1278 1277//1277
f 231//231 1279//1279 1278//1278
f 231//231 1280//1280 1279//1279
f 231//231 1281//1281 1280//1280
f 231//231 230//230 1281//1281
f 243//243 1402//1402 1401//1401
f 243//243 1403//1403 1402//1402
f 243//243 1404//1404 1403//1403
f 243//243 1405//1405 1404//1404
f 243//243 1406//1406 1405//1405
f 243//243 1401//1401 244//244
f 232//232 1271//1271 1270//1270
f 232//232 1272//1272 1271//1271
f 232//232 1273//1273 1272//1272
f 232//232 1274//1274 1273//1273
f 232//232 1275//1275 1274//1274
f 232//232 1276//1276 1275//1275
f 232//232 231//231 1276//1276
f 242//242 1406//1406 243//243
f 242//242 1407//1407 1406//1406
f 242//242 1408//1408 1407//1407
f 242//242 1409//1409 1408//1408
f 242//242 1410//1410 1409//1409
f 242//242 1411//1411 1410//1410
f 242//242 1412//1412 1411//1411
f 233//233 232//232 1270//1270
f 233//233 1265//1265 1264//1264
f 233//233 1266//1266 1265//1265
f 233//233 1267//1267 1266//1266
f 233//233 1268//1268 1267//1267
f 233//233 1269//1269 1268//1268
f 233//233 1270//1270 1269//1269
f 241//241 1412//1412 242//242
f 241//241 1413//1413 1412//1412
f 241//241 1414//1414 1413//1413
f 241//241 1415//1415 1414//1414
f 241//241 1416//1416 1415//1415
f 241//241 1417//1417 1416//1416
f 241//241 1418//1418 1417//1417
f 241//241 1419//1419 1418//1418
f 234//234 233//233 1264//1264
f 234//234 1262//1262 1261//1261
f 234//234 1263//1263 1262//1262
f 234//234 1264//1264 1263//1263
f 234//234 1468//1468 1467//1467
f 234//234 1469//1469 1468//1468
f 234//234 1470//1470 1469//1469
f 234//234 1261//1261 1470//1470
f 240//240 1423//1423 1422//1422
f 240//240 1424//1424 1423//1423
f 240//240 1425//1425 1424//1424
f 240//240 1426//1426 1425//1425
f 240//240 1427//1427 1426//1426
f 240//240 1419//1419 241//241
f 240//240 1420//1420 1419//1419
f 240//240 1421//1421 1420//1420
f 240//240 1422//1422 1421//1421
f 235//235 1460//1460 1459//1459
f 235//235 1461//1461 1460//1460
f 235//235 1462//1462 1461//1461
f 235//235 1463//1463 1462//1462
f 235//235 1464//1464 1463//1463
f 235//235 1465//1465 1464//1464
f 235//235 1466//1466 1465//1465
f 235//235 1467//1467 1466//1466
f 235//235 234//234 1467//1467
f 239//239 1428//1428 1427//1427
f 239//239 1429//1429 1428//1428
f 239//239 1430//1430 1429//1429
f 239//239 1431//1431 1430//1430
f 239//239 1432//1432 1431//1431
f 239//239 1433//1433 1432//1432
f 239//239 1434//1434 1433//1433
f 239//239 1435//1435 1434//1434
f 239//239 1427//1427 240//240
f 236//236 1452//1452 1451//1451
f 236//236 1453//1453 1452//1452
f 236//236 1454//1454 1453//1453
f 236//236 1455//1455 1454//1454
f 236//236 1456//1456 1455//1455
f 236//236 1457//1457 1456//1456
f 236//236 1458//1458 1457//1457
f 236//236 1459//1459 1458//1458
f 236//236 235//235 1459//1459
f 238//238 1436//1436 1435//1435
f 238//238 1437//1437 1436//1436
f 238//238 1438//1438 1437//1437
f 238//238 1439//1439 1438//1438
f 238//238 1440//1440 1439//1439
f 238//238 1441//1441 1440//1440
f 238//238 1442//1442 1441//1441
f 238//238 1443//1443 1442//1442
f 238//238 1435//1435 239//239
f 237//237 1444//1444 1443//1443
f 237//237 1445//1445 1444//1444
f 237//237 1446//1446 1445//1445
f 237//237 1447//1447 1446//1446
f 237//237 1448//1448 1447//1447
f 237//237 1449//1449 1448//1448
f 237//237 1450//1450 1449//1449
f 237//237 1451//1451 1450//1450
f 237//237 1443//1443 238//238
f 237//237 236//236 1451//1451
f 1549//1549 1550//1550 133//133
f 1551//1551 133//133 1550//1550
f 1548//1548 1549//1549 133//133
f 1548//1548 133//133 134//134
f 1552//1552 133//133 1551//1551
f 1547//1547 1548//1548 134//134
f 1553//1553 133//133 1552//1552
f 1546//1546 1547//1547 134//134
f 1554//1554 133//133 1553//1553
f 1545//1545 1546//1546 134//134
f 1555//1555 132//132 133//133
f 1555//1555 133//133 1554//1554
f 1544//1544 1545//1545 134//134
f 1556//1556 132//132 1555//1555
f 1543//1543 1544//1544 134//134
f 1557//1557 132//132 1556//1556
f 1542//1542 1543//1543 134//134
f 1558//1558 132//132 1557//1557
f 1541//1541 134//134 135//135
f 1541//1541 1542//1542 134//134
f 1559//1559 132//132 1558//1558
f 1540//1540 1541//1541 135//135
f 1560//1560 132//132 1559//1559
f 1539//1539 1540//1540 135//135
f 1561//1561 132//132 1560//1560
f 1538//1538 1539//1539 135//135
f 1562//1562 132//132 1561//1561
f 1562//1562 131//131 132//132
f 1537//1537 1538//1538 135//135
f 1563//1563 131//131 1562//1562
f 1536//1536 1537//1537 135//135
f 1564//1564 131//131 1563//1563
f 1535//1535 1536//1536 135//135
f 1565//1565 131//131 1564//1564
f 1534//1534 135//135 136//136
f 1534//1534 1535//1535 135//135
f 1566//1566 131//131 1565//1565
f 1533//1533 1534//1534 136//136
f 1567//1567 131//131 1566//1566
f 1532//1532 1533//1533 136//136
f 1568//1568 131//131 1567//1567
f 1531//1531 1532//1532 136//136
f 1569//1569 130//130 131//131
f 1569//1569 131//131 1568//1568
f 1530//1530 1531//1531 136//136
f 1570//1570 130//130 1569//1569
f 1529//1529 1530//1530 136//136
f 1571//1571 130//130 1570//1570
f 1528//1528 1529//1529 136//136
f 1572//1572 130//130 1571//1571
f 1527//1527 136//136 137//137
f 1527//1527 1528//1528 136//136
f 1573//1573 130//130 1572//1572
f 1526//1526 1527//1527 137//137
f 1574//1574 130//130 1573//1573
f 1525//1525 1526//1526 137//137
f 1575//1575 130//130 1574//1574
f 1524//1524 1525//1525 137//137
f 1576//1576 129//129 130//130
f 1576//1576 130//130 1575//1575
f 1523//1523 1524//1524 137//137
f 1577//1577 129//129 1576//1576
f 1522//1522 1523//1523 137//137
f 1578//1578 129//129 1577//1577
f 1521//1521 1522//1522 137//137
f 1521//1521 137//137 138//138
f 1579//1579 129//129 1578//1578
f 1520//1520 1521//1521 138//138
f 1580//1580 129//129 1579//1579
f 1519//1519 1520//1520 138//138
f 1581//1581 129//129 1580//1580
f 1518//1518 1519//1519 138//138
f 1582//1582 128//128 129//129
f 1582//1582 129//129 1581//1581
f 1517//1517 1518//1518 138//138
f 1583//1583 128//128 1582//1582
f 1516//1516 1517//1517 138//138
f 1584//1584 128//128 1583//1583
f 1515//1515 138//138 139//139
f 1515//1515 1516//1516 138//138
f 1585//1585 128//128 1584//1584
f 1514//1514 1515//1515 139//139
f 1586//1586 128//128 1585//1585
f 1513//1513 1514//1514 139//139
f 1587//1587 128//128 1586//1586
f 1587//1587 127//127 128//128
f 1512//1512 1513//1513 139//139
f 1588//1588 127//127 1587//1587
f 1511//1511 1512//1512 139//139
f 1589//1589 127//127 1588//1588
f 1510//1510 139//139 140//140
f 1510//1510 1511//1511 139//139
f 1590//1590 127//127 1589//1589
f 1509//1509 1510//1510 140//140
f 1591//1591 127//127 1590//1590
f 1508//1508 1509//1509 140//140
f 1592//1592 126//126 127//127
f 1592//1592 127//127 1591//1591
f 1507//1507 1508//1508 140//140
f 1593//1593 126//126 1592//1592
f 1506//1506 1507//1507 140//140
f 1594//1594 126//126 1593//1593
f 1505//1505 140//140 141//141
f 1505//1505 1506//1506 140//140
f 1595//1595 126//126 1594//1594
f 1504//1504 1505//1505 141//141
f 1596//1596 126//126 1595//1595
f 1503//1503 1504//1504 141//141
f 1597//1597 125//125 126//126
f 1597//1597 126//126 1596//1596
f 1502//1502 1503//1503 141//141
f 1598//1598 125//125 1597//1597
f 1501//1501 1502//1502 141//141
f 1501//1501 141//141 142//142
f 1599//1599 125//125 1598//1598
f 1500//1500 1501//1501 142//142
f 1600//1600 125//125 1599//1599
f 1499//1499 1500//1500 142//142
f 1601//1601 125//125 1600//1600
f 1601//1601 124//124 125//125
f 1498//1498 1499//1499 142//142
f 1602//1602 124//124 1601//1601
f 1497//1497 1498//1498 142//142
f 1497//1497 142//142 143//143
f 1603//1603 124//124 1602//1602
f 1496//1496 1497//1497 143//143
f 1604//1604 124//124 1603//1603
f 1495//1495 1496//1496 143//143
f 1605//1605 123//123 124//124
f 1605//1605 124//124 1604//1604
f 1494//1494 1495//1495 143//143
f 1606//1606 123//123 1605//1605
f 1493//1493 143//143 144//144
f 1493//1493 1494//1494 143//143
f 1607//1607 123//123 1606//1606
f 1492//1492 1493//1493 144//144
f 1608//1608 122//122 123//123
f 1608//1608 123//123 1607//1607
f 1491//1491 1492//1492 144//144
f 1609//1609 122//122 1608//1608
f 1490//1490 144//144 145//145
f 1490//1490 1491//1491 144//144
f 1610//1610 122//122 1609//1609
f 1489//1489 1490//1490 145//145
f 1611//1611 121//121 122//122
f 1611//1611 122//122 1610//1610
f 1488//1488 1489//1489 145//145
f 1612//1612 121//121 1611//1611
f 1487//1487 145//145 146//146
f 1487//1487 1488//1488 145//145
f 1613//1613 120//120 121//121
f 1613//1613 121//121 1612//1612
f 1486//1486 1487//1487 146//146
f 1614//1614 120//120 1613//1613
f 1485//1485 146//146 147//147
f 1485//1485 1486//1486 146//146
f 1615//1615 120//120 1614//1614
f 1484//1484 1485//1485 147//147
f 1616//1616 119//119 120//120
f 1616//1616 120//120 1615//1615
f 1483//1483 1484//1484 147//147
f 1617//1617 119//119 1616//1616
f 1482//1482 1483//1483 147//147
f 1482//1482 147//147 148//148
f 1618//1618 118//118 119//119
f 1618//1618 119//119 1617//1617
f 1481//1481 1482//1482 148//148
f 1619//1619 118//118 1618//1618
f 1480//1480 1481//1481 148//148
f 1480//1480 148//148 149//149
f 1620//1620 117//117 118//118
f 1620//1620 118//118 1619//1619
f 1479//1479 1480//1480 149//149
f 1621//1621 117//117 1620//1620
f 1478//1478 149//149 150//150
f 1478//1478 1479//1479 149//149
f 1622//1622 117//117 1621//1621
f 1622//1622 116//116 117//117
f 1477//1477 1478//1478 150//150
f 1477//1477 150//150 151//151
f 1623//1623 116//116 1622//1622
f 1476//1476 1477//1477 151//151
f 1624//1624 115//115 116//116
f 1624//1624 116//116 1623//1623
f 1475//1475 151//151 152//152
f 1475//1475 1476//1476 151//151
f 1625//1625 114//114 115//115
f 1625//1625 115//115 1624//1624
f 1474//1474 1475//1475 152//152
f 1474//1474 152//152 153//153
f 1626//1626 113//113 114//114
f 1626//1626 114//114 1625//1625
f 1473//1473 1474//1474 153//153
f 1627//1627 113//113 1626//1626
f 1472//1472 1473//1473 153//153
f 1472//1472 153//153 154//154
f 1628//1628 112//112 113//113
f 1628//1628 113//113 1627//1627
f 1471//1471 1472//1472 154//154
f 1471//1471 154//154 155//155
f 1629//1629 111//111 112//112
f 1629//1629 112//112 1628//1628
f 1680//1680 155//155 156//156
f 1680//1680 1471//1471 155//155
f 1630//1630 111//111 1629//1629
f 2180//2180 1654//1654 1655//1655
f 2179//2179 2180//2180 1655//1655
f 2179//2179 1655//1655 1656//1656
f 2181//2181 1654//1654 2180//2180
f 2181//2181 1653//1653 1654//1654
f 2178//2178 2179//2179 1656//1656
f 2178//2178 1656//1656 1657//1657
f 2182//2182 1653//1653 2181//2181
f 2182//2182 1652//1652 1653//1653
f 2177//2177 2178//2178 1657//1657
f 2177//2177 1657//1657 1658//1658
f 2183//2183 1652//1652 2182//2182
f 2183//2183 1651//1651 1652//1652
f 2176//2176 2177//2177 1658//1658
f 2176//2176 1658//1658 1659//1659
f 2184//2184 1651//1651 2183//2183
f 2184//2184 1650//1650 1651//1651
f 2175//2175 1659//1659 1660//1660
f 2175//2175 2176//2176 1659//1659
f 2175//2175 1660//1660 1661//1661
f 2185//2185 1650//1650 2184//2184
f 2185//2185 1648//1648 1649//1649
f 2185//2185 1649//1649 1650//1650
f 2174//2174 2175//2175 1661//1661
f 2174//2174 1661//1661 1662//1662
f 2186//2186 1648//1648 2185//2185
f 2186//2186 1647//1647 1648//1648
f 2173//2173 2174//2174 1662//1662
f 2173//2173 1662//1662 1663//1663
f 2187//2187 1646//1646 1647//1647
f 2187//2187 1647//1647 2186//2186
f 2172//2172 2173//2173 1663//1663
f 2172//2172 1663//1663 1664//1664
f 2188//2188 1646//1646 2187//2187
f 2188//2188 1645//1645 1646//1646
f 2171//2171 1664//1664 1665//1665
f 2171//2171 2172//2172 1664//1664
f 2189//2189 1645//1645 2188//2188
f 2189//2189 1644//1644 1645//1645
f 2170//2170 1665//1665 1666//1666
f 2170//2170 2171//2171 1665//1665
f 2190//2190 1643//1643 1644//1644
f 2190//2190 1644//1644 2189//2189
f 2169//2169 1666//1666 1667//1667
f 2169//2169 2170//2170 1666//1666
f 2191//2191 1643//1643 2190//2190
f 2191//2191 1642//1642 1643//1643
f 2168//2168 2169//2169 1667//1667
f 2168//2168 1667//1667 1668//1668
f 2192//2192 1641//1641 1642//1642
f 2192//2192 1642//1642 2191//2191
f 2167//2167 2168//2168 1668//1668
f 2167//2167 1668//1668 1669//1669
f 2193//2193 1640//1640 1641//1641
f 2193//2193 1641//1641 2192//2192
f 2166//2166 1669//1669 1670//1670
f 2166//2166 2167//2167 1669//1669
f 2194//2194 1640//1640 2193//2193
f 2194//2194 1639//1639 1640//1640
f 2165//2165 1670//1670 1671//1671
f 2165//2165 1671//1671 1672//1672
f 2165//2165 2166//2166 1670//1670
f 2195//2195 1639//1639 2194//2194
f 2195//2195 1637//1637 1638//1638
f 2195//2195 1638//1638 1639//1639
f 2164//2164 1672//1672 1673//1673
f 2164//2164 2165//2165 1672//1672
f 2196//2196 1637//1637 2195//2195
f 2196//2196 1636//1636 1637//1637
f 2163//2163 1673//1673 1674//1674
f 2163//2163 2164//2164 1673//1673
f 2197//2197 1635//1635 1636//1636
f 2197//2197 1636//1636 2196//2196
f 2162//2162 1674//1674 1675//1675
f 2162//2162 2163//2163 1674//1674
f 2198//2198 1635//1635 2197//2197
f 2198//2198 1634//1634 1635//1635
f 2161//2161 1675//1675 1676//1676
f 2161//2161 2162//2162 1675//1675
f 2199//2199 1634//1634 2198//2198
f 2199//2199 1633//1633 1634//1634
f 2160//2160 1676//1676 1677//1677
f 2160//2160 2161//2161 1676//1676
f 2200//2200 1633//1633 2199//2199
f 2200//2200 1632//1632 1633//1633
f 2159//2159 1677//1677 1678//1678
f 2159//2159 2160//2160 1677//1677
f 2201//2201 1632//1632 2200//2200
f 2201//2201 1631//1631 1632//1632
f 2158//2158 1678//1678 1679//1679
f 2158//2158 2159//2159 1678//1678
f 2202//2202 1631//1631 2201//2201
f 2202//2202 111//111 1630//1630
f 2202//2202 1630//1630 1631//1631
f 2157//2157 1679//1679 1680//1680
f 2157//2157 2158//2158 1679//1679
f 2157//2157 1680//1680 156//156
f 2203//2203 110//110 111//111
f 2203//2203 111//111 2202//2202
f 2156//2156 2157//2157 156//156
f 2156//2156 156//156 157//157
f 2204//2204 109//109 110//110
f 2204//2204 110//110 2203//2203
f 2155//2155 157//157 158//158
f 2155//2155 2156//2156 157//157
f 2205//2205 108//108 109//109
f 2205//2205 109//109 2204//2204
f 2154//2154 2155//2155 158//158
f 2154//2154 158//158 159//159
f 2154//2154 159//159 160//160
f 2206//2206 107//107 108//108
f 2206//2206 108//108 2205//2205
f 2153//2153 2154//2154 160//160
f 2207//2207 106//106 107//107
f 2207//2207 107//107 2206//2206
f 2152//2152 2153//2153 160//160
f 2152//2152 160//160 161//161
f 1760//1760 176//176 177//177
f 1759//1759 1760//1760 177//177
f 1969//1969 1970//1970 90//90
f 1761//1761 176//176 1760//1760
f 1971//1971 90//90 1970//1970
f 1971//1971 89//89 90//90
f 1758//1758 1759//1759 177//177
f 1968//1968 1969//1969 90//90
f 1762//1762 176//176 1761//1761
f 1972//1972 89//89 1971//1971
f 1757//1757 1758//1758 177//177
f 1967//1967 1968//1968 90//90
f 1967//1967 90//90 91//91
f 2208//2208 105//105 106//106
f 2208//2208 106//106 2207//2207
f 1763//1763 176//176 1762//1762
f 1973//1973 89//89 1972//1972
f 1756//1756 177//177 178//178
f 1756//1756 1757//1757 177//177
f 1966//1966 1967//1967 91//91
f 1764//1764 176//176 1763//1763
f 1764//1764 175//175 176//176
f 1974//1974 89//89 1973//1973
f 1755//1755 1756//1756 178//178
f 1965//1965 1966//1966 91//91
f 1765//1765 175//175 1764//1764
f 1975//1975 89//89 1974//1974
f 1975//1975 88//88 89//89
f 1754//1754 1755//1755 178//178
f 1964//1964 1965//1965 91//91
f 1964//1964 91//91 92//92
f 1766//1766 175//175 1765//1765
f 1976//1976 88//88 1975//1975
f 1753//1753 1754//1754 178//178
f 1963//1963 1964//1964 92//92
f 2151//2151 2152//2152 161//161
f 2151//2151 161//161 162//162
f 2151//2151 162//162 163//163
f 1767//1767 175//175 1766//1766
f 1767//1767 174//174 175//175
f 1977//1977 88//88 1976//1976
f 1752//1752 1753//1753 178//178
f 1752//1752 178//178 179//179
f 1962//1962 1963//1963 92//92
f 1768//1768 174//174 1767//1767
f 1978//1978 88//88 1977//1977
f 1751//1751 1752//1752 179//179
f 1961//1961 1962//1962 92//92
f 1961//1961 92//92 93//93
f 1769//1769 174//174 1768//1768
f 1979//1979 88//88 1978//1978
f 2209//2209 104//104 105//105
f 2209//2209 105//105 2208//2208
f 1750//1750 1751//1751 179//179
f 1960//1960 1961//1961 93//93
f 1770//1770 174//174 1769//1769
f 1770//1770 173//173 174//174
f 1980//1980 88//88 1979//1979
f 1980//1980 87//87 88//88
f 1749//1749 1750//1750 179//179
f 1959//1959 1960//1960 93//93
f 1959//1959 93//93 94//94
f 2150//2150 2151//2151 163//163
f 1771//1771 173//173 1770//1770
f 1981//1981 87//87 1980//1980
f 1748//1748 1749//1749 179//179
f 1958//1958 1959//1959 94//94
f 1772//1772 173//173 1771//1771
f 1772//1772 172//172 173//173
f 1982//1982 87//87 1981//1981
f 1747//1747 1748//1748 179//179
f 1747//1747 179//179 180//180
f 1957//1957 1958//1958 94//94
f 2210//2210 103//103 104//104
f 2210//2210 104//104 2209//2209
f 1773//1773 172//172 1772//1772
f 1983//1983 87//87 1982//1982
f 1746//1746 1747//1747 180//180
f 1956//1956 1957//1957 94//94
f 1956//1956 94//94 95//95
f 1774//1774 172//172 1773//1773
f 1984//1984 87//87 1983//1983
f 1745//1745 1746//1746 180//180
f 1955//1955 1956//1956 95//95
f 1775//1775 171//171 172//172
f 1775//1775 172//172 1774//1774
f 1985//1985 86//86 87//87
f 1985//1985 87//87 1984//1984
f 1744//1744 1745//1745 180//180
f 1954//1954 1955//1955 95//95
f 1954//1954 95//95 96//96
f 1776//1776 171//171 1775//1775
f 1986//1986 86//86 1985//1985
f 1743//1743 1744//1744 180//180
f 1953//1953 1954//1954 96//96
f 1777//1777 171//171 1776//1776
f 1777//1777 170//170 171//171
f 1987//1987 86//86 1986//1986
f 1742//1742 1743//1743 180//180
f 1742//1742 180//180 181//181
f 1952//1952 1953//1953 96//96
f 1952//1952 96//96 97//97
f 1778//1778 170//170 1777//1777
f 1988//1988 86//86 1987//1987
f 1741//1741 1742//1742 181//181
f 1951//1951 1952//1952 97//97
f 1779//1779 170//170 1778//1778
f 1779//1779 169//169 170//170
f 1989//1989 86//86 1988//1988
f 1740//1740 1741//1741 181//181
f 1950//1950 1951//1951 97//97
f 1950//1950 97//97 98//98
f 1780//1780 169//169 1779//1779
f 1780//1780 168//168 169//169
f 1990//1990 86//86 1989//1989
f 1990//1990 85//85 86//86
f 1739//1739 1740//1740 181//181
f 1949//1949 1950//1950 98//98
f 1781//1781 168//168 1780//1780
f 1991//1991 85//85 1990//1990
f 1738//1738 1739//1739 181//181
f 1948//1948 1949//1949 98//98
f 1948//1948 98//98 99//99
f 1782//1782 167//167 168//168
f 1782//1782 168//168 1781//1781
f 1992//1992 85//85 1991//1991
f 1737//1737 1738//1738 181//181
f 1947//1947 99//99 100//100
f 1947//1947 1948//1948 99//99
f 1783//1783 167//167 1782//1782
f 1783//1783 166//166 167//167
f 1993//1993 85//85 1992//1992
f 1736//1736 1737//1737 181//181
f 1736//1736 181//181 182//182
f 1946//1946 1947//1947 100//100
f 1946//1946 100//100 101//101
f 1784//1784 166//166 1783//1783
f 1994//1994 85//85 1993//1993
f 1735//1735 1736//1736 182//182
f 1945//1945 1946//1946 101//101
f 1785//1785 165//165 166//166
f 1785//1785 166//166 1784//1784
f 1995//1995 85//85 1994//1994
f 1734//1734 1735//1735 182//182
f 1944//1944 1945//1945 101//101
f 1944//1944 101//101 102//102
f 1786//1786 165//165 1785//1785
f 1786//1786 164//164 165//165
f 1996//1996 85//85 1995//1995
f 1996//1996 84//84 85//85
f 1733//1733 1734//1734 182//182
f 1943//1943 102//102 103//103
f 1943//1943 1944//1944 102//102
f 1787//1787 2150//2150 163//163
f 1787//1787 163//163 164//164
f 1787//1787 164//164 1786//1786
f 1997//1997 84//84 1996//1996
f 1732//1732 1733//1733 182//182
f 1942//1942 1943//1943 103//103
f 1942//1942 103//103 2210//2210
f 1788//1788 2150//2150 1787//1787
f 1788//1788 2149//2149 2150//2150
f 1998//1998 84//84 1997//1997
f 1731//1731 1732//1732 182//182
f 1941//1941 2210//2210 2211//2211
f 1941//1941 1942//1942 2210//2210
f 1789//1789 2149//2149 1788//1788
f 1789//1789 2148//2148 2149//2149
f 1999//1999 84//84 1998//1998
f 1730//1730 1731//1731 182//182
f 1730//1730 182//182 183//183
f 1940//1940 1941//1941 2211//2211
f 1940//1940 2211//2211 2212//2212
f 1790//1790 2148//2148 1789//1789
f 1790//1790 2147//2147 2148//2148
f 2000//2000 84//84 1999//1999
f 1729//1729 1730//1730 183//183
f 1939//1939 2212//2212 2213//2213
f 1939//1939 1940//1940 2212//2212
f 1791//1791 2147//2147 1790//1790
f 1791//1791 2146//2146 2147//2147
f 2001//2001 84//84 2000//2000
f 1728//1728 1729//1729 183//183
f 1938//1938 2213//2213 2214//2214
f 1938//1938 1939//1939 2213//2213
f 1792//1792 2146//2146 1791//1791
f 1792//1792 2145//2145 2146//2146
f 2002//2002 84//84 2001//2001
f 1727//1727 1728//1728 183//183
f 1937//1937 1938//1938 2214//2214
f 1937//1937 2214//2214 2215//2215
f 1793//1793 2144//2144 2145//2145
f 1793//1793 2145//2145 1792//1792
f 2003//2003 83//83 84//84
f 2003//2003 84//84 2002//2002
f 1726//1726 1727//1727 183//183
f 1936//1936 2215//2215 2216//2216
f 1936//1936 1937//1937 2215//2215
f 1794//1794 2143//2143 2144//2144
f 1794//1794 2144//2144 1793//1793
f 2004//2004 83//83 2003//2003
f 1725//1725 1726//1726 183//183
f 1935//1935 2216//2216 2217//2217
f 1935//1935 1936//1936 2216//2216
f 1795//1795 2143//2143 1794//1794
f 1795//1795 2142//2142 2143//2143
f 2005//2005 83//83 2004//2004
f 1724//1724 1725//1725 183//183
f 1934//1934 1935//1935 2217//2217
f 1796//1796 2142//2142 1795//1795
f 2006//2006 83//83 2005//2005
f 1723//1723 183//183 184//184
f 1723//1723 1724//1724 183//183
f 1933//1933 2217//2217 2218//2218
f 1933//1933 1934//1934 2217//2217
f 1797//1797 2141//2141 2142//2142
f 1797//1797 2142//2142 1796//1796
f 2007//2007 83//83 2006//2006
f 1722//1722 1723//1723 184//184
f 1932//1932 2218//2218 2219//2219
f 1932//1932 1933//1933 2218//2218
f 1798//1798 2141//2141 1797//1797
f 1798//1798 2140//2140 2141//2141
f 2008//2008 83//83 2007//2007
f 1721//1721 1722//1722 184//184
f 1931//1931 1932//1932 2219//2219
f 1931//1931 2219//2219 2220//2220
f 1799//1799 2140//2140 1798//1798
f 1799//1799 2139//2139 2140//2140
f 2009//2009 83//83 2008//2008
f 1720//1720 1721//1721 184//184
f 1930//1930 1931//1931 2220//2220
f 1930//1930 2220//2220 2221//2221
f 1800//1800 2139//2139 1799//1799
f 1800//1800 2138//2138 2139//2139
f 2010//2010 83//83 2009//2009
f 2010//2010 82//82 83//83
f 1719//1719 1720//1720 184//184
f 1929//1929 1930//1930 2221//2221
f 1929//1929 2221//2221 2222//2222
f 1801//1801 2137//2137 2138//2138
f 1801//1801 2138//2138 1800//1800
f 2011//2011 82//82 2010//2010
f 1718//1718 1719//1719 184//184
f 1928//1928 1929//1929 2222//2222
f 1928//1928 2222//2222 2223//2223
f 1802//1802 2136//2136 2137//2137
f 1802//1802 2137//2137 1801//1801
f 2012//2012 82//82 2011//2011
f 1717//1717 1718//1718 184//184
f 1927//1927 2223//2223 2224//2224
f 1927//1927 1928//1928 2223//2223
f 1803//1803 2136//2136 1802//1802
f 1803//1803 2135//2135 2136//2136
f 2013//2013 82//82 2012//2012
f 1716//1716 184//184 185//185
f 1716//1716 1717//1717 184//184
f 1926//1926 2224//2224 2225//2225
f 1926//1926 1927//1927 2224//2224
f 1804//1804 2135//2135 1803//1803
f 1804//1804 2134//2134 2135//2135
f 2014//2014 82//82 2013//2013
f 1715//1715 1716//1716 185//185
f 1925//1925 1926//1926 2225//2225
f 1925//1925 2225//2225 2226//2226
f 1805//1805 2134//2134 1804//1804
f 1805//1805 2133//2133 2134//2134
f 2015//2015 82//82 2014//2014
f 1714//1714 1715//1715 185//185
f 1924//1924 1925//1925 2226//2226
f 1924//1924 2226//2226 2227//2227
f 1806//1806 2133//2133 1805//1805
f 1806//1806 2132//2132 2133//2133
f 2016//2016 82//82 2015//2015
f 1713//1713 1714//1714 185//185
f 1923//1923 1924//1924 2227//2227
f 1807//1807 2132//2132 1806//1806
f 2017//2017 82//82 2016//2016
f 1712//1712 1713//1713 185//185
f 1922//1922 2227//2227 2228//2228
f 1922//1922 1923//1923 2227//2227
f 1808//1808 2132//2132 1807//1807
f 1808//1808 2131//2131 2132//2132
f 1711//1711 1712//1712 185//185
f 1921//1921 1922//1922 2228//2228
f 1921//1921 2228//2228 2229//2229
f 1809//1809 2131//2131 1808//1808
f 1809//1809 2130//2130 2131//2131
f 81//81 82//82 2017//2017
f 81//81 2017//2017 2018//2018
f 81//81 2018//2018 2019//2019
f 1710//1710 1711//1711 185//185
f 1920//1920 1921//1921 2229//2229
f 1920//1920 2229//2229 2230//2230
f 1810//1810 2130//2130 1809//1809
f 1810//1810 2129//2129 2130//2130
f 2020//2020 81//81 2019//2019
f 1709//1709 1710//1710 185//185
f 1919//1919 1920//1920 2230//2230
f 1919//1919 2230//2230 2231//2231
f 1811//1811 2129//2129 1810//1810
f 2021//2021 81//81 2020//2020
f 2128//2128 2129//2129 1811//1811
f 1918//1918 1919//1919 2231//2231
f 2232//2232 1918//1918 2231//2231
f 1812//1812 2128//2128 1811//1811
f 2022//2022 81//81 2021//2021
f 1917//1917 1918//1918 2232//2232
f 2127//2127 2128//2128 1812//1812
f 1813//1813 2127//2127 1812//1812
f 2023//2023 81//81 2022//2022
f 2233//2233 1917//1917 2232//2232
f 1916//1916 1917//1917 2233//2233
f 2024//2024 81//81 2023//2023
f 2126//2126 2127//2127 1813//1813
f 2126//2126 1813//1813 1814//1814
f 2234//2234 1916//1916 2233//2233
f 2234//2234 1915//1915 1916//1916
f 186//186 1705//1705 1706//1706
f 186//186 1706//1706 1707//1707
f 186//186 1707//1707 1708//1708
f 186//186 1708//1708 1709//1709
f 186//186 1709//1709 185//185
f 1704//1704 1705//1705 186//186
f 2125//2125 2126//2126 1814//1814
f 2125//2125 1814//1814 1815//1815
f 2235//2235 1914//1914 1915//1915
f 2235//2235 1915//1915 2234//2234
f 1703//1703 1704//1704 186//186
f 2124//2124 1815//1815 1816//1816
f 2124//2124 2125//2125 1815//1815
f 1702//1702 1703//1703 186//186
f 2236//2236 1914//1914 2235//2235
f 2236//2236 1913//1913 1914//1914
f 2123//2123 2124//2124 1816//1816
f 2123//2123 1816//1816 1817//1817
f 2237//2237 1911//1911 1912//1912
f 2237//2237 1912//1912 1913//1913
f 2237//2237 1913//1913 2236//2236
f 2122//2122 2123//2123 1817//1817
f 2122//2122 1817//1817 1818//1818
f 2122//2122 1818//1818 1819//1819
f 2238//2238 1910//1910 1911//1911
f 2238//2238 1911//1911 2237//2237
f 2121//2121 2122//2122 1819//1819
f 2121//2121 1819//1819 1820//1820
f 80//80 81//81 2024//2024
f 80//80 2024//2024 2025//2025
f 80//80 2025//2025 2026//2026
f 80//80 2026//2026 2027//2027
f 80//80 2027//2027 2028//2028
f 80//80 2028//2028 2029//2029
f 80//80 2029//2029 2030//2030
f 80//80 2030//2030 2031//2031
f 2239//2239 1909//1909 1910//1910
f 2239//2239 1910//1910 2238//2238
f 2120//2120 1820//1820 1821//1821
f 2120//2120 2121//2121 1820//1820
f 2240//2240 1909//1909 2239//2239
f 2240//2240 1908//1908 1909//1909
f 2119//2119 2120//2120 1821//1821
f 2119//2119 1821//1821 1822//1822
f 2241//2241 1908//1908 2240//2240
f 2241//2241 1907//1907 1908//1908
f 2118//2118 1822//1822 1823//1823
f 2118//2118 2119//2119 1822//1822
f 2242//2242 1907//1907 2241//2241
f 2242//2242 1906//1906 1907//1907
f 2117//2117 2118//2118 1823//1823
f 2117//2117 1823//1823 1824//1824
f 187//187 1695//1695 1696//1696
f 187//187 1696//1696 1697//1697
f 187//187 1697//1697 1698//1698
f 187//187 1698//1698 1699//1699
f 187//187 1699//1699 1700//1700
f 187//187 1700//1700 1701//1701
f 187//187 1701//1701 1702//1702
f 187//187 1702//1702 186//186
f 2243//2243 1905//1905 1906//1906
f 2243//2243 1906//1906 2242//2242
f 2116//2116 2117//2117 1824//1824
f 2116//2116 1824//1824 1825//1825
f 2244//2244 1905//1905 2243//2243
f 2244//2244 1904//1904 1905//1905
f 2115//2115 2116//2116 1825//1825
f 2115//2115 1825//1825 1826//1826
f 2245//2245 1904//1904 2244//2244
f 2245//2245 1903//1903 1904//1904
f 2114//2114 1826//1826 1827//1827
f 2114//2114 2115//2115 1826//1826
f 2246//2246 1902//1902 1903//1903
f 2246//2246 1903//1903 2245//2245
f 2113//2113 1827//1827 1828//1828
f 2113//2113 2114//2114 1827//1827
f 2247//2247 1900//1900 1901//1901
f 2247//2247 1901//1901 1902//1902
f 2247//2247 1902//1902 2246//2246
f 79//79 2031//2031 2032//2032
f 79//79 2032//2032 2033//2033
f 79//79 2033//2033 2034//2034
f 79//79 2034//2034 2035//2035
f 79//79 2035//2035 2036//2036
f 79//79 2036//2036 2037//2037
f 79//79 2037//2037 2038//2038
f 79//79 80//80 2031//2031
f 2112//2112 2113//2113 1828//1828
f 2112//2112 1828//1828 1829//1829
f 2112//2112 1829//1829 1830//1830
f 2248//2248 1900//1900 2247//2247
f 2248//2248 1899//1899 1900//1900
f 2111//2111 2112//2112 1830//1830
f 2111//2111 1830//1830 1831//1831
f 2249//2249 1898//1898 1899//1899
f 2249//2249 1899//1899 2248//2248
f 2110//2110 2111//2111 1831//1831
f 2110//2110 1831//1831 1832//1832
f 2250//2250 1897//1897 1898//1898
f 2250//2250 1898//1898 2249//2249
f 2109//2109 2110//2110 1832//1832
f 2109//2109 1832//1832 1833//1833
f 2251//2251 1896//1896 1897//1897
f 2251//2251 1897//1897 2250//2250
f 2108//2108 2109//2109 1833//1833
f 2108//2108 1833//1833 1834//1834
f 2252//2252 1895//1895 1896//1896
f 2252//2252 1896//1896 2251//2251
f 188//188 1688//1688 1689//1689
f 188//188 1695//1695 187//187
f 188//188 1689//1689 1690//1690
f 188//188 1690//1690 1691//1691
f 188//188 1691//1691 1692//1692
f 188//188 1692//1692 1693//1693
f 188//188 1693//1693 1694//1694
f 188//188 1694//1694 1695//1695
f 2107//2107 2108//2108 1834//1834
f 2107//2107 1834//1834 1835//1835
f 2253//2253 1895//1895 2252//2252
f 2253//2253 1894//1894 1895//1895
f 2106//2106 1835//1835 1836//1836
f 2106//2106 2107//2107 1835//1835
f 2254//2254 1893//1893 1894//1894
f 2254//2254 1894//1894 2253//2253
f 2105//2105 2106//2106 1836//1836
f 2105//2105 1836//1836 1837//1837
f 2255//2255 1892//1892 1893//1893
f 2255//2255 1893//1893 2254//2254
f 78//78 79//79 2038//2038
f 78//78 2038//2038 2039//2039
f 78//78 2039//2039 2040//2040
f 78//78 2040//2040 2041//2041
f 78//78 2041//2041 2042//2042
f 78//78 2042//2042 2043//2043
f 78//78 2043//2043 2044//2044
f 78//78 2044//2044 2045//2045
f 189//189 1688//1688 188//188
f 189//189 1681//1681 1682//1682
f 189//189 1682//1682 1683//1683
f 189//189 1683//1683 1684//1684
f 189//189 1684//1684 1685//1685
f 189//189 1685//1685 1686//1686
f 189//189 1686//1686 1687//1687
f 189//189 1687//1687 1688//1688
f 77//77 2045//2045 2046//2046
f 77//77 2046//2046 2047//2047
f 77//77 2047//2047 2048//2048
f 77//77 2048//2048 2049//2049
f 77//77 2049//2049 2050//2050
f 77//77 2050//2050 2051//2051
f 77//77 78//78 2045//2045
f 190//190 1885//1885 1886//1886
f 190//190 1886//1886 1887//1887
f 190//190 1887//1887 1888//1888
f 190//190 1888//1888 1889//1889
f 190//190 1889//1889 1890//1890
f 190//190 1890//1890 1681//1681
f 190//190 1681//1681 189//189
f 76//76 2051//2051 2052//2052
f 76//76 2052//2052 2053//2053
f 76//76 2053//2053 2054//2054
f 76//76 2054//2054 2055//2055
f 76//76 2055//2055 2056//2056
f 76//76 77//77 2051//2051
f 76//76 2056//2056 2057//2057
f 191//191 1880//1880 1881//1881
f 191//191 1881//1881 1882//1882
f 191//191 1882//1882 1883//1883
f 191//191 1883//1883 1884//1884
f 191//191 1884//1884 1885//1885
f 191//191 1885//1885 190//190
f 75//75 76//76 2057//2057
f 75//75 2057//2057 2058//2058
f 75//75 2058//2058 2059//2059
f 75//75 2059//2059 2060//2060
f 75//75 2060//2060 2061//2061
f 75//75 2061//2061 2062//2062
f 192//192 1875//1875 1876//1876
f 192//192 1876//1876 1877//1877
f 192//192 1877//1877 1878//1878
f 192//192 1878//1878 1879//1879
f 192//192 1879//1879 1880//1880
f 192//192 1880//1880 191//191
f 74//74 75//75 2062//2062
f 74//74 2062//2062 2063//2063
f 74//74 2063//2063 2064//2064
f 74//74 2064//2064 2065//2065
f 74//74 2065//2065 2066//2066
f 74//74 2066//2066 2067//2067
f 193//193 1870//1870 1871//1871
f 193//193 1871//1871 1872//1872
f 193//193 1872//1872 1873//1873
f 193//193 1873//1873 1874//1874
f 193//193 1874//1874 1875//1875
f 193//193 1875//1875 192//192
f 73//73 2068//2068 2069//2069
f 73//73 2069//2069 2070//2070
f 73//73 2070//2070 2071//2071
f 73//73 74//74 2067//2067
f 73//73 2067//2067 2068//2068
f 194//194 1866//1866 1867//1867
f 194//194 1867//1867 1868//1868
f 194//194 1868//1868 1869//1869
f 194//194 1869//1869 1870//1870
f 194//194 1870//1870 193//193
f 72//72 2071//2071 2072//2072
f 72//72 2072//2072 2073//2073
f 72//72 2073//2073 2074//2074
f 72//72 2074//2074 2075//2075
f 72//72 73//73 2071//2071
f 195//195 1866//1866 194//194
f 195//195 1862//1862 1863//1863
f 195//195 1863//1863 1864//1864
f 195//195 1864//1864 1865//1865
f 195//195 1865//1865 1866//1866
f 71//71 2075//2075 2076//2076
f 71//71 2076//2076 2077//2077
f 71//71 2077//2077 2078//2078
f 71//71 2078//2078 2079//2079
f 71//71 72//72 2075//2075
f 196//196 1862//1862 195//195
f 196//196 1859//1859 1860//1860
f 196//196 1860//1860 1861//1861
f 196//196 1861//1861 1862//1862
f 70//70 2079//2079 2080//2080
f 70//70 2080//2080 2081//2081
f 70//70 2081//2081 2082//2082
f 70//70 71//71 2079//2079
f 197//197 1859//1859 196//196
f 197//197 1856//1856 1857//1857
f 197//197 1857//1857 1858//1858
f 197//197 1858//1858 1859//1859
f 69//69 70//70 2082//2082
f 69//69 2082//2082 2083//2083
f 69//69 2083//2083 2084//2084
f 69//69 2084//2084 2085//2085
f 198//198 1856//1856 197//197
f 198//198 1854//1854 1855//1855
f 198//198 1855//1855 1856//1856
f 68//68 2085//2085 2086//2086
f 68//68 2086//2086 2087//2087
f 68//68 69//69 2085//2085
f 199//199 1854//1854 198//198
f 199//199 1851//1851 1852//1852
f 199//199 1852//1852 1853//1853
f 199//199 1853//1853 1854//1854
f 67//67 2087//2087 2088//2088
f 67//67 2088//2088 2089//2089
f 67//67 2089//2089 2090//2090
f 67//67 68//68 2087//2087
f 200//200 1851//1851 199//199
f 200//200 1849//1849 1850//1850
f 200//200 1850//1850 1851//1851
f 66//66 2090//2090 2091//2091
f 66//66 2091//2091 2092//2092
f 66//66 67//67 2090//2090
f 201//201 1849//1849 200//200
f 201//201 1847//1847 1848//1848
f 201//201 1848//1848 1849//1849
f 65//65 2092//2092 2093//2093
f 65//65 2093//2093 2094//2094
f 65//65 66//66 2092//2092
f 202//202 1845//1845 1846//1846
f 202//202 1846//1846 1847//1847
f 202//202 1847//1847 201//201
f 64//64 2094//2094 2095//2095
f 64//64 65//65 2094//2094
f 203//203 1845//1845 202//202
f 203//203 1843//1843 1844//1844
f 203//203 1844//1844 1845//1845
f 63//63 64//64 2095//2095
f 63//63 2095//2095 2096//2096
f 63//63 2096//2096 2097//2097
f 204//204 1842//1842 1843//1843
f 204//204 1843//1843 203//203
f 62//62 63//63 2097//2097
f 62//62 2097//2097 2098//2098
f 205//205 1841//1841 1842//1842
f 205//205 1842//1842 204//204
f 61//61 2098//2098 2099//2099
f 61//61 2099//2099 2100//2100
f 61//61 62//62 2098//2098
f 206//206 1839//1839 1840//1840
f 206//206 1840//1840 1841//1841
f 206//206 1841//1841 205//205
f 60//60 61//61 2100//2100
f 60//60 2100//2100 1891//1891
f 207//207 1839//1839 206//206
f 207//207 1838//1838 1839//1839
f 59//59 60//60 1891//1891
f 59//59 1891//1891 1892//1892
f 208//208 1838//1838 207//207
f 208//208 2105//2105 1837//1837
f 208//208 1837//1837 1838//1838
f 58//58 59//59 1892//1892
f 58//58 1892//1892 2255//2255
f 58//58 2255//2255 2256//2256
f 209//209 2103//2103 2104//2104
f 209//209 2104//2104 2105//2105
f 209//209 2105//2105 208//208
f 57//57 2256//2256 2257//2257
f 57//57 58//58 2256//2256
f 210//210 2102//2102 2103//2103
f 210//210 2103//2103 209//209
f 56//56 57//57 2257//2257
f 211//211 2101//2101 2102//2102
f 211//211 2102//2102 210//210
f 55//55 56//56 2257//2257
f 55//55 2257//2257 2258//2258
f 2//2 2101//2101 211//211
f 2//2 2310//2310 2101//2101
f 54//54 55//55 2258//2258
f 54//54 2258//2258 2259//2259
f 3//3 2310//2310 2//2
f 53//53 2259//2259 2260//2260
f 53//53 2260//2260 2261//2261
f 53//53 54//54 2259//2259
f 2390//2390 2284//2284 2285//2285
f 2389//2389 2285//2285 2286//2286
f 2389//2389 2390//2390 2285//2285
f 2391//2391 2283//2283 2284//2284
f 2391//2391 2284//2284 2390//2390
f 2388//2388 2286//2286 2287//2287
f 2388//2388 2389//2389 2286//2286
f 2392//2392 2282//2282 2283//2283
f 2392//2392 2283//2283 2391//2391
f 2387//2387 2287//2287 2288//2288
f 2387//2387 2388//2388 2287//2287
f 2393//2393 2281//2281 2282//2282
f 2393//2393 2282//2282 2392//2392
f 2386//2386 2288//2288 2289//2289
f 2386//2386 2387//2387 2288//2288
f 2394//2394 2280//2280 2281//2281
f 2394//2394 2281//2281 2393//2393
f 2385//2385 2289//2289 2290//2290
f 2385//2385 2386//2386 2289//2289
f 2395//2395 2280//2280 2394//2394
f 2384//2384 2385//2385 2290//2290
f 2396//2396 2279//2279 2280//2280
f 2396//2396 2280//2280 2395//2395
f 2383//2383 2290//2290 2291//2291
f 2383//2383 2384//2384 2290//2290
f 2397//2397 2278//2278 2279//2279
f 2397//2397 2279//2279 2396//2396
f 2382//2382 2291//2291 2292//2292
f 2382//2382 2383//2383 2291//2291
f 2398//2398 2277//2277 2278//2278
f 2398//2398 2278//2278 2397//2397
f 2381//2381 2292//2292 2293//2293
f 2381//2381 2382//2382 2292//2292
f 2399//2399 2276//2276 2277//2277
f 2399//2399 2277//2277 2398//2398
f 2380//2380 2293//2293 2294//2294
f 2380//2380 2381//2381 2293//2293
f 2400//2400 2275//2275 2276//2276
f 2400//2400 2276//2276 2399//2399
f 2379//2379 2294//2294 2295//2295
f 2379//2379 2380//2380 2294//2294
f 2401//2401 2274//2274 2275//2275
f 2401//2401 2275//2275 2400//2400
f 2378//2378 2295//2295 2296//2296
f 2378//2378 2379//2379 2295//2295
f 2402//2402 2273//2273 2274//2274
f 2402//2402 2274//2274 2401//2401
f 2377//2377 2296//2296 2297//2297
f 2377//2377 2378//2378 2296//2296
f 2403//2403 2272//2272 2273//2273
f 2403//2403 2273//2273 2402//2402
f 2376//2376 2297//2297 2298//2298
f 2376//2376 2377//2377 2297//2297
f 2404//2404 2271//2271 2272//2272
f 2404//2404 2272//2272 2403//2403
f 2375//2375 2298//2298 2299//2299
f 2375//2375 2376//2376 2298//2298
f 4//4 2308//2308 2309//2309
f 4//4 2309//2309 2310//2310
f 4//4 2310//2310 3//3
f 2405//2405 2270//2270 2271//2271
f 2405//2405 2271//2271 2404//2404
f 2374//2374 2299//2299 2300//2300
f 2374//2374 2375//2375 2299//2299
f 2406//2406 2270//2270 2405//2405
f 2373//2373 2374//2374 2300//2300
f 2407//2407 2270//2270 2406//2406
f 2407//2407 2269//2269 2270//2270
f 2372//2372 2300//2300 2301//2301
f 2372//2372 2373//2373 2300//2300
f 2408//2408 2269//2269 2407//2407
f 2408//2408 2268//2268 2269//2269
f 2371//2371 2372//2372 2301//2301
f 2371//2371 2301//2301 2302//2302
f 2409//2409 2268//2268 2408//2408
f 2409//2409 2267//2267 2268//2268
f 2370//2370 2302//2302 2303//2303
f 2370//2370 2371//2371 2302//2302
f 2410//2410 2267//2267 2409//2409
f 2410//2410 2266//2266 2267//2267
f 2369//2369 2370//2370 2303//2303
f 2369//2369 2303//2303 2304//2304
f 2411//2411 2266//2266 2410//2410
f 2411//2411 2265//2265 2266//2266
f 2368//2368 2369//2369 2304//2304
f 2368//2368 2304//2304 2305//2305
f 2412//2412 2265//2265 2411//2411
f 2412//2412 2264//2264 2265//2265
f 2367//2367 2305//2305 2306//2306
f 2367//2367 2368//2368 2305//2305
f 52//52 53//53 2261//2261
f 2413//2413 2264//2264 2412//2412
f 2413//2413 2263//2263 2264//2264
f 2366//2366 2306//2306 2307//2307
f 2366//2366 2367//2367 2306//2306
f 2414//2414 2263//2263 2413//2413
f 2414//2414 2262//2262 2263//2263
f 2365//2365 2366//2366 2307//2307
f 2415//2415 2262//2262 2414//2414
f 5//5 2308//2308 4//4
f 51//51 52//52 2261//2261
f 51//51 2262//2262 2415//2415
f 51//51 2261//2261 2262//2262
f 6//6 2365//2365 2307//2307
f 6//6 2307//2307 2308//2308
f 6//6 2308//2308 5//5
f 6//6 2364//2364 2365//2365
f 50//50 51//51 2415//2415
f 50//50 2415//2415 2416//2416
f 7//7 2363//2363 2364//2364
f 7//7 2364//2364 6//6
f 49//49 2416//2416 2417//2417
f 49//49 50//50 2416//2416
f 8//8 2363//2363 7//7
f 8//8 2361//2361 2362//2362
f 8//8 2362//2362 2363//2363
f 48//48 49//49 2417//2417
f 48//48 2417//2417 2418//2418
f 48//48 2418//2418 2419//2419
f 9//9 2361//2361 8//8
f 9//9 2360//2360 2361//2361
f 47//47 2419//2419 2420//2420
f 47//47 48//48 2419//2419
f 10//10 2359//2359 2360//2360
f 10//10 2360//2360 9//9
f 46//46 2420//2420 2421//2421
f 46//46 2421//2421 2422//2422
f 46//46 47//47 2420//2420
f 11//11 2359//2359 10//10
f 11//11 2357//2357 2358//2358
f 11//11 2358//2358 2359//2359
f 45//45 46//46 2422//2422
f 45//45 2422//2422 2423//2423
f 12//12 2357//2357 11//11
f 12//12 2355//2355 2356//2356
f 12//12 2356//2356 2357//2357
f 44//44 2423//2423 2424//2424
f 44//44 2424//2424 2425//2425
f 44//44 45//45 2423//2423
f 13//13 2353//2353 2354//2354
f 13//13 2354//2354 2355//2355
f 13//13 2355//2355 12//12
f 43//43 44//44 2425//2425
f 43//43 2425//2425 2426//2426
f 43//43 2426//2426 2427//2427
f 14//14 2351//2351 2352//2352
f 14//14 2352//2352 2353//2353
f 14//14 2353//2353 13//13
f 42//42 43//43 2427//2427
f 42//42 2427//2427 2428//2428
f 42//42 2428//2428 2429//2429
f 42//42 2429//2429 2430//2430
f 15//15 2348//2348 2349//2349
f 15//15 2349//2349 2350//2350
f 15//15 2350//2350 2351//2351
f 15//15 2351//2351 14//14
f 41//41 42//42 2430//2430
f 41//41 2430//2430 2431//2431
f 41//41 2431//2431 2432//2432
f 16//16 2348//2348 15//15
f 16//16 2346//2346 2347//2347
f 16//16 2347//2347 2348//2348
f 40//40 41//41 2432//2432
f 40//40 2432//2432 2433//2433
f 40//40 2433//2433 2434//2434
f 40//40 2434//2434 2435//2435
f 17//17 2343//2343 2344//2344
f 17//17 2344//2344 2345//2345
f 17//17 2345//2345 2346//2346
f 17//17 2346//2346 16//16
f 39//39 2435//2435 2436//2436
f 39//39 2436//2436 2437//2437
f 39//39 2437//2437 2438//2438
f 39//39 40//40 2435//2435
f 18//18 2343//2343 17//17
f 18//18 2340//2340 2341//2341
f 18//18 2341//2341 2342//2342
f 18//18 2342//2342 2343//2343
f 38//38 39//39 2438//2438
f 38//38 2438//2438 2439//2439
f 38//38 2439//2439 2440//2440
f 38//38 2440//2440 2441//2441
f 38//38 2441//2441 2442//2442
f 19//19 2340//2340 18//18
f 19//19 2336//2336 2337//2337
f 19//19 2337//2337 2338//2338
f 19//19 2338//2338 2339//2339
f 19//19 2339//2339 2340//2340
f 37//37 38//38 2442//2442
f 37//37 2442//2442 2443//2443
f 37//37 2443//2443 2444//2444
f 37//37 2444//2444 2445//2445
f 37//37 2445//2445 2446//2446
f 20//20 2336//2336 19//19
f 20//20 2332//2332 2333//2333
f 20//20 2333//2333 2334//2334
f 20//20 2334//2334 2335//2335
f 20//20 2335//2335 2336//2336
f 36//36 2446//2446 2447//2447
f 36//36 2447//2447 2448//2448
f 36//36 2448//2448 2449//2449
f 36//36 2449//2449 2450//2450
f 36//36 37//37 2446//2446
f 21//21 2327//2327 2328//2328
f 21//21 2328//2328 2329//2329
f 21//21 2329//2329 2330//2330
f 21//21 2330//2330 2331//2331
f 21//21 2331//2331 2332//2332
f 21//21 2332//2332 20//20
f 35//35 36//36 2450//2450
f 35//35 2450//2450 2451//2451
f 35//35 2451//2451 2452//2452
f 35//35 2452//2452 2453//2453
f 35//35 2453//2453 2454//2454
f 35//35 2454//2454 2455//2455
f 22//22 2322//2322 2323//2323
f 22//22 2323//2323 2324//2324
f 22//22 2324//2324 2325//2325
f 22//22 2325//2325 2326//2326
f 22//22 2326//2326 2327//2327
f 22//22 2327//2327 21//21
f 34//34 35//35 2455//2455
f 34//34 2455//2455 2456//2456
f 34//34 2456//2456 2457//2457
f 34//34 2457//2457 2458//2458
f 34//34 2458//2458 2459//2459
f 34//34 2459//2459 2460//2460
f 23//23 2317//2317 2318//2318
f 23//23 2318//2318 2319//2319
f 23//23 2319//2319 2320//2320
f 23//23 2320//2320 2321//2321
f 23//23 2321//2321 2322//2322
f 23//23 2322//2322 22//22
f 33//33 2460//2460 2461//2461
f 33//33 2461//2461 2462//2462
f 33//33 2462//2462 2463//2463
f 33//33 2463//2463 2464//2464
f 33//33 2464//2464 2465//2465
f 33//33 2465//2465 2466//2466
f 33//33 34//34 2460//2460
f 24//24 2311//2311 2312//2312
f 24//24 2312//2312 2313//2313
f 24//24 2313//2313 2314//2314
f 24//24 2314//2314 2315//2315
f 24//24 2315//2315 2316//2316
f 24//24 2316//2316 2317//2317
f 24//24 2317//2317 23//23
f 32//32 33//33 2466//2466
f 32//32 2466//2466 2467//2467
f 32//32 2467//2467 2468//2468
f 32//32 2468//2468 2469//2469
f 32//32 2469//2469 2470//2470
f 32//32 2470//2470 2471//2471
f 32//32 2471//2471 2472//2472
f 25//25 2514//2514 2515//2515
f 25//25 2515//2515 2516//2516
f 25//25 2516//2516 2517//2517
f 25//25 2517//2517 2518//2518
f 25//25 2518//2518 2519//2519
f 25//25 2519//2519 2520//2520
f 25//25 2520//2520 2311//2311
f 25//25 2311//2311 24//24
f 31//31 2472//2472 2473//2473
f 31//31 2473//2473 2474//2474
f 31//31 2474//2474 2475//2475
f 31//31 2475//2475 2476//2476
f 31//31 2476//2476 2477//2477
f 31//31 2477//2477 2478//2478
f 31//31 2478//2478 2479//2479
f 31//31 32//32 2472//2472
f 26//26 2507//2507 2508//2508
f 26//26 2508//2508 2509//2509
f 26//26 2509//2509 2510//2510
f 26//26 2510//2510 2511//2511
f 26//26 2511//2511 2512//2512
f 26//26 2512//2512 2513//2513
f 26//26 2513//2513 2514//2514
f 26//26 2514//2514 25//25
f 30//30 2479//2479 2480//2480
f 30//30 2480//2480 2481//2481
f 30//30 2481//2481 2482//2482
f 30//30 2482//2482 2483//2483
f 30//30 2483//2483 2484//2484
f 30//30 2484//2484 2485//2485
f 30//30 2485//2485 2486//2486
f 30//30 31//31 2479//2479
f 27//27 2507//2507 26//26
f 27//27 2500//2500 2501//2501
f 27//27 2501//2501 2502//2502
f 27//27 2502//2502 2503//2503
f 27//27 2503//2503 2504//2504
f 27//27 2504//2504 2505//2505
f 27//27 2505//2505 2506//2506
f 27//27 2506//2506 2507//2507
f 29//29 2486//2486 2487//2487
f 29//29 2487//2487 2488//2488
f 29//29 2488//2488 2489//2489
f 29//29 2489//2489 2490//2490
f 29//29 30//30 2486//2486
f 29//29 2490//2490 2491//2491
f 29//29 2491//2491 2492//2492
f 29//29 2492//2492 2493//2493
f 28//28 29//29 2493//2493
f 28//28 2493//2493 2494//2494
f 28//28 2494//2494 2495//2495
f 28//28 2495//2495 2496//2496
f 28//28 2496//2496 2497//2497
f 28//28 2497//2497 2498//2498
f 28//28 2498//2498 2499//2499
f 28//28 2499//2499 2500//2500
f 28//28 2500//2500 27//27
f 630//630 421//421 2521//2521
f 630//630 2521//2521 2730//2730
f 629//629 2730//2730 2729//2729
f 629//629 630//630 2730//2730
f 628//628 2729//2729 2728//2728
f 628//628 629//629 2729//2729
f 627//627 2727//2727 2726//2726
f 627//627 2728//2728 2727//2727
f 627//627 628//628 2728//2728
f 626//626 627//627 2726//2726
f 625//625 2726//2726 2725//2725
f 625//625 626//626 2726//2726
f 624//624 2725//2725 2724//2724
f 624//624 625//625 2725//2725
f 623//623 2724//2724 2723//2723
f 623//623 624//624 2724//2724
f 622//622 2723//2723 2722//2722
f 622//622 623//623 2723//2723
f 621//621 2722//2722 2721//2721
f 621//621 622//622 2722//2722
f 620//620 2721//2721 2720//2720
f 620//620 621//621 2721//2721
f 619//619 2720//2720 2719//2719
f 619//619 620//620 2720//2720
f 618//618 2719//2719 2718//2718
f 618//618 619//619 2719//2719
f 617//617 2718//2718 2717//2717
f 617//617 618//618 2718//2718
f 616//616 2717//2717 2716//2716
f 616//616 617//617 2717//2717
f 615//615 2716//2716 2715//2715
f 615//615 616//616 2716//2716
f 614//614 2715//2715 2714//2714
f 614//614 615//615 2715//2715
f 613//613 2714//2714 2713//2713
f 613//613 614//614 2714//2714
f 612//612 2713//2713 2712//2712
f 612//612 613//613 2713//2713
f 611//611 612//612 2712//2712
f 611//611 2712//2712 2711//2711
f 610//610 611//611 2711//2711
f 610//610 2711//2711 2710//2710
f 609//609 610//610 2710//2710
f 609//609 2710//2710 2709//2709
f 608//608 609//609 2709//2709
f 608//608 2709//2709 2708//2708
f 607//607 608//608 2708//2708
f 607//607 2708//2708 2707//2707
f 606//606 607//607 2707//2707
f 606//606 2707//2707 2706//2706
f 605//605 606//606 2706//2706
f 605//605 2706//2706 2705//2705
f 604//604 605//605 2705//2705
f 604//604 2705//2705 2704//2704
f 603//603 604//604 2704//2704
f 603//603 2704//2704 2703//2703
f 602//602 603//603 2703//2703
f 602//602 2703//2703 2702//2702
f 601//601 602//602 2702//2702
f 601//601 2702//2702 2701//2701
f 600//600 601//601 2701//2701
f 600//600 2701//2701 2700//2700
f 599//599 600//600 2700//2700
f 599//599 2700//2700 2699//2699
f 598//598 599//599 2699//2699
f 598//598 2699//2699 2698//2698
f 597//597 598//598 2698//2698
f 597//597 2698//2698 2697//2697
f 596//596 597//597 2697//2697
f 596//596 2697//2697 2696//2696
f 595//595 596//596 2696//2696
f 595//595 2696//2696 2695//2695
f 594//594 595//595 2695//2695
f 594//594 2695//2695 2694//2694
f 593//593 594//594 2694//2694
f 593//593 2694//2694 2693//2693
f 592//592 2693//2693 2692//2692
f 592//592 593//593 2693//2693
f 591//591 2692//2692 2691//2691
f 591//591 592//592 2692//2692
f 590//590 2691//2691 2690//2690
f 590//590 591//591 2691//2691
f 589//589 2690//2690 2689//2689
f 589//589 590//590 2690//2690
f 588//588 2689//2689 2688//2688
f 588//588 589//589 2689//2689
f 587//587 2688//2688 2687//2687
f 587//587 588//588 2688//2688
f 586//586 587//587 2687//2687
f 586//586 2687//2687 2686//2686
f 585//585 586//586 2686//2686
f 585//585 2686//2686 2685//2685
f 584//584 585//585 2685//2685
f 584//584 2685//2685 2684//2684
f 583//583 584//584 2684//2684
f 583//583 2684//2684 2683//2683
f 582//582 583//583 2683//2683
f 582//582 2683//2683 2682//2682
f 581//581 582//582 2682//2682
f 581//581 2682//2682 2681//2681
f 580//580 581//581 2681//2681
f 580//580 2681//2681 2680//2680
f 579//579 580//580 2680//2680
f 579//579 2679//2679 2678//2678
f 579//579 2680//2680 2679//2679
f 578//578 579//579 2678//2678
f 577//577 578//578 2678//2678
f 577//577 2678//2678 2677//2677
f 576//576 577//577 2677//2677
f 576//576 2677//2677 2676//2676
f 575//575 576//576 2676//2676
f 575//575 2676//2676 2675//2675
f 574//574 575//575 2675//2675
f 574//574 2675//2675 2674//2674
f 573//573 574//574 2674//2674
f 573//573 2674//2674 2673//2673
f 572//572 573//573 2673//2673
f 572//572 2673//2673 2672//2672
f 571//571 2672//2672 2671//2671
f 571//571 572//572 2672//2672
f 570//570 571//571 2671//2671
f 570//570 2671//2671 2670//2670
f 569//569 2670//2670 2669//2669
f 569//569 570//570 2670//2670
f 568//568 2669//2669 2668//2668
f 568//568 569//569 2669//2669
f 567//567 2668//2668 2667//2667
f 567//567 568//568 2668//2668
f 566//566 2667//2667 2666//2666
f 566//566 567//567 2667//2667
f 565//565 2666//2666 2665//2665
f 565//565 566//566 2666//2666
f 564//564 2665//2665 2664//2664
f 564//564 565//565 2665//2665
f 563//563 2664//2664 2663//2663
f 563//563 564//564 2664//2664
f 562//562 2663//2663 2662//2662
f 562//562 563//563 2663//2663
f 561//561 562//562 2662//2662
f 561//561 2662//2662 2661//2661
f 560//560 561//561 2661//2661
f 560//560 2661//2661 2660//2660
f 559//559 560//560 2660//2660
f 559//559 2660//2660 2659//2659
f 558//558 559//559 2659//2659
f 558//558 2659//2659 2658//2658
f 557//557 558//558 2658//2658
f 557//557 2658//2658 2657//2657
f 556//556 557//557 2657//2657
f 556//556 2657//2657 2656//2656
f 555//555 556//556 2656//2656
f 555//555 2656//2656 2655//2655
f 554//554 555//555 2655//2655
f 554//554 2655//2655 2654//2654
f 553//553 554//554 2654//2654
f 553//553 2654//2654 2653//2653
f 552//552 553//553 2653//2653
f 552//552 2653//2653 2652//2652
f 551//551 2652//2652 2651//2651
f 551//551 552//552 2652//2652
f 550//550 551//551 2651//2651
f 550//550 2651//2651 2650//2650
f 549//549 2650//2650 2649//2649
f 549//549 550//550 2650//2650
f 548//548 2649//2649 2648//2648
f 548//548 549//549 2649//2649
f 547//547 2647//2647 2646//2646
f 547//547 2648//2648 2647//2647
f 547//547 548//548 2648//2648
f 546//546 547//547 2646//2646
f 545//545 2646//2646 2645//2645
f 545//545 546//546 2646//2646
f 544//544 2645//2645 2644//2644
f 544//544 545//545 2645//2645
f 543//543 2644//2644 2643//2643
f 543//543 544//544 2644//2644
f 542//542 2643//2643 2642//2642
f 542//542 543//543 2643//2643
f 541//541 2642//2642 2641//2641
f 541//541 542//542 2642//2642
f 540//540 2641//2641 2640//2640
f 540//540 541//541 2641//2641
f 539//539 2640//2640 2639//2639
f 539//539 540//540 2640//2640
f 538//538 2639//2639 2638//2638
f 538//538 539//539 2639//2639
f 537//537 2638//2638 2637//2637
f 537//537 538//538 2638//2638
f 536//536 2637//2637 2636//2636
f 536//536 537//537 2637//2637
f 535//535 536//536 2636//2636
f 535//535 2636//2636 2635//2635
f 534//534 535//535 2635//2635
f 534//534 2635//2635 2634//2634
f 533//533 534//534 2634//2634
f 533//533 2634//2634 2633//2633
f 532//532 533//533 2633//2633
f 532//532 2633//2633 2632//2632
f 531//531 2632//2632 2631//2631
f 531//531 532//532 2632//2632
f 530//530 2631//2631 2630//2630
f 530//530 531//531 2631//2631
f 529//529 530//530 2630//2630
f 529//529 2630//2630 2629//2629
f 528//528 2629//2629 2628//2628
f 528//528 529//529 2629//2629
f 527//527 528//528 2628//2628
f 527//527 2628//2628 2627//2627
f 526//526 2627//2627 2626//2626
f 526//526 527//527 2627//2627
f 525//525 2626//2626 2625//2625
f 525//525 526//526 2626//2626
f 524//524 2625//2625 2624//2624
f 524//524 525//525 2625//2625
f 523//523 2624//2624 2623//2623
f 523//523 524//524 2624//2624
f 522//522 2623//2623 2622//2622
f 522//522 523//523 2623//2623
f 521//521 2622//2622 2621//2621
f 521//521 522//522 2622//2622
f 520//520 2620//2620 2619//2619
f 520//520 2621//2621 2620//2620
f 520//520 521//521 2621//2621
f 519//519 520//520 2619//2619
f 518//518 2619//2619 2618//2618
f 518//518 519//519 2619//2619
f 517//517 2618//2618 2617//2617
f 517//517 518//518 2618//2618
f 516//516 2617//2617 2616//2616
f 516//516 517//517 2617//2617
f 515//515 2616//2616 2615//2615
f 515//515 516//516 2616//2616
f 514//514 2615//2615 2614//2614
f 514//514 515//515 2615//2615
f 513//513 2614//2614 2613//2613
f 513//513 514//514 2614//2614
f 512//512 2613//2613 2612//2612
f 512//512 513//513 2613//2613
f 511//511 2612//2612 2611//2611
f 511//511 512//512 2612//2612
f 510//510 511//511 2611//2611
f 510//510 2611//2611 2610//2610
f 509//509 510//510 2610//2610
f 509//509 2610//2610 2609//2609
f 508//508 509//509 2609//2609
f 508//508 2609//2609 2608//2608
f 507//507 508//508 2608//2608
f 507//507 2608//2608 2607//2607
f 506//506 507//507 2607//2607
f 506//506 2607//2607 2606//2606
f 505//505 506//506 2606//2606
f 505//505 2606//2606 2605//2605
f 504//504 505//505 2605//2605
f 504//504 2605//2605 2604//2604
f 503//503 504//504 2604//2604
f 503//503 2604//2604 2603//2603
f 502//502 503//503 2603//2603
f 502//502 2603//2603 2602//2602
f 501//501 502//502 2602//2602
f 501//501 2601//2601 2600//2600
f 501//501 2602//2602 2601//2601
f 500//500 501//501 2600//2600
f 499//499 500//500 2600//2600
f 499//499 2599//2599 2598//2598
f 499//499 2600//2600 2599//2599
f 498//498 499//499 2598//2598
f 497//497 498//498 2598//2598
f 497//497 2598//2598 2597//2597
f 496//496 497//497 2597//2597
f 496//496 2597//2597 2596//2596
f 495//495 496//496 2596//2596
f 495//495 2596//2596 2595//2595
f 494//494 495//495 2595//2595
f 494//494 2595//2595 2594//2594
f 493//493 494//494 2594//2594
f 493//493 2593//2593 2592//2592
f 493//493 2594//2594 2593//2593
f 492//492 493//493 2592//2592
f 492//492 2592//2592 2591//2591
f 491//491 492//492 2591//2591
f 490//490 2591//2591 2590//2590
f 490//490 491//491 2591//2591
f 489//489 2590//2590 2589//2589
f 489//489 490//490 2590//2590
f 488//488 2589//2589 2588//2588
f 488//488 489//489 2589//2589
f 487//487 2587//2587 2586//2586
f 487//487 2588//2588 2587//2587
f 487//487 488//488 2588//2588
f 486//486 487//487 2586//2586
f 485//485 486//486 2586//2586
f 485//485 2586//2586 2585//2585
f 484//484 485//485 2585//2585
f 484//484 2584//2584 2583//2583
f 484//484 2585//2585 2584//2584
f 483//483 484//484 2583//2583
f 482//482 483//483 2583//2583
f 482//482 2582//2582 2581//2581
f 482//482 2583//2583 2582//2582
f 481//481 482//482 2581//2581
f 480//480 481//481 2581//2581
f 480//480 2581//2581 2580//2580
f 479//479 480//480 2580//2580
f 479//479 2580//2580 2579//2579
f 478//478 479//479 2579//2579
f 478//478 2579//2579 2578//2578
f 477//477 478//478 2578//2578
f 477//477 2578//2578 2577//2577
f 476//476 477//477 2577//2577
f 476//476 2577//2577 2576//2576
f 475//475 476//476 2576//2576
f 475//475 2575//2575 2574//2574
f 475//475 2576//2576 2575//2575
f 474//474 475//475 2574//2574
f 474//474 2574//2574 2573//2573
f 473//473 474//474 2573//2573
f 472//472 473//473 2573//2573
f 472//472 2573//2573 2572//2572
f 471//471 472//472 2572//2572
f 471//471 2572//2572 2571//2571
f 470//470 2570//2570 2569//2569
f 470//470 2571//2571 2570//2570
f 470//470 471//471 2571//2571
f 469//469 470//470 2569//2569
f 468//468 2569//2569 2568//2568
f 468//468 469//469 2569//2569
f 467//467 2567//2567 2566//2566
f 467//467 2568//2568 2567//2567
f 467//467 468//468 2568//2568
f 466//466 2566//2566 2565//2565
f 466//466 467//467 2566//2566
f 465//465 466//466 2565//2565
f 464//464 2565//2565 2564//2564
f 464//464 465//465 2565//2565
f 463//463 2563//2563 2562//2562
f 463//463 2564//2564 2563//2563
f 463//463 464//464 2564//2564
f 462//462 463//463 2562//2562
f 461//461 2562//2562 2561//2561
f 461//461 462//462 2562//2562
f 460//460 461//461 2561//2561
f 460//460 2561//2561 2560//2560
f 459//459 460//460 2560//2560
f 459//459 2560//2560 2559//2559
f 458//458 459//459 2559//2559
f 458//458 2559//2559 2558//2558
f 457//457 458//458 2558//2558
f 457//457 2557//2557 2556//2556
f 457//457 2558//2558 2557//2557
f 456//456 457//457 2556//2556
f 455//455 456//456 2556//2556
f 455//455 2555//2555 2554//2554
f 455//455 2556//2556 2555//2555
f 454//454 455//455 2554//2554
f 454//454 2554//2554 2553//2553
f 453//453 454//454 2553//2553
f 453//453 2553//2553 2552//2552
f 452//452 453//453 2552//2552
f 452//452 2552//2552 2551//2551
f 451//451 452//452 2551//2551
f 450//450 2551//2551 2550//2550
f 450//450 451//451 2551//2551
f 449//449 2550//2550 2549//2549
f 449//449 450//450 2550//2550
f 448//448 2549//2549 2548//2548
f 448//448 449//449 2549//2549
f 447//447 2547//2547 2546//2546
f 447//447 2548//2548 2547//2547
f 447//447 448//448 2548//2548
f 446//446 447//447 2546//2546
f 445//445 2546//2546 2545//2545
f 445//445 446//446 2546//2546
f 444//444 2544//2544 2543//2543
f 444//444 2545//2545 2544//2544
f 444//444 445//445 2545//2545
f 443//443 444//444 2543//2543
f 442//442 2542//2542 2541//2541
f 442//442 2543//2543 2542//2542
f 442//442 443//443 2543//2543
f 441//441 442//442 2541//2541
f 440//440 2540//2540 2539//2539
f 440//440 2541//2541 2540//2540
f 440//440 441//441 2541//2541
f 439//439 440//440 2539//2539
f 438//438 2538//2538 2537//2537
f 438//438 2539//2539 2538//2538
f 438//438 439//439 2539//2539
f 437//437 2537//2537 2536//2536
f 437//437 438//438 2537//2537
f 436//436 437//437 2536//2536
f 435//435 436//436 2536//2536
f 435//435 2535//2535 2534//2534
f 435//435 2536//2536 2535//2535
f 434//434 435//435 2534//2534
f 433//433 2534//2534 2533//2533
f 433//433 434//434 2534//2534
f 432//432 433//433 2533//2533
f 432//432 2532//2532 2531//2531
f 432//432 2533//2533 2532//2532
f 431//431 432//432 2531//2531
f 431//431 2531//2531 2530//2530
f 430//430 431//431 2530//2530
f 429//429 2529//2529 2528//2528
f 429//429 2530//2530 2529//2529
f 429//429 430//430 2530//2530
f 428//428 429//429 2528//2528
f 427//427 2527//2527 2526//2526
f 427//427 2528//2528 2527//2527
f 427//427 428//428 2528//2528
f 426//426 427//427 2526//2526
f 425//425 2526//2526 2525//2525
f 425//425 426//426 2526//2526
f 424//424 2524//2524 2523//2523
f 424//424 2525//2525 2524//2524
f 424//424 425//425 2525//2525
f 423//423 424//424 2523//2523
f 422//422 2522//2522 2521//2521
f 422//422 2523//2523 2522//2522
f 422//422 423//423 2523//2523
f 421//421 422//422 2521//2521
f 840//840 631//631 2731//2731
f 840//840 2731//2731 2940//2940
f 839//839 2940//2940 2939//2939
f 839//839 840//840 2940//2940
f 838//838 2939//2939 2938//2938
f 838//838 839//839 2939//2939
f 837//837 2937//2937 2936//2936
f 837//837 2938//2938 2937//2937
f 837//837 838//838 2938//2938
f 836//836 837//837 2936//2936
f 835//835 2936//2936 2935//2935
f 835//835 836//836 2936//2936
f 834//834 2935//2935 2934//2934
f 834//834 835//835 2935//2935
f 833//833 2934//2934 2933//2933
f 833//833 834//834 2934//2934
f 832//832 2933//2933 2932//2932
f 832//832 833//833 2933//2933
f 831//831 2932//2932 2931//2931
f 831//831 832//832 2932//2932
f 830//830 2931//2931 2930//2930
f 830//830 831//831 2931//2931
f 829//829 2930//2930 2929//2929
f 829//829 830//830 2930//2930
f 828//828 2929//2929 2928//2928
f 828//828 829//829 2929//2929
f 827//827 2928//2928 2927//2927
f 827//827 828//828 2928//2928
f 826//826 2927//2927 2926//2926
f 826//826 827//827 2927//2927
f 825//825 2926//2926 2925//2925
f 825//825 826//826 2926//2926
f 824//824 2925//2925 2924//2924
f 824//824 825//825 2925//2925
f 823//823 2924//2924 2923//2923
f 823//823 824//824 2924//2924
f 822//822 2923//2923 2922//2922
f 822//822 823//823 2923//2923
f 821//821 822//822 2922//2922
f 821//821 2922//2922 2921//2921
f 820//820 821//821 2921//2921
f 820//820 2921//2921 2920//2920
f 819//819 820//820 2920//2920
f 819//819 2920//2920 2919//2919
f 818//818 819//819 2919//2919
f 818//818 2919//2919 2918//2918
f 817//817 818//818 2918//2918
f 817//817 2918//2918 2917//2917
f 816//816 817//817 2917//2917
f 816//816 2917//2917 2916//2916
f 815//815 816//816 2916//2916
f 815//815 2916//2916 2915//2915
f 814//814 815//815 2915//2915
f 814//814 2915//2915 2914//2914
f 813//813 814//814 2914//2914
f 813//813 2914//2914 2913//2913
f 812//812 813//813 2913//2913
f 812//812 2913//2913 2912//2912
f 811//811 812//812 2912//2912
f 811//811 2912//2912 2911//2911
f 810//810 811//811 2911//2911
f 810//810 2911//2911 2910//2910
f 809//809 810//810 2910//2910
f 809//809 2910//2910 2909//2909
f 808//808 809//809 2909//2909
f 808//808 2909//2909 2908//2908
f 807//807 808//808 2908//2908
f 807//807 2908//2908 2907//2907
f 806//806 807//807 2907//2907
f 806//806 2907//2907 2906//2906
f 805//805 806//806 2906//2906
f 805//805 2906//2906 2905//2905
f 804//804 805//805 2905//2905
f 804//804 2905//2905 2904//2904
f 803//803 804//804 2904//2904
f 803//803 2904//2904 2903//2903
f 802//802 2903//2903 2902//2902
f 802//802 803//803 2903//2903
f 801//801 2902//2902 2901//2901
f 801//801 802//802 2902//2902
f 800//800 2901//2901 2900//2900
f 800//800 801//801 2901//2901
f 799//799 2900//2900 2899//2899
f 799//799 800//800 2900//2900
f 798//798 2899//2899 2898//2898
f 798//798 799//799 2899//2899
f 797//797 2898//2898 2897//2897
f 797//797 798//798 2898//2898
f 796//796 797//797 2897//2897
f 796//796 2897//2897 2896//2896
f 795//795 796//796 2896//2896
f 795//795 2896//2896 2895//2895
f 794//794 795//795 2895//2895
f 794//794 2895//2895 2894//2894
f 793//793 794//794 2894//2894
f 793//793 2894//2894 2893//2893
f 792//792 793//793 2893//2893
f 792//792 2893//2893 2892//2892
f 791//791 792//792 2892//2892
f 791//791 2892//2892 2891//2891
f 790//790 791//791 2891//2891
f 790//790 2891//2891 2890//2890
f 789//789 790//790 2890//2890
f 789//789 2889//2889 2888//2888
f 789//789 2890//2890 2889//2889
f 788//788 789//789 2888//2888
f 787//787 788//788 2888//2888
f 787//787 2888//2888 2887//2887
f 786//786 787//787 2887//2887
f 786//786 2887//2887 2886//2886
f 785//785 786//786 2886//2886
f 785//785 2886//2886 2885//2885
f 784//784 785//785 2885//2885
f 784//784 2885//2885 2884//2884
f 783//783 784//784 2884//2884
f 783//783 2884//2884 2883//2883
f 782//782 783//783 2883//2883
f 782//782 2883//2883 2882//2882
f 781//781 2882//2882 2881//2881
f 781//781 782//782 2882//2882
f 780//780 781//781 2881//2881
f 780//780 2881//2881 2880//2880
f 779//779 2880//2880 2879//2879
f 779//779 780//780 2880//2880
f 778//778 2879//2879 2878//2878
f 778//778 779//779 2879//2879
f 777//777 2878//2878 2877//2877
f 777//777 778//778 2878//2878
f 776//776 2877//2877 2876//2876
f 776//776 777//777 2877//2877
f 775//775 2876//2876 2875//2875
f 775//775 776//776 2876//2876
f 774//774 2875//2875 2874//2874
f 774//774 775//775 2875//2875
f 773//773 2874//2874 2873//2873
f 773//773 774//774 2874//2874
f 772//772 2873//2873 2872//2872
f 772//772 773//773 2873//2873
f 771//771 772//772 2872//2872
f 771//771 2872//2872 2871//2871
f 770//770 771//771 2871//2871
f 770//770 2871//2871 2870//2870
f 769//769 770//770 2870//2870
f 769//769 2870//2870 2869//2869
f 768//768 769//769 2869//2869
f 768//768 2869//2869 2868//2868
f 767//767 768//768 2868//2868
f 767//767 2868//2868 2867//2867
f 766//766 767//767 2867//2867
f 766//766 2867//2867 2866//2866
f 765//765 766//766 2866//2866
f 765//765 2866//2866 2865//2865
f 764//764 765//765 2865//2865
f 764//764 2865//2865 2864//2864
f 763//763 764//764 2864//2864
f 763//763 2864//2864 2863//2863
f 762//762 763//763 2863//2863
f 762//762 2863//2863 2862//2862
f 761//761 2862//2862 2861//2861
f 761//761 762//762 2862//2862
f 760//760 761//761 2861//2861
f 760//760 2861//2861 2860//2860
f 759//759 2860//2860 2859//2859
f 759//759 760//760 2860//2860
f 758//758 2859//2859 2858//2858
f 758//758 759//759 2859//2859
f 757//757 2857//2857 2856//2856
f 757//757 2858//2858 2857//2857
f 757//757 758//758 2858//2858
f 756//756 757//757 2856//2856
f 755//755 2856//2856 2855//2855
f 755//755 756//756 2856//2856
f 754//754 2855//2855 2854//2854
f 754//754 755//755 2855//2855
f 753//753 2854//2854 2853//2853
f 753//753 754//754 2854//2854
f 752//752 2853//2853 2852//2852
f 752//752 753//753 2853//2853
f 751//751 2852//2852 2851//2851
f 751//751 752//752 2852//2852
f 750//750 2851//2851 2850//2850
f 750//750 751//751 2851//2851
f 749//749 2850//2850 2849//2849
f 749//749 750//750 2850//2850
f 748//748 2849//2849 2848//2848
f 748//748 749//749 2849//2849
f 747//747 2848//2848 2847//2847
f 747//747 748//748 2848//2848
f 746//746 2847//2847 2846//2846
f 746//746 747//747 2847//2847
f 745//745 746//746 2846//2846
f 745//745 2846//2846 2845//2845
f 744//744 745//745 2845//2845
f 744//744 2845//2845 2844//2844
f 743//743 744//744 2844//2844
f 743//743 2844//2844 2843//2843
f 742//742 743//743 2843//2843
f 742//742 2843//2843 2842//2842
f 741//741 2842//2842 2841//2841
f 741//741 742//742 2842//2842
f 740//740 2841//2841 2840//2840
f 740//740 741//741 2841//2841
f 739//739 740//740 2840//2840
f 739//739 2840//2840 2839//2839
f 738//738 2839//2839 2838//2838
f 738//738 739//739 2839//2839
f 737//737 738//738 2838//2838
f 737//737 2838//2838 2837//2837
f 736//736 2837//2837 2836//2836
f 736//736 737//737 2837//2837
f 735//735 2836//2836 2835//2835
f 735//735 736//736 2836//2836
f 734//734 2835//2835 2834//2834
f 734//734 735//735 2835//2835
f 733//733 2834//2834 2833//2833
f 733//733 734//734 2834//2834
f 732//732 2833//2833 2832//2832
f 732//732 733//733 2833//2833
f 731//731 2832//2832 2831//2831
f 731//731 732//732 2832//2832
f 730//730 2830//2830 2829//2829
f 730//730 2831//2831 2830//2830
f 730//730 731//731 2831//2831
f 729//729 730//730 2829//2829
f 728//728 2829//2829 2828//2828
f 728//728 729//729 2829//2829
f 727//727 2828//2828 2827//2827
f 727//727 728//728 2828//2828
f 726//726 2827//2827 2826//2826
f 726//726 727//727 2827//2827
f 725//725 2826//2826 2825//2825
f 725//725 726//726 2826//2826
f 724//724 2825//2825 2824//2824
f 724//724 725//725 2825//2825
f 723//723 2824//2824 2823//2823
f 723//723 724//724 2824//2824
f 722//722 2823//2823 2822//2822
f 722//722 723//723 2823//2823
f 721//721 2822//2822 2821//2821
f 721//721 722//722 2822//2822
f 720//720 721//721 2821//2821
f 720//720 2821//2821 2820//2820
f 719//719 720//720 2820//2820
f 719//719 2820//2820 2819//2819
f 718//718 719//719 2819//2819
f 718//718 2819//2819 2818//2818
f 717//717 718//718 2818//2818
f 717//717 2818//2818 2817//2817
f 716//716 717//717 2817//2817
f 716//716 2817//2817 2816//2816
f 715//715 716//716 2816//2816
f 715//715 2816//2816 2815//2815
f 714//714 715//715 2815//2815
f 714//714 2815//2815 2814//2814
f 713//713 714//714 2814//2814
f 713//713 2814//2814 2813//2813
f 712//712 713//713 2813//2813
f 712//712 2813//2813 2812//2812
f 711//711 712//712 2812//2812
f 711//711 2811//2811 2810//2810
f 711//711 2812//2812 2811//2811
f 710//710 711//711 2810//2810
f 709//709 710//710 2810//2810
f 709//709 2809//2809 2808//2808
f 709//709 2810//2810 2809//2809
f 708//708 709//709 2808//2808
f 707//707 708//708 2808//2808
f 707//707 2808//2808 2807//2807
f 706//706 707//707 2807//2807
f 706//706 2807//2807 2806//2806
f 705//705 706//706 2806//2806
f 705//705 2806//2806 2805//2805
f 704//704 705//705 2805//2805
f 704//704 2805//2805 2804//2804
f 703//703 704//704 2804//2804
f 703//703 2803//2803 2802//2802
f 703//703 2804//2804 2803//2803
f 702//702 703//703 2802//2802
f 702//702 2802//2802 2801//2801
f 701//701 702//702 2801//2801
f 700//700 2801//2801 2800//2800
f 700//700 701//701 2801//2801
f 699//699 2800//2800 2799//2799
f 699//699 700//700 2800//2800
f 698//698 2799//2799 2798//2798
f 698//698 699//699 2799//2799
f 697//697 2797//2797 2796//2796
f 697//697 2798//2798 2797//2797
f 697//697 698//698 2798//2798
f 696//696 697//697 2796//2796
f 695//695 696//696 2796//2796
f 695//695 2796//2796 2795//2795
f 694//694 695//695 2795//2795
f 694//694 2794//2794 2793//2793
f 694//694 2795//2795 2794//2794
f 693//693 694//694 2793//2793
f 692//692 693//693 2793//2793
f 692//692 2792//2792 2791//2791
f 692//692 2793//2793 2792//2792
f 691//691 692//692 2791//2791
f 690//690 691//691 2791//2791
f 690//690 2791//2791 2790//2790
f 689//689 690//690 2790//2790
f 689//689 2790//2790 2789//2789
f 688//688 689//689 2789//2789
f 688//688 2789//2789 2788//2788
f 687//687 688//688 2788//2788
f 687//687 2788//2788 2787//2787
f 686//686 687//687 2787//2787
f 686//686 2787//2787 2786//2786
f 685//685 686//686 2786//2786
f 685//685 2785//2785 2784//2784
f 685//685 2786//2786 2785//2785
f 684//684 685//685 2784//2784
f 684//684 2784//2784 2783//2783
f 683//683 684//684 2783//2783
f 682//682 683//683 2783//2783
f 682//682 2783//2783 2782//2782
f 681//681 682//682 2782//2782
f 681//681 2782//2782 2781//2781
f 680//680 2780//2780 2779//2779
f 680//680 2781//2781 2780//2780
f 680//680 681//681 2781//2781
f 679//679 680//680 2779//2779
f 678//678 2779//2779 2778//2778
f 678//678 679//679 2779//2779
f 677//677 2777//2777 2776//2776
f 677//677 2778//2778 2777//2777
f 677//677 678//678 2778//2778
f 676//676 2776//2776 2775//2775
f 676//676 677//677 2776//2776
f 675//675 676//676 2775//2775
f 674//674 2775//2775 2774//2774
f 674//674 675//675 2775//2775
f 673//673 2773//2773 2772//2772
f 673//673 2774//2774 2773//2773
f 673//673 674//674 2774//2774
f 672//672 673//673 2772//2772
f 671//671 2772//2772 2771//2771
f 671//671 672//672 2772//2772
f 670//670 671//671 2771//2771
f 670//670 2771//2771 2770//2770
f 669//669 670//670 2770//2770
f 669//669 2770//2770 2769//2769
f 668//668 669//669 2769//2769
f 668//668 2769//2769 2768//2768
f 667//667 668//668 2768//2768
f 667//667 2767//2767 2766//2766
f 667//667 2768//2768 2767//2767
f 666//666 667//667 2766//2766
f 665//665 666//666 2766//2766
f 665//665 2765//2765 2764//2764
f 665//665 2766//2766 2765//2765
f 664//664 665//665 2764//2764
f 664//664 2764//2764 2763//2763
f 663//663 664//664 2763//2763
f 663//663 2763//2763 2762//2762
f 662//662 663//663 2762//2762
f 662//662 2762//2762 2761//2761
f 661//661 662//662 2761//2761
f 660//660 2761//2761 2760//2760
f 660//660 661//661 2761//2761
f 659//659 2760//2760 2759//2759
f 659//659 660//660 2760//2760
f 658//658 2759//2759 2758//2758
f 658//658 659//659 2759//2759
f 657//657 2757//2757 2756//2756
f 657//657 2758//2758 2757//2757
f 657//657 658//658 2758//2758
f 656//656 657//657 2756//2756
f 655//655 2756//2756 2755//2755
f 655//655 656//656 2756//2756
f 654//654 2754//2754 2753//2753
f 654//654 2755//2755 2754//2754
f 654//654 655//655 2755//2755
f 653//653 654//654 2753//2753
f 652//652 2752//2752 2751//2751
f 652//652 2753//2753 2752//2752
f 652//652 653//653 2753//2753
f 651//651 652//652 2751//2751
f 650//650 2750//2750 2749//2749
f 650//650 2751//2751 2750//2750
f 650//650 651//651 2751//2751
f 649//649 650//650 2749//2749
f 648//648 2748//2748 2747//2747
f 648//648 2749//2749 2748//2748
f 648//648 649//649 2749//2749
f 647//647 2747//2747 2746//2746
f 647//647 648//648 2747//2747
f 646//646 647//647 2746//2746
f 645//645 646//646 2746//2746
f 645//645 2745//2745 2744//2744
f 645//645 2746//2746 2745//2745
f 644//644 645//645 2744//2744
f 643//643 2744//2744 2743//2743
f 643//643 644//644 2744//2744
f 642//642 643//643 2743//2743
f 642//642 2742//2742 2741//2741
f 642//642 2743//2743 2742//2742
f 641//641 642//642 2741//2741
f 641//641 2741//2741 2740//2740
f 640//640 641//641 2740//2740
f 639//639 2739//2739 2738//2738
f 639//639 2740//2740 2739//2739
f 639//639 640//640 2740//2740
f 638//638 639//639 2738//2738
f 637//637 2737//2737 2736//2736
f 637//637 2738//2738 2737//2737
f 637//637 638//638 2738//2738
f 636//636 637//637 2736//2736
f 635//635 2736//2736 2735//2735
f 635//635 636//636 2736//2736
f 634//634 2734//2734 2733//2733
f 634//634 2735//2735 2734//2734
f 634//634 635//635 2735//2735
f 633//633 634//634 2733//2733
f 632//632 2732//2732 2731//2731
f 632//632 2733//2733 2732//2732
f 632//632 633//633 2733//2733
f 631//631 632//632 2731//2731
f 1050//1050 841//841 2941//2941
f 1050//1050 2941//2941 3150//3150
f 1049//1049 3150//3150 3149//3149
f 1049//1049 1050//1050 3150//3150
f 1048//1048 3149//3149 3148//3148
f 1048//1048 1049//1049 3149//3149
f 1047//1047 3147//3147 3146//3146
f 1047//1047 3148//3148 3147//3147
f 1047//1047 1048//1048 3148//3148
f 1046//1046 1047//1047 3146//3146
f 1045//1045 3146//3146 3145//3145
f 1045//1045 1046//1046 3146//3146
f 1044//1044 3145//3145 3144//3144
f 1044//1044 1045//1045 3145//3145
f 1043//1043 3144//3144 3143//3143
f 1043//1043 1044//1044 3144//3144
f 1042//1042 3143//3143 3142//3142
f 1042//1042 1043//1043 3143//3143
f 1041//1041 3142//3142 3141//3141
f 1041//1041 1042//1042 3142//3142
f 1040//1040 3141//3141 3140//3140
f 1040//1040 1041//1041 3141//3141
f 1039//1039 3140//3140 3139//3139
f 1039//1039 1040//1040 3140//3140
f 1038//1038 3139//3139 3138//3138
f 1038//1038 1039//1039 3139//3139
f 1037//1037 3138//3138 3137//3137
f 1037//1037 1038//1038 3138//3138
f 1036//1036 3137//3137 3136//3136
f 1036//1036 1037//1037 3137//3137
f 1035//1035 3136//3136 3135//3135
f 1035//1035 1036//1036 3136//3136
f 1034//1034 3135//3135 3134//3134
f 1034//1034 1035//1035 3135//3135
f 1033//1033 3134//3134 3133//3133
f 1033//1033 1034//1034 3134//3134
f 1032//1032 3133//3133 3132//3132
f 1032//1032 1033//1033 3133//3133
f 1031//1031 1032//1032 3132//3132
f 1031//1031 3132//3132 3131//3131
f 1030//1030 1031//1031 3131//3131
f 1030//1030 3131//3131 3130//3130
f 1029//1029 1030//1030 3130//3130
f 1029//1029 3130//3130 3129//3129
f 1028//1028 1029//1029 3129//3129
f 1028//1028 3129//3129 3128//3128
f 1027//1027 1028//1028 3128//3128
f 1027//1027 3128//3128 3127//3127
f 1026//1026 1027//1027 3127//3127
f 1026//1026 3127//3127 3126//3126
f 1025//1025 1026//1026 3126//3126
f 1025//1025 3126//3126 3125//3125
f 1024//1024 1025//1025 3125//3125
f 1024//1024 3125//3125 3124//3124
f 1023//1023 1024//1024 3124//3124
f 1023//1023 3124//3124 3123//3123
f 1022//1022 1023//1023 3123//3123
f 1022//1022 3123//3123 3122//3122
f 1021//1021 1022//1022 3122//3122
f 1021//1021 3122//3122 3121//3121
f 1020//1020 1021//1021 3121//3121
f 1020//1020 3121//3121 3120//3120
f 1019//1019 1020//1020 3120//3120
f 1019//1019 3120//3120 3119//3119
f 1018//1018 1019//1019 3119//3119
f 1018//1018 3119//3119 3118//3118
f 1017//1017 1018//1018 3118//3118
f 1017//1017 3118//3118 3117//3117
f 1016//1016 1017//1017 3117//3117
f 1016//1016 3117//3117 3116//3116
f 1015//1015 1016//1016 3116//3116
f 1015//1015 3116//3116 3115//3115
f 1014//1014 1015//1015 3115//3115
f 1014//1014 3115//3115 3114//3114
f 1013//1013 1014//1014 3114//3114
f 1013//1013 3114//3114 3113//3113
f 1012//1012 3113//3113 3112//3112
f 1012//1012 1013//1013 3113//3113
f 1011//1011 3112//3112 3111//3111
f 1011//1011 1012//1012 3112//3112
f 1010//1010 3111//3111 3110//3110
f 1010//1010 1011//1011 3111//3111
f 1009//1009 3110//3110 3109//3109
f 1009//1009 1010//1010 3110//3110
f 1008//1008 3109//3109 3108//3108
f 1008//1008 1009//1009 3109//3109
f 1007//1007 3108//3108 3107//3107
f 1007//1007 1008//1008 3108//3108
f 1006//1006 1007//1007 3107//3107
f 1006//1006 3107//3107 3106//3106
f 1005//1005 1006//1006 3106//3106
f 1005//1005 3106//3106 3105//3105
f 1004//1004 1005//1005 3105//3105
f 1004//1004 3105//3105 3104//3104
f 1003//1003 1004//1004 3104//3104
f 1003//1003 3104//3104 3103//3103
f 1002//1002 1003//1003 3103//3103
f 1002//1002 3103//3103 3102//3102
f 1001//1001 1002//1002 3102//3102
f 1001//1001 3102//3102 3101//3101
f 1000//1000 1001//1001 3101//3101
f 1000//1000 3101//3101 3100//3100
f 999//999 1000//1000 3100//3100
f 999//999 3099//3099 3098//3098
f 999//999 3100//3100 3099//3099
f 998//998 999//999 3098//3098
f 997//997 998//998 3098//3098
f 997//997 3098//3098 3097//3097
f 996//996 997//997 3097//3097
f 996//996 3097//3097 3096//3096
f 995//995 996//996 3096//3096
f 995//995 3096//3096 3095//3095
f 994//994 995//995 3095//3095
f 994//994 3095//3095 3094//3094
f 993//993 994//994 3094//3094
f 993//993 3094//3094 3093//3093
f 992//992 993//993 3093//3093
f 992//992 3093//3093 3092//3092
f 991//991 3092//3092 3091//3091
f 991//991 992//992 3092//3092
f 990//990 991//991 3091//3091
f 990//990 3091//3091 3090//3090
f 989//989 3090//3090 3089//3089
f 989//989 990//990 3090//3090
f 988//988 3089//3089 3088//3088
f 988//988 989//989 3089//3089
f 987//987 3088//3088 3087//3087
f 987//987 988//988 3088//3088
f 986//986 3087//3087 3086//3086
f 986//986 987//987 3087//3087
f 985//985 3086//3086 3085//3085
f 985//985 986//986 3086//3086
f 984//984 3085//3085 3084//3084
f 984//984 985//985 3085//3085
f 983//983 3084//3084 3083//3083
f 983//983 984//984 3084//3084
f 982//982 3083//3083 3082//3082
f 982//982 983//983 3083//3083
f 981//981 982//982 3082//3082
f 981//981 3082//3082 3081//3081
f 980//980 981//981 3081//3081
f 980//980 3081//3081 3080//3080
f 979//979 980//980 3080//3080
f 979//979 3080//3080 3079//3079
f 978//978 979//979 3079//3079
f 978//978 3079//3079 3078//3078
f 977//977 978//978 3078//3078
f 977//977 3078//3078 3077//3077
f 976//976 977//977 3077//3077
f 976//976 3077//3077 3076//3076
f 975//975 976//976 3076//3076
f 975//975 3076//3076 3075//3075
f 974//974 975//975 3075//3075
f 974//974 3075//3075 3074//3074
f 973//973 974//974 3074//3074
f 973//973 3074//3074 3073//3073
f 972//972 973//973 3073//3073
f 972//972 3073//3073 3072//3072
f 971//971 3072//3072 3071//3071
f 971//971 972//972 3072//3072
f 970//970 971//971 3071//3071
f 970//970 3071//3071 3070//3070
f 969//969 3070//3070 3069//3069
f 969//969 970//970 3070//3070
f 968//968 3069//3069 3068//3068
f 968//968 969//969 3069//3069
f 967//967 3067//3067 3066//3066
f 967//967 3068//3068 3067//3067
f 967//967 968//968 3068//3068
f 966//966 967//967 3066//3066
f 965//965 3066//3066 3065//3065
f 965//965 966//966 3066//3066
f 964//964 3065//3065 3064//3064
f 964//964 965//965 3065//3065
f 963//963 3064//3064 3063//3063
f 963//963 964//964 3064//3064
f 962//962 3063//3063 3062//3062
f 962//962 963//963 3063//3063
f 961//961 3062//3062 3061//3061
f 961//961 962//962 3062//3062
f 960//960 3061//3061 3060//3060
f 960//960 961//961 3061//3061
f 959//959 3060//3060 3059//3059
f 959//959 960//960 3060//3060
f 958//958 3059//3059 3058//3058
f 958//958 959//959 3059//3059
f 957//957 3058//3058 3057//3057
f 957//957 958//958 3058//3058
f 956//956 3057//3057 3056//3056
f 956//956 957//957 3057//3057
f 955//955 956//956 3056//3056
f 955//955 3056//3056 3055//3055
f 954//954 955//955 3055//3055
f 954//954 3055//3055 3054//3054
f 953//953 954//954 3054//3054
f 953//953 3054//3054 3053//3053
f 952//952 953//953 3053//3053
f 952//952 3053//3053 3052//3052
f 951//951 3052//3052 3051//3051
f 951//951 952//952 3052//3052
f 950//950 3051//3051 3050//3050
f 950//950 951//951 3051//3051
f 949//949 950//950 3050//3050
f 949//949 3050//3050 3049//3049
f 948//948 3049//3049 3048//3048
f 948//948 949//949 3049//3049
f 947//947 948//948 3048//3048
f 947//947 3048//3048 3047//3047
f 946//946 3047//3047 3046//3046
f 946//946 947//947 3047//3047
f 945//945 3046//3046 3045//3045
f 945//945 946//946 3046//3046
f 944//944 3045//3045 3044//3044
f 944//944 945//945 3045//3045
f 943//943 3044//3044 3043//3043
f 943//943 944//944 3044//3044
f 942//942 3043//3043 3042//3042
f 942//942 943//943 3043//3043
f 941//941 3042//3042 3041//3041
f 941//941 942//942 3042//3042
f 940//940 3040//3040 3039//3039
f 940//940 3041//3041 3040//3040
f 940//940 941//941 3041//3041
f 939//939 940//940 3039//3039
f 938//938 3039//3039 3038//3038
f 938//938 939//939 3039//3039
f 937//937 3038//3038 3037//3037
f 937//937 938//938 3038//3038
f 936//936 3037//3037 3036//3036
f 936//936 937//937 3037//3037
f 935//935 3036//3036 3035//3035
f 935//935 936//936 3036//3036
f 934//934 3035//3035 3034//3034
f 934//934 935//935 3035//3035
f 933//933 3034//3034 3033//3033
f 933//933 934//934 3034//3034
f 932//932 3033//3033 3032//3032
f 932//932 933//933 3033//3033
f 931//931 3032//3032 3031//3031
f 931//931 932//932 3032//3032
f 930//930 931//931 3031//3031
f 930//930 3031//3031 3030//3030
f 929//929 930//930 3030//3030
f 929//929 3030//3030 3029//3029
f 928//928 929//929 3029//3029
f 928//928 3029//3029 3028//3028
f 927//927 928//928 3028//3028
f 927//927 3028//3028 3027//3027
f 926//926 927//927 3027//3027
f 926//926 3027//3027 3026//3026
f 925//925 926//926 3026//3026
f 925//925 3026//3026 3025//3025
f 924//924 925//925 3025//3025
f 924//924 3025//3025 3024//3024
f 923//923 924//924 3024//3024
f 923//923 3024//3024 3023//3023
f 922//922 923//923 3023//3023
f 922//922 3023//3023 3022//3022
f 921//921 922//922 3022//3022
f 921//921 3021//3021 3020//3020
f 921//921 3022//3022 3021//3021
f 920//920 921//921 3020//3020
f 919//919 920//920 3020//3020
f 919//919 3019//3019 3018//3018
f 919//919 3020//3020 3019//3019
f 918//918 919//919 3018//3018
f 917//917 918//918 3018//3018
f 917//917 3018//3018 3017//3017
f 916//916 917//917 3017//3017
f 916//916 3017//3017 3016//3016
f 915//915 916//916 3016//3016
f 915//915 3016//3016 3015//3015
f 914//914 915//915 3015//3015
f 914//914 3015//3015 3014//3014
f 913//913 914//914 3014//3014
f 913//913 3013//3013 3012//3012
f 913//913 3014//3014 3013//3013
f 912//912 913//913 3012//3012
f 912//912 3012//3012 3011//3011
f 911//911 912//912 3011//3011
f 910//910 3011//3011 3010//3010
f 910//910 911//911 3011//3011
f 909//909 3010//3010 3009//3009
f 909//909 910//910 3010//3010
f 908//908 3009//3009 3008//3008
f 908//908 909//909 3009//3009
f 907//907 3007//3007 3006//3006
f 907//907 3008//3008 3007//3007
f 907//907 908//908 3008//3008
f 906//906 907//907 3006//3006
f 905//905 906//906 3006//3006
f 905//905 3006//3006 3005//3005
f 904//904 905//905 3005//3005
f 904//904 3004//3004 3003//3003
f 904//904 3005//3005 3004//3004
f 903//903 904//904 3003//3003
f 902//902 903//903 3003//3003
f 902//902 3002//3002 3001//3001
f 902//902 3003//3003 3002//3002
f 901//901 902//902 3001//3001
f 900//900 901//901 3001//3001
f 900//900 3001//3001 3000//3000
f 899//899 900//900 3000//3000
f 899//899 3000//3000 2999//2999
f 898//898 899//899 2999//2999
f 898//898 2999//2999 2998//2998
f 897//897 898//898 2998//2998
f 897//897 2998//2998 2997//2997
f 896//896 897//897 2997//2997
f 896//896 2997//2997 2996//2996
f 895//895 896//896 2996//2996
f 895//895 2995//2995 2994//2994
f 895//895 2996//2996 2995//2995
f 894//894 895//895 2994//2994
f 894//894 2994//2994 2993//2993
f 893//893 894//894 2993//2993
f 892//892 893//893 2993//2993
f 892//892 2993//2993 2992//2992
f 891//891 892//892 2992//2992
f 891//891 2992//2992 2991//2991
f 890//890 2990//2990 2989//2989
f 890//890 2991//2991 2990//2990
f 890//890 891//891 2991//2991
f 889//889 890//890 2989//2989
f 888//888 2989//2989 2988//2988
f 888//888 889//889 2989//2989
f 887//887 2987//2987 2986//2986
f 887//887 2988//2988 2987//2987
f 887//887 888//888 2988//2988
f 886//886 2986//2986 2985//2985
f 886//886 887//887 2986//2986
f 885//885 886//886 2985//2985
f 884//884 2985//2985 2984//2984
f 884//884 885//885 2985//2985
f 883//883 2983//2983 2982//2982
f 883//883 2984//2984 2983//2983
f 883//883 884//884 2984//2984
f 882//882 883//883 2982//2982
f 881//881 2982//2982 2981//2981
f 881//881 882//882 2982//2982
f 880//880 881//881 2981//2981
f 880//880 2981//2981 2980//2980
f 879//879 880//880 2980//2980
f 879//879 2980//2980 2979//2979
f 878//878 879//879 2979//2979
f 878//878 2979//2979 2978//2978
f 877//877 878//878 2978//2978
f 877//877 2977//2977 2976//2976
f 877//877 2978//2978 2977//2977
f 876//876 877//877 2976//2976
f 875//875 876//876 2976//2976
f 875//875 2975//2975 2974//2974
f 875//875 2976//2976 2975//2975
f 874//874 875//875 2974//2974
f 874//874 2974//2974 2973//2973
f 873//873 874//874 2973//2973
f 873//873 2973//2973 2972//2972
f 872//872 873//873 2972//2972
f 872//872 2972//2972 2971//2971
f 871//871 872//872 2971//2971
f 870//870 2971//2971 2970//2970
f 870//870 871//871 2971//2971
f 869//869 2970//2970 2969//2969
f 869//869 870//870 2970//2970
f 868//868 2969//2969 2968//2968
f 868//868 869//869 2969//2969
f 867//867 2967//2967 2966//2966
f 867//867 2968//2968 2967//2967
f 867//867 868//868 2968//2968
f 866//866 867//867 2966//2966
f 865//865 2966//2966 2965//2965
f 865//865 866//866 2966//2966
f 864//864 2964//2964 2963//2963
f 864//864 2965//2965 2964//2964
f 864//864 865//865 2965//2965
f 863//863 864//864 2963//2963
f 862//862 2962//2962 2961//2961
f 862//862 2963//2963 2962//2962
f 862//862 863//863 2963//2963
f 861//861 862//862 2961//2961
f 860//860 2960//2960 2959//2959
f 860//860 2961//2961 2960//2960
f 860//860 861//861 2961//2961
f 859//859 860//860 2959//2959
f 858//858 2958//2958 2957//2957
f 858//858 2959//2959 2958//2958
f 858//858 859//859 2959//2959
f 857//857 2957//2957 2956//2956
f 857//857 858//858 2957//2957
f 856//856 857//857 2956//2956
f 855//855 856//856 2956//2956
f 855//855 2955//2955 2954//2954
f 855//855 2956//2956 2955//2955
f 854//854 855//855 2954//2954
f 853//853 2954//2954 2953//2953
f 853//853 854//854 2954//2954
f 852//852 853//853 2953//2953
f 852//852 2952//2952 2951//2951
f 852//852 2953//2953 2952//2952
f 851//851 852//852 2951//2951
f 851//851 2951//2951 2950//2950
f 850//850 851//851 2950//2950
f 849//849 2949//2949 2948//2948
f 849//849 2950//2950 2949//2949
f 849//849 850//850 2950//2950
f 848//848 849//849 2948//2948
f 847//847 2947//2947 2946//2946
f 847//847 2948//2948 2947//2947
f 847//847 848//848 2948//2948
f 846//846 847//847 2946//2946
f 845//845 2946//2946 2945//2945
f 845//845 846//846 2946//2946
f 844//844 2944//2944 2943//2943
f 844//844 2945//2945 2944//2944
f 844//844 845//845 2945//2945
f 843//843 844//844 2943//2943
f 842//842 2942//2942 2941//2941
f 842//842 2943//2943 2942//2942
f 842//842 843//843 2943//2943
f 841//841 842//842 2941//2941
f 1260//1260 1051//1051 2101//2101
f 1260//1260 2101//2101 2310//2310
f 1259//1259 2310//2310 2309//2309
f 1259//1259 1260//1260 2310//2310
f 1258//1258 2309//2309 2308//2308
f 1258//1258 1259//1259 2309//2309
f 1257//1257 2307//2307 2306//2306
f 1257//1257 2308//2308 2307//2307
f 1257//1257 1258//1258 2308//2308
f 1256//1256 2306//2306 2305//2305
f 1256//1256 1257//1257 2306//2306
f 1255//1255 1256//1256 2305//2305
f 1254//1254 2305//2305 2304//2304
f 1254//1254 1255//1255 2305//2305
f 1253//1253 2304//2304 2303//2303
f 1253//1253 1254//1254 2304//2304
f 1252//1252 2303//2303 2302//2302
f 1252//1252 1253//1253 2303//2303
f 1251//1251 2302//2302 2301//2301
f 1251//1251 1252//1252 2302//2302
f 1250//1250 2301//2301 2300//2300
f 1250//1250 1251//1251 2301//2301
f 1249//1249 2300//2300 2299//2299
f 1249//1249 1250//1250 2300//2300
f 1248//1248 2299//2299 2298//2298
f 1248//1248 1249//1249 2299//2299
f 1247//1247 2298//2298 2297//2297
f 1247//1247 1248//1248 2298//2298
f 1246//1246 2297//2297 2296//2296
f 1246//1246 1247//1247 2297//2297
f 1245//1245 2296//2296 2295//2295
f 1245//1245 1246//1246 2296//2296
f 1244//1244 2295//2295 2294//2294
f 1244//1244 1245//1245 2295//2295
f 1243//1243 2294//2294 2293//2293
f 1243//1243 1244//1244 2294//2294
f 1242//1242 1243//1243 2293//2293
f 1242//1242 2293//2293 2292//2292
f 1241//1241 1242//1242 2292//2292
f 1241//1241 2292//2292 2291//2291
f 1240//1240 1241//1241 2291//2291
f 1240//1240 2291//2291 2290//2290
f 1239//1239 1240//1240 2290//2290
f 1239//1239 2290//2290 2289//2289
f 1238//1238 1239//1239 2289//2289
f 1238//1238 2289//2289 2288//2288
f 1237//1237 1238//1238 2288//2288
f 1237//1237 2288//2288 2287//2287
f 1236//1236 1237//1237 2287//2287
f 1236//1236 2286//2286 2285//2285
f 1236//1236 2287//2287 2286//2286
f 1235//1235 1236//1236 2285//2285
f 1235//1235 2285//2285 2284//2284
f 1234//1234 1235//1235 2284//2284
f 1233//1233 1234//1234 2284//2284
f 1233//1233 2284//2284 2283//2283
f 1232//1232 1233//1233 2283//2283
f 1232//1232 2282//2282 2281//2281
f 1232//1232 2283//2283 2282//2282
f 1231//1231 1232//1232 2281//2281
f 1230//1230 1231//1231 2281//2281
f 1230//1230 2280//2280 2279//2279
f 1230//1230 2281//2281 2280//2280
f 1229//1229 1230//1230 2279//2279
f 1229//1229 2279//2279 2278//2278
f 1228//1228 1229//1229 2278//2278
f 1228//1228 2278//2278 2277//2277
f 1227//1227 1228//1228 2277//2277
f 1227//1227 2277//2277 2276//2276
f 1226//1226 1227//1227 2276//2276
f 1225//1225 1226//1226 2276//2276
f 1225//1225 2275//2275 2274//2274
f 1225//1225 2276//2276 2275//2275
f 1224//1224 1225//1225 2274//2274
f 1223//1223 1224//1224 2274//2274
f 1223//1223 2274//2274 2273//2273
f 1222//1222 2273//2273 2272//2272
f 1222//1222 1223//1223 2273//2273
f 1221//1221 2272//2272 2271//2271
f 1221//1221 1222//1222 2272//2272
f 1220//1220 1221//1221 2271//2271
f 1220//1220 2271//2271 2270//2270
f 1219//1219 2270//2270 2269//2269
f 1219//1219 1220//1220 2270//2270
f 1218//1218 2269//2269 2268//2268
f 1218//1218 1219//1219 2269//2269
f 1217//1217 2268//2268 2267//2267
f 1217//1217 1218//1218 2268//2268
f 1216//1216 1217//1217 2267//2267
f 1216//1216 2267//2267 2266//2266
f 1215//1215 1216//1216 2266//2266
f 1215//1215 2266//2266 2265//2265
f 1214//1214 1215//1215 2265//2265
f 1214//1214 2265//2265 2264//2264
f 1213//1213 1214//1214 2264//2264
f 1213//1213 2264//2264 2263//2263
f 1212//1212 1213//1213 2263//2263
f 1212//1212 2263//2263 2262//2262
f 1211//1211 1212//1212 2262//2262
f 1211//1211 2262//2262 2261//2261
f 1210//1210 1211//1211 2261//2261
f 1210//1210 2261//2261 2260//2260
f 1209//1209 1210//1210 2260//2260
f 1209//1209 2260//2260 2259//2259
f 1208//1208 1209//1209 2259//2259
f 1208//1208 2259//2259 2258//2258
f 1207//1207 1208//1208 2258//2258
f 1207//1207 2258//2258 2257//2257
f 1206//1206 1207//1207 2257//2257
f 1206//1206 2257//2257 2256//2256
f 1205//1205 1206//1206 2256//2256
f 1205//1205 2256//2256 2255//2255
f 1204//1204 1205//1205 2255//2255
f 1204//1204 2255//2255 2254//2254
f 1203//1203 1204//1204 2254//2254
f 1203//1203 2254//2254 2253//2253
f 1202//1202 2253//2253 2252//2252
f 1202//1202 1203//1203 2253//2253
f 1201//1201 2252//2252 2251//2251
f 1201//1201 1202//1202 2252//2252
f 1200//1200 2251//2251 2250//2250
f 1200//1200 1201//1201 2251//2251
f 1199//1199 2250//2250 2249//2249
f 1199//1199 1200//1200 2250//2250
f 1198//1198 2249//2249 2248//2248
f 1198//1198 1199//1199 2249//2249
f 1197//1197 2248//2248 2247//2247
f 1197//1197 1198//1198 2248//2248
f 1196//1196 2247//2247 2246//2246
f 1196//1196 1197//1197 2247//2247
f 1195//1195 2246//2246 2245//2245
f 1195//1195 1196//1196 2246//2246
f 1194//1194 2245//2245 2244//2244
f 1194//1194 1195//1195 2245//2245
f 1193//1193 2244//2244 2243//2243
f 1193//1193 1194//1194 2244//2244
f 1192//1192 2243//2243 2242//2242
f 1192//1192 1193//1193 2243//2243
f 1191//1191 1192//1192 2242//2242
f 1191//1191 2242//2242 2241//2241
f 1190//1190 1191//1191 2241//2241
f 1190//1190 2241//2241 2240//2240
f 1189//1189 1190//1190 2240//2240
f 1189//1189 2240//2240 2239//2239
f 1188//1188 1189//1189 2239//2239
f 1188//1188 2239//2239 2238//2238
f 1187//1187 1188//1188 2238//2238
f 1187//1187 2238//2238 2237//2237
f 1186//1186 1187//1187 2237//2237
f 1186//1186 2237//2237 2236//2236
f 1185//1185 1186//1186 2236//2236
f 1185//1185 2236//2236 2235//2235
f 1184//1184 1185//1185 2235//2235
f 1184//1184 2235//2235 2234//2234
f 1183//1183 1184//1184 2234//2234
f 1183//1183 2234//2234 2233//2233
f 1182//1182 1183//1183 2233//2233
f 1182//1182 2233//2233 2232//2232
f 1181//1181 2232//2232 2231//2231
f 1181//1181 1182//1182 2232//2232
f 1180//1180 1181//1181 2231//2231
f 1180//1180 2231//2231 2230//2230
f 1179//1179 2230//2230 2229//2229
f 1179//1179 1180//1180 2230//2230
f 1178//1178 2229//2229 2228//2228
f 1178//1178 1179//1179 2229//2229
f 1177//1177 2228//2228 2227//2227
f 1177//1177 1178//1178 2228//2228
f 1176//1176 2227//2227 2226//2226
f 1176//1176 1177//1177 2227//2227
f 1175//1175 2226//2226 2225//2225
f 1175//1175 1176//1176 2226//2226
f 1174//1174 2225//2225 2224//2224
f 1174//1174 1175//1175 2225//2225
f 1173//1173 2224//2224 2223//2223
f 1173//1173 1174//1174 2224//2224
f 1172//1172 2223//2223 2222//2222
f 1172//1172 1173//1173 2223//2223
f 1171//1171 2222//2222 2221//2221
f 1171//1171 1172//1172 2222//2222
f 1170//1170 2221//2221 2220//2220
f 1170//1170 1171//1171 2221//2221
f 1169//1169 2220//2220 2219//2219
f 1169//1169 1170//1170 2220//2220
f 1168//1168 2219//2219 2218//2218
f 1168//1168 1169//1169 2219//2219
f 1167//1167 2218//2218 2217//2217
f 1167//1167 1168//1168 2218//2218
f 1166//1166 2217//2217 2216//2216
f 1166//1166 1167//1167 2217//2217
f 1165//1165 1166//1166 2216//2216
f 1165//1165 2216//2216 2215//2215
f 1164//1164 1165//1165 2215//2215
f 1164//1164 2215//2215 2214//2214
f 1163//1163 1164//1164 2214//2214
f 1163//1163 2214//2214 2213//2213
f 1162//1162 1163//1163 2213//2213
f 1162//1162 2213//2213 2212//2212
f 1161//1161 2212//2212 2211//2211
f 1161//1161 1162//1162 2212//2212
f 1160//1160 2211//2211 2210//2210
f 1160//1160 1161//1161 2211//2211
f 1159//1159 1160//1160 2210//2210
f 1159//1159 2210//2210 2209//2209
f 1158//1158 2209//2209 2208//2208
f 1158//1158 1159//1159 2209//2209
f 1157//1157 2208//2208 2207//2207
f 1157//1157 1158//1158 2208//2208
f 1156//1156 2207//2207 2206//2206
f 1156//1156 1157//1157 2207//2207
f 1155//1155 2206//2206 2205//2205
f 1155//1155 1156//1156 2206//2206
f 1154//1154 2204//2204 2203//2203
f 1154//1154 2205//2205 2204//2204
f 1154//1154 1155//1155 2205//2205
f 1153//1153 1154//1154 2203//2203
f 1152//1152 2202//2202 2201//2201
f 1152//1152 2203//2203 2202//2202
f 1152//1152 1153//1153 2203//2203
f 1151//1151 1152//1152 2201//2201
f 1150//1150 2201//2201 2200//2200
f 1150//1150 1151//1151 2201//2201
f 1149//1149 2199//2199 2198//2198
f 1149//1149 2200//2200 2199//2199
f 1149//1149 1150//1150 2200//2200
f 1148//1148 2198//2198 2197//2197
f 1148//1148 1149//1149 2198//2198
f 1147//1147 1148//1148 2197//2197
f 1146//1146 2197//2197 2196//2196
f 1146//1146 1147//1147 2197//2197
f 1145//1145 2196//2196 2195//2195
f 1145//1145 1146//1146 2196//2196
f 1144//1144 2195//2195 2194//2194
f 1144//1144 1145//1145 2195//2195
f 1143//1143 2193//2193 2192//2192
f 1143//1143 2194//2194 2193//2193
f 1143//1143 1144//1144 2194//2194
f 1142//1142 1143//1143 2192//2192
f 1141//1141 2192//2192 2191//2191
f 1141//1141 1142//1142 2192//2192
f 1140//1140 1141//1141 2191//2191
f 1140//1140 2191//2191 2190//2190
f 1139//1139 1140//1140 2190//2190
f 1139//1139 2190//2190 2189//2189
f 1138//1138 1139//1139 2189//2189
f 1138//1138 2189//2189 2188//2188
f 1137//1137 1138//1138 2188//2188
f 1137//1137 2188//2188 2187//2187
f 1136//1136 1137//1137 2187//2187
f 1136//1136 2187//2187 2186//2186
f 1135//1135 1136//1136 2186//2186
f 1135//1135 2186//2186 2185//2185
f 1134//1134 1135//1135 2185//2185
f 1134//1134 2184//2184 2183//2183
f 1134//1134 2185//2185 2184//2184
f 1133//1133 1134//1134 2183//2183
f 1133//1133 2183//2183 2182//2182
f 1132//1132 1133//1133 2182//2182
f 1131//1131 1132//1132 2182//2182
f 1131//1131 2182//2182 2181//2181
f 1130//1130 1131//1131 2181//2181
f 1130//1130 2180//2180 2179//2179
f 1130//1130 2181//2181 2180//2180
f 1129//1129 1130//1130 2179//2179
f 1128//1128 1129//1129 2179//2179
f 1128//1128 2179//2179 2178//2178
f 1127//1127 1128//1128 2178//2178
f 1127//1127 2178//2178 2177//2177
f 1126//1126 1127//1127 2177//2177
f 1126//1126 2176//2176 2175//2175
f 1126//1126 2177//2177 2176//2176
f 1125//1125 1126//1126 2175//2175
f 1124//1124 1125//1125 2175//2175
f 1124//1124 2175//2175 2174//2174
f 1123//1123 1124//1124 2174//2174
f 1123//1123 2174//2174 2173//2173
f 1122//1122 1123//1123 2173//2173
f 1122//1122 2173//2173 2172//2172
f 1121//1121 2172//2172 2171//2171
f 1121//1121 1122//1122 2172//2172
f 1120//1120 2171//2171 2170//2170
f 1120//1120 1121//1121 2171//2171
f 1119//1119 2170//2170 2169//2169
f 1119//1119 1120//1120 2170//2170
f 1118//1118 2169//2169 2168//2168
f 1118//1118 1119//1119 2169//2169
f 1117//1117 2168//2168 2167//2167
f 1117//1117 1118//1118 2168//2168
f 1116//1116 2166//2166 2165//2165
f 1116//1116 2167//2167 2166//2166
f 1116//1116 1117//1117 2167//2167
f 1115//1115 1116//1116 2165//2165
f 1114//1114 1115//1115 2165//2165
f 1114//1114 2165//2165 2164//2164
f 1113//1113 1114//1114 2164//2164
f 1113//1113 2163//2163 2162//2162
f 1113//1113 2164//2164 2163//2163
f 1112//1112 1113//1113 2162//2162
f 1112//1112 2162//2162 2161//2161
f 1111//1111 1112//1112 2161//2161
f 1110//1110 1111//1111 2161//2161
f 1110//1110 2160//2160 2159//2159
f 1110//1110 2161//2161 2160//2160
f 1109//1109 1110//1110 2159//2159
f 1108//1108 1109//1109 2159//2159
f 1108//1108 2159//2159 2158//2158
f 1107//1107 1108//1108 2158//2158
f 1107//1107 2157//2157 2156//2156
f 1107//1107 2158//2158 2157//2157
f 1106//1106 1107//1107 2156//2156
f 1106//1106 2156//2156 2155//2155
f 1105//1105 1106//1106 2155//2155
f 1104//1104 1105//1105 2155//2155
f 1104//1104 2154//2154 2153//2153
f 1104//1104 2155//2155 2154//2154
f 1103//1103 1104//1104 2153//2153
f 1103//1103 2153//2153 2152//2152
f 1102//1102 1103//1103 2152//2152
f 1101//1101 1102//1102 2152//2152
f 1101//1101 2152//2152 2151//2151
f 1100//1100 2151//2151 2150//2150
f 1100//1100 1101//1101 2151//2151
f 1099//1099 2150//2150 2149//2149
f 1099//1099 1100//1100 2150//2150
f 1098//1098 2148//2148 2147//2147
f 1098//1098 2149//2149 2148//2148
f 1098//1098 1099//1099 2149//2149
f 1097//1097 1098//1098 2147//2147
f 1097//1097 2147//2147 2146//2146
f 1096//1096 1097//1097 2146//2146
f 1095//1095 2146//2146 2145//2145
f 1095//1095 1096//1096 2146//2146
f 1094//1094 2144//2144 2143//2143
f 1094//1094 2145//2145 2144//2144
f 1094//1094 1095//1095 2145//2145
f 1093//1093 1094//1094 2143//2143
f 1092//1092 2142//2142 2141//2141
f 1092//1092 2143//2143 2142//2142
f 1092//1092 1093//1093 2143//2143
f 1091//1091 2141//2141 2140//2140
f 1091//1091 1092//1092 2141//2141
f 1090//1090 2140//2140 2139//2139
f 1090//1090 1091//1091 2140//2140
f 1089//1089 1090//1090 2139//2139
f 1089//1089 2139//2139 2138//2138
f 1088//1088 1089//1089 2138//2138
f 1087//1087 1088//1088 2138//2138
f 1087//1087 2137//2137 2136//2136
f 1087//1087 2138//2138 2137//2137
f 1086//1086 1087//1087 2136//2136
f 1086//1086 2136//2136 2135//2135
f 1085//1085 1086//1086 2135//2135
f 1084//1084 1085//1085 2135//2135
f 1084//1084 2135//2135 2134//2134
f 1083//1083 1084//1084 2134//2134
f 1083//1083 2133//2133 2132//2132
f 1083//1083 2134//2134 2133//2133
f 1082//1082 1083//1083 2132//2132
f 1081//1081 1082//1082 2132//2132
f 1081//1081 2131//2131 2130//2130
f 1081//1081 2132//2132 2131//2131
f 1080//1080 1081//1081 2130//2130
f 1079//1079 2130//2130 2129//2129
f 1079//1079 1080//1080 2130//2130
f 1078//1078 2128//2128 2127//2127
f 1078//1078 2129//2129 2128//2128
f 1078//1078 1079//1079 2129//2129
f 1077//1077 1078//1078 2127//2127
f 1076//1076 2127//2127 2126//2126
f 1076//1076 1077//1077 2127//2127
f 1075//1075 2125//2125 2124//2124
f 1075//1075 2126//2126 2125//2125
f 1075//1075 1076//1076 2126//2126
f 1074//1074 2124//2124 2123//2123
f 1074//1074 1075//1075 2124//2124
f 1073//1073 1074//1074 2123//2123
f 1072//1072 2123//2123 2122//2122
f 1072//1072 1073//1073 2123//2123
f 1071//1071 2122//2122 2121//2121
f 1071//1071 1072//1072 2122//2122
f 1070//1070 2120//2120 2119//2119
f 1070//1070 2121//2121 2120//2120
f 1070//1070 1071//1071 2121//2121
f 1069//1069 1070//1070 2119//2119
f 1068//1068 2119//2119 2118//2118
f 1068//1068 1069//1069 2119//2119
f 1067//1067 2117//2117 2116//2116
f 1067//1067 2118//2118 2117//2117
f 1067//1067 1068//1068 2118//2118
f 1066//1066 1067//1067 2116//2116
f 1065//1065 1066//1066 2116//2116
f 1065//1065 2115//2115 2114//2114
f 1065//1065 2116//2116 2115//2115
f 1064//1064 1065//1065 2114//2114
f 1064//1064 2114//2114 2113//2113
f 1063//1063 1064//1064 2113//2113
f 1063//1063 2113//2113 2112//2112
f 1062//1062 1063//1063 2112//2112
f 1061//1061 1062//1062 2112//2112
f 1061//1061 2111//2111 2110//2110
f 1061//1061 2112//2112 2111//2111
f 1060//1060 1061//1061 2110//2110
f 1059//1059 2110//2110 2109//2109
f 1059//1059 1060//1060 2110//2110
f 1058//1058 2109//2109 2108//2108
f 1058//1058 1059//1059 2109//2109
f 1057//1057 2108//2108 2107//2107
f 1057//1057 1058//1058 2108//2108
f 1056//1056 2107//2107 2106//2106
f 1056//1056 1057//1057 2107//2107
f 1055//1055 2106//2106 2105//2105
f 1055//1055 1056//1056 2106//2106
f 1054//1054 2104//2104 2103//2103
f 1054//1054 2105//2105 2104//2104
f 1054//1054 1055//1055 2105//2105
f 1053//1053 1054//1054 2103//2103
f 1052//1052 2103//2103 2102//2102
f 1052//1052 1053//1053 2103//2103
f 1051//1051 2102//2102 2101//2101
f 1051//1051 1052//1052 2102//2102
f 1470//1470 1261//1261 3151//3151
f 1470//1470 3151//3151 3360//3360
f 1469//1469 3360//3360 3359//3359
f 1469//1469 1470//1470 3360//3360
f 1468//1468 3359//3359 3358//3358
f 1468//1468 1469//1469 3359//3359
f 1467//1467 3357//3357 3356//3356
f 1467//1467 3358//3358 3357//3357
f 1467//1467 1468//1468 3358//3358
f 1466//1466 1467//1467 3356//3356
f 1465//1465 3356//3356 3355//3355
f 1465//1465 1466//1466 3356//3356
f 1464//1464 3355//3355 3354//3354
f 1464//1464 1465//1465 3355//3355
f 1463//1463 3354//3354 3353//3353
f 1463//1463 1464//1464 3354//3354
f 1462//1462 3353//3353 3352//3352
f 1462//1462 1463//1463 3353//3353
f 1461//1461 3352//3352 3351//3351
f 1461//1461 1462//1462 3352//3352
f 1460//1460 3351//3351 3350//3350
f 1460//1460 1461//1461 3351//3351
f 1459//1459 3350//3350 3349//3349
f 1459//1459 1460//1460 3350//3350
f 1458//1458 3349//3349 3348//3348
f 1458//1458 1459//1459 3349//3349
f 1457//1457 3348//3348 3347//3347
f 1457//1457 1458//1458 3348//3348
f 1456//1456 3347//3347 3346//3346
f 1456//1456 1457//1457 3347//3347
f 1455//1455 3346//3346 3345//3345
f 1455//1455 1456//1456 3346//3346
f 1454//1454 3345//3345 3344//3344
f 1454//1454 1455//1455 3345//3345
f 1453//1453 3344//3344 3343//3343
f 1453//1453 1454//1454 3344//3344
f 1452//1452 3343//3343 3342//3342
f 1452//1452 1453//1453 3343//3343
f 1451//1451 1452//1452 3342//3342
f 1451//1451 3342//3342 3341//3341
f 1450//1450 1451//1451 3341//3341
f 1450//1450 3341//3341 3340//3340
f 1449//1449 1450//1450 3340//3340
f 1449//1449 3340//3340 3339//3339
f 1448//1448 1449//1449 3339//3339
f 1448//1448 3339//3339 3338//3338
f 1447//1447 1448//1448 3338//3338
f 1447//1447 3338//3338 3337//3337
f 1446//1446 1447//1447 3337//3337
f 1446//1446 3337//3337 3336//3336
f 1445//1445 1446//1446 3336//3336
f 1445//1445 3336//3336 3335//3335
f 1444//1444 1445//1445 3335//3335
f 1444//1444 3335//3335 3334//3334
f 1443//1443 1444//1444 3334//3334
f 1443//1443 3334//3334 3333//3333
f 1442//1442 1443//1443 3333//3333
f 1442//1442 3333//3333 3332//3332
f 1441//1441 1442//1442 3332//3332
f 1441//1441 3332//3332 3331//3331
f 1440//1440 1441//1441 3331//3331
f 1440//1440 3331//3331 3330//3330
f 1439//1439 1440//1440 3330//3330
f 1439//1439 3330//3330 3329//3329
f 1438//1438 1439//1439 3329//3329
f 1438//1438 3329//3329 3328//3328
f 1437//1437 1438//1438 3328//3328
f 1437//1437 3328//3328 3327//3327
f 1436//1436 1437//1437 3327//3327
f 1436//1436 3327//3327 3326//3326
f 1435//1435 1436//1436 3326//3326
f 1435//1435 3326//3326 3325//3325
f 1434//1434 1435//1435 3325//3325
f 1434//1434 3325//3325 3324//3324
f 1433//1433 1434//1434 3324//3324
f 1433//1433 3324//3324 3323//3323
f 1432//1432 3323//3323 3322//3322
f 1432//1432 1433//1433 3323//3323
f 1431//1431 3322//3322 3321//3321
f 1431//1431 1432//1432 3322//3322
f 1430//1430 3321//3321 3320//3320
f 1430//1430 1431//1431 3321//3321
f 1429//1429 3320//3320 3319//3319
f 1429//1429 1430//1430 3320//3320
f 1428//1428 3319//3319 3318//3318
f 1428//1428 1429//1429 3319//3319
f 1427//1427 3318//3318 3317//3317
f 1427//1427 1428//1428 3318//3318
f 1426//1426 1427//1427 3317//3317
f 1426//1426 3317//3317 3316//3316
f 1425//1425 1426//1426 3316//3316
f 1425//1425 3316//3316 3315//3315
f 1424//1424 1425//1425 3315//3315
f 1424//1424 3315//3315 3314//3314
f 1423//1423 1424//1424 3314//3314
f 1423//1423 3314//3314 3313//3313
f 1422//1422 1423//1423 3313//3313
f 1422//1422 3313//3313 3312//3312
f 1421//1421 1422//1422 3312//3312
f 1421//1421 3312//3312 3311//3311
f 1420//1420 1421//1421 3311//3311
f 1420//1420 3311//3311 3310//3310
f 1419//1419 1420//1420 3310//3310
f 1419//1419 3309//3309 3308//3308
f 1419//1419 3310//3310 3309//3309
f 1418//1418 1419//1419 3308//3308
f 1417//1417 1418//1418 3308//3308
f 1417//1417 3308//3308 3307//3307
f 1416//1416 1417//1417 3307//3307
f 1416//1416 3307//3307 3306//3306
f 1415//1415 1416//1416 3306//3306
f 1415//1415 3306//3306 3305//3305
f 1414//1414 1415//1415 3305//3305
f 1414//1414 3305//3305 3304//3304
f 1413//1413 1414//1414 3304//3304
f 1413//1413 3304//3304 3303//3303
f 1412//1412 1413//1413 3303//3303
f 1412//1412 3303//3303 3302//3302
f 1411//1411 3302//3302 3301//3301
f 1411//1411 1412//1412 3302//3302
f 1410//1410 1411//1411 3301//3301
f 1410//1410 3301//3301 3300//3300
f 1409//1409 3300//3300 3299//3299
f 1409//1409 1410//1410 3300//3300
f 1408//1408 3299//3299 3298//3298
f 1408//1408 1409//1409 3299//3299
f 1407//1407 3298//3298 3297//3297
f 1407//1407 1408//1408 3298//3298
f 1406//1406 3297//3297 3296//3296
f 1406//1406 1407//1407 3297//3297
f 1405//1405 3296//3296 3295//3295
f 1405//1405 1406//1406 3296//3296
f 1404//1404 3295//3295 3294//3294
f 1404//1404 1405//1405 3295//3295
f 1403//1403 3294//3294 3293//3293
f 1403//1403 1404//1404 3294//3294
f 1402//1402 3293//3293 3292//3292
f 1402//1402 1403//1403 3293//3293
f 1401//1401 1402//1402 3292//3292
f 1401//1401 3292//3292 3291//3291
f 1400//1400 1401//1401 3291//3291
f 1400//1400 3291//3291 3290//3290
f 1399//1399 1400//1400 3290//3290
f 1399//1399 3290//3290 3289//3289
f 1398//1398 1399//1399 3289//3289
f 1398//1398 3289//3289 3288//3288
f 1397//1397 1398//1398 3288//3288
f 1397//1397 3288//3288 3287//3287
f 1396//1396 1397//1397 3287//3287
f 1396//1396 3287//3287 3286//3286
f 1395//1395 1396//1396 3286//3286
f 1395//1395 3286//3286 3285//3285
f 1394//1394 1395//1395 3285//3285
f 1394//1394 3285//3285 3284//3284
f 1393//1393 1394//1394 3284//3284
f 1393//1393 3284//3284 3283//3283
f 1392//1392 1393//1393 3283//3283
f 1392//1392 3283//3283 3282//3282
f 1391//1391 3282//3282 3281//3281
f 1391//1391 1392//1392 3282//3282
f 1390//1390 1391//1391 3281//3281
f 1390//1390 3281//3281 3280//3280
f 1389//1389 3280//3280 3279//3279
f 1389//1389 1390//1390 3280//3280
f 1388//1388 3279//3279 3278//3278
f 1388//1388 1389//1389 3279//3279
f 1387//1387 3277//3277 3276//3276
f 1387//1387 3278//3278 3277//3277
f 1387//1387 1388//1388 3278//3278
f 1386//1386 1387//1387 3276//3276
f 1385//1385 3276//3276 3275//3275
f 1385//1385 1386//1386 3276//3276
f 1384//1384 3275//3275 3274//3274
f 1384//1384 1385//1385 3275//3275
f 1383//1383 3274//3274 3273//3273
f 1383//1383 1384//1384 3274//3274
f 1382//1382 3273//3273 3272//3272
f 1382//1382 1383//1383 3273//3273
f 1381//1381 3272//3272 3271//3271
f 1381//1381 1382//1382 3272//3272
f 1380//1380 3271//3271 3270//3270
f 1380//1380 1381//1381 3271//3271
f 1379//1379 3270//3270 3269//3269
f 1379//1379 1380//1380 3270//3270
f 1378//1378 3269//3269 3268//3268
f 1378//1378 1379//1379 3269//3269
f 1377//1377 3268//3268 3267//3267
f 1377//1377 1378//1378 3268//3268
f 1376//1376 3267//3267 3266//3266
f 1376//1376 1377//1377 3267//3267
f 1375//1375 1376//1376 3266//3266
f 1375//1375 3266//3266 3265//3265
f 1374//1374 1375//1375 3265//3265
f 1374//1374 3265//3265 3264//3264
f 1373//1373 1374//1374 3264//3264
f 1373//1373 3264//3264 3263//3263
f 1372//1372 1373//1373 3263//3263
f 1372//1372 3263//3263 3262//3262
f 1371//1371 3262//3262 3261//3261
f 1371//1371 1372//1372 3262//3262
f 1370//1370 3261//3261 3260//3260
f 1370//1370 1371//1371 3261//3261
f 1369//1369 1370//1370 3260//3260
f 1369//1369 3260//3260 3259//3259
f 1368//1368 3259//3259 3258//3258
f 1368//1368 1369//1369 3259//3259
f 1367//1367 1368//1368 3258//3258
f 1367//1367 3258//3258 3257//3257
f 1366//1366 3257//3257 3256//3256
f 1366//1366 1367//1367 3257//3257
f 1365//1365 3256//3256 3255//3255
f 1365//1365 1366//1366 3256//3256
f 1364//1364 3255//3255 3254//3254
f 1364//1364 1365//1365 3255//3255
f 1363//1363 3254//3254 3253//3253
f 1363//1363 1364//1364 3254//3254
f 1362//1362 3253//3253 3252//3252
f 1362//1362 1363//1363 3253//3253
f 1361//1361 3252//3252 3251//3251
f 1361//1361 1362//1362 3252//3252
f 1360//1360 3250//3250 3249//3249
f 1360//1360 3251//3251 3250//3250
f 1360//1360 1361//1361 3251//3251
f 1359//1359 1360//1360 3249//3249
f 1358//1358 3249//3249 3248//3248
f 1358//1358 1359//1359 3249//3249
f 1357//1357 3248//3248 3247//3247
f 1357//1357 1358//1358 3248//3248
f 1356//1356 3247//3247 3246//3246
f 1356//1356 1357//1357 3247//3247
f 1355//1355 3246//3246 3245//3245
f 1355//1355 1356//1356 3246//3246
f 1354//1354 3245//3245 3244//3244
f 1354//1354 1355//1355 3245//3245
f 1353//1353 3244//3244 3243//3243
f 1353//1353 1354//1354 3244//3244
f 1352//1352 3243//3243 3242//3242
f 1352//1352 1353//1353 3243//3243
f 1351//1351 3242//3242 3241//3241
f 1351//1351 1352//1352 3242//3242
f 1350//1350 1351//1351 3241//3241
f 1350//1350 3241//3241 3240//3240
f 1349//1349 1350//1350 3240//3240
f 1349//1349 3240//3240 3239//3239
f 1348//1348 1349//1349 3239//3239
f 1348//1348 3239//3239 3238//3238
f 1347//1347 1348//1348 3238//3238
f 1347//1347 3238//3238 3237//3237
f 1346//1346 1347//1347 3237//3237
f 1346//1346 3237//3237 3236//3236
f 1345//1345 1346//1346 3236//3236
f 1345//1345 3236//3236 3235//3235
f 1344//1344 1345//1345 3235//3235
f 1344//1344 3235//3235 3234//3234
f 1343//1343 1344//1344 3234//3234
f 1343//1343 3234//3234 3233//3233
f 1342//1342 1343//1343 3233//3233
f 1342//1342 3233//3233 3232//3232
f 1341//1341 1342//1342 3232//3232
f 1341//1341 3231//3231 3230//3230
f 1341//1341 3232//3232 3231//3231
f 1340//1340 1341//1341 3230//3230
f 1339//1339 1340//1340 3230//3230
f 1339//1339 3229//3229 3228//3228
f 1339//1339 3230//3230 3229//3229
f 1338//1338 1339//1339 3228//3228
f 1337//1337 1338//1338 3228//3228
f 1337//1337 3228//3228 3227//3227
f 1336//1336 1337//1337 3227//3227
f 1336//1336 3227//3227 3226//3226
f 1335//1335 1336//1336 3226//3226
f 1335//1335 3226//3226 3225//3225
f 1334//1334 1335//1335 3225//3225
f 1334//1334 3225//3225 3224//3224
f 1333//1333 1334//1334 3224//3224
f 1333//1333 3223//3223 3222//3222
f 1333//1333 3224//3224 3223//3223
f 1332//1332 1333//1333 3222//3222
f 1332//1332 3222//3222 3221//3221
f 1331//1331 1332//1332 3221//3221
f 1330//1330 3221//3221 3220//3220
f 1330//1330 1331//1331 3221//3221
f 1329//1329 3220//3220 3219//3219
f 1329//1329 1330//1330 3220//3220
f 1328//1328 3219//3219 3218//3218
f 1328//1328 1329//1329 3219//3219
f 1327//1327 3217//3217 3216//3216
f 1327//1327 3218//3218 3217//3217
f 1327//1327 1328//1328 3218//3218
f 1326//1326 1327//1327 3216//3216
f 1325//1325 1326//1326 3216//3216
f 1325//1325 3216//3216 3215//3215
f 1324//1324 1325//1325 3215//3215
f 1324//1324 3214//3214 3213//3213
f 1324//1324 3215//3215 3214//3214
f 1323//1323 1324//1324 3213//3213
f 1322//1322 1323//1323 3213//3213
f 1322//1322 3212//3212 3211//3211
f 1322//1322 3213//3213 3212//3212
f 1321//1321 1322//1322 3211//3211
f 1320//1320 1321//1321 3211//3211
f 1320//1320 3211//3211 3210//3210
f 1319//1319 1320//1320 3210//3210
f 1319//1319 3210//3210 3209//3209
f 1318//1318 1319//1319 3209//3209
f 1318//1318 3209//3209 3208//3208
f 1317//1317 1318//1318 3208//3208
f 1317//1317 3208//3208 3207//3207
f 1316//1316 1317//1317 3207//3207
f 1316//1316 3207//3207 3206//3206
f 1315//1315 1316//1316 3206//3206
f 1315//1315 3205//3205 3204//3204
f 1315//1315 3206//3206 3205//3205
f 1314//1314 1315//1315 3204//3204
f 1314//1314 3204//3204 3203//3203
f 1313//1313 1314//1314 3203//3203
f 1312//1312 1313//1313 3203//3203
f 1312//1312 3203//3203 3202//3202
f 1311//1311 1312//1312 3202//3202
f 1311//1311 3202//3202 3201//3201
f 1310//1310 3200//3200 3199//3199
f 1310//1310 3201//3201 3200//3200
f 1310//1310 1311//1311 3201//3201
f 1309//1309 1310//1310 3199//3199
f 1308//1308 3199//3199 3198//3198
f 1308//1308 1309//1309 3199//3199
f 1307//1307 3197//3197 3196//3196
f 1307//1307 3198//3198 3197//3197
f 1307//1307 1308//1308 3198//3198
f 1306//1306 3196//3196 3195//3195
f 1306//1306 1307//1307 3196//3196
f 1305//1305 1306//1306 3195//3195
f 1304//1304 3195//3195 3194//3194
f 1304//1304 1305//1305 3195//3195
f 1303//1303 3193//3193 3192//3192
f 1303//1303 3194//3194 3193//3193
f 1303//1303 1304//1304 3194//3194
f 1302//1302 1303//1303 3192//3192
f 1301//1301 3192//3192 3191//3191
f 1301//1301 1302//1302 3192//3192
f 1300//1300 1301//1301 3191//3191
f 1300//1300 3191//3191 3190//3190
f 1299//1299 1300//1300 3190//3190
f 1299//1299 3190//3190 3189//3189
f 1298//1298 1299//1299 3189//3189
f 1298//1298 3189//3189 3188//3188
f 1297//1297 1298//1298 3188//3188
f 1297//1297 3187//3187 3186//3186
f 1297//1297 3188//3188 3187//3187
f 1296//1296 1297//1297 3186//3186
f 1295//1295 1296//1296 3186//3186
f 1295//1295 3185//3185 3184//3184
f 1295//1295 3186//3186 3185//3185
f 1294//1294 1295//1295 3184//3184
f 1294//1294 3184//3184 3183//3183
f 1293//1293 1294//1294 3183//3183
f 1293//1293 3183//3183 3182//3182
f 1292//1292 1293//1293 3182//3182
f 1292//1292 3182//3182 3181//3181
f 1291//1291 1292//1292 3181//3181
f 1290//1290 3181//3181 3180//3180
f 1290//1290 1291//1291 3181//3181
f 1289//1289 3180//3180 3179//3179
f 1289//1289 1290//1290 3180//3180
f 1288//1288 3179//3179 3178//3178
f 1288//1288 1289//1289 3179//3179
f 1287//1287 3177//3177 3176//3176
f 1287//1287 3178//3178 3177//3177
f 1287//1287 1288//1288 3178//3178
f 1286//1286 1287//1287 3176//3176
f 1285//1285 3176//3176 3175//3175
f 1285//1285 1286//1286 3176//3176
f 1284//1284 3174//3174 3173//3173
f 1284//1284 3175//3175 3174//3174
f 1284//1284 1285//1285 3175//3175
f 1283//1283 1284//1284 3173//3173
f 1282//1282 3172//3172 3171//3171
f 1282//1282 3173//3173 3172//3172
f 1282//1282 1283//1283 3173//3173
f 1281//1281 1282//1282 3171//3171
f 1280//1280 3170//3170 3169//3169
f 1280//1280 3171//3171 3170//3170
f 1280//1280 1281//1281 3171//3171
f 1279//1279 1280//1280 3169//3169
f 1278//1278 3168//3168 3167//3167
f 1278//1278 3169//3169 3168//3168
f 1278//1278 1279//1279 3169//3169
f 1277//1277 3167//3167 3166//3166
f 1277//1277 1278//1278 3167//3167
f 1276//1276 1277//1277 3166//3166
f 1275//1275 1276//1276 3166//3166
f 1275//1275 3165//3165 3164//3164
f 1275//1275 3166//3166 3165//3165
f 1274//1274 1275//1275 3164//3164
f 1273//1273 3164//3164 3163//3163
f 1273//1273 1274//1274 3164//3164
f 1272//1272 1273//1273 3163//3163
f 1272//1272 3162//3162 3161//3161
f 1272//1272 3163//3163 3162//3162
f 1271//1271 1272//1272 3161//3161
f 1271//1271 3161//3161 3160//3160
f 1270//1270 1271//1271 3160//3160
f 1269//1269 3159//3159 3158//3158
f 1269//1269 3160//3160 3159//3159
f 1269//1269 1270//1270 3160//3160
f 1268//1268 1269//1269 3158//3158
f 1267//1267 3157//3157 3156//3156
f 1267//1267 3158//3158 3157//3157
f 1267//1267 1268//1268 3158//3158
f 1266//1266 1267//1267 3156//3156
f 1265//1265 3156//3156 3155//3155
f 1265//1265 1266//1266 3156//3156
f 1264//1264 3154//3154 3153//3153
f 1264//1264 3155//3155 3154//3154
f 1264//1264 1265//1265 3155//3155
f 1263//1263 1264//1264 3153//3153
f 1262//1262 3152//3152 3151//3151
f 1262//1262 3153//3153 3152//3152
f 1262//1262 1263//1263 3153//3153
f 1261//1261 1262//1262 3151//3151
f 3361//3361 1471//1471 1680//1680
f 3362//3362 1680//1680 1679//1679
f 3362//3362 3361//3361 1680//1680
f 3363//3363 1679//1679 1678//1678
f 3363//3363 3362//3362 1679//1679
f 3364//3364 1678//1678 1677//1677
f 3364//3364 3363//3363 1678//1678
f 3365//3365 1677//1677 1676//1676
f 3365//3365 3364//3364 1677//1677
f 3366//3366 1676//1676 1675//1675
f 3366//3366 3365//3365 1676//1676
f 3367//3367 1675//1675 1674//1674
f 3367//3367 3366//3366 1675//1675
f 3368//3368 1674//1674 1673//1673
f 3368//3368 3367//3367 1674//1674
f 3369//3369 1673//1673 1672//1672
f 3369//3369 3368//3368 1673//1673
f 3370//3370 1672//1672 1671//1671
f 3370//3370 3369//3369 1672//1672
f 3371//3371 1671//1671 1670//1670
f 3371//3371 3370//3370 1671//1671
f 3372//3372 1670//1670 1669//1669
f 3372//3372 3371//3371 1670//1670
f 3373//3373 1669//1669 1668//1668
f 3373//3373 3372//3372 1669//1669
f 3374//3374 1668//1668 1667//1667
f 3374//3374 3373//3373 1668//1668
f 3375//3375 1667//1667 1666//1666
f 3375//3375 3374//3374 1667//1667
f 3376//3376 1666//1666 1665//1665
f 3376//3376 3375//3375 1666//1666
f 3377//3377 1665//1665 1664//1664
f 3377//3377 3376//3376 1665//1665
f 3378//3378 1664//1664 1663//1663
f 3378//3378 3377//3377 1664//1664
f 3379//3379 3378//3378 1663//1663
f 3379//3379 1663//1663 1662//1662
f 3380//3380 3379//3379 1662//1662
f 3380//3380 1662//1662 1661//1661
f 3381//3381 3380//3380 1661//1661
f 3381//3381 1661//1661 1660//1660
f 3382//3382 3381//3381 1660//1660
f 3382//3382 1660//1660 1659//1659
f 3383//3383 3382//3382 1659//1659
f 3383//3383 1659//1659 1658//1658
f 3384//3384 3383//3383 1658//1658
f 3384//3384 1658//1658 1657//1657
f 3385//3385 3384//3384 1657//1657
f 3385//3385 1657//1657 1656//1656
f 3386//3386 3385//3385 1656//1656
f 3386//3386 1656//1656 1655//1655
f 3387//3387 3386//3386 1655//1655
f 3387//3387 1655//1655 1654//1654
f 3388//3388 3387//3387 1654//1654
f 3388//3388 1654//1654 1653//1653
f 3389//3389 3388//3388 1653//1653
f 3389//3389 1653//1653 1652//1652
f 3390//3390 3389//3389 1652//1652
f 3390//3390 1652//1652 1651//1651
f 3391//3391 3390//3390 1651//1651
f 3391//3391 1651//1651 1650//1650
f 3392//3392 3391//3391 1650//1650
f 3392//3392 1650//1650 1649//1649
f 3393//3393 3392//3392 1649//1649
f 3393//3393 1649//1649 1648//1648
f 3394//3394 3393//3393 1648//1648
f 3394//3394 1648//1648 1647//1647
f 3395//3395 3394//3394 1647//1647
f 3395//3395 1647//1647 1646//1646
f 3396//3396 3395//3395 1646//1646
f 3396//3396 1646//1646 1645//1645
f 3397//3397 3396//3396 1645//1645
f 3397//3397 1645//1645 1644//1644
f 3398//3398 3397//3397 1644//1644
f 3399//3399 3398//3398 1644//1644
f 3399//3399 1643//1643 1642//1642
f 3399//3399 1644//1644 1643//1643
f 3400//3400 3399//3399 1642//1642
f 3401//3401 1641//1641 1640//1640
f 3401//3401 1642//1642 1641//1641
f 3401//3401 3400//3400 1642//1642
f 3402//3402 1640//1640 1639//1639
f 3402//3402 3401//3401 1640//1640
f 3403//3403 1639//1639 1638//1638
f 3403//3403 3402//3402 1639//1639
f 3404//3404 1638//1638 1637//1637
f 3404//3404 3403//3403 1638//1638
f 3405//3405 1637//1637 1636//1636
f 3405//3405 3404//3404 1637//1637
f 3406//3406 1636//1636 1635//1635
f 3406//3406 3405//3405 1636//1636
f 3407//3407 3406//3406 1635//1635
f 3407//3407 1635//1635 1634//1634
f 3408//3408 3407//3407 1634//1634
f 3409//3409 3408//3408 1634//1634
f 3409//3409 1633//1633 1632//1632
f 3409//3409 1634//1634 1633//1633
f 3410//3410 3409//3409 1632//1632
f 3411//3411 3410//3410 1632//1632
f 3411//3411 1632//1632 1631//1631
f 3412//3412 3411//3411 1631//1631
f 3412//3412 1631//1631 1630//1630
f 3413//3413 3412//3412 1630//1630
f 3413//3413 1630//1630 1629//1629
f 3414//3414 3413//3413 1629//1629
f 3414//3414 1628//1628 1627//1627
f 3414//3414 1629//1629 1628//1628
f 3415//3415 3414//3414 1627//1627
f 3416//3416 3415//3415 1627//1627
f 3416//3416 1627//1627 1626//1626
f 3417//3417 3416//3416 1626//1626
f 3417//3417 1626//1626 1625//1625
f 3418//3418 3417//3417 1625//1625
f 3418//3418 1625//1625 1624//1624
f 3419//3419 3418//3418 1624//1624
f 3419//3419 1624//1624 1623//1623
f 3420//3420 1622//1622 1621//1621
f 3420//3420 1623//1623 1622//1622
f 3420//3420 3419//3419 1623//1623
f 3421//3421 3420//3420 1621//1621
f 3422//3422 1620//1620 1619//1619
f 3422//3422 1621//1621 1620//1620
f 3422//3422 3421//3421 1621//1621
f 3423//3423 3422//3422 1619//1619
f 3424//3424 1619//1619 1618//1618
f 3424//3424 3423//3423 1619//1619
f 3425//3425 1618//1618 1617//1617
f 3425//3425 3424//3424 1618//1618
f 3426//3426 1617//1617 1616//1616
f 3426//3426 3425//3425 1617//1617
f 3427//3427 1615//1615 1614//1614
f 3427//3427 1616//1616 1615//1615
f 3427//3427 3426//3426 1616//1616
f 3428//3428 3427//3427 1614//1614
f 3429//3429 1614//1614 1613//1613
f 3429//3429 3428//3428 1614//1614
f 3430//3430 1613//1613 1612//1612
f 3430//3430 3429//3429 1613//1613
f 3431//3431 3430//3430 1612//1612
f 3431//3431 1612//1612 1611//1611
f 3432//3432 3431//3431 1611//1611
f 3432//3432 1610//1610 1609//1609
f 3432//3432 1611//1611 1610//1610
f 3433//3433 3432//3432 1609//1609
f 3434//3434 3433//3433 1609//1609
f 3434//3434 1609//1609 1608//1608
f 3435//3435 3434//3434 1608//1608
f 3435//3435 1608//1608 1607//1607
f 3436//3436 3435//3435 1607//1607
f 3436//3436 1607//1607 1606//1606
f 3437//3437 3436//3436 1606//1606
f 3437//3437 1606//1606 1605//1605
f 3438//3438 3437//3437 1605//1605
f 3438//3438 1605//1605 1604//1604
f 3439//3439 3438//3438 1604//1604
f 3439//3439 1604//1604 1603//1603
f 3440//3440 3439//3439 1603//1603
f 3440//3440 1603//1603 1602//1602
f 3441//3441 1602//1602 1601//1601
f 3441//3441 3440//3440 1602//1602
f 3442//3442 3441//3441 1601//1601
f 3442//3442 1601//1601 1600//1600
f 3443//3443 1600//1600 1599//1599
f 3443//3443 3442//3442 1600//1600
f 3444//3444 1599//1599 1598//1598
f 3444//3444 3443//3443 1599//1599
f 3445//3445 1598//1598 1597//1597
f 3445//3445 3444//3444 1598//1598
f 3446//3446 1597//1597 1596//1596
f 3446//3446 3445//3445 1597//1597
f 3447//3447 1596//1596 1595//1595
f 3447//3447 3446//3446 1596//1596
f 3448//3448 1595//1595 1594//1594
f 3448//3448 3447//3447 1595//1595
f 3449//3449 1594//1594 1593//1593
f 3449//3449 3448//3448 1594//1594
f 3450//3450 1593//1593 1592//1592
f 3450//3450 3449//3449 1593//1593
f 3451//3451 1592//1592 1591//1591
f 3451//3451 3450//3450 1592//1592
f 3452//3452 1591//1591 1590//1590
f 3452//3452 3451//3451 1591//1591
f 3453//3453 1590//1590 1589//1589
f 3453//3453 3452//3452 1590//1590
f 3454//3454 1589//1589 1588//1588
f 3454//3454 3453//3453 1589//1589
f 3455//3455 1588//1588 1587//1587
f 3455//3455 3454//3454 1588//1588
f 3456//3456 1587//1587 1586//1586
f 3456//3456 3455//3455 1587//1587
f 3457//3457 3456//3456 1586//1586
f 3457//3457 1586//1586 1585//1585
f 3458//3458 3457//3457 1585//1585
f 3458//3458 1585//1585 1584//1584
f 3459//3459 3458//3458 1584//1584
f 3459//3459 1584//1584 1583//1583
f 3460//3460 3459//3459 1583//1583
f 3460//3460 1583//1583 1582//1582
f 3461//3461 1582//1582 1581//1581
f 3461//3461 3460//3460 1582//1582
f 3462//3462 1580//1580 1579//1579
f 3462//3462 1581//1581 1580//1580
f 3462//3462 3461//3461 1581//1581
f 3463//3463 3462//3462 1579//1579
f 3464//3464 1579//1579 1578//1578
f 3464//3464 3463//3463 1579//1579
f 3465//3465 1578//1578 1577//1577
f 3465//3465 3464//3464 1578//1578
f 3466//3466 1577//1577 1576//1576
f 3466//3466 3465//3465 1577//1577
f 3467//3467 1576//1576 1575//1575
f 3467//3467 3466//3466 1576//1576
f 3468//3468 1575//1575 1574//1574
f 3468//3468 3467//3467 1575//1575
f 3469//3469 1574//1574 1573//1573
f 3469//3469 3468//3468 1574//1574
f 3470//3470 1573//1573 1572//1572
f 3470//3470 3469//3469 1573//1573
f 3471//3471 1572//1572 1571//1571
f 3471//3471 3470//3470 1572//1572
f 3472//3472 1571//1571 1570//1570
f 3472//3472 3471//3471 1571//1571
f 3473//3473 1570//1570 1569//1569
f 3473//3473 3472//3472 1570//1570
f 3474//3474 1569//1569 1568//1568
f 3474//3474 3473//3473 1569//1569
f 3475//3475 1568//1568 1567//1567
f 3475//3475 3474//3474 1568//1568
f 3476//3476 1567//1567 1566//1566
f 3476//3476 3475//3475 1567//1567
f 3477//3477 1566//1566 1565//1565
f 3477//3477 3476//3476 1566//1566
f 3478//3478 1565//1565 1564//1564
f 3478//3478 3477//3477 1565//1565
f 3479//3479 1563//1563 1562//1562
f 3479//3479 1564//1564 1563//1563
f 3479//3479 3478//3478 1564//1564
f 3480//3480 3479//3479 1562//1562
f 3481//3481 1562//1562 1561//1561
f 3481//3481 3480//3480 1562//1562
f 3482//3482 3481//3481 1561//1561
f 3482//3482 1561//1561 1560//1560
f 3483//3483 3482//3482 1560//1560
f 3483//3483 1559//1559 1558//1558
f 3483//3483 1560//1560 1559//1559
f 3484//3484 3483//3483 1558//1558
f 3485//3485 3484//3484 1558//1558
f 3485//3485 1558//1558 1557//1557
f 3486//3486 3485//3485 1557//1557
f 3486//3486 1557//1557 1556//1556
f 3487//3487 3486//3486 1556//1556
f 3487//3487 1556//1556 1555//1555
f 3488//3488 3487//3487 1555//1555
f 3488//3488 1555//1555 1554//1554
f 3489//3489 3488//3488 1554//1554
f 3489//3489 1554//1554 1553//1553
f 3490//3490 3489//3489 1553//1553
f 3490//3490 1553//1553 1552//1552
f 3491//3491 3490//3490 1552//1552
f 3491//3491 1551//1551 1550//1550
f 3491//3491 1552//1552 1551//1551
f 3492//3492 3491//3491 1550//1550
f 3493//3493 3492//3492 1550//1550
f 3493//3493 1550//1550 1549//1549
f 3494//3494 3493//3493 1549//1549
f 3494//3494 1549//1549 1548//1548
f 3495//3495 3494//3494 1548//1548
f 3495//3495 1548//1548 1547//1547
f 3496//3496 3495//3495 1547//1547
f 3496//3496 1547//1547 1546//1546
f 3497//3497 3496//3496 1546//1546
f 3497//3497 1546//1546 1545//1545
f 3498//3498 3497//3497 1545//1545
f 3498//3498 1544//1544 1543//1543
f 3498//3498 1545//1545 1544//1544
f 3499//3499 3498//3498 1543//1543
f 3500//3500 3499//3499 1543//1543
f 3500//3500 1543//1543 1542//1542
f 3501//3501 1542//1542 1541//1541
f 3501//3501 3500//3500 1542//1542
f 3502//3502 1541//1541 1540//1540
f 3502//3502 3501//3501 1541//1541
f 3503//3503 3502//3502 1540//1540
f 3503//3503 1540//1540 1539//1539
f 3504//3504 1538//1538 1537//1537
f 3504//3504 1539//1539 1538//1538
f 3504//3504 3503//3503 1539//1539
f 3505//3505 1537//1537 1536//1536
f 3505//3505 3504//3504 1537//1537
f 3506//3506 3505//3505 1536//1536
f 3507//3507 3506//3506 1536//1536
f 3507//3507 1536//1536 1535//1535
f 3508//3508 3507//3507 1535//1535
f 3508//3508 1534//1534 1533//1533
f 3508//3508 1535//1535 1534//1534
f 3509//3509 3508//3508 1533//1533
f 3510//3510 3509//3509 1533//1533
f 3510//3510 1532//1532 1531//1531
f 3510//3510 1533//1533 1532//1532
f 3511//3511 3510//3510 1531//1531
f 3512//3512 3511//3511 1531//1531
f 3512//3512 1531//1531 1530//1530
f 3513//3513 3512//3512 1530//1530
f 3513//3513 1530//1530 1529//1529
f 3514//3514 3513//3513 1529//1529
f 3514//3514 1528//1528 1527//1527
f 3514//3514 1529//1529 1528//1528
f 3515//3515 3514//3514 1527//1527
f 3516//3516 3515//3515 1527//1527
f 3516//3516 1527//1527 1526//1526
f 3517//3517 3516//3516 1526//1526
f 3517//3517 1525//1525 1524//1524
f 3517//3517 1526//1526 1525//1525
f 3518//3518 3517//3517 1524//1524
f 3519//3519 3518//3518 1524//1524
f 3519//3519 1524//1524 1523//1523
f 3520//3520 3519//3519 1523//1523
f 3520//3520 1523//1523 1522//1522
f 3521//3521 1522//1522 1521//1521
f 3521//3521 3520//3520 1522//1522
f 3522//3522 1520//1520 1519//1519
f 3522//3522 1521//1521 1520//1520
f 3522//3522 3521//3521 1521//1521
f 3523//3523 3522//3522 1519//1519
f 3524//3524 1518//1518 1517//1517
f 3524//3524 1519//1519 1518//1518
f 3524//3524 3523//3523 1519//1519
f 3525//3525 3524//3524 1517//1517
f 3526//3526 1517//1517 1516//1516
f 3526//3526 3525//3525 1517//1517
f 3527//3527 1516//1516 1515//1515
f 3527//3527 3526//3526 1516//1516
f 3528//3528 1514//1514 1513//1513
f 3528//3528 1515//1515 1514//1514
f 3528//3528 3527//3527 1515//1515
f 3529//3529 3528//3528 1513//1513
f 3530//3530 1513//1513 1512//1512
f 3530//3530 3529//3529 1513//1513
f 3531//3531 1512//1512 1511//1511
f 3531//3531 3530//3530 1512//1512
f 3532//3532 3531//3531 1511//1511
f 3532//3532 1510//1510 1509//1509
f 3532//3532 1511//1511 1510//1510
f 3533//3533 3532//3532 1509//1509
f 3534//3534 1509//1509 1508//1508
f 3534//3534 3533//3533 1509//1509
f 3535//3535 3534//3534 1508//1508
f 3535//3535 1508//1508 1507//1507
f 3536//3536 3535//3535 1507//1507
f 3536//3536 1506//1506 1505//1505
f 3536//3536 1507//1507 1506//1506
f 3537//3537 3536//3536 1505//1505
f 3537//3537 1505//1505 1504//1504
f 3538//3538 3537//3537 1504//1504
f 3539//3539 3538//3538 1504//1504
f 3539//3539 1504//1504 1503//1503
f 3540//3540 3539//3539 1503//1503
f 3540//3540 1503//1503 1502//1502
f 3541//3541 3540//3540 1502//1502
f 3541//3541 1502//1502 1501//1501
f 3542//3542 1501//1501 1500//1500
f 3542//3542 3541//3541 1501//1501
f 3543//3543 1500//1500 1499//1499
f 3543//3543 3542//3542 1500//1500
f 3544//3544 1499//1499 1498//1498
f 3544//3544 3543//3543 1499//1499
f 3545//3545 1497//1497 1496//1496
f 3545//3545 1498//1498 1497//1497
f 3545//3545 3544//3544 1498//1498
f 3546//3546 1496//1496 1495//1495
f 3546//3546 3545//3545 1496//1496
f 3547//3547 3546//3546 1495//1495
f 3547//3547 1495//1495 1494//1494
f 3548//3548 1494//1494 1493//1493
f 3548//3548 3547//3547 1494//1494
f 3549//3549 3548//3548 1493//1493
f 3550//3550 1493//1493 1492//1492
f 3550//3550 3549//3549 1493//1493
f 3551//3551 1492//1492 1491//1491
f 3551//3551 3550//3550 1492//1492
f 3552//3552 1490//1490 1489//1489
f 3552//3552 1491//1491 1490//1490
f 3552//3552 3551//3551 1491//1491
f 3553//3553 1489//1489 1488//1488
f 3553//3553 3552//3552 1489//1489
f 3554//3554 3553//3553 1488//1488
f 3555//3555 1487//1487 1486//1486
f 3555//3555 1488//1488 1487//1487
f 3555//3555 3554//3554 1488//1488
f 3556//3556 1486//1486 1485//1485
f 3556//3556 3555//3555 1486//1486
f 3557//3557 3556//3556 1485//1485
f 3558//3558 1485//1485 1484//1484
f 3558//3558 3557//3557 1485//1485
f 3559//3559 3558//3558 1484//1484
f 3559//3559 1484//1484 1483//1483
f 3560//3560 3559//3559 1483//1483
f 3560//3560 1482//1482 1481//1481
f 3560//3560 1483//1483 1482//1482
f 3561//3561 3560//3560 1481//1481
f 3561//3561 1481//1481 1480//1480
f 3562//3562 3561//3561 1480//1480
f 3563//3563 1480//1480 1479//1479
f 3563//3563 3562//3562 1480//1480
f 3564//3564 1478//1478 1477//1477
f 3564//3564 1479//1479 1478//1478
f 3564//3564 3563//3563 1479//1479
f 3565//3565 3564//3564 1477//1477
f 3566//3566 1476//1476 1475//1475
f 3566//3566 1477//1477 1476//1476
f 3566//3566 3565//3565 1477//1477
f 3567//3567 3566//3566 1475//1475
f 3568//3568 1475//1475 1474//1474
f 3568//3568 3567//3567 1475//1475
f 3569//3569 1473//1473 1472//1472
f 3569//3569 1474//1474 1473//1473
f 3569//3569 3568//3568 1474//1474
f 3570//3570 1472//1472 1471//1471
f 3570//3570 3569//3569 1472//1472
f 3361//3361 3570//3570 1471//1471
f 3571//3571 1681//1681 1890//1890
f 3572//3572 1890//1890 1889//1889
f 3572//3572 3571//3571 1890//1890
f 3573//3573 1889//1889 1888//1888
f 3573//3573 3572//3572 1889//1889
f 3574//3574 1888//1888 1887//1887
f 3574//3574 3573//3573 1888//1888
f 3575//3575 1887//1887 1886//1886
f 3575//3575 3574//3574 1887//1887
f 3576//3576 1886//1886 1885//1885
f 3576//3576 3575//3575 1886//1886
f 3577//3577 1885//1885 1884//1884
f 3577//3577 3576//3576 1885//1885
f 3578//3578 1884//1884 1883//1883
f 3578//3578 3577//3577 1884//1884
f 3579//3579 1883//1883 1882//1882
f 3579//3579 3578//3578 1883//1883
f 3580//3580 1882//1882 1881//1881
f 3580//3580 3579//3579 1882//1882
f 3581//3581 1881//1881 1880//1880
f 3581//3581 3580//3580 1881//1881
f 3582//3582 1880//1880 1879//1879
f 3582//3582 3581//3581 1880//1880
f 3583//3583 1879//1879 1878//1878
f 3583//3583 3582//3582 1879//1879
f 3584//3584 1878//1878 1877//1877
f 3584//3584 3583//3583 1878//1878
f 3585//3585 1877//1877 1876//1876
f 3585//3585 3584//3584 1877//1877
f 3586//3586 1876//1876 1875//1875
f 3586//3586 3585//3585 1876//1876
f 3587//3587 1875//1875 1874//1874
f 3587//3587 3586//3586 1875//1875
f 3588//3588 1874//1874 1873//1873
f 3588//3588 3587//3587 1874//1874
f 3589//3589 3588//3588 1873//1873
f 3589//3589 1873//1873 1872//1872
f 3590//3590 3589//3589 1872//1872
f 3590//3590 1872//1872 1871//1871
f 3591//3591 3590//3590 1871//1871
f 3591//3591 1871//1871 1870//1870
f 3592//3592 3591//3591 1870//1870
f 3592//3592 1870//1870 1869//1869
f 3593//3593 3592//3592 1869//1869
f 3593//3593 1869//1869 1868//1868
f 3594//3594 3593//3593 1868//1868
f 3594//3594 1868//1868 1867//1867
f 3595//3595 3594//3594 1867//1867
f 3595//3595 1867//1867 1866//1866
f 3596//3596 3595//3595 1866//1866
f 3596//3596 1866//1866 1865//1865
f 3597//3597 3596//3596 1865//1865
f 3597//3597 1865//1865 1864//1864
f 3598//3598 3597//3597 1864//1864
f 3598//3598 1864//1864 1863//1863
f 3599//3599 3598//3598 1863//1863
f 3599//3599 1863//1863 1862//1862
f 3600//3600 3599//3599 1862//1862
f 3600//3600 1862//1862 1861//1861
f 3601//3601 3600//3600 1861//1861
f 3601//3601 1861//1861 1860//1860
f 3602//3602 3601//3601 1860//1860
f 3602//3602 1860//1860 1859//1859
f 3603//3603 3602//3602 1859//1859
f 3603//3603 1859//1859 1858//1858
f 3604//3604 3603//3603 1858//1858
f 3604//3604 1858//1858 1857//1857
f 3605//3605 3604//3604 1857//1857
f 3605//3605 1857//1857 1856//1856
f 3606//3606 3605//3605 1856//1856
f 3606//3606 1856//1856 1855//1855
f 3607//3607 3606//3606 1855//1855
f 3607//3607 1855//1855 1854//1854
f 3608//3608 3607//3607 1854//1854
f 3609//3609 3608//3608 1854//1854
f 3609//3609 1853//1853 1852//1852
f 3609//3609 1854//1854 1853//1853
f 3610//3610 3609//3609 1852//1852
f 3611//3611 1851//1851 1850//1850
f 3611//3611 1852//1852 1851//1851
f 3611//3611 3610//3610 1852//1852
f 3612//3612 1850//1850 1849//1849
f 3612//3612 3611//3611 1850//1850
f 3613//3613 1849//1849 1848//1848
f 3613//3613 3612//3612 1849//1849
f 3614//3614 1848//1848 1847//1847
f 3614//3614 3613//3613 1848//1848
f 3615//3615 1847//1847 1846//1846
f 3615//3615 3614//3614 1847//1847
f 3616//3616 1846//1846 1845//1845
f 3616//3616 3615//3615 1846//1846
f 3617//3617 3616//3616 1845//1845
f 3617//3617 1845//1845 1844//1844
f 3618//3618 3617//3617 1844//1844
f 3619//3619 3618//3618 1844//1844
f 3619//3619 1843//1843 1842//1842
f 3619//3619 1844//1844 1843//1843
f 3620//3620 3619//3619 1842//1842
f 3621//3621 3620//3620 1842//1842
f 3621//3621 1842//1842 1841//1841
f 3622//3622 3621//3621 1841//1841
f 3622//3622 1841//1841 1840//1840
f 3623//3623 3622//3622 1840//1840
f 3623//3623 1840//1840 1839//1839
f 3624//3624 3623//3623 1839//1839
f 3624//3624 1838//1838 1837//1837
f 3624//3624 1839//1839 1838//1838
f 3625//3625 3624//3624 1837//1837
f 3626//3626 3625//3625 1837//1837
f 3626//3626 1837//1837 1836//1836
f 3627//3627 3626//3626 1836//1836
f 3627//3627 1836//1836 1835//1835
f 3628//3628 3627//3627 1835//1835
f 3628//3628 1835//1835 1834//1834
f 3629//3629 3628//3628 1834//1834
f 3629//3629 1834//1834 1833//1833
f 3630//3630 1832//1832 1831//1831
f 3630//3630 1833//1833 1832//1832
f 3630//3630 3629//3629 1833//1833
f 3631//3631 3630//3630 1831//1831
f 3632//3632 1830//1830 1829//1829
f 3632//3632 1831//1831 1830//1830
f 3632//3632 3631//3631 1831//1831
f 3633//3633 3632//3632 1829//1829
f 3634//3634 1829//1829 1828//1828
f 3634//3634 3633//3633 1829//1829
f 3635//3635 1828//1828 1827//1827
f 3635//3635 3634//3634 1828//1828
f 3636//3636 1827//1827 1826//1826
f 3636//3636 3635//3635 1827//1827
f 3637//3637 1825//1825 1824//1824
f 3637//3637 1826//1826 1825//1825
f 3637//3637 3636//3636 1826//1826
f 3638//3638 3637//3637 1824//1824
f 3639//3639 1824//1824 1823//1823
f 3639//3639 3638//3638 1824//1824
f 3640//3640 1823//1823 1822//1822
f 3640//3640 3639//3639 1823//1823
f 3641//3641 3640//3640 1822//1822
f 3641//3641 1822//1822 1821//1821
f 3642//3642 3641//3641 1821//1821
f 3642//3642 1820//1820 1819//1819
f 3642//3642 1821//1821 1820//1820
f 3643//3643 3642//3642 1819//1819
f 3644//3644 3643//3643 1819//1819
f 3644//3644 1819//1819 1818//1818
f 3645//3645 3644//3644 1818//1818
f 3645//3645 1818//1818 1817//1817
f 3646//3646 3645//3645 1817//1817
f 3646//3646 1817//1817 1816//1816
f 3647//3647 3646//3646 1816//1816
f 3647//3647 1816//1816 1815//1815
f 3648//3648 3647//3647 1815//1815
f 3648//3648 1815//1815 1814//1814
f 3649//3649 3648//3648 1814//1814
f 3649//3649 1814//1814 1813//1813
f 3650//3650 3649//3649 1813//1813
f 3650//3650 1813//1813 1812//1812
f 3651//3651 1812//1812 1811//1811
f 3651//3651 3650//3650 1812//1812
f 3652//3652 3651//3651 1811//1811
f 3652//3652 1811//1811 1810//1810
f 3653//3653 1810//1810 1809//1809
f 3653//3653 3652//3652 1810//1810
f 3654//3654 1809//1809 1808//1808
f 3654//3654 3653//3653 1809//1809
f 3655//3655 1808//1808 1807//1807
f 3655//3655 3654//3654 1808//1808
f 3656//3656 1807//1807 1806//1806
f 3656//3656 3655//3655 1807//1807
f 3657//3657 1806//1806 1805//1805
f 3657//3657 3656//3656 1806//1806
f 3658//3658 1805//1805 1804//1804
f 3658//3658 3657//3657 1805//1805
f 3659//3659 1804//1804 1803//1803
f 3659//3659 3658//3658 1804//1804
f 3660//3660 1803//1803 1802//1802
f 3660//3660 3659//3659 1803//1803
f 3661//3661 1802//1802 1801//1801
f 3661//3661 3660//3660 1802//1802
f 3662//3662 1801//1801 1800//1800
f 3662//3662 3661//3661 1801//1801
f 3663//3663 1800//1800 1799//1799
f 3663//3663 3662//3662 1800//1800
f 3664//3664 1799//1799 1798//1798
f 3664//3664 3663//3663 1799//1799
f 3665//3665 1798//1798 1797//1797
f 3665//3665 3664//3664 1798//1798
f 3666//3666 1797//1797 1796//1796
f 3666//3666 3665//3665 1797//1797
f 3667//3667 3666//3666 1796//1796
f 3667//3667 1796//1796 1795//1795
f 3668//3668 3667//3667 1795//1795
f 3668//3668 1795//1795 1794//1794
f 3669//3669 3668//3668 1794//1794
f 3669//3669 1794//1794 1793//1793
f 3670//3670 3669//3669 1793//1793
f 3670//3670 1793//1793 1792//1792
f 3671//3671 1792//1792 1791//1791
f 3671//3671 3670//3670 1792//1792
f 3672//3672 1790//1790 1789//1789
f 3672//3672 1791//1791 1790//1790
f 3672//3672 3671//3671 1791//1791
f 3673//3673 3672//3672 1789//1789
f 3674//3674 1789//1789 1788//1788
f 3674//3674 3673//3673 1789//1789
f 3675//3675 1788//1788 1787//1787
f 3675//3675 3674//3674 1788//1788
f 3676//3676 1787//1787 1786//1786
f 3676//3676 3675//3675 1787//1787
f 3677//3677 1786//1786 1785//1785
f 3677//3677 3676//3676 1786//1786
f 3678//3678 1785//1785 1784//1784
f 3678//3678 3677//3677 1785//1785
f 3679//3679 1784//1784 1783//1783
f 3679//3679 3678//3678 1784//1784
f 3680//3680 1783//1783 1782//1782
f 3680//3680 3679//3679 1783//1783
f 3681//3681 1782//1782 1781//1781
f 3681//3681 3680//3680 1782//1782
f 3682//3682 1781//1781 1780//1780
f 3682//3682 3681//3681 1781//1781
f 3683//3683 1780//1780 1779//1779
f 3683//3683 3682//3682 1780//1780
f 3684//3684 1779//1779 1778//1778
f 3684//3684 3683//3683 1779//1779
f 3685//3685 1778//1778 1777//1777
f 3685//3685 3684//3684 1778//1778
f 3686//3686 1777//1777 1776//1776
f 3686//3686 3685//3685 1777//1777
f 3687//3687 1776//1776 1775//1775
f 3687//3687 3686//3686 1776//1776
f 3688//3688 1775//1775 1774//1774
f 3688//3688 3687//3687 1775//1775
f 3689//3689 1773//1773 1772//1772
f 3689//3689 1774//1774 1773//1773
f 3689//3689 3688//3688 1774//1774
f 3690//3690 3689//3689 1772//1772
f 3691//3691 1772//1772 1771//1771
f 3691//3691 3690//3690 1772//1772
f 3692//3692 3691//3691 1771//1771
f 3692//3692 1771//1771 1770//1770
f 3693//3693 3692//3692 1770//1770
f 3693//3693 1769//1769 1768//1768
f 3693//3693 1770//1770 1769//1769
f 3694//3694 3693//3693 1768//1768
f 3695//3695 3694//3694 1768//1768
f 3695//3695 1768//1768 1767//1767
f 3696//3696 3695//3695 1767//1767
f 3696//3696 1767//1767 1766//1766
f 3697//3697 3696//3696 1766//1766
f 3697//3697 1766//1766 1765//1765
f 3698//3698 3697//3697 1765//1765
f 3698//3698 1765//1765 1764//1764
f 3699//3699 3698//3698 1764//1764
f 3699//3699 1764//1764 1763//1763
f 3700//3700 3699//3699 1763//1763
f 3700//3700 1763//1763 1762//1762
f 3701//3701 3700//3700 1762//1762
f 3701//3701 1761//1761 1760//1760
f 3701//3701 1762//1762 1761//1761
f 3702//3702 3701//3701 1760//1760
f 3703//3703 3702//3702 1760//1760
f 3703//3703 1760//1760 1759//1759
f 3704//3704 3703//3703 1759//1759
f 3704//3704 1759//1759 1758//1758
f 3705//3705 3704//3704 1758//1758
f 3705//3705 1758//1758 1757//1757
f 3706//3706 3705//3705 1757//1757
f 3706//3706 1757//1757 1756//1756
f 3707//3707 3706//3706 1756//1756
f 3707//3707 1756//1756 1755//1755
f 3708//3708 3707//3707 1755//1755
f 3708//3708 1754//1754 1753//1753
f 3708//3708 1755//1755 1754//1754
f 3709//3709 3708//3708 1753//1753
f 3710//3710 3709//3709 1753//1753
f 3710//3710 1753//1753 1752//1752
f 3711//3711 1752//1752 1751//1751
f 3711//3711 3710//3710 1752//1752
f 3712//3712 1751//1751 1750//1750
f 3712//3712 3711//3711 1751//1751
f 3713//3713 3712//3712 1750//1750
f 3713//3713 1750//1750 1749//1749
f 3714//3714 1748//1748 1747//1747
f 3714//3714 1749//1749 1748//1748
f 3714//3714 3713//3713 1749//1749
f 3715//3715 1747//1747 1746//1746
f 3715//3715 3714//3714 1747//1747
f 3716//3716 3715//3715 1746//1746
f 3717//3717 3716//3716 1746//1746
f 3717//3717 1746//1746 1745//1745
f 3718//3718 3717//3717 1745//1745
f 3718//3718 1744//1744 1743//1743
f 3718//3718 1745//1745 1744//1744
f 3719//3719 3718//3718 1743//1743
f 3720//3720 3719//3719 1743//1743
f 3720//3720 1742//1742 1741//1741
f 3720//3720 1743//1743 1742//1742
f 3721//3721 3720//3720 1741//1741
f 3722//3722 3721//3721 1741//1741
f 3722//3722 1741//1741 1740//1740
f 3723//3723 3722//3722 1740//1740
f 3723//3723 1740//1740 1739//1739
f 3724//3724 3723//3723 1739//1739
f 3724//3724 1738//1738 1737//1737
f 3724//3724 1739//1739 1738//1738
f 3725//3725 3724//3724 1737//1737
f 3726//3726 3725//3725 1737//1737
f 3726//3726 1737//1737 1736//1736
f 3727//3727 3726//3726 1736//1736
f 3727//3727 1735//1735 1734//1734
f 3727//3727 1736//1736 1735//1735
f 3728//3728 3727//3727 1734//1734
f 3729//3729 3728//3728 1734//1734
f 3729//3729 1734//1734 1733//1733
f 3730//3730 3729//3729 1733//1733
f 3730//3730 1733//1733 1732//1732
f 3731//3731 1732//1732 1731//1731
f 3731//3731 3730//3730 1732//1732
f 3732//3732 1730//1730 1729//1729
f 3732//3732 1731//1731 1730//1730
f 3732//3732 3731//3731 1731//1731
f 3733//3733 3732//3732 1729//1729
f 3734//3734 1728//1728 1727//1727
f 3734//3734 1729//1729 1728//1728
f 3734//3734 3733//3733 1729//1729
f 3735//3735 3734//3734 1727//1727
f 3736//3736 1727//1727 1726//1726
f 3736//3736 3735//3735 1727//1727
f 3737//3737 1726//1726 1725//1725
f 3737//3737 3736//3736 1726//1726
f 3738//3738 1724//1724 1723//1723
f 3738//3738 1725//1725 1724//1724
f 3738//3738 3737//3737 1725//1725
f 3739//3739 3738//3738 1723//1723
f 3740//3740 1723//1723 1722//1722
f 3740//3740 3739//3739 1723//1723
f 3741//3741 1722//1722 1721//1721
f 3741//3741 3740//3740 1722//1722
f 3742//3742 3741//3741 1721//1721
f 3742//3742 1720//1720 1719//1719
f 3742//3742 1721//1721 1720//1720
f 3743//3743 3742//3742 1719//1719
f 3744//3744 1719//1719 1718//1718
f 3744//3744 3743//3743 1719//1719
f 3745//3745 3744//3744 1718//1718
f 3745//3745 1718//1718 1717//1717
f 3746//3746 3745//3745 1717//1717
f 3746//3746 1716//1716 1715//1715
f 3746//3746 1717//1717 1716//1716
f 3747//3747 3746//3746 1715//1715
f 3747//3747 1715//1715 1714//1714
f 3748//3748 3747//3747 1714//1714
f 3749//3749 3748//3748 1714//1714
f 3749//3749 1714//1714 1713//1713
f 3750//3750 3749//3749 1713//1713
f 3750//3750 1713//1713 1712//1712
f 3751//3751 3750//3750 1712//1712
f 3751//3751 1712//1712 1711//1711
f 3752//3752 1711//1711 1710//1710
f 3752//3752 3751//3751 1711//1711
f 3753//3753 1710//1710 1709//1709
f 3753//3753 3752//3752 1710//1710
f 3754//3754 1709//1709 1708//1708
f 3754//3754 3753//3753 1709//1709
f 3755//3755 1707//1707 1706//1706
f 3755//3755 1708//1708 1707//1707
f 3755//3755 3754//3754 1708//1708
f 3756//3756 1706//1706 1705//1705
f 3756//3756 3755//3755 1706//1706
f 3757//3757 3756//3756 1705//1705
f 3757//3757 1705//1705 1704//1704
f 3758//3758 1704//1704 1703//1703
f 3758//3758 3757//3757 1704//1704
f 3759//3759 3758//3758 1703//1703
f 3760//3760 1703//1703 1702//1702
f 3760//3760 3759//3759 1703//1703
f 3761//3761 1702//1702 1701//1701
f 3761//3761 3760//3760 1702//1702
f 3762//3762 1700//1700 1699//1699
f 3762//3762 1701//1701 1700//1700
f 3762//3762 3761//3761 1701//1701
f 3763//3763 1699//1699 1698//1698
f 3763//3763 3762//3762 1699//1699
f 3764//3764 3763//3763 1698//1698
f 3765//3765 1697//1697 1696//1696
f 3765//3765 1698//1698 1697//1697
f 3765//3765 3764//3764 1698//1698
f 3766//3766 1696//1696 1695//1695
f 3766//3766 3765//3765 1696//1696
f 3767//3767 3766//3766 1695//1695
f 3768//3768 1695//1695 1694//1694
f 3768//3768 3767//3767 1695//1695
f 3769//3769 3768//3768 1694//1694
f 3769//3769 1694//1694 1693//1693
f 3770//3770 3769//3769 1693//1693
f 3770//3770 1692//1692 1691//1691
f 3770//3770 1693//1693 1692//1692
f 3771//3771 3770//3770 1691//1691
f 3771//3771 1691//1691 1690//1690
f 3772//3772 3771//3771 1690//1690
f 3773//3773 1690//1690 1689//1689
f 3773//3773 3772//3772 1690//1690
f 3774//3774 1688//1688 1687//1687
f 3774//3774 1689//1689 1688//1688
f 3774//3774 3773//3773 1689//1689
f 3775//3775 3774//3774 1687//1687
f 3776//3776 1686//1686 1685//1685
f 3776//3776 1687//1687 1686//1686
f 3776//3776 3775//3775 1687//1687
f 3777//3777 3776//3776 1685//1685
f 3778//3778 1685//1685 1684//1684
f 3778//3778 3777//3777 1685//1685
f 3779//3779 1683//1683 1682//1682
f 3779//3779 1684//1684 1683//1683
f 3779//3779 3778//3778 1684//1684
f 3780//3780 1682//1682 1681//1681
f 3780//3780 3779//3779 1682//1682
f 3571//3571 3780//3780 1681//1681
f 3781//3781 1891//1891 2100//2100
f 3782//3782 2100//2100 2099//2099
f 3782//3782 3781//3781 2100//2100
f 3783//3783 2099//2099 2098//2098
f 3783//3783 3782//3782 2099//2099
f 3784//3784 2098//2098 2097//2097
f 3784//3784 3783//3783 2098//2098
f 3785//3785 2097//2097 2096//2096
f 3785//3785 3784//3784 2097//2097
f 3786//3786 2096//2096 2095//2095
f 3786//3786 3785//3785 2096//2096
f 3787//3787 2095//2095 2094//2094
f 3787//3787 3786//3786 2095//2095
f 3788//3788 2094//2094 2093//2093
f 3788//3788 3787//3787 2094//2094
f 3789//3789 2093//2093 2092//2092
f 3789//3789 3788//3788 2093//2093
f 3790//3790 2092//2092 2091//2091
f 3790//3790 3789//3789 2092//2092
f 3791//3791 2091//2091 2090//2090
f 3791//3791 3790//3790 2091//2091
f 3792//3792 2090//2090 2089//2089
f 3792//3792 3791//3791 2090//2090
f 3793//3793 2089//2089 2088//2088
f 3793//3793 3792//3792 2089//2089
f 3794//3794 2088//2088 2087//2087
f 3794//3794 3793//3793 2088//2088
f 3795//3795 2087//2087 2086//2086
f 3795//3795 3794//3794 2087//2087
f 3796//3796 2086//2086 2085//2085
f 3796//3796 3795//3795 2086//2086
f 3797//3797 2085//2085 2084//2084
f 3797//3797 3796//3796 2085//2085
f 3798//3798 2084//2084 2083//2083
f 3798//3798 3797//3797 2084//2084
f 3799//3799 3798//3798 2083//2083
f 3799//3799 2083//2083 2082//2082
f 3800//3800 3799//3799 2082//2082
f 3800//3800 2082//2082 2081//2081
f 3801//3801 3800//3800 2081//2081
f 3801//3801 2081//2081 2080//2080
f 3802//3802 3801//3801 2080//2080
f 3802//3802 2080//2080 2079//2079
f 3803//3803 3802//3802 2079//2079
f 3803//3803 2079//2079 2078//2078
f 3804//3804 3803//3803 2078//2078
f 3804//3804 2078//2078 2077//2077
f 3805//3805 3804//3804 2077//2077
f 3805//3805 2077//2077 2076//2076
f 3806//3806 3805//3805 2076//2076
f 3806//3806 2076//2076 2075//2075
f 3807//3807 3806//3806 2075//2075
f 3807//3807 2075//2075 2074//2074
f 3808//3808 3807//3807 2074//2074
f 3808//3808 2074//2074 2073//2073
f 3809//3809 3808//3808 2073//2073
f 3809//3809 2073//2073 2072//2072
f 3810//3810 3809//3809 2072//2072
f 3810//3810 2072//2072 2071//2071
f 3811//3811 3810//3810 2071//2071
f 3811//3811 2071//2071 2070//2070
f 3812//3812 3811//3811 2070//2070
f 3812//3812 2070//2070 2069//2069
f 3813//3813 3812//3812 2069//2069
f 3813//3813 2069//2069 2068//2068
f 3814//3814 3813//3813 2068//2068
f 3814//3814 2068//2068 2067//2067
f 3815//3815 3814//3814 2067//2067
f 3815//3815 2067//2067 2066//2066
f 3816//3816 3815//3815 2066//2066
f 3816//3816 2066//2066 2065//2065
f 3817//3817 3816//3816 2065//2065
f 3817//3817 2065//2065 2064//2064
f 3818//3818 3817//3817 2064//2064
f 3819//3819 3818//3818 2064//2064
f 3819//3819 2063//2063 2062//2062
f 3819//3819 2064//2064 2063//2063
f 3820//3820 3819//3819 2062//2062
f 3821//3821 2061//2061 2060//2060
f 3821//3821 2062//2062 2061//2061
f 3821//3821 3820//3820 2062//2062
f 3822//3822 2060//2060 2059//2059
f 3822//3822 3821//3821 2060//2060
f 3823//3823 2059//2059 2058//2058
f 3823//3823 3822//3822 2059//2059
f 3824//3824 2058//2058 2057//2057
f 3824//3824 3823//3823 2058//2058
f 3825//3825 2057//2057 2056//2056
f 3825//3825 3824//3824 2057//2057
f 3826//3826 2056//2056 2055//2055
f 3826//3826 3825//3825 2056//2056
f 3827//3827 3826//3826 2055//2055
f 3827//3827 2055//2055 2054//2054
f 3828//3828 3827//3827 2054//2054
f 3829//3829 3828//3828 2054//2054
f 3829//3829 2053//2053 2052//2052
f 3829//3829 2054//2054 2053//2053
f 3830//3830 3829//3829 2052//2052
f 3831//3831 3830//3830 2052//2052
f 3831//3831 2052//2052 2051//2051
f 3832//3832 3831//3831 2051//2051
f 3832//3832 2051//2051 2050//2050
f 3833//3833 3832//3832 2050//2050
f 3833//3833 2050//2050 2049//2049
f 3834//3834 3833//3833 2049//2049
f 3834//3834 2048//2048 2047//2047
f 3834//3834 2049//2049 2048//2048
f 3835//3835 3834//3834 2047//2047
f 3836//3836 3835//3835 2047//2047
f 3836//3836 2047//2047 2046//2046
f 3837//3837 3836//3836 2046//2046
f 3837//3837 2046//2046 2045//2045
f 3838//3838 3837//3837 2045//2045
f 3838//3838 2045//2045 2044//2044
f 3839//3839 3838//3838 2044//2044
f 3839//3839 2044//2044 2043//2043
f 3840//3840 2042//2042 2041//2041
f 3840//3840 2043//2043 2042//2042
f 3840//3840 3839//3839 2043//2043
f 3841//3841 3840//3840 2041//2041
f 3842//3842 2040//2040 2039//2039
f 3842//3842 2041//2041 2040//2040
f 3842//3842 3841//3841 2041//2041
f 3843//3843 3842//3842 2039//2039
f 3844//3844 2039//2039 2038//2038
f 3844//3844 3843//3843 2039//2039
f 3845//3845 2038//2038 2037//2037
f 3845//3845 3844//3844 2038//2038
f 3846//3846 2037//2037 2036//2036
f 3846//3846 3845//3845 2037//2037
f 3847//3847 2035//2035 2034//2034
f 3847//3847 2036//2036 2035//2035
f 3847//3847 3846//3846 2036//2036
f 3848//3848 3847//3847 2034//2034
f 3849//3849 2034//2034 2033//2033
f 3849//3849 3848//3848 2034//2034
f 3850//3850 2033//2033 2032//2032
f 3850//3850 3849//3849 2033//2033
f 3851//3851 3850//3850 2032//2032
f 3851//3851 2032//2032 2031//2031
f 3852//3852 3851//3851 2031//2031
f 3852//3852 2030//2030 2029//2029
f 3852//3852 2031//2031 2030//2030
f 3853//3853 3852//3852 2029//2029
f 3854//3854 3853//3853 2029//2029
f 3854//3854 2029//2029 2028//2028
f 3855//3855 3854//3854 2028//2028
f 3855//3855 2028//2028 2027//2027
f 3856//3856 3855//3855 2027//2027
f 3856//3856 2027//2027 2026//2026
f 3857//3857 3856//3856 2026//2026
f 3857//3857 2026//2026 2025//2025
f 3858//3858 3857//3857 2025//2025
f 3858//3858 2025//2025 2024//2024
f 3859//3859 3858//3858 2024//2024
f 3859//3859 2024//2024 2023//2023
f 3860//3860 3859//3859 2023//2023
f 3860//3860 2023//2023 2022//2022
f 3861//3861 2022//2022 2021//2021
f 3861//3861 3860//3860 2022//2022
f 3862//3862 3861//3861 2021//2021
f 3862//3862 2021//2021 2020//2020
f 3863//3863 2020//2020 2019//2019
f 3863//3863 3862//3862 2020//2020
f 3864//3864 2019//2019 2018//2018
f 3864//3864 3863//3863 2019//2019
f 3865//3865 2018//2018 2017//2017
f 3865//3865 3864//3864 2018//2018
f 3866//3866 2017//2017 2016//2016
f 3866//3866 3865//3865 2017//2017
f 3867//3867 2016//2016 2015//2015
f 3867//3867 3866//3866 2016//2016
f 3868//3868 2015//2015 2014//2014
f 3868//3868 3867//3867 2015//2015
f 3869//3869 2014//2014 2013//2013
f 3869//3869 3868//3868 2014//2014
f 3870//3870 2013//2013 2012//2012
f 3870//3870 3869//3869 2013//2013
f 3871//3871 2012//2012 2011//2011
f 3871//3871 3870//3870 2012//2012
f 3872//3872 2011//2011 2010//2010
f 3872//3872 3871//3871 2011//2011
f 3873//3873 2010//2010 2009//2009
f 3873//3873 3872//3872 2010//2010
f 3874//3874 2009//2009 2008//2008
f 3874//3874 3873//3873 2009//2009
f 3875//3875 2008//2008 2007//2007
f 3875//3875 3874//3874 2008//2008
f 3876//3876 2007//2007 2006//2006
f 3876//3876 3875//3875 2007//2007
f 3877//3877 3876//3876 2006//2006
f 3877//3877 2006//2006 2005//2005
f 3878//3878 3877//3877 2005//2005
f 3878//3878 2005//2005 2004//2004
f 3879//3879 3878//3878 2004//2004
f 3879//3879 2004//2004 2003//2003
f 3880//3880 3879//3879 2003//2003
f 3880//3880 2003//2003 2002//2002
f 3881//3881 2002//2002 2001//2001
f 3881//3881 3880//3880 2002//2002
f 3882//3882 2000//2000 1999//1999
f 3882//3882 2001//2001 2000//2000
f 3882//3882 3881//3881 2001//2001
f 3883//3883 3882//3882 1999//1999
f 3884//3884 1999//1999 1998//1998
f 3884//3884 3883//3883 1999//1999
f 3885//3885 1998//1998 1997//1997
f 3885//3885 3884//3884 1998//1998
f 3886//3886 1997//1997 1996//1996
f 3886//3886 3885//3885 1997//1997
f 3887//3887 1996//1996 1995//1995
f 3887//3887 3886//3886 1996//1996
f 3888//3888 1995//1995 1994//1994
f 3888//3888 3887//3887 1995//1995
f 3889//3889 1994//1994 1993//1993
f 3889//3889 3888//3888 1994//1994
f 3890//3890 1993//1993 1992//1992
f 3890//3890 3889//3889 1993//1993
f 3891//3891 1992//1992 1991//1991
f 3891//3891 3890//3890 1992//1992
f 3892//3892 1991//1991 1990//1990
f 3892//3892 3891//3891 1991//1991
f 3893//3893 1990//1990 1989//1989
f 3893//3893 3892//3892 1990//1990
f 3894//3894 1989//1989 1988//1988
f 3894//3894 3893//3893 1989//1989
f 3895//3895 1988//1988 1987//1987
f 3895//3895 3894//3894 1988//1988
f 3896//3896 1987//1987 1986//1986
f 3896//3896 3895//3895 1987//1987
f 3897//3897 1986//1986 1985//1985
f 3897//3897 3896//3896 1986//1986
f 3898//3898 1985//1985 1984//1984
f 3898//3898 3897//3897 1985//1985
f 3899//3899 1983//1983 1982//1982
f 3899//3899 1984//1984 1983//1983
f 3899//3899 3898//3898 1984//1984
f 3900//3900 3899//3899 1982//1982
f 3901//3901 1982//1982 1981//1981
f 3901//3901 3900//3900 1982//1982
f 3902//3902 3901//3901 1981//1981
f 3902//3902 1981//1981 1980//1980
f 3903//3903 3902//3902 1980//1980
f 3903//3903 1979//1979 1978//1978
f 3903//3903 1980//1980 1979//1979
f 3904//3904 3903//3903 1978//1978
f 3905//3905 3904//3904 1978//1978
f 3905//3905 1978//1978 1977//1977
f 3906//3906 3905//3905 1977//1977
f 3906//3906 1977//1977 1976//1976
f 3907//3907 3906//3906 1976//1976
f 3907//3907 1976//1976 1975//1975
f 3908//3908 3907//3907 1975//1975
f 3908//3908 1975//1975 1974//1974
f 3909//3909 3908//3908 1974//1974
f 3909//3909 1974//1974 1973//1973
f 3910//3910 3909//3909 1973//1973
f 3910//3910 1973//1973 1972//1972
f 3911//3911 3910//3910 1972//1972
f 3911//3911 1971//1971 1970//1970
f 3911//3911 1972//1972 1971//1971
f 3912//3912 3911//3911 1970//1970
f 3913//3913 3912//3912 1970//1970
f 3913//3913 1970//1970 1969//1969
f 3914//3914 3913//3913 1969//1969
f 3914//3914 1969//1969 1968//1968
f 3915//3915 3914//3914 1968//1968
f 3915//3915 1968//1968 1967//1967
f 3916//3916 3915//3915 1967//1967
f 3916//3916 1967//1967 1966//1966
f 3917//3917 3916//3916 1966//1966
f 3917//3917 1966//1966 1965//1965
f 3918//3918 3917//3917 1965//1965
f 3918//3918 1964//1964 1963//1963
f 3918//3918 1965//1965 1964//1964
f 3919//3919 3918//3918 1963//1963
f 3920//3920 3919//3919 1963//1963
f 3920//3920 1963//1963 1962//1962
f 3921//3921 1962//1962 1961//1961
f 3921//3921 3920//3920 1962//1962
f 3922//3922 1961//1961 1960//1960
f 3922//3922 3921//3921 1961//1961
f 3923//3923 3922//3922 1960//1960
f 3923//3923 1960//1960 1959//1959
f 3924//3924 1958//1958 1957//1957
f 3924//3924 1959//1959 1958//1958
f 3924//3924 3923//3923 1959//1959
f 3925//3925 1957//1957 1956//1956
f 3925//3925 3924//3924 1957//1957
f 3926//3926 3925//3925 1956//1956
f 3927//3927 3926//3926 1956//1956
f 3927//3927 1956//1956 1955//1955
f 3928//3928 3927//3927 1955//1955
f 3928//3928 1954//1954 1953//1953
f 3928//3928 1955//1955 1954//1954
f 3929//3929 3928//3928 1953//1953
f 3930//3930 3929//3929 1953//1953
f 3930//3930 1952//1952 1951//1951
f 3930//3930 1953//1953 1952//1952
f 3931//3931 3930//3930 1951//1951
f 3932//3932 3931//3931 1951//1951
f 3932//3932 1951//1951 1950//1950
f 3933//3933 3932//3932 1950//1950
f 3933//3933 1950//1950 1949//1949
f 3934//3934 3933//3933 1949//1949
f 3934//3934 1948//1948 1947//1947
f 3934//3934 1949//1949 1948//1948
f 3935//3935 3934//3934 1947//1947
f 3936//3936 3935//3935 1947//1947
f 3936//3936 1947//1947 1946//1946
f 3937//3937 3936//3936 1946//1946
f 3937//3937 1945//1945 1944//1944
f 3937//3937 1946//1946 1945//1945
f 3938//3938 3937//3937 1944//1944
f 3939//3939 3938//3938 1944//1944
f 3939//3939 1944//1944 1943//1943
f 3940//3940 3939//3939 1943//1943
f 3940//3940 1943//1943 1942//1942
f 3941//3941 1942//1942 1941//1941
f 3941//3941 3940//3940 1942//1942
f 3942//3942 1940//1940 1939//1939
f 3942//3942 1941//1941 1940//1940
f 3942//3942 3941//3941 1941//1941
f 3943//3943 3942//3942 1939//1939
f 3944//3944 1938//1938 1937//1937
f 3944//3944 1939//1939 1938//1938
f 3944//3944 3943//3943 1939//1939
f 3945//3945 3944//3944 1937//1937
f 3946//3946 1937//1937 1936//1936
f 3946//3946 3945//3945 1937//1937
f 3947//3947 1936//1936 1935//1935
f 3947//3947 3946//3946 1936//1936
f 3948//3948 1934//1934 1933//1933
f 3948//3948 1935//1935 1934//1934
f 3948//3948 3947//3947 1935//1935
f 3949//3949 3948//3948 1933//1933
f 3950//3950 1933//1933 1932//1932
f 3950//3950 3949//3949 1933//1933
f 3951//3951 1932//1932 1931//1931
f 3951//3951 3950//3950 1932//1932
f 3952//3952 3951//3951 1931//1931
f 3952//3952 1930//1930 1929//1929
f 3952//3952 1931//1931 1930//1930
f 3953//3953 3952//3952 1929//1929
f 3954//3954 1929//1929 1928//1928
f 3954//3954 3953//3953 1929//1929
f 3955//3955 3954//3954 1928//1928
f 3955//3955 1928//1928 1927//1927
f 3956//3956 3955//3955 1927//1927
f 3956//3956 1926//1926 1925//1925
f 3956//3956 1927//1927 1926//1926
f 3957//3957 3956//3956 1925//1925
f 3957//3957 1925//1925 1924//1924
f 3958//3958 3957//3957 1924//1924
f 3959//3959 3958//3958 1924//1924
f 3959//3959 1924//1924 1923//1923
f 3960//3960 3959//3959 1923//1923
f 3960//3960 1923//1923 1922//1922
f 3961//3961 3960//3960 1922//1922
f 3961//3961 1922//1922 1921//1921
f 3962//3962 1921//1921 1920//1920
f 3962//3962 3961//3961 1921//1921
f 3963//3963 1920//1920 1919//1919
f 3963//3963 3962//3962 1920//1920
f 3964//3964 1919//1919 1918//1918
f 3964//3964 3963//3963 1919//1919
f 3965//3965 1917//1917 1916//1916
f 3965//3965 1918//1918 1917//1917
f 3965//3965 3964//3964 1918//1918
f 3966//3966 1916//1916 1915//1915
f 3966//3966 3965//3965 1916//1916
f 3967//3967 3966//3966 1915//1915
f 3967//3967 1915//1915 1914//1914
f 3968//3968 1914//1914 1913//1913
f 3968//3968 3967//3967 1914//1914
f 3969//3969 3968//3968 1913//1913
f 3970//3970 1913//1913 1912//1912
f 3970//3970 3969//3969 1913//1913
f 3971//3971 1912//1912 1911//1911
f 3971//3971 3970//3970 1912//1912
f 3972//3972 1910//1910 1909//1909
f 3972//3972 1911//1911 1910//1910
f 3972//3972 3971//3971 1911//1911
f 3973//3973 1909//1909 1908//1908
f 3973//3973 3972//3972 1909//1909
f 3974//3974 3973//3973 1908//1908
f 3975//3975 1907//1907 1906//1906
f 3975//3975 1908//1908 1907//1907
f 3975//3975 3974//3974 1908//1908
f 3976//3976 1906//1906 1905//1905
f 3976//3976 3975//3975 1906//1906
f 3977//3977 3976//3976 1905//1905
f 3978//3978 1905//1905 1904//1904
f 3978//3978 3977//3977 1905//1905
f 3979//3979 3978//3978 1904//1904
f 3979//3979 1904//1904 1903//1903
f 3980//3980 3979//3979 1903//1903
f 3980//3980 1902//1902 1901//1901
f 3980//3980 1903//1903 1902//1902
f 3981//3981 3980//3980 1901//1901
f 3981//3981 1901//1901 1900//1900
f 3982//3982 3981//3981 1900//1900
f 3983//3983 1900//1900 1899//1899
f 3983//3983 3982//3982 1900//1900
f 3984//3984 1898//1898 1897//1897
f 3984//3984 1899//1899 1898//1898
f 3984//3984 3983//3983 1899//1899
f 3985//3985 3984//3984 1897//1897
f 3986//3986 1896//1896 1895//1895
f 3986//3986 1897//1897 1896//1896
f 3986//3986 3985//3985 1897//1897
f 3987//3987 3986//3986 1895//1895
f 3988//3988 1895//1895 1894//1894
f 3988//3988 3987//3987 1895//1895
f 3989//3989 1893//1893 1892//1892
f 3989//3989 1894//1894 1893//1893
f 3989//3989 3988//3988 1894//1894
f 3990//3990 1892//1892 1891//1891
f 3990//3990 3989//3989 1892//1892
f 3781//3781 3990//3990 1891//1891
f 3991//3991 2311//2311 2520//2520
f 3992//3992 2520//2520 2519//2519
f 3992//3992 3991//3991 2520//2520
f 3993//3993 2519//2519 2518//2518
f 3993//3993 3992//3992 2519//2519
f 3994//3994 2518//2518 2517//2517
f 3994//3994 3993//3993 2518//2518
f 3995//3995 2517//2517 2516//2516
f 3995//3995 3994//3994 2517//2517
f 3996//3996 2516//2516 2515//2515
f 3996//3996 3995//3995 2516//2516
f 3997//3997 2515//2515 2514//2514
f 3997//3997 3996//3996 2515//2515
f 3998//3998 2514//2514 2513//2513
f 3998//3998 3997//3997 2514//2514
f 3999//3999 2513//2513 2512//2512
f 3999//3999 3998//3998 2513//2513
f 4000//4000 2512//2512 2511//2511
f 4000//4000 3999//3999 2512//2512
f 4001//4001 2511//2511 2510//2510
f 4001//4001 4000//4000 2511//2511
f 4002//4002 2510//2510 2509//2509
f 4002//4002 4001//4001 2510//2510
f 4003//4003 2509//2509 2508//2508
f 4003//4003 4002//4002 2509//2509
f 4004//4004 2508//2508 2507//2507
f 4004//4004 4003//4003 2508//2508
f 4005//4005 2507//2507 2506//2506
f 4005//4005 4004//4004 2507//2507
f 4006//4006 2506//2506 2505//2505
f 4006//4006 4005//4005 2506//2506
f 4007//4007 2505//2505 2504//2504
f 4007//4007 4006//4006 2505//2505
f 4008//4008 2504//2504 2503//2503
f 4008//4008 4007//4007 2504//2504
f 4009//4009 4008//4008 2503//2503
f 4009//4009 2503//2503 2502//2502
f 4010//4010 4009//4009 2502//2502
f 4010//4010 2502//2502 2501//2501
f 4011//4011 4010//4010 2501//2501
f 4011//4011 2501//2501 2500//2500
f 4012//4012 4011//4011 2500//2500
f 4012//4012 2500//2500 2499//2499
f 4013//4013 4012//4012 2499//2499
f 4013//4013 2499//2499 2498//2498
f 4014//4014 4013//4013 2498//2498
f 4014//4014 2498//2498 2497//2497
f 4015//4015 4014//4014 2497//2497
f 4015//4015 2497//2497 2496//2496
f 4016//4016 4015//4015 2496//2496
f 4016//4016 2496//2496 2495//2495
f 4017//4017 4016//4016 2495//2495
f 4017//4017 2495//2495 2494//2494
f 4018//4018 4017//4017 2494//2494
f 4018//4018 2494//2494 2493//2493
f 4019//4019 4018//4018 2493//2493
f 4019//4019 2493//2493 2492//2492
f 4020//4020 4019//4019 2492//2492
f 4020//4020 2492//2492 2491//2491
f 4021//4021 4020//4020 2491//2491
f 4021//4021 2491//2491 2490//2490
f 4022//4022 4021//4021 2490//2490
f 4022//4022 2490//2490 2489//2489
f 4023//4023 4022//4022 2489//2489
f 4023//4023 2489//2489 2488//2488
f 4024//4024 4023//4023 2488//2488
f 4024//4024 2488//2488 2487//2487
f 4025//4025 4024//4024 2487//2487
f 4025//4025 2487//2487 2486//2486
f 4026//4026 4025//4025 2486//2486
f 4026//4026 2486//2486 2485//2485
f 4027//4027 4026//4026 2485//2485
f 4027//4027 2485//2485 2484//2484
f 4028//4028 4027//4027 2484//2484
f 4029//4029 4028//4028 2484//2484
f 4029//4029 2483//2483 2482//2482
f 4029//4029 2484//2484 2483//2483
f 4030//4030 4029//4029 2482//2482
f 4031//4031 2481//2481 2480//2480
f 4031//4031 2482//2482 2481//2481
f 4031//4031 4030//4030 2482//2482
f 4032//4032 2480//2480 2479//2479
f 4032//4032 4031//4031 2480//2480
f 4033//4033 2479//2479 2478//2478
f 4033//4033 4032//4032 2479//2479
f 4034//4034 2478//2478 2477//2477
f 4034//4034 4033//4033 2478//2478
f 4035//4035 2477//2477 2476//2476
f 4035//4035 4034//4034 2477//2477
f 4036//4036 2476//2476 2475//2475
f 4036//4036 4035//4035 2476//2476
f 4037//4037 4036//4036 2475//2475
f 4037//4037 2475//2475 2474//2474
f 4038//4038 4037//4037 2474//2474
f 4039//4039 4038//4038 2474//2474
f 4039//4039 2473//2473 2472//2472
f 4039//4039 2474//2474 2473//2473
f 4040//4040 4039//4039 2472//2472
f 4041//4041 4040//4040 2472//2472
f 4041//4041 2472//2472 2471//2471
f 4042//4042 4041//4041 2471//2471
f 4042//4042 2471//2471 2470//2470
f 4043//4043 4042//4042 2470//2470
f 4043//4043 2470//2470 2469//2469
f 4044//4044 4043//4043 2469//2469
f 4044//4044 2468//2468 2467//2467
f 4044//4044 2469//2469 2468//2468
f 4045//4045 4044//4044 2467//2467
f 4046//4046 4045//4045 2467//2467
f 4046//4046 2467//2467 2466//2466
f 4047//4047 4046//4046 2466//2466
f 4047//4047 2466//2466 2465//2465
f 4048//4048 4047//4047 2465//2465
f 4048//4048 2465//2465 2464//2464
f 4049//4049 4048//4048 2464//2464
f 4049//4049 2464//2464 2463//2463
f 4050//4050 2462//2462 2461//2461
f 4050//4050 2463//2463 2462//2462
f 4050//4050 4049//4049 2463//2463
f 4051//4051 4050//4050 2461//2461
f 4052//4052 2460//2460 2459//2459
f 4052//4052 2461//2461 2460//2460
f 4052//4052 4051//4051 2461//2461
f 4053//4053 4052//4052 2459//2459
f 4054//4054 2459//2459 2458//2458
f 4054//4054 4053//4053 2459//2459
f 4055//4055 2458//2458 2457//2457
f 4055//4055 4054//4054 2458//2458
f 4056//4056 2457//2457 2456//2456
f 4056//4056 4055//4055 2457//2457
f 4057//4057 2455//2455 2454//2454
f 4057//4057 2456//2456 2455//2455
f 4057//4057 4056//4056 2456//2456
f 4058//4058 4057//4057 2454//2454
f 4059//4059 2454//2454 2453//2453
f 4059//4059 4058//4058 2454//2454
f 4060//4060 2453//2453 2452//2452
f 4060//4060 4059//4059 2453//2453
f 4061//4061 4060//4060 2452//2452
f 4061//4061 2452//2452 2451//2451
f 4062//4062 4061//4061 2451//2451
f 4062//4062 2450//2450 2449//2449
f 4062//4062 2451//2451 2450//2450
f 4063//4063 4062//4062 2449//2449
f 4064//4064 4063//4063 2449//2449
f 4064//4064 2449//2449 2448//2448
f 4065//4065 4064//4064 2448//2448
f 4065//4065 2448//2448 2447//2447
f 4066//4066 4065//4065 2447//2447
f 4066//4066 2447//2447 2446//2446
f 4067//4067 4066//4066 2446//2446
f 4067//4067 2446//2446 2445//2445
f 4068//4068 4067//4067 2445//2445
f 4068//4068 2445//2445 2444//2444
f 4069//4069 4068//4068 2444//2444
f 4069//4069 2444//2444 2443//2443
f 4070//4070 4069//4069 2443//2443
f 4070//4070 2443//2443 2442//2442
f 4071//4071 2442//2442 2441//2441
f 4071//4071 4070//4070 2442//2442
f 4072//4072 4071//4071 2441//2441
f 4072//4072 2441//2441 2440//2440
f 4073//4073 2440//2440 2439//2439
f 4073//4073 4072//4072 2440//2440
f 4074//4074 2439//2439 2438//2438
f 4074//4074 4073//4073 2439//2439
f 4075//4075 2438//2438 2437//2437
f 4075//4075 4074//4074 2438//2438
f 4076//4076 2437//2437 2436//2436
f 4076//4076 4075//4075 2437//2437
f 4077//4077 2436//2436 2435//2435
f 4077//4077 4076//4076 2436//2436
f 4078//4078 2435//2435 2434//2434
f 4078//4078 4077//4077 2435//2435
f 4079//4079 2434//2434 2433//2433
f 4079//4079 4078//4078 2434//2434
f 4080//4080 2433//2433 2432//2432
f 4080//4080 4079//4079 2433//2433
f 4081//4081 2432//2432 2431//2431
f 4081//4081 4080//4080 2432//2432
f 4082//4082 2431//2431 2430//2430
f 4082//4082 4081//4081 2431//2431
f 4083//4083 2430//2430 2429//2429
f 4083//4083 4082//4082 2430//2430
f 4084//4084 2429//2429 2428//2428
f 4084//4084 4083//4083 2429//2429
f 4085//4085 2428//2428 2427//2427
f 4085//4085 4084//4084 2428//2428
f 4086//4086 2427//2427 2426//2426
f 4086//4086 4085//4085 2427//2427
f 4087//4087 4086//4086 2426//2426
f 4087//4087 2426//2426 2425//2425
f 4088//4088 4087//4087 2425//2425
f 4088//4088 2425//2425 2424//2424
f 4089//4089 4088//4088 2424//2424
f 4089//4089 2424//2424 2423//2423
f 4090//4090 4089//4089 2423//2423
f 4090//4090 2423//2423 2422//2422
f 4091//4091 2422//2422 2421//2421
f 4091//4091 4090//4090 2422//2422
f 4092//4092 2420//2420 2419//2419
f 4092//4092 2421//2421 2420//2420
f 4092//4092 4091//4091 2421//2421
f 4093//4093 4092//4092 2419//2419
f 4094//4094 2419//2419 2418//2418
f 4094//4094 4093//4093 2419//2419
f 4095//4095 2418//2418 2417//2417
f 4095//4095 4094//4094 2418//2418
f 4096//4096 2417//2417 2416//2416
f 4096//4096 4095//4095 2417//2417
f 4097//4097 2416//2416 2415//2415
f 4097//4097 4096//4096 2416//2416
f 4098//4098 2415//2415 2414//2414
f 4098//4098 4097//4097 2415//2415
f 4099//4099 2414//2414 2413//2413
f 4099//4099 4098//4098 2414//2414
f 4100//4100 2413//2413 2412//2412
f 4100//4100 4099//4099 2413//2413
f 4101//4101 2412//2412 2411//2411
f 4101//4101 4100//4100 2412//2412
f 4102//4102 2411//2411 2410//2410
f 4102//4102 4101//4101 2411//2411
f 4103//4103 2410//2410 2409//2409
f 4103//4103 4102//4102 2410//2410
f 4104//4104 2409//2409 2408//2408
f 4104//4104 4103//4103 2409//2409
f 4105//4105 2408//2408 2407//2407
f 4105//4105 4104//4104 2408//2408
f 4106//4106 2407//2407 2406//2406
f 4106//4106 4105//4105 2407//2407
f 4107//4107 2406//2406 2405//2405
f 4107//4107 4106//4106 2406//2406
f 4108//4108 2405//2405 2404//2404
f 4108//4108 4107//4107 2405//2405
f 4109//4109 2403//2403 2402//2402
f 4109//4109 2404//2404 2403//2403
f 4109//4109 4108//4108 2404//2404
f 4110//4110 4109//4109 2402//2402
f 4111//4111 2402//2402 2401//2401
f 4111//4111 4110//4110 2402//2402
f 4112//4112 4111//4111 2401//2401
f 4112//4112 2401//2401 2400//2400
f 4113//4113 4112//4112 2400//2400
f 4113//4113 2399//2399 2398//2398
f 4113//4113 2400//2400 2399//2399
f 4114//4114 4113//4113 2398//2398
f 4115//4115 4114//4114 2398//2398
f 4115//4115 2398//2398 2397//2397
f 4116//4116 4115//4115 2397//2397
f 4116//4116 2397//2397 2396//2396
f 4117//4117 4116//4116 2396//2396
f 4117//4117 2396//2396 2395//2395
f 4118//4118 4117//4117 2395//2395
f 4118//4118 2395//2395 2394//2394
f 4119//4119 4118//4118 2394//2394
f 4119//4119 2394//2394 2393//2393
f 4120//4120 4119//4119 2393//2393
f 4120//4120 2393//2393 2392//2392
f 4121//4121 4120//4120 2392//2392
f 4121//4121 2391//2391 2390//2390
f 4121//4121 2392//2392 2391//2391
f 4122//4122 4121//4121 2390//2390
f 4123//4123 4122//4122 2390//2390
f 4123//4123 2390//2390 2389//2389
f 4124//4124 4123//4123 2389//2389
f 4124//4124 2389//2389 2388//2388
f 4125//4125 4124//4124 2388//2388
f 4125//4125 2388//2388 2387//2387
f 4126//4126 4125//4125 2387//2387
f 4126//4126 2387//2387 2386//2386
f 4127//4127 4126//4126 2386//2386
f 4127//4127 2386//2386 2385//2385
f 4128//4128 4127//4127 2385//2385
f 4128//4128 2384//2384 2383//2383
f 4128//4128 2385//2385 2384//2384
f 4129//4129 4128//4128 2383//2383
f 4130//4130 4129//4129 2383//2383
f 4130//4130 2383//2383 2382//2382
f 4131//4131 2382//2382 2381//2381
f 4131//4131 4130//4130 2382//2382
f 4132//4132 2381//2381 2380//2380
f 4132//4132 4131//4131 2381//2381
f 4133//4133 4132//4132 2380//2380
f 4133//4133 2380//2380 2379//2379
f 4134//4134 2378//2378 2377//2377
f 4134//4134 2379//2379 2378//2378
f 4134//4134 4133//4133 2379//2379
f 4135//4135 2377//2377 2376//2376
f 4135//4135 4134//4134 2377//2377
f 4136//4136 4135//4135 2376//2376
f 4137//4137 4136//4136 2376//2376
f 4137//4137 2376//2376 2375//2375
f 4138//4138 4137//4137 2375//2375
f 4138//4138 2374//2374 2373//2373
f 4138//4138 2375//2375 2374//2374
f 4139//4139 4138//4138 2373//2373
f 4140//4140 4139//4139 2373//2373
f 4140//4140 2372//2372 2371//2371
f 4140//4140 2373//2373 2372//2372
f 4141//4141 4140//4140 2371//2371
f 4142//4142 4141//4141 2371//2371
f 4142//4142 2371//2371 2370//2370
f 4143//4143 4142//4142 2370//2370
f 4143//4143 2370//2370 2369//2369
f 4144//4144 4143//4143 2369//2369
f 4144//4144 2368//2368 2367//2367
f 4144//4144 2369//2369 2368//2368
f 4145//4145 4144//4144 2367//2367
f 4146//4146 4145//4145 2367//2367
f 4146//4146 2367//2367 2366//2366
f 4147//4147 4146//4146 2366//2366
f 4147//4147 2365//2365 2364//2364
f 4147//4147 2366//2366 2365//2365
f 4148//4148 4147//4147 2364//2364
f 4149//4149 4148//4148 2364//2364
f 4149//4149 2364//2364 2363//2363
f 4150//4150 4149//4149 2363//2363
f 4150//4150 2363//2363 2362//2362
f 4151//4151 2362//2362 2361//2361
f 4151//4151 4150//4150 2362//2362
f 4152//4152 2360//2360 2359//2359
f 4152//4152 2361//2361 2360//2360
f 4152//4152 4151//4151 2361//2361
f 4153//4153 4152//4152 2359//2359
f 4154//4154 2358//2358 2357//2357
f 4154//4154 2359//2359 2358//2358
f 4154//4154 4153//4153 2359//2359
f 4155//4155 4154//4154 2357//2357
f 4156//4156 2357//2357 2356//2356
f 4156//4156 4155//4155 2357//2357
f 4157//4157 2356//2356 2355//2355
f 4157//4157 4156//4156 2356//2356
f 4158//4158 2354//2354 2353//2353
f 4158//4158 2355//2355 2354//2354
f 4158//4158 4157//4157 2355//2355
f 4159//4159 4158//4158 2353//2353
f 4160//4160 2353//2353 2352//2352
f 4160//4160 4159//4159 2353//2353
f 4161//4161 2352//2352 2351//2351
f 4161//4161 4160//4160 2352//2352
f 4162//4162 4161//4161 2351//2351
f 4162//4162 2350//2350 2349//2349
f 4162//4162 2351//2351 2350//2350
f 4163//4163 4162//4162 2349//2349
f 4164//4164 2349//2349 2348//2348
f 4164//4164 4163//4163 2349//2349
f 4165//4165 4164//4164 2348//2348
f 4165//4165 2348//2348 2347//2347
f 4166//4166 4165//4165 2347//2347
f 4166//4166 2346//2346 2345//2345
f 4166//4166 2347//2347 2346//2346
f 4167//4167 4166//4166 2345//2345
f 4167//4167 2345//2345 2344//2344
f 4168//4168 4167//4167 2344//2344
f 4169//4169 4168//4168 2344//2344
f 4169//4169 2344//2344 2343//2343
f 4170//4170 4169//4169 2343//2343
f 4170//4170 2343//2343 2342//2342
f 4171//4171 4170//4170 2342//2342
f 4171//4171 2342//2342 2341//2341
f 4172//4172 2341//2341 2340//2340
f 4172//4172 4171//4171 2341//2341
f 4173//4173 2340//2340 2339//2339
f 4173//4173 4172//4172 2340//2340
f 4174//4174 2339//2339 2338//2338
f 4174//4174 4173//4173 2339//2339
f 4175//4175 2337//2337 2336//2336
f 4175//4175 2338//2338 2337//2337
f 4175//4175 4174//4174 2338//2338
f 4176//4176 2336//2336 2335//2335
f 4176//4176 4175//4175 2336//2336
f 4177//4177 4176//4176 2335//2335
f 4177//4177 2335//2335 2334//2334
f 4178//4178 2334//2334 2333//2333
f 4178//4178 4177//4177 2334//2334
f 4179//4179 4178//4178 2333//2333
f 4180//4180 2333//2333 2332//2332
f 4180//4180 4179//4179 2333//2333
f 4181//4181 2332//2332 2331//2331
f 4181//4181 4180//4180 2332//2332
f 4182//4182 2330//2330 2329//2329
f 4182//4182 2331//2331 2330//2330
f 4182//4182 4181//4181 2331//2331
f 4183//4183 2329//2329 2328//2328
f 4183//4183 4182//4182 2329//2329
f 4184//4184 4183//4183 2328//2328
f 4185//4185 2327//2327 2326//2326
f 4185//4185 2328//2328 2327//2327
f 4185//4185 4184//4184 2328//2328
f 4186//4186 2326//2326 2325//2325
f 4186//4186 4185//4185 2326//2326
f 4187//4187 4186//4186 2325//2325
f 4188//4188 2325//2325 2324//2324
f 4188//4188 4187//4187 2325//2325
f 4189//4189 4188//4188 2324//2324
f 4189//4189 2324//2324 2323//2323
f 4190//4190 4189//4189 2323//2323
f 4190//4190 2322//2322 2321//2321
f 4190//4190 2323//2323 2322//2322
f 4191//4191 4190//4190 2321//2321
f 4191//4191 2321//2321 2320//2320
f 4192//4192 4191//4191 2320//2320
f 4193//4193 2320//2320 2319//2319
f 4193//4193 4192//4192 2320//2320
f 4194//4194 2318//2318 2317//2317
f 4194//4194 2319//2319 2318//2318
f 4194//4194 4193//4193 2319//2319
f 4195//4195 4194//4194 2317//2317
f 4196//4196 2316//2316 2315//2315
f 4196//4196 2317//2317 2316//2316
f 4196//4196 4195//4195 2317//2317
f 4197//4197 4196//4196 2315//2315
f 4198//4198 2315//2315 2314//2314
f 4198//4198 4197//4197 2315//2315
f 4199//4199 2313//2313 2312//2312
f 4199//4199 2314//2314 2313//2313
f 4199//4199 4198//4198 2314//2314
f 4200//4200 2312//2312 2311//2311
f 4200//4200 4199//4199 2312//2312
f 3991//3991 4200//4200 2311//2311
f 2599//2599 3492//3492 3493//3493
f 2599//2599 2600//2600 3492//3492
f 2601//2601 3491//3491 3492//3492
f 2601//2601 3492//3492 2600//2600
f 2598//2598 3493//3493 3494//3494
f 2598//2598 3494//3494 3495//3495
f 2598//2598 2599//2599 3493//3493
f 2602//2602 3490//3490 3491//3491
f 2602//2602 3491//3491 2601//2601
f 2597//2597 3495//3495 3496//3496
f 2597//2597 2598//2598 3495//3495
f 2603//2603 3489//3489 3490//3490
f 2603//2603 3490//3490 2602//2602
f 2596//2596 3496//3496 3497//3497
f 2596//2596 2597//2597 3496//3496
f 2604//2604 3488//3488 3489//3489
f 2604//2604 3489//3489 2603//2603
f 2595//2595 2596//2596 3497//3497
f 2605//2605 3488//3488 2604//2604
f 2605//2605 3487//3487 3488//3488
f 2594//2594 3497//3497 3498//3498
f 2594//2594 3498//3498 3499//3499
f 2594//2594 2595//2595 3497//3497
f 2606//2606 3486//3486 3487//3487
f 2606//2606 3487//3487 2605//2605
f 2593//2593 2594//2594 3499//3499
f 2607//2607 3486//3486 2606//2606
f 2607//2607 3485//3485 3486//3486
f 2592//2592 3499//3499 3500//3500
f 2592//2592 3500//3500 3501//3501
f 2592//2592 2593//2593 3499//3499
f 2608//2608 3484//3484 3485//3485
f 2608//2608 3485//3485 2607//2607
f 2591//2591 2592//2592 3501//3501
f 2609//2609 3483//3483 3484//3484
f 2609//2609 3484//3484 2608//2608
f 2590//2590 3501//3501 3502//3502
f 2590//2590 2591//2591 3501//3501
f 2610//2610 3482//3482 3483//3483
f 2610//2610 3483//3483 2609//2609
f 2589//2589 3502//3502 3503//3503
f 2589//2589 2590//2590 3502//3502
f 2611//2611 3482//3482 2610//2610
f 2611//2611 3481//3481 3482//3482
f 2588//2588 2589//2589 3503//3503
f 2588//2588 3503//3503 3504//3504
f 2612//2612 3480//3480 3481//3481
f 2612//2612 3481//3481 2611//2611
f 2587//2587 2588//2588 3504//3504
f 2587//2587 3504//3504 3505//3505
f 2587//2587 3505//3505 3506//3506
f 2613//2613 3479//3479 3480//3480
f 2613//2613 3480//3480 2612//2612
f 2586//2586 2587//2587 3506//3506
f 2614//2614 3478//3478 3479//3479
f 2614//2614 3479//3479 2613//2613
f 2585//2585 2586//2586 3506//3506
f 2585//2585 3506//3506 3507//3507
f 2615//2615 3477//3477 3478//3478
f 2615//2615 3478//3478 2614//2614
f 2584//2584 2585//2585 3507//3507
f 2584//2584 3507//3507 3508//3508
f 2584//2584 3508//3508 3509//3509
f 2616//2616 3476//3476 3477//3477
f 2616//2616 3477//3477 2615//2615
f 2583//2583 2584//2584 3509//3509
f 2617//2617 3476//3476 2616//2616
f 2617//2617 3475//3475 3476//3476
f 2582//2582 2583//2583 3509//3509
f 2582//2582 3509//3509 3510//3510
f 2582//2582 3510//3510 3511//3511
f 2618//2618 3474//3474 3475//3475
f 2618//2618 3475//3475 2617//2617
f 2581//2581 2582//2582 3511//3511
f 2619//2619 3473//3473 3474//3474
f 2619//2619 3474//3474 2618//2618
f 2580//2580 3511//3511 3512//3512
f 2580//2580 2581//2581 3511//3511
f 2620//2620 3472//3472 3473//3473
f 2620//2620 3473//3473 2619//2619
f 2579//2579 2580//2580 3512//3512
f 2579//2579 3512//3512 3513//3513
f 2621//2621 3472//3472 2620//2620
f 2621//2621 3471//3471 3472//3472
f 2578//2578 2579//2579 3513//3513
f 2578//2578 3513//3513 3514//3514
f 2622//2622 3470//3470 3471//3471
f 2622//2622 3471//3471 2621//2621
f 2577//2577 2578//2578 3514//3514
f 2577//2577 3514//3514 3515//3515
f 2623//2623 3469//3469 3470//3470
f 2623//2623 3470//3470 2622//2622
f 2576//2576 2577//2577 3515//3515
f 2576//2576 3515//3515 3516//3516
f 2624//2624 3468//3468 3469//3469
f 2624//2624 3469//3469 2623//2623
f 2575//2575 3516//3516 3517//3517
f 2575//2575 2576//2576 3516//3516
f 2625//2625 3467//3467 3468//3468
f 2625//2625 3468//3468 2624//2624
f 2574//2574 3517//3517 3518//3518
f 2574//2574 2575//2575 3517//3517
f 2626//2626 3466//3466 3467//3467
f 2626//2626 3467//3467 2625//2625
f 2573//2573 2574//2574 3518//3518
f 2573//2573 3518//3518 3519//3519
f 2627//2627 3465//3465 3466//3466
f 2627//2627 3466//3466 2626//2626
f 2572//2572 3519//3519 3520//3520
f 2572//2572 2573//2573 3519//3519
f 2628//2628 3464//3464 3465//3465
f 2628//2628 3465//3465 2627//2627
f 2571//2571 2572//2572 3520//3520
f 2571//2571 3520//3520 3521//3521
f 2629//2629 3463//3463 3464//3464
f 2629//2629 3464//3464 2628//2628
f 2570//2570 3521//3521 3522//3522
f 2570//2570 2571//2571 3521//3521
f 2630//2630 3462//3462 3463//3463
f 2630//2630 3463//3463 2629//2629
f 2569//2569 3522//3522 3523//3523
f 2569//2569 2570//2570 3522//3522
f 2631//2631 3462//3462 2630//2630
f 2631//2631 3461//3461 3462//3462
f 2568//2568 2569//2569 3523//3523
f 2568//2568 3523//3523 3524//3524
f 2632//2632 3461//3461 2631//2631
f 2632//2632 3460//3460 3461//3461
f 2567//2567 3524//3524 3525//3525
f 2567//2567 3525//3525 3526//3526
f 2567//2567 2568//2568 3524//3524
f 2633//2633 3460//3460 2632//2632
f 2633//2633 3459//3459 3460//3460
f 2566//2566 2567//2567 3526//3526
f 2634//2634 3459//3459 2633//2633
f 2634//2634 3458//3458 3459//3459
f 2565//2565 2566//2566 3526//3526
f 2565//2565 3526//3526 3527//3527
f 2635//2635 3458//3458 2634//2634
f 2635//2635 3457//3457 3458//3458
f 2564//2564 3527//3527 3528//3528
f 2564//2564 2565//2565 3527//3527
f 2636//2636 3457//3457 2635//2635
f 2636//2636 3456//3456 3457//3457
f 2563//2563 3528//3528 3529//3529
f 2563//2563 2564//2564 3528//3528
f 2637//2637 3456//3456 2636//2636
f 2637//2637 3455//3455 3456//3456
f 2562//2562 2563//2563 3529//3529
f 2562//2562 3529//3529 3530//3530
f 2638//2638 3455//3455 2637//2637
f 2638//2638 3454//3454 3455//3455
f 2561//2561 2562//2562 3530//3530
f 2561//2561 3530//3530 3531//3531
f 2639//2639 3454//3454 2638//2638
f 2639//2639 3453//3453 3454//3454
f 2560//2560 3531//3531 3532//3532
f 2560//2560 2561//2561 3531//3531
f 2640//2640 3453//3453 2639//2639
f 2640//2640 3452//3452 3453//3453
f 2559//2559 2560//2560 3532//3532
f 2559//2559 3532//3532 3533//3533
f 2641//2641 3452//3452 2640//2640
f 2641//2641 3451//3451 3452//3452
f 2558//2558 2559//2559 3533//3533
f 2558//2558 3533//3533 3534//3534
f 2642//2642 3451//3451 2641//2641
f 2642//2642 3450//3450 3451//3451
f 2557//2557 2558//2558 3534//3534
f 2557//2557 3534//3534 3535//3535
f 2643//2643 3450//3450 2642//2642
f 2643//2643 3449//3449 3450//3450
f 2556//2556 2557//2557 3535//3535
f 2556//2556 3535//3535 3536//3536
f 2644//2644 3449//3449 2643//2643
f 2644//2644 3448//3448 3449//3449
f 2555//2555 2556//2556 3536//3536
f 2555//2555 3536//3536 3537//3537
f 2645//2645 3447//3447 3448//3448
f 2645//2645 3448//3448 2644//2644
f 2554//2554 3537//3537 3538//3538
f 2554//2554 2555//2555 3537//3537
f 2646//2646 3446//3446 3447//3447
f 2646//2646 3447//3447 2645//2645
f 2553//2553 3538//3538 3539//3539
f 2553//2553 2554//2554 3538//3538
f 2647//2647 3446//3446 2646//2646
f 2647//2647 3445//3445 3446//3446
f 2552//2552 3539//3539 3540//3540
f 2552//2552 2553//2553 3539//3539
f 2648//2648 3445//3445 2647//2647
f 2648//2648 3444//3444 3445//3445
f 2551//2551 2552//2552 3540//3540
f 2551//2551 3540//3540 3541//3541
f 2649//2649 3444//3444 2648//2648
f 2649//2649 3443//3443 3444//3444
f 2550//2550 2551//2551 3541//3541
f 2550//2550 3541//3541 3542//3542
f 2650//2650 3443//3443 2649//2649
f 2650//2650 3442//3442 3443//3443
f 2549//2549 2550//2550 3542//3542
f 2549//2549 3542//3542 3543//3543
f 2651//2651 3442//3442 2650//2650
f 2651//2651 3441//3441 3442//3442
f 2548//2548 3543//3543 3544//3544
f 2548//2548 2549//2549 3543//3543
f 2652//2652 3441//3441 2651//2651
f 2652//2652 3440//3440 3441//3441
f 2547//2547 2548//2548 3544//3544
f 3545//3545 2547//2547 3544//3544
f 2546//2546 2547//2547 3545//3545
f 3439//3439 3440//3440 2652//2652
f 3439//3439 2652//2652 2653//2653
f 2654//2654 3439//3439 2653//2653
f 3546//3546 2546//2546 3545//3545
f 3438//3438 3439//3439 2654//2654
f 3547//3547 2545//2545 2546//2546
f 3547//3547 2546//2546 3546//3546
f 3437//3437 2654//2654 2655//2655
f 3437//3437 3438//3438 2654//2654
f 3548//3548 2543//2543 2544//2544
f 3548//3548 2544//2544 2545//2545
f 3548//3548 2545//2545 3547//3547
f 3436//3436 2655//2655 2656//2656
f 3436//3436 3437//3437 2655//2655
f 3549//3549 2542//2542 2543//2543
f 3549//3549 2543//2543 3548//3548
f 3435//3435 2656//2656 2657//2657
f 3435//3435 2657//2657 2658//2658
f 3435//3435 3436//3436 2656//2656
f 3550//3550 2541//2541 2542//2542
f 3550//3550 2542//2542 3549//3549
f 3434//3434 3435//3435 2658//2658
f 3551//3551 2541//2541 3550//3550
f 3433//3433 2658//2658 2659//2659
f 3433//3433 3434//3434 2658//2658
f 3552//3552 2541//2541 3551//3551
f 3552//3552 2540//2540 2541//2541
f 3432//3432 3433//3433 2659//2659
f 3432//3432 2659//2659 2660//2660
f 3553//3553 2540//2540 3552//3552
f 3553//3553 2538//2538 2539//2539
f 3553//3553 2539//2539 2540//2540
f 3431//3431 3432//3432 2660//2660
f 3431//3431 2660//2660 2661//2661
f 3554//3554 2538//2538 3553//3553
f 3430//3430 3431//3431 2661//2661
f 3430//3430 2661//2661 2662//2662
f 3555//3555 2536//2536 2537//2537
f 3555//3555 2537//2537 2538//2538
f 3555//3555 2538//2538 3554//3554
f 3429//3429 3430//3430 2662//2662
f 3429//3429 2662//2662 2663//2663
f 3556//3556 2536//2536 3555//3555
f 3428//3428 3429//3429 2663//2663
f 3428//3428 2663//2663 2664//2664
f 3557//3557 2535//2535 2536//2536
f 3557//3557 2536//2536 3556//3556
f 3427//3427 2664//2664 2665//2665
f 3427//3427 3428//3428 2664//2664
f 3558//3558 2534//2534 2535//2535
f 3558//3558 2535//2535 3557//3557
f 3426//3426 2665//2665 2666//2666
f 3426//3426 3427//3427 2665//2665
f 3559//3559 2533//2533 2534//2534
f 3559//3559 2534//2534 3558//3558
f 3425//3425 2666//2666 2667//2667
f 3425//3425 2667//2667 2668//2668
f 3425//3425 3426//3426 2666//2666
f 3560//3560 2533//2533 3559//3559
f 3560//3560 2531//2531 2532//2532
f 3560//3560 2532//2532 2533//2533
f 3424//3424 3425//3425 2668//2668
f 3561//3561 2531//2531 3560//3560
f 3423//3423 2668//2668 2669//2669
f 3423//3423 2669//2669 2670//2670
f 3423//3423 3424//3424 2668//2668
f 3562//3562 2530//2530 2531//2531
f 3562//3562 2531//2531 3561//3561
f 3422//3422 3423//3423 2670//2670
f 3563//3563 2529//2529 2530//2530
f 3563//3563 2530//2530 3562//3562
f 3421//3421 3422//3422 2670//2670
f 3421//3421 2670//2670 2671//2671
f 3421//3421 2671//2671 2672//2672
f 3564//3564 2527//2527 2528//2528
f 3564//3564 2528//2528 2529//2529
f 3564//3564 2529//2529 3563//3563
f 3420//3420 3421//3421 2672//2672
f 3420//3420 2672//2672 2673//2673
f 3565//3565 2527//2527 3564//3564
f 3419//3419 2673//2673 2674//2674
f 3419//3419 3420//3420 2673//2673
f 3566//3566 2526//2526 2527//2527
f 3566//3566 2527//2527 3565//3565
f 3418//3418 3419//3419 2674//2674
f 3418//3418 2674//2674 2675//2675
f 3567//3567 2524//2524 2525//2525
f 3567//3567 2525//2525 2526//2526
f 3567//3567 2526//2526 3566//3566
f 3417//3417 3418//3418 2675//2675
f 3417//3417 2675//2675 2676//2676
f 3568//3568 2524//2524 3567//3567
f 3416//3416 3417//3417 2676//2676
f 3569//3569 2524//2524 3568//3568
f 3569//3569 2522//2522 2523//2523
f 3569//3569 2523//2523 2524//2524
f 3415//3415 3416//3416 2676//2676
f 3415//3415 2676//2676 2677//2677
f 3570//3570 2521//2521 2522//2522
f 3570//3570 2522//2522 3569//3569
f 3414//3414 3415//3415 2677//2677
f 3414//3414 2677//2677 2678//2678
f 3361//3361 2521//2521 3570//3570
f 3413//3413 2678//2678 2679//2679
f 3413//3413 2679//2679 2680//2680
f 3413//3413 3414//3414 2678//2678
f 3362//3362 2729//2729 2730//2730
f 3362//3362 2730//2730 2521//2521
f 3362//3362 2521//2521 3361//3361
f 3412//3412 3413//3413 2680//2680
f 3412//3412 2680//2680 2681//2681
f 3363//3363 2728//2728 2729//2729
f 3363//3363 2729//2729 3362//3362
f 3411//3411 3412//3412 2681//2681
f 3364//3364 2727//2727 2728//2728
f 3364//3364 2728//2728 3363//3363
f 3410//3410 3411//3411 2681//2681
f 3410//3410 2681//2681 2682//2682
f 3365//3365 2727//2727 3364//3364
f 3409//3409 3410//3410 2682//2682
f 3409//3409 2682//2682 2683//2683
f 3409//3409 2683//2683 2684//2684
f 3366//3366 2725//2725 2726//2726
f 3366//3366 2726//2726 2727//2727
f 3366//3366 2727//2727 3365//3365
f 3408//3408 3409//3409 2684//2684
f 3367//3367 2725//2725 3366//3366
f 3407//3407 3408//3408 2684//2684
f 3407//3407 2684//2684 2685//2685
f 3368//3368 2724//2724 2725//2725
f 3368//3368 2725//2725 3367//3367
f 3406//3406 3407//3407 2685//2685
f 3406//3406 2685//2685 2686//2686
f 3369//3369 2723//2723 2724//2724
f 3369//3369 2724//2724 3368//3368
f 3405//3405 2686//2686 2687//2687
f 3405//3405 3406//3406 2686//2686
f 3370//3370 2722//2722 2723//2723
f 3370//3370 2723//2723 3369//3369
f 3404//3404 2687//2687 2688//2688
f 3404//3404 3405//3405 2687//2687
f 3371//3371 2720//2720 2721//2721
f 3371//3371 2721//2721 2722//2722
f 3371//3371 2722//2722 3370//3370
f 3403//3403 2688//2688 2689//2689
f 3403//3403 3404//3404 2688//2688
f 3372//3372 2720//2720 3371//3371
f 3402//3402 2689//2689 2690//2690
f 3402//3402 3403//3403 2689//2689
f 3373//3373 2719//2719 2720//2720
f 3373//3373 2720//2720 3372//3372
f 3401//3401 2690//2690 2691//2691
f 3401//3401 3402//3402 2690//2690
f 3374//3374 2717//2717 2718//2718
f 3374//3374 2718//2718 2719//2719
f 3374//3374 2719//2719 3373//3373
f 3400//3400 3401//3401 2691//2691
f 3400//3400 2691//2691 2692//2692
f 3375//3375 2716//2716 2717//2717
f 3375//3375 2717//2717 3374//3374
f 3399//3399 2692//2692 2693//2693
f 3399//3399 2693//2693 2694//2694
f 3399//3399 3400//3400 2692//2692
f 3376//3376 2716//2716 3375//3375
f 3398//3398 3399//3399 2694//2694
f 3377//3377 2714//2714 2715//2715
f 3377//3377 2715//2715 2716//2716
f 3377//3377 2716//2716 3376//3376
f 3397//3397 3398//3398 2694//2694
f 3397//3397 2694//2694 2695//2695
f 3378//3378 2714//2714 3377//3377
f 3378//3378 2713//2713 2714//2714
f 3396//3396 3397//3397 2695//2695
f 3396//3396 2695//2695 2696//2696
f 3379//3379 2713//2713 3378//3378
f 3379//3379 2712//2712 2713//2713
f 3395//3395 3396//3396 2696//2696
f 3395//3395 2696//2696 2697//2697
f 3380//3380 2712//2712 3379//3379
f 3380//3380 2711//2711 2712//2712
f 3394//3394 3395//3395 2697//2697
f 3394//3394 2697//2697 2698//2698
f 3381//3381 2711//2711 3380//3380
f 3393//3393 3394//3394 2698//2698
f 3393//3393 2698//2698 2699//2699
f 3382//3382 2711//2711 3381//3381
f 3382//3382 2709//2709 2710//2710
f 3382//3382 2710//2710 2711//2711
f 3392//3392 3393//3393 2699//2699
f 3392//3392 2699//2699 2700//2700
f 3383//3383 2709//2709 3382//3382
f 3383//3383 2708//2708 2709//2709
f 3391//3391 3392//3392 2700//2700
f 3391//3391 2700//2700 2701//2701
f 3384//3384 2708//2708 3383//3383
f 3390//3390 3391//3391 2701//2701
f 3390//3390 2701//2701 2702//2702
f 3385//3385 2708//2708 3384//3384
f 3385//3385 2706//2706 2707//2707
f 3385//3385 2707//2707 2708//2708
f 3389//3389 3390//3390 2702//2702
f 3389//3389 2702//2702 2703//2703
f 3386//3386 2706//2706 3385//3385
f 3386//3386 2705//2705 2706//2706
f 3388//3388 3389//3389 2703//2703
f 3388//3388 2703//2703 2704//2704
f 3388//3388 2704//2704 2705//2705
f 3387//3387 2705//2705 3386//3386
f 3387//3387 3388//3388 2705//2705
f 2810//2810 3702//3702 3703//3703
f 2809//2809 2810//2810 3703//3703
f 2811//2811 3701//3701 3702//3702
f 2811//2811 3702//3702 2810//2810
f 2808//2808 3703//3703 3704//3704
f 2808//2808 2809//2809 3703//3703
f 2812//2812 3700//3700 3701//3701
f 2812//2812 3701//3701 2811//2811
f 2807//2807 3704//3704 3705//3705
f 2807//2807 3705//3705 3706//3706
f 2807//2807 2808//2808 3704//3704
f 2813//2813 3699//3699 3700//3700
f 2813//2813 3700//3700 2812//2812
f 2806//2806 3706//3706 3707//3707
f 2806//2806 2807//2807 3706//3706
f 2814//2814 3698//3698 3699//3699
f 2814//2814 3699//3699 2813//2813
f 2805//2805 3707//3707 3708//3708
f 2805//2805 2806//2806 3707//3707
f 2815//2815 3697//3697 3698//3698
f 2815//2815 3698//3698 2814//2814
f 2804//2804 3708//3708 3709//3709
f 2804//2804 2805//2805 3708//3708
f 2816//2816 3696//3696 3697//3697
f 2816//2816 3697//3697 2815//2815
f 2803//2803 3709//3709 3710//3710
f 2803//2803 2804//2804 3709//3709
f 2817//2817 3695//3695 3696//3696
f 2817//2817 3696//3696 2816//2816
f 2802//2802 2803//2803 3710//3710
f 2802//2802 3710//3710 3711//3711
f 2818//2818 3694//3694 3695//3695
f 2818//2818 3695//3695 2817//2817
f 2801//2801 2802//2802 3711//3711
f 2819//2819 3693//3693 3694//3694
f 2819//2819 3694//3694 2818//2818
f 2800//2800 3711//3711 3712//3712
f 2800//2800 2801//2801 3711//3711
f 2820//2820 3692//3692 3693//3693
f 2820//2820 3693//3693 2819//2819
f 2799//2799 3712//3712 3713//3713
f 2799//2799 2800//2800 3712//3712
f 2821//2821 3691//3691 3692//3692
f 2821//2821 3692//3692 2820//2820
f 2798//2798 3713//3713 3714//3714
f 2798//2798 3714//3714 3715//3715
f 2798//2798 2799//2799 3713//3713
f 2822//2822 3690//3690 3691//3691
f 2822//2822 3691//3691 2821//2821
f 2797//2797 3715//3715 3716//3716
f 2797//2797 2798//2798 3715//3715
f 2823//2823 3689//3689 3690//3690
f 2823//2823 3690//3690 2822//2822
f 2796//2796 2797//2797 3716//3716
f 2824//2824 3688//3688 3689//3689
f 2824//2824 3689//3689 2823//2823
f 2795//2795 2796//2796 3716//3716
f 2795//2795 3716//3716 3717//3717
f 2825//2825 3687//3687 3688//3688
f 2825//2825 3688//3688 2824//2824
f 2794//2794 3717//3717 3718//3718
f 2794//2794 3718//3718 3719//3719
f 2794//2794 2795//2795 3717//3717
f 2826//2826 3686//3686 3687//3687
f 2826//2826 3687//3687 2825//2825
f 2793//2793 2794//2794 3719//3719
f 2827//2827 3686//3686 2826//2826
f 2827//2827 3685//3685 3686//3686
f 2792//2792 2793//2793 3719//3719
f 2792//2792 3719//3719 3720//3720
f 2792//2792 3720//3720 3721//3721
f 2828//2828 3684//3684 3685//3685
f 2828//2828 3685//3685 2827//2827
f 2791//2791 2792//2792 3721//3721
f 2829//2829 3683//3683 3684//3684
f 2829//2829 3684//3684 2828//2828
f 2790//2790 2791//2791 3721//3721
f 2790//2790 3721//3721 3722//3722
f 2830//2830 3682//3682 3683//3683
f 2830//2830 3683//3683 2829//2829
f 2789//2789 3722//3722 3723//3723
f 2789//2789 2790//2790 3722//3722
f 2831//2831 3681//3681 3682//3682
f 2831//2831 3682//3682 2830//2830
f 2788//2788 2789//2789 3723//3723
f 2788//2788 3723//3723 3724//3724
f 2788//2788 3724//3724 3725//3725
f 2832//2832 3680//3680 3681//3681
f 2832//2832 3681//3681 2831//2831
f 2787//2787 2788//2788 3725//3725
f 2833//2833 3679//3679 3680//3680
f 2833//2833 3680//3680 2832//2832
f 2786//2786 3725//3725 3726//3726
f 2786//2786 2787//2787 3725//3725
f 2834//2834 3678//3678 3679//3679
f 2834//2834 3679//3679 2833//2833
f 2785//2785 2786//2786 3726//3726
f 2785//2785 3726//3726 3727//3727
f 2835//2835 3677//3677 3678//3678
f 2835//2835 3678//3678 2834//2834
f 2784//2784 2785//2785 3727//3727
f 2784//2784 3727//3727 3728//3728
f 2836//2836 3676//3676 3677//3677
f 2836//2836 3677//3677 2835//2835
f 2783//2783 2784//2784 3728//3728
f 2783//2783 3728//3728 3729//3729
f 2837//2837 3675//3675 3676//3676
f 2837//2837 3676//3676 2836//2836
f 2782//2782 3729//3729 3730//3730
f 2782//2782 2783//2783 3729//3729
f 2838//2838 3674//3674 3675//3675
f 2838//2838 3675//3675 2837//2837
f 2781//2781 3730//3730 3731//3731
f 2781//2781 2782//2782 3730//3730
f 2839//2839 3673//3673 3674//3674
f 2839//2839 3674//3674 2838//2838
f 2780//2780 3731//3731 3732//3732
f 2780//2780 2781//2781 3731//3731
f 2840//2840 3672//3672 3673//3673
f 2840//2840 3673//3673 2839//2839
f 2779//2779 2780//2780 3732//3732
f 2779//2779 3732//3732 3733//3733
f 2841//2841 3672//3672 2840//2840
f 2841//2841 3671//3671 3672//3672
f 2778//2778 3733//3733 3734//3734
f 2778//2778 2779//2779 3733//3733
f 2842//2842 3671//3671 2841//2841
f 2842//2842 3670//3670 3671//3671
f 2777//2777 2778//2778 3734//3734
f 2777//2777 3734//3734 3735//3735
f 2843//2843 3670//3670 2842//2842
f 2843//2843 3669//3669 3670//3670
f 2776//2776 2777//2777 3735//3735
f 2776//2776 3735//3735 3736//3736
f 2844//2844 3669//3669 2843//2843
f 2844//2844 3668//3668 3669//3669
f 2775//2775 3736//3736 3737//3737
f 2775//2775 2776//2776 3736//3736
f 2845//2845 3668//3668 2844//2844
f 2845//2845 3667//3667 3668//3668
f 2774//2774 2775//2775 3737//3737
f 2774//2774 3737//3737 3738//3738
f 2846//2846 3667//3667 2845//2845
f 2846//2846 3666//3666 3667//3667
f 2773//2773 2774//2774 3738//3738
f 2773//2773 3738//3738 3739//3739
f 2847//2847 3666//3666 2846//2846
f 2847//2847 3665//3665 3666//3666
f 2772//2772 2773//2773 3739//3739
f 2772//2772 3739//3739 3740//3740
f 2848//2848 3665//3665 2847//2847
f 2848//2848 3664//3664 3665//3665
f 2771//2771 2772//2772 3740//3740
f 2771//2771 3740//3740 3741//3741
f 2849//2849 3664//3664 2848//2848
f 2849//2849 3663//3663 3664//3664
f 2770//2770 3741//3741 3742//3742
f 2770//2770 2771//2771 3741//3741
f 2850//2850 3663//3663 2849//2849
f 2850//2850 3662//3662 3663//3663
f 2769//2769 2770//2770 3742//3742
f 2769//2769 3742//3742 3743//3743
f 2851//2851 3662//3662 2850//2850
f 2851//2851 3661//3661 3662//3662
f 2768//2768 2769//2769 3743//3743
f 2768//2768 3743//3743 3744//3744
f 2852//2852 3661//3661 2851//2851
f 2852//2852 3660//3660 3661//3661
f 2767//2767 2768//2768 3744//3744
f 2767//2767 3744//3744 3745//3745
f 2853//2853 3660//3660 2852//2852
f 2853//2853 3659//3659 3660//3660
f 2766//2766 2767//2767 3745//3745
f 2766//2766 3745//3745 3746//3746
f 2854//2854 3659//3659 2853//2853
f 2854//2854 3658//3658 3659//3659
f 2765//2765 2766//2766 3746//3746
f 2765//2765 3746//3746 3747//3747
f 2855//2855 3657//3657 3658//3658
f 2855//2855 3658//3658 2854//2854
f 2764//2764 2765//2765 3747//3747
f 2764//2764 3747//3747 3748//3748
f 2764//2764 3748//3748 3749//3749
f 2856//2856 3656//3656 3657//3657
f 2856//2856 3657//3657 2855//2855
f 2763//2763 2764//2764 3749//3749
f 2857//2857 3655//3655 3656//3656
f 2857//2857 3656//3656 2856//2856
f 2762//2762 3749//3749 3750//3750
f 2762//2762 2763//2763 3749//3749
f 2858//2858 3654//3654 3655//3655
f 2858//2858 3655//3655 2857//2857
f 2761//2761 2762//2762 3750//3750
f 2761//2761 3750//3750 3751//3751
f 2859//2859 3654//3654 2858//2858
f 2859//2859 3653//3653 3654//3654
f 2760//2760 2761//2761 3751//3751
f 2760//2760 3751//3751 3752//3752
f 2860//2860 3653//3653 2859//2859
f 2860//2860 3652//3652 3653//3653
f 2759//2759 2760//2760 3752//3752
f 2759//2759 3752//3752 3753//3753
f 2861//2861 3652//3652 2860//2860
f 2861//2861 3651//3651 3652//3652
f 2758//2758 2759//2759 3753//3753
f 2758//2758 3753//3753 3754//3754
f 2862//2862 3651//3651 2861//2861
f 2862//2862 3650//3650 3651//3651
f 3755//3755 2758//2758 3754//3754
f 3755//3755 2757//2757 2758//2758
f 3649//3649 3650//3650 2862//2862
f 3649//3649 2862//2862 2863//2863
f 2864//2864 3649//3649 2863//2863
f 3756//3756 2756//2756 2757//2757
f 3756//3756 2757//2757 3755//3755
f 2755//2755 2756//2756 3756//3756
f 3648//3648 3649//3649 2864//2864
f 3757//3757 2755//2755 3756//3756
f 3647//3647 3648//3648 2864//2864
f 3647//3647 2864//2864 2865//2865
f 3647//3647 2865//2865 2866//2866
f 3758//3758 2754//2754 2755//2755
f 3758//3758 2755//2755 3757//3757
f 3646//3646 3647//3647 2866//2866
f 3759//3759 2752//2752 2753//2753
f 3759//3759 2753//2753 2754//2754
f 3759//3759 2754//2754 3758//3758
f 3645//3645 2866//2866 2867//2867
f 3645//3645 3646//3646 2866//2866
f 3760//3760 2751//2751 2752//2752
f 3760//3760 2752//2752 3759//3759
f 3644//3644 2867//2867 2868//2868
f 3644//3644 2868//2868 2869//2869
f 3644//3644 3645//3645 2867//2867
f 3761//3761 2751//2751 3760//3760
f 3643//3643 3644//3644 2869//2869
f 3762//3762 2751//2751 3761//3761
f 3762//3762 2750//2750 2751//2751
f 3642//3642 3643//3643 2869//2869
f 3642//3642 2869//2869 2870//2870
f 3763//3763 2750//2750 3762//3762
f 3763//3763 2748//2748 2749//2749
f 3763//3763 2749//2749 2750//2750
f 3641//3641 2870//2870 2871//2871
f 3641//3641 2871//2871 2872//2872
f 3641//3641 3642//3642 2870//2870
f 3764//3764 2748//2748 3763//3763
f 3640//3640 3641//3641 2872//2872
f 3765//3765 2746//2746 2747//2747
f 3765//3765 2747//2747 2748//2748
f 3765//3765 2748//2748 3764//3764
f 3639//3639 2872//2872 2873//2873
f 3639//3639 3640//3640 2872//2872
f 3766//3766 2746//2746 3765//3765
f 3638//3638 3639//3639 2873//2873
f 3638//3638 2873//2873 2874//2874
f 3767//3767 2745//2745 2746//2746
f 3767//3767 2746//2746 3766//3766
f 3637//3637 2874//2874 2875//2875
f 3637//3637 3638//3638 2874//2874
f 3768//3768 2743//2743 2744//2744
f 3768//3768 2744//2744 2745//2745
f 3768//3768 2745//2745 3767//3767
f 3636//3636 2875//2875 2876//2876
f 3636//3636 3637//3637 2875//2875
f 3769//3769 2743//2743 3768//3768
f 3635//3635 2876//2876 2877//2877
f 3635//3635 2877//2877 2878//2878
f 3635//3635 3636//3636 2876//2876
f 3770//3770 2743//2743 3769//3769
f 3770//3770 2741//2741 2742//2742
f 3770//3770 2742//2742 2743//2743
f 3634//3634 3635//3635 2878//2878
f 3771//3771 2741//2741 3770//3770
f 3633//3633 3634//3634 2878//2878
f 3633//3633 2878//2878 2879//2879
f 3772//3772 2740//2740 2741//2741
f 3772//3772 2741//2741 3771//3771
f 3632//3632 3633//3633 2879//2879
f 3632//3632 2879//2879 2880//2880
f 3773//3773 2739//2739 2740//2740
f 3773//3773 2740//2740 3772//3772
f 3631//3631 3632//3632 2880//2880
f 3631//3631 2880//2880 2881//2881
f 3631//3631 2881//2881 2882//2882
f 3774//3774 2737//2737 2738//2738
f 3774//3774 2738//2738 2739//2739
f 3774//3774 2739//2739 3773//3773
f 3630//3630 3631//3631 2882//2882
f 3775//3775 2737//2737 3774//3774
f 3629//3629 2882//2882 2883//2883
f 3629//3629 3630//3630 2882//2882
f 3776//3776 2736//2736 2737//2737
f 3776//3776 2737//2737 3775//3775
f 3628//3628 3629//3629 2883//2883
f 3628//3628 2883//2883 2884//2884
f 3628//3628 2884//2884 2885//2885
f 3777//3777 2736//2736 3776//3776
f 3777//3777 2734//2734 2735//2735
f 3777//3777 2735//2735 2736//2736
f 3627//3627 3628//3628 2885//2885
f 3778//3778 2734//2734 3777//3777
f 3626//3626 3627//3627 2885//2885
f 3626//3626 2885//2885 2886//2886
f 3779//3779 2732//2732 2733//2733
f 3779//3779 2733//2733 2734//2734
f 3779//3779 2734//2734 3778//3778
f 3625//3625 3626//3626 2886//2886
f 3625//3625 2886//2886 2887//2887
f 3780//3780 2731//2731 2732//2732
f 3780//3780 2732//2732 3779//3779
f 3624//3624 3625//3625 2887//2887
f 3624//3624 2887//2887 2888//2888
f 3571//3571 2731//2731 3780//3780
f 3623//3623 3624//3624 2888//2888
f 3623//3623 2888//2888 2889//2889
f 3623//3623 2889//2889 2890//2890
f 3572//3572 2939//2939 2940//2940
f 3572//3572 2940//2940 2731//2731
f 3572//3572 2731//2731 3571//3571
f 3622//3622 3623//3623 2890//2890
f 3573//3573 2939//2939 3572//3572
f 3621//3621 3622//3622 2890//2890
f 3621//3621 2890//2890 2891//2891
f 3621//3621 2891//2891 2892//2892
f 3574//3574 2938//2938 2939//2939
f 3574//3574 2939//2939 3573//3573
f 3620//3620 3621//3621 2892//2892
f 3575//3575 2937//2937 2938//2938
f 3575//3575 2938//2938 3574//3574
f 3619//3619 3620//3620 2892//2892
f 3619//3619 2892//2892 2893//2893
f 3619//3619 2893//2893 2894//2894
f 3576//3576 2935//2935 2936//2936
f 3576//3576 2936//2936 2937//2937
f 3576//3576 2937//2937 3575//3575
f 3618//3618 3619//3619 2894//2894
f 3577//3577 2934//2934 2935//2935
f 3577//3577 2935//2935 3576//3576
f 3617//3617 3618//3618 2894//2894
f 3617//3617 2894//2894 2895//2895
f 3578//3578 2933//2933 2934//2934
f 3578//3578 2934//2934 3577//3577
f 3616//3616 3617//3617 2895//2895
f 3616//3616 2895//2895 2896//2896
f 3579//3579 2933//2933 3578//3578
f 3615//3615 3616//3616 2896//2896
f 3615//3615 2896//2896 2897//2897
f 3580//3580 2932//2932 2933//2933
f 3580//3580 2933//2933 3579//3579
f 3614//3614 3615//3615 2897//2897
f 3614//3614 2897//2897 2898//2898
f 3581//3581 2930//2930 2931//2931
f 3581//3581 2931//2931 2932//2932
f 3581//3581 2932//2932 3580//3580
f 3613//3613 2898//2898 2899//2899
f 3613//3613 3614//3614 2898//2898
f 3582//3582 2929//2929 2930//2930
f 3582//3582 2930//2930 3581//3581
f 3612//3612 2899//2899 2900//2900
f 3612//3612 3613//3613 2899//2899
f 3583//3583 2928//2928 2929//2929
f 3583//3583 2929//2929 3582//3582
f 3611//3611 2900//2900 2901//2901
f 3611//3611 3612//3612 2900//2900
f 3584//3584 2927//2927 2928//2928
f 3584//3584 2928//2928 3583//3583
f 3610//3610 3611//3611 2901//2901
f 3610//3610 2901//2901 2902//2902
f 3585//3585 2926//2926 2927//2927
f 3585//3585 2927//2927 3584//3584
f 3609//3609 3610//3610 2902//2902
f 3609//3609 2902//2902 2903//2903
f 3586//3586 2925//2925 2926//2926
f 3586//3586 2926//2926 3585//3585
f 3608//3608 3609//3609 2903//2903
f 3608//3608 2903//2903 2904//2904
f 3587//3587 2925//2925 3586//3586
f 3607//3607 3608//3608 2904//2904
f 3607//3607 2904//2904 2905//2905
f 3588//3588 2924//2924 2925//2925
f 3588//3588 2925//2925 3587//3587
f 3588//3588 2923//2923 2924//2924
f 3606//3606 3607//3607 2905//2905
f 3606//3606 2905//2905 2906//2906
f 3589//3589 2923//2923 3588//3588
f 3589//3589 2922//2922 2923//2923
f 3605//3605 3606//3606 2906//2906
f 3605//3605 2906//2906 2907//2907
f 3590//3590 2922//2922 3589//3589
f 3590//3590 2921//2921 2922//2922
f 3604//3604 3605//3605 2907//2907
f 3604//3604 2907//2907 2908//2908
f 3591//3591 2921//2921 3590//3590
f 3603//3603 3604//3604 2908//2908
f 3603//3603 2908//2908 2909//2909
f 3592//3592 2921//2921 3591//3591
f 3592//3592 2919//2919 2920//2920
f 3592//3592 2920//2920 2921//2921
f 3602//3602 3603//3603 2909//2909
f 3602//3602 2909//2909 2910//2910
f 3602//3602 2910//2910 2911//2911
f 3593//3593 2919//2919 3592//3592
f 3601//3601 3602//3602 2911//2911
f 3594//3594 2919//2919 3593//3593
f 3594//3594 2918//2918 2919//2919
f 3600//3600 3601//3601 2911//2911
f 3600//3600 2911//2911 2912//2912
f 3595//3595 2918//2918 3594//3594
f 3595//3595 2916//2916 2917//2917
f 3595//3595 2917//2917 2918//2918
f 3599//3599 3600//3600 2912//2912
f 3599//3599 2912//2912 2913//2913
f 3596//3596 2916//2916 3595//3595
f 3596//3596 2915//2915 2916//2916
f 3598//3598 3599//3599 2913//2913
f 3598//3598 2913//2913 2914//2914
f 3598//3598 2914//2914 2915//2915
f 3597//3597 2915//2915 3596//3596
f 3597//3597 3598//3598 2915//2915
f 3020//3020 3912//3912 3913//3913
f 3019//3019 3913//3913 3914//3914
f 3019//3019 3020//3020 3913//3913
f 3021//3021 3912//3912 3020//3020
f 3021//3021 3911//3911 3912//3912
f 3018//3018 3914//3914 3915//3915
f 3018//3018 3019//3019 3914//3914
f 3022//3022 3911//3911 3021//3021
f 3022//3022 3910//3910 3911//3911
f 3017//3017 3915//3915 3916//3916
f 3017//3017 3018//3018 3915//3915
f 3023//3023 3910//3910 3022//3022
f 3023//3023 3909//3909 3910//3910
f 3016//3016 3916//3916 3917//3917
f 3016//3016 3017//3017 3916//3916
f 3024//3024 3908//3908 3909//3909
f 3024//3024 3909//3909 3023//3023
f 3015//3015 3016//3016 3917//3917
f 3025//3025 3908//3908 3024//3024
f 3025//3025 3907//3907 3908//3908
f 3014//3014 3917//3917 3918//3918
f 3014//3014 3015//3015 3917//3917
f 3026//3026 3907//3907 3025//3025
f 3026//3026 3906//3906 3907//3907
f 3013//3013 3918//3918 3919//3919
f 3013//3013 3919//3919 3920//3920
f 3013//3013 3014//3014 3918//3918
f 3027//3027 3905//3905 3906//3906
f 3027//3027 3906//3906 3026//3026
f 3012//3012 3013//3013 3920//3920
f 3028//3028 3904//3904 3905//3905
f 3028//3028 3905//3905 3027//3027
f 3011//3011 3012//3012 3920//3920
f 3011//3011 3920//3920 3921//3921
f 3029//3029 3904//3904 3028//3028
f 3029//3029 3903//3903 3904//3904
f 3010//3010 3921//3921 3922//3922
f 3010//3010 3922//3922 3923//3923
f 3010//3010 3011//3011 3921//3921
f 3030//3030 3902//3902 3903//3903
f 3030//3030 3903//3903 3029//3029
f 3009//3009 3010//3010 3923//3923
f 3031//3031 3901//3901 3902//3902
f 3031//3031 3902//3902 3030//3030
f 3008//3008 3923//3923 3924//3924
f 3008//3008 3924//3924 3925//3925
f 3008//3008 3009//3009 3923//3923
f 3032//3032 3900//3900 3901//3901
f 3032//3032 3901//3901 3031//3031
f 3007//3007 3925//3925 3926//3926
f 3007//3007 3008//3008 3925//3925
f 3033//3033 3899//3899 3900//3900
f 3033//3033 3900//3900 3032//3032
f 3006//3006 3007//3007 3926//3926
f 3034//3034 3898//3898 3899//3899
f 3034//3034 3899//3899 3033//3033
f 3005//3005 3006//3006 3926//3926
f 3005//3005 3926//3926 3927//3927
f 3035//3035 3897//3897 3898//3898
f 3035//3035 3898//3898 3034//3034
f 3004//3004 3005//3005 3927//3927
f 3004//3004 3927//3927 3928//3928
f 3036//3036 3896//3896 3897//3897
f 3036//3036 3897//3897 3035//3035
f 3003//3003 3004//3004 3928//3928
f 3003//3003 3928//3928 3929//3929
f 3003//3003 3929//3929 3930//3930
f 3037//3037 3896//3896 3036//3036
f 3037//3037 3895//3895 3896//3896
f 3002//3002 3003//3003 3930//3930
f 3038//3038 3894//3894 3895//3895
f 3038//3038 3895//3895 3037//3037
f 3001//3001 3002//3002 3930//3930
f 3001//3001 3930//3930 3931//3931
f 3039//3039 3893//3893 3894//3894
f 3039//3039 3894//3894 3038//3038
f 3000//3000 3001//3001 3931//3931
f 3000//3000 3931//3931 3932//3932
f 3000//3000 3932//3932 3933//3933
f 3040//3040 3892//3892 3893//3893
f 3040//3040 3893//3893 3039//3039
f 2999//2999 3000//3000 3933//3933
f 3041//3041 3891//3891 3892//3892
f 3041//3041 3892//3892 3040//3040
f 2998//2998 2999//2999 3933//3933
f 2998//2998 3933//3933 3934//3934
f 3042//3042 3890//3890 3891//3891
f 3042//3042 3891//3891 3041//3041
f 2997//2997 2998//2998 3934//3934
f 2997//2997 3934//3934 3935//3935
f 3043//3043 3889//3889 3890//3890
f 3043//3043 3890//3890 3042//3042
f 2996//2996 3935//3935 3936//3936
f 2996//2996 2997//2997 3935//3935
f 3044//3044 3888//3888 3889//3889
f 3044//3044 3889//3889 3043//3043
f 2995//2995 3936//3936 3937//3937
f 2995//2995 2996//2996 3936//3936
f 3045//3045 3887//3887 3888//3888
f 3045//3045 3888//3888 3044//3044
f 2994//2994 3937//3937 3938//3938
f 2994//2994 2995//2995 3937//3937
f 3046//3046 3886//3886 3887//3887
f 3046//3046 3887//3887 3045//3045
f 2993//2993 2994//2994 3938//3938
f 2993//2993 3938//3938 3939//3939
f 3047//3047 3885//3885 3886//3886
f 3047//3047 3886//3886 3046//3046
f 2992//2992 3939//3939 3940//3940
f 2992//2992 3940//3940 3941//3941
f 2992//2992 2993//2993 3939//3939
f 3048//3048 3884//3884 3885//3885
f 3048//3048 3885//3885 3047//3047
f 2991//2991 2992//2992 3941//3941
f 3049//3049 3883//3883 3884//3884
f 3049//3049 3884//3884 3048//3048
f 2990//2990 2991//2991 3941//3941
f 2990//2990 3941//3941 3942//3942
f 3050//3050 3882//3882 3883//3883
f 3050//3050 3883//3883 3049//3049
f 2989//2989 3942//3942 3943//3943
f 2989//2989 2990//2990 3942//3942
f 3051//3051 3882//3882 3050//3050
f 3051//3051 3881//3881 3882//3882
f 2988//2988 2989//2989 3943//3943
f 2988//2988 3943//3943 3944//3944
f 3052//3052 3881//3881 3051//3051
f 3052//3052 3880//3880 3881//3881
f 2987//2987 2988//2988 3944//3944
f 2987//2987 3944//3944 3945//3945
f 3053//3053 3880//3880 3052//3052
f 3053//3053 3879//3879 3880//3880
f 2986//2986 2987//2987 3945//3945
f 2986//2986 3945//3945 3946//3946
f 3054//3054 3879//3879 3053//3053
f 3054//3054 3878//3878 3879//3879
f 2985//2985 2986//2986 3946//3946
f 2985//2985 3946//3946 3947//3947
f 3055//3055 3878//3878 3054//3054
f 3055//3055 3877//3877 3878//3878
f 2984//2984 2985//2985 3947//3947
f 2984//2984 3947//3947 3948//3948
f 3056//3056 3877//3877 3055//3055
f 3056//3056 3876//3876 3877//3877
f 2983//2983 2984//2984 3948//3948
f 2983//2983 3948//3948 3949//3949
f 3057//3057 3876//3876 3056//3056
f 3057//3057 3875//3875 3876//3876
f 2982//2982 2983//2983 3949//3949
f 2982//2982 3949//3949 3950//3950
f 3058//3058 3875//3875 3057//3057
f 3058//3058 3874//3874 3875//3875
f 2981//2981 3950//3950 3951//3951
f 2981//2981 2982//2982 3950//3950
f 3059//3059 3874//3874 3058//3058
f 3059//3059 3873//3873 3874//3874
f 2980//2980 3951//3951 3952//3952
f 2980//2980 2981//2981 3951//3951
f 3060//3060 3873//3873 3059//3059
f 3060//3060 3872//3872 3873//3873
f 2979//2979 2980//2980 3952//3952
f 2979//2979 3952//3952 3953//3953
f 3061//3061 3872//3872 3060//3060
f 3061//3061 3871//3871 3872//3872
f 2978//2978 2979//2979 3953//3953
f 2978//2978 3953//3953 3954//3954
f 3062//3062 3871//3871 3061//3061
f 3062//3062 3870//3870 3871//3871
f 2977//2977 2978//2978 3954//3954
f 2977//2977 3954//3954 3955//3955
f 3063//3063 3870//3870 3062//3062
f 3063//3063 3869//3869 3870//3870
f 2976//2976 2977//2977 3955//3955
f 2976//2976 3955//3955 3956//3956
f 3064//3064 3869//3869 3063//3063
f 3064//3064 3868//3868 3869//3869
f 2975//2975 2976//2976 3956//3956
f 2975//2975 3956//3956 3957//3957
f 3065//3065 3867//3867 3868//3868
f 3065//3065 3868//3868 3064//3064
f 2974//2974 2975//2975 3957//3957
f 2974//2974 3957//3957 3958//3958
f 3066//3066 3866//3866 3867//3867
f 3066//3066 3867//3867 3065//3065
f 2973//2973 3958//3958 3959//3959
f 2973//2973 2974//2974 3958//3958
f 3067//3067 3866//3866 3066//3066
f 3067//3067 3865//3865 3866//3866
f 2972//2972 3959//3959 3960//3960
f 2972//2972 2973//2973 3959//3959
f 3068//3068 3865//3865 3067//3067
f 3068//3068 3864//3864 3865//3865
f 2971//2971 3960//3960 3961//3961
f 2971//2971 2972//2972 3960//3960
f 3069//3069 3864//3864 3068//3068
f 3069//3069 3863//3863 3864//3864
f 2970//2970 2971//2971 3961//3961
f 2970//2970 3961//3961 3962//3962
f 3070//3070 3863//3863 3069//3069
f 3070//3070 3862//3862 3863//3863
f 2969//2969 2970//2970 3962//3962
f 2969//2969 3962//3962 3963//3963
f 3071//3071 3861//3861 3862//3862
f 3071//3071 3862//3862 3070//3070
f 2968//2968 2969//2969 3963//3963
f 2968//2968 3963//3963 3964//3964
f 3072//3072 3861//3861 3071//3071
f 3072//3072 3860//3860 3861//3861
f 3965//3965 2968//2968 3964//3964
f 3965//3965 2967//2967 2968//2968
f 3073//3073 3860//3860 3072//3072
f 3859//3859 3860//3860 3073//3073
f 3966//3966 2967//2967 3965//3965
f 3966//3966 2966//2966 2967//2967
f 2965//2965 2966//2966 3966//3966
f 3858//3858 3073//3073 3074//3074
f 3858//3858 3074//3074 3075//3075
f 3858//3858 3859//3859 3073//3073
f 3967//3967 2965//2965 3966//3966
f 3857//3857 3858//3858 3075//3075
f 3968//3968 2964//2964 2965//2965
f 3968//3968 2965//2965 3967//3967
f 3856//3856 3075//3075 3076//3076
f 3856//3856 3857//3857 3075//3075
f 3969//3969 2963//2963 2964//2964
f 3969//3969 2964//2964 3968//3968
f 3855//3855 3076//3076 3077//3077
f 3855//3855 3077//3077 3078//3078
f 3855//3855 3856//3856 3076//3076
f 3970//3970 2961//2961 2962//2962
f 3970//3970 2962//2962 2963//2963
f 3970//3970 2963//2963 3969//3969
f 3854//3854 3855//3855 3078//3078
f 3971//3971 2960//2960 2961//2961
f 3971//3971 2961//2961 3970//3970
f 3853//3853 3078//3078 3079//3079
f 3853//3853 3079//3079 3080//3080
f 3853//3853 3854//3854 3078//3078
f 3972//3972 2960//2960 3971//3971
f 3852//3852 3080//3080 3081//3081
f 3852//3852 3853//3853 3080//3080
f 3973//3973 2960//2960 3972//3972
f 3973//3973 2958//2958 2959//2959
f 3973//3973 2959//2959 2960//2960
f 3851//3851 3852//3852 3081//3081
f 3974//3974 2958//2958 3973//3973
f 3850//3850 3851//3851 3081//3081
f 3850//3850 3081//3081 3082//3082
f 3975//3975 2957//2957 2958//2958
f 3975//3975 2958//2958 3974//3974
f 3849//3849 3850//3850 3082//3082
f 3849//3849 3082//3082 3083//3083
f 3976//3976 2955//2955 2956//2956
f 3976//3976 2956//2956 2957//2957
f 3976//3976 2957//2957 3975//3975
f 3848//3848 3849//3849 3083//3083
f 3848//3848 3083//3083 3084//3084
f 3977//3977 2955//2955 3976//3976
f 3847//3847 3084//3084 3085//3085
f 3847//3847 3848//3848 3084//3084
f 3978//3978 2954//2954 2955//2955
f 3978//3978 2955//2955 3977//3977
f 3846//3846 3085//3085 3086//3086
f 3846//3846 3086//3086 3087//3087
f 3846//3846 3847//3847 3085//3085
f 3979//3979 2953//2953 2954//2954
f 3979//3979 2954//2954 3978//3978
f 3845//3845 3087//3087 3088//3088
f 3845//3845 3846//3846 3087//3087
f 3980//3980 2953//2953 3979//3979
f 3980//3980 2952//2952 2953//2953
f 3844//3844 3088//3088 3089//3089
f 3844//3844 3845//3845 3088//3088
f 3981//3981 2952//2952 3980//3980
f 3981//3981 2951//2951 2952//2952
f 3843//3843 3844//3844 3089//3089
f 3982//3982 2950//2950 2951//2951
f 3982//3982 2951//2951 3981//3981
f 3842//3842 3089//3089 3090//3090
f 3842//3842 3843//3843 3089//3089
f 3983//3983 2948//2948 2949//2949
f 3983//3983 2949//2949 2950//2950
f 3983//3983 2950//2950 3982//3982
f 3841//3841 3842//3842 3090//3090
f 3841//3841 3090//3090 3091//3091
f 3984//3984 2948//2948 3983//3983
f 3840//3840 3091//3091 3092//3092
f 3840//3840 3841//3841 3091//3091
f 3985//3985 2947//2947 2948//2948
f 3985//3985 2948//2948 3984//3984
f 3839//3839 3092//3092 3093//3093
f 3839//3839 3840//3840 3092//3092
f 3986//3986 2946//2946 2947//2947
f 3986//3986 2947//2947 3985//3985
f 3838//3838 3839//3839 3093//3093
f 3838//3838 3093//3093 3094//3094
f 3987//3987 2946//2946 3986//3986
f 3987//3987 2945//2945 2946//2946
f 3837//3837 3094//3094 3095//3095
f 3837//3837 3095//3095 3096//3096
f 3837//3837 3838//3838 3094//3094
f 3988//3988 2943//2943 2944//2944
f 3988//3988 2944//2944 2945//2945
f 3988//3988 2945//2945 3987//3987
f 3836//3836 3837//3837 3096//3096
f 3989//3989 2942//2942 2943//2943
f 3989//3989 2943//2943 3988//3988
f 3835//3835 3836//3836 3096//3096
f 3835//3835 3096//3096 3097//3097
f 3835//3835 3097//3097 3098//3098
f 3990//3990 2942//2942 3989//3989
f 3834//3834 3835//3835 3098//3098
f 3781//3781 2941//2941 2942//2942
f 3781//3781 2942//2942 3990//3990
f 3833//3833 3834//3834 3098//3098
f 3833//3833 3098//3098 3099//3099
f 3782//3782 3149//3149 3150//3150
f 3782//3782 3150//3150 2941//2941
f 3782//3782 2941//2941 3781//3781
f 3832//3832 3833//3833 3099//3099
f 3832//3832 3099//3099 3100//3100
f 3783//3783 3149//3149 3782//3782
f 3783//3783 3148//3148 3149//3149
f 3831//3831 3832//3832 3100//3100
f 3831//3831 3100//3100 3101//3101
f 3784//3784 3147//3147 3148//3148
f 3784//3784 3148//3148 3783//3783
f 3830//3830 3831//3831 3101//3101
f 3830//3830 3101//3101 3102//3102
f 3785//3785 3147//3147 3784//3784
f 3829//3829 3830//3830 3102//3102
f 3829//3829 3102//3102 3103//3103
f 3829//3829 3103//3103 3104//3104
f 3786//3786 3145//3145 3146//3146
f 3786//3786 3146//3146 3147//3147
f 3786//3786 3147//3147 3785//3785
f 3828//3828 3829//3829 3104//3104
f 3787//3787 3144//3144 3145//3145
f 3787//3787 3145//3145 3786//3786
f 3827//3827 3828//3828 3104//3104
f 3827//3827 3104//3104 3105//3105
f 3788//3788 3144//3144 3787//3787
f 3826//3826 3827//3827 3105//3105
f 3826//3826 3105//3105 3106//3106
f 3826//3826 3106//3106 3107//3107
f 3789//3789 3143//3143 3144//3144
f 3789//3789 3144//3144 3788//3788
f 3825//3825 3826//3826 3107//3107
f 3790//3790 3141//3141 3142//3142
f 3790//3790 3142//3142 3143//3143
f 3790//3790 3143//3143 3789//3789
f 3824//3824 3107//3107 3108//3108
f 3824//3824 3825//3825 3107//3107
f 3791//3791 3140//3140 3141//3141
f 3791//3791 3141//3141 3790//3790
f 3823//3823 3108//3108 3109//3109
f 3823//3823 3109//3109 3110//3110
f 3823//3823 3824//3824 3108//3108
f 3792//3792 3140//3140 3791//3791
f 3792//3792 3139//3139 3140//3140
f 3822//3822 3823//3823 3110//3110
f 3793//3793 3138//3138 3139//3139
f 3793//3793 3139//3139 3792//3792
f 3821//3821 3822//3822 3110//3110
f 3821//3821 3110//3110 3111//3111
f 3794//3794 3137//3137 3138//3138
f 3794//3794 3138//3138 3793//3793
f 3820//3820 3821//3821 3111//3111
f 3820//3820 3111//3111 3112//3112
f 3795//3795 3137//3137 3794//3794
f 3819//3819 3112//3112 3113//3113
f 3819//3819 3113//3113 3114//3114
f 3819//3819 3820//3820 3112//3112
f 3796//3796 3135//3135 3136//3136
f 3796//3796 3136//3136 3137//3137
f 3796//3796 3137//3137 3795//3795
f 3818//3818 3819//3819 3114//3114
f 3818//3818 3114//3114 3115//3115
f 3797//3797 3134//3134 3135//3135
f 3797//3797 3135//3135 3796//3796
f 3817//3817 3818//3818 3115//3115
f 3798//3798 3134//3134 3797//3797
f 3798//3798 3133//3133 3134//3134
f 3816//3816 3817//3817 3115//3115
f 3816//3816 3115//3115 3116//3116
f 3799//3799 3133//3133 3798//3798
f 3815//3815 3816//3816 3116//3116
f 3815//3815 3116//3116 3117//3117
f 3800//3800 3133//3133 3799//3799
f 3800//3800 3132//3132 3133//3133
f 3814//3814 3815//3815 3117//3117
f 3814//3814 3117//3117 3118//3118
f 3801//3801 3132//3132 3800//3800
f 3801//3801 3131//3131 3132//3132
f 3813//3813 3814//3814 3118//3118
f 3813//3813 3118//3118 3119//3119
f 3802//3802 3131//3131 3801//3801
f 3802//3802 3129//3129 3130//3130
f 3802//3802 3130//3130 3131//3131
f 3812//3812 3119//3119 3120//3120
f 3812//3812 3120//3120 3121//3121
f 3812//3812 3813//3813 3119//3119
f 3803//3803 3129//3129 3802//3802
f 3811//3811 3812//3812 3121//3121
f 3811//3811 3121//3121 3122//3122
f 3804//3804 3129//3129 3803//3803
f 3804//3804 3128//3128 3129//3129
f 3810//3810 3811//3811 3122//3122
f 3805//3805 3128//3128 3804//3804
f 3805//3805 3126//3126 3127//3127
f 3805//3805 3127//3127 3128//3128
f 3809//3809 3810//3810 3122//3122
f 3809//3809 3122//3122 3123//3123
f 3806//3806 3126//3126 3805//3805
f 3808//3808 3809//3809 3123//3123
f 3808//3808 3123//3123 3124//3124
f 3808//3808 3124//3124 3125//3125
f 3807//3807 3126//3126 3806//3806
f 3807//3807 3808//3808 3125//3125
f 3807//3807 3125//3125 3126//3126
f 3230//3230 4122//4122 4123//4123
f 3229//3229 4123//4123 4124//4124
f 3229//3229 3230//3230 4123//4123
f 3231//3231 4121//4121 4122//4122
f 3231//3231 4122//4122 3230//3230
f 3228//3228 3229//3229 4124//4124
f 3232//3232 4120//4120 4121//4121
f 3232//3232 4121//4121 3231//3231
f 3227//3227 4124//4124 4125//4125
f 3227//3227 4125//4125 4126//4126
f 3227//3227 3228//3228 4124//4124
f 3233//3233 4119//4119 4120//4120
f 3233//3233 4120//4120 3232//3232
f 3226//3226 3227//3227 4126//4126
f 3234//3234 4118//4118 4119//4119
f 3234//3234 4119//4119 3233//3233
f 3225//3225 4126//4126 4127//4127
f 3225//3225 4127//4127 4128//4128
f 3225//3225 3226//3226 4126//4126
f 3235//3235 4118//4118 3234//3234
f 3235//3235 4117//4117 4118//4118
f 3224//3224 3225//3225 4128//4128
f 3224//3224 4128//4128 4129//4129
f 3236//3236 4116//4116 4117//4117
f 3236//3236 4117//4117 3235//3235
f 3223//3223 3224//3224 4129//4129
f 3237//3237 4115//4115 4116//4116
f 3237//3237 4116//4116 3236//3236
f 3222//3222 4129//4129 4130//4130
f 3222//3222 3223//3223 4129//4129
f 3238//3238 4114//4114 4115//4115
f 3238//3238 4115//4115 3237//3237
f 3221//3221 4130//4130 4131//4131
f 3221//3221 4131//4131 4132//4132
f 3221//3221 3222//3222 4130//4130
f 3239//3239 4114//4114 3238//3238
f 3239//3239 4113//4113 4114//4114
f 3220//3220 4132//4132 4133//4133
f 3220//3220 3221//3221 4132//4132
f 3240//3240 4113//4113 3239//3239
f 3240//3240 4112//4112 4113//4113
f 3219//3219 4133//4133 4134//4134
f 3219//3219 3220//3220 4133//4133
f 3241//3241 4111//4111 4112//4112
f 3241//3241 4112//4112 3240//3240
f 3218//3218 4134//4134 4135//4135
f 3218//3218 3219//3219 4134//4134
f 3242//3242 4111//4111 3241//3241
f 3242//3242 4110//4110 4111//4111
f 3217//3217 3218//3218 4135//4135
f 3217//3217 4135//4135 4136//4136
f 3243//3243 4109//4109 4110//4110
f 3243//3243 4110//4110 3242//3242
f 3216//3216 3217//3217 4136//4136
f 3244//3244 4108//4108 4109//4109
f 3244//3244 4109//4109 3243//3243
f 3215//3215 4136//4136 4137//4137
f 3215//3215 3216//3216 4136//4136
f 3245//3245 4107//4107 4108//4108
f 3245//3245 4108//4108 3244//3244
f 3214//3214 3215//3215 4137//4137
f 3214//3214 4137//4137 4138//4138
f 3214//3214 4138//4138 4139//4139
f 3246//3246 4106//4106 4107//4107
f 3246//3246 4107//4107 3245//3245
f 3213//3213 3214//3214 4139//4139
f 3247//3247 4106//4106 3246//3246
f 3247//3247 4105//4105 4106//4106
f 3212//3212 3213//3213 4139//4139
f 3212//3212 4139//4139 4140//4140
f 3212//3212 4140//4140 4141//4141
f 3248//3248 4104//4104 4105//4105
f 3248//3248 4105//4105 3247//3247
f 3211//3211 3212//3212 4141//4141
f 3249//3249 4103//4103 4104//4104
f 3249//3249 4104//4104 3248//3248
f 3210//3210 3211//3211 4141//4141
f 3210//3210 4141//4141 4142//4142
f 3210//3210 4142//4142 4143//4143
f 3250//3250 4102//4102 4103//4103
f 3250//3250 4103//4103 3249//3249
f 3209//3209 3210//3210 4143//4143
f 3251//3251 4101//4101 4102//4102
f 3251//3251 4102//4102 3250//3250
f 3208//3208 4143//4143 4144//4144
f 3208//3208 3209//3209 4143//4143
f 3252//3252 4100//4100 4101//4101
f 3252//3252 4101//4101 3251//3251
f 3207//3207 3208//3208 4144//4144
f 3207//3207 4144//4144 4145//4145
f 3253//3253 4099//4099 4100//4100
f 3253//3253 4100//4100 3252//3252
f 3206//3206 3207//3207 4145//4145
f 3206//3206 4145//4145 4146//4146
f 3254//3254 4098//4098 4099//4099
f 3254//3254 4099//4099 3253//3253
f 3205//3205 4146//4146 4147//4147
f 3205//3205 3206//3206 4146//4146
f 3255//3255 4097//4097 4098//4098
f 3255//3255 4098//4098 3254//3254
f 3204//3204 3205//3205 4147//4147
f 3204//3204 4147//4147 4148//4148
f 3256//3256 4096//4096 4097//4097
f 3256//3256 4097//4097 3255//3255
f 3203//3203 4148//4148 4149//4149
f 3203//3203 3204//3204 4148//4148
f 3257//3257 4095//4095 4096//4096
f 3257//3257 4096//4096 3256//3256
f 3202//3202 4149//4149 4150//4150
f 3202//3202 3203//3203 4149//4149
f 3258//3258 4094//4094 4095//4095
f 3258//3258 4095//4095 3257//3257
f 3201//3201 4150//4150 4151//4151
f 3201//3201 3202//3202 4150//4150
f 3259//3259 4093//4093 4094//4094
f 3259//3259 4094//4094 3258//3258
f 3200//3200 4151//4151 4152//4152
f 3200//3200 3201//3201 4151//4151
f 3260//3260 4092//4092 4093//4093
f 3260//3260 4093//4093 3259//3259
f 3199//3199 4152//4152 4153//4153
f 3199//3199 3200//3200 4152//4152
f 3261//3261 4091//4091 4092//4092
f 3261//3261 4092//4092 3260//3260
f 3198//3198 4153//4153 4154//4154
f 3198//3198 3199//3199 4153//4153
f 3262//3262 4091//4091 3261//3261
f 3262//3262 4090//4090 4091//4091
f 3197//3197 3198//3198 4154//4154
f 3197//3197 4154//4154 4155//4155
f 3263//3263 4090//4090 3262//3262
f 3263//3263 4089//4089 4090//4090
f 3196//3196 3197//3197 4155//4155
f 3196//3196 4155//4155 4156//4156
f 3264//3264 4089//4089 3263//3263
f 3264//3264 4088//4088 4089//4089
f 3195//3195 3196//3196 4156//4156
f 3195//3195 4156//4156 4157//4157
f 3265//3265 4088//4088 3264//3264
f 3265//3265 4087//4087 4088//4088
f 3194//3194 3195//3195 4157//4157
f 3194//3194 4157//4157 4158//4158
f 3266//3266 4087//4087 3265//3265
f 3266//3266 4086//4086 4087//4087
f 3193//3193 4158//4158 4159//4159
f 3193//3193 3194//3194 4158//4158
f 3193//3193 4159//4159 4160//4160
f 3267//3267 4086//4086 3266//3266
f 3267//3267 4085//4085 4086//4086
f 3192//3192 3193//3193 4160//4160
f 3268//3268 4085//4085 3267//3267
f 3268//3268 4084//4084 4085//4085
f 3191//3191 3192//3192 4160//4160
f 3191//3191 4160//4160 4161//4161
f 3269//3269 4084//4084 3268//3268
f 3269//3269 4083//4083 4084//4084
f 3190//3190 3191//3191 4161//4161
f 3190//3190 4161//4161 4162//4162
f 3270//3270 4083//4083 3269//3269
f 3270//3270 4082//4082 4083//4083
f 3189//3189 3190//3190 4162//4162
f 3189//3189 4162//4162 4163//4163
f 3271//3271 4082//4082 3270//3270
f 3271//3271 4081//4081 4082//4082
f 3188//3188 3189//3189 4163//4163
f 3188//3188 4163//4163 4164//4164
f 3272//3272 4081//4081 3271//3271
f 3272//3272 4080//4080 4081//4081
f 3187//3187 3188//3188 4164//4164
f 3187//3187 4164//4164 4165//4165
f 3273//3273 4080//4080 3272//3272
f 3273//3273 4078//4078 4079//4079
f 3273//3273 4079//4079 4080//4080
f 3186//3186 3187//3187 4165//4165
f 3186//3186 4165//4165 4166//4166
f 3274//3274 4078//4078 3273//3273
f 3185//3185 3186//3186 4166//4166
f 3185//3185 4166//4166 4167//4167
f 3275//3275 4078//4078 3274//3274
f 3275//3275 4077//4077 4078//4078
f 3184//3184 3185//3185 4167//4167
f 3184//3184 4167//4167 4168//4168
f 3276//3276 4076//4076 4077//4077
f 3276//3276 4077//4077 3275//3275
f 3183//3183 3184//3184 4168//4168
f 3183//3183 4168//4168 4169//4169
f 3277//3277 4076//4076 3276//3276
f 3277//3277 4075//4075 4076//4076
f 3182//3182 3183//3183 4169//4169
f 3182//3182 4169//4169 4170//4170
f 3278//3278 4075//4075 3277//3277
f 3278//3278 4074//4074 4075//4075
f 3181//3181 4170//4170 4171//4171
f 3181//3181 3182//3182 4170//4170
f 3279//3279 4074//4074 3278//3278
f 3279//3279 4073//4073 4074//4074
f 3180//3180 3181//3181 4171//4171
f 3180//3180 4171//4171 4172//4172
f 3280//3280 4073//4073 3279//3279
f 3280//3280 4072//4072 4073//4073
f 3179//3179 3180//3180 4172//4172
f 3179//3179 4172//4172 4173//4173
f 3281//3281 4072//4072 3280//3280
f 3281//3281 4071//4071 4072//4072
f 3178//3178 3179//3179 4173//4173
f 3178//3178 4173//4173 4174//4174
f 3282//3282 4071//4071 3281//3281
f 3282//3282 4070//4070 4071//4071
f 4175//4175 3178//3178 4174//4174
f 4175//4175 3177//3177 3178//3178
f 3176//3176 3177//3177 4175//4175
f 4069//4069 4070//4070 3282//3282
f 4069//4069 3282//3282 3283//3283
f 4176//4176 3176//3176 4175//4175
f 3175//3175 3176//3176 4176//4176
f 4068//4068 3283//3283 3284//3284
f 4068//4068 4069//4069 3283//3283
f 4177//4177 3175//3175 4176//4176
f 4067//4067 4068//4068 3284//3284
f 4067//4067 3284//3284 3285//3285
f 4178//4178 3174//3174 3175//3175
f 4178//4178 3175//3175 4177//4177
f 4066//4066 3285//3285 3286//3286
f 4066//4066 4067//4067 3285//3285
f 4179//4179 3172//3172 3173//3173
f 4179//4179 3173//3173 3174//3174
f 4179//4179 3174//3174 4178//4178
f 4065//4065 3286//3286 3287//3287
f 4065//4065 4066//4066 3286//3286
f 4180//4180 3172//3172 4179//4179
f 4064//4064 3287//3287 3288//3288
f 4064//4064 3288//3288 3289//3289
f 4064//4064 4065//4065 3287//3287
f 4181//4181 3171//3171 3172//3172
f 4181//4181 3172//3172 4180//4180
f 4063//4063 3289//3289 3290//3290
f 4063//4063 4064//4064 3289//3289
f 4182//4182 3171//3171 4181//4181
f 4182//4182 3170//3170 3171//3171
f 4062//4062 4063//4063 3290//3290
f 4062//4062 3290//3290 3291//3291
f 4183//4183 3170//3170 4182//4182
f 4183//4183 3169//3169 3170//3170
f 4061//4061 4062//4062 3291//3291
f 4184//4184 3168//3168 3169//3169
f 4184//4184 3169//3169 4183//4183
f 4060//4060 4061//4061 3291//3291
f 4060//4060 3291//3291 3292//3292
f 4185//4185 3167//3167 3168//3168
f 4185//4185 3168//3168 4184//4184
f 4059//4059 4060//4060 3292//3292
f 4059//4059 3292//3292 3293//3293
f 4186//4186 3165//3165 3166//3166
f 4186//4186 3166//3166 3167//3167
f 4186//4186 3167//3167 4185//4185
f 4058//4058 4059//4059 3293//3293
f 4058//4058 3293//3293 3294//3294
f 4187//4187 3164//3164 3165//3165
f 4187//4187 3165//3165 4186//4186
f 4057//4057 4058//4058 3294//3294
f 4057//4057 3294//3294 3295//3295
f 4188//4188 3164//3164 4187//4187
f 4056//4056 3295//3295 3296//3296
f 4056//4056 4057//4057 3295//3295
f 4189//4189 3163//3163 3164//3164
f 4189//4189 3164//3164 4188//4188
f 4055//4055 3296//3296 3297//3297
f 4055//4055 3297//3297 3298//3298
f 4055//4055 4056//4056 3296//3296
f 4190//4190 3163//3163 4189//4189
f 4190//4190 3161//3161 3162//3162
f 4190//4190 3162//3162 3163//3163
f 4054//4054 4055//4055 3298//3298
f 4191//4191 3161//3161 4190//4190
f 4053//4053 4054//4054 3298//3298
f 4053//4053 3298//3298 3299//3299
f 4192//4192 3160//3160 3161//3161
f 4192//4192 3161//3161 4191//4191
f 4052//4052 4053//4053 3299//3299
f 4052//4052 3299//3299 3300//3300
f 4193//4193 3159//3159 3160//3160
f 4193//4193 3160//3160 4192//4192
f 4051//4051 4052//4052 3300//3300
f 4051//4051 3300//3300 3301//3301
f 4194//4194 3157//3157 3158//3158
f 4194//4194 3158//3158 3159//3159
f 4194//4194 3159//3159 4193//4193
f 4050//4050 3301//3301 3302//3302
f 4050//4050 3302//3302 3303//3303
f 4050//4050 4051//4051 3301//3301
f 4195//4195 3156//3156 3157//3157
f 4195//4195 3157//3157 4194//4194
f 4049//4049 4050//4050 3303//3303
f 4196//4196 3156//3156 4195//4195
f 4048//4048 4049//4049 3303//3303
f 4048//4048 3303//3303 3304//3304
f 4048//4048 3304//3304 3305//3305
f 4197//4197 3154//3154 3155//3155
f 4197//4197 3155//3155 3156//3156
f 4197//4197 3156//3156 4196//4196
f 4047//4047 3305//3305 3306//3306
f 4047//4047 4048//4048 3305//3305
f 4198//4198 3154//3154 4197//4197
f 4046//4046 4047//4047 3306//3306
f 4199//4199 3153//3153 3154//3154
f 4199//4199 3154//3154 4198//4198
f 4045//4045 4046//4046 3306//3306
f 4045//4045 3306//3306 3307//3307
f 4045//4045 3307//3307 3308//3308
f 4200//4200 3151//3151 3152//3152
f 4200//4200 3152//3152 3153//3153
f 4200//4200 3153//3153 4199//4199
f 4044//4044 4045//4045 3308//3308
f 4044//4044 3308//3308 3309//3309
f 3991//3991 3151//3151 4200//4200
f 4043//4043 4044//4044 3309//3309
f 3992//3992 3359//3359 3360//3360
f 3992//3992 3360//3360 3151//3151
f 3992//3992 3151//3151 3991//3991
f 4042//4042 4043//4043 3309//3309
f 4042//4042 3309//3309 3310//3310
f 4042//4042 3310//3310 3311//3311
f 3993//3993 3359//3359 3992//3992
f 3993//3993 3358//3358 3359//3359
f 4041//4041 4042//4042 3311//3311
f 3994//3994 3358//3358 3993//3993
f 4040//4040 4041//4041 3311//3311
f 4040//4040 3311//3311 3312//3312
f 3995//3995 3357//3357 3358//3358
f 3995//3995 3358//3358 3994//3994
f 4039//4039 4040//4040 3312//3312
f 4039//4039 3312//3312 3313//3313
f 4039//4039 3313//3313 3314//3314
f 3996//3996 3356//3356 3357//3357
f 3996//3996 3357//3357 3995//3995
f 4038//4038 4039//4039 3314//3314
f 3997//3997 3354//3354 3355//3355
f 3997//3997 3355//3355 3356//3356
f 3997//3997 3356//3356 3996//3996
f 4037//4037 4038//4038 3314//3314
f 4037//4037 3314//3314 3315//3315
f 3998//3998 3354//3354 3997//3997
f 4036//4036 4037//4037 3315//3315
f 4036//4036 3315//3315 3316//3316
f 4036//4036 3316//3316 3317//3317
f 3999//3999 3352//3352 3353//3353
f 3999//3999 3353//3353 3354//3354
f 3999//3999 3354//3354 3998//3998
f 4035//4035 4036//4036 3317//3317
f 4000//4000 3351//3351 3352//3352
f 4000//4000 3352//3352 3999//3999
f 4034//4034 3317//3317 3318//3318
f 4034//4034 4035//4035 3317//3317
f 4001//4001 3351//3351 4000//4000
f 4033//4033 3318//3318 3319//3319
f 4033//4033 4034//4034 3318//3318
f 4002//4002 3350//3350 3351//3351
f 4002//4002 3351//3351 4001//4001
f 4032//4032 3319//3319 3320//3320
f 4032//4032 4033//4033 3319//3319
f 4003//4003 3348//3348 3349//3349
f 4003//4003 3349//3349 3350//3350
f 4003//4003 3350//3350 4002//4002
f 4031//4031 3320//3320 3321//3321
f 4031//4031 3321//3321 3322//3322
f 4031//4031 4032//4032 3320//3320
f 4004//4004 3348//3348 4003//4003
f 4030//4030 4031//4031 3322//3322
f 4005//4005 3347//3347 3348//3348
f 4005//4005 3348//3348 4004//4004
f 4029//4029 3322//3322 3323//3323
f 4029//4029 4030//4030 3322//3322
f 4006//4006 3345//3345 3346//3346
f 4006//4006 3346//3346 3347//3347
f 4006//4006 3347//3347 4005//4005
f 4028//4028 4029//4029 3323//3323
f 4028//4028 3323//3323 3324//3324
f 4007//4007 3345//3345 4006//4006
f 4027//4027 3324//3324 3325//3325
f 4027//4027 3325//3325 3326//3326
f 4027//4027 4028//4028 3324//3324
f 4008//4008 3344//3344 3345//3345
f 4008//4008 3345//3345 4007//4007
f 4008//4008 3343//3343 3344//3344
f 4026//4026 4027//4027 3326//3326
f 4009//4009 3343//3343 4008//4008
f 4025//4025 4026//4026 3326//3326
f 4025//4025 3326//3326 3327//3327
f 4025//4025 3327//3327 3328//3328
f 4010//4010 3343//3343 4009//4009
f 4010//4010 3342//3342 3343//3343
f 4024//4024 4025//4025 3328//3328
f 4011//4011 3342//3342 4010//4010
f 4011//4011 3341//3341 3342//3342
f 4023//4023 4024//4024 3328//3328
f 4023//4023 3328//3328 3329//3329
f 4012//4012 3341//3341 4011//4011
f 4012//4012 3340//3340 3341//3341
f 4022//4022 4023//4023 3329//3329
f 4022//4022 3329//3329 3330//3330
f 4013//4013 3340//3340 4012//4012
f 4013//4013 3338//3338 3339//3339
f 4013//4013 3339//3339 3340//3340
f 4021//4021 3330//3330 3331//3331
f 4021//4021 4022//4022 3330//3330
f 4014//4014 3338//3338 4013//4013
f 4020//4020 4021//4021 3331//3331
f 4020//4020 3331//3331 3332//3332
f 4015//4015 3338//3338 4014//4014
f 4015//4015 3336//3336 3337//3337
f 4015//4015 3337//3337 3338//3338
f 4019//4019 4020//4020 3332//3332
f 4019//4019 3332//3332 3333//3333
f 4016//4016 3336//3336 4015//4015
f 4018//4018 4019//4019 3333//3333
f 4018//4018 3333//3333 3334//3334
f 4017//4017 3336//3336 4016//4016
f 4017//4017 4018//4018 3334//3334
f 4017//4017 3334//3334 3335//3335
f 4017//4017 3335//3335 3336//3336

