# https://github.com/mikedh/trimesh
v 0.00250000 0.16433013 -0.08500000
v 0.00250000 0.16433013 -0.08000000
v 0.14106406 0.08433013 -0.08500000
v 0.14106406 0.08433013 -0.08000000
v 0.13990381 0.08500000 -0.08000000
v 0.13990381 0.08500000 -0.07500000
v 0.00500000 0.16288675 -0.07500000
v 0.00500000 0.16288675 -0.08000000
v 0.00000000 0.16000000 -0.08500000
v 0.00000000 0.16000000 -0.08000000
v 0.00200049 0.16346496 -0.08008891
v 0.00200049 0.16346496 -0.08000000
v 0.00500000 0.16500000 -0.08000000
v -0.00500000 0.16500000 -0.08000000
v -0.00500000 0.16288675 -0.08000000
v -0.00250000 0.16433013 -0.08000000
v -0.00200049 0.16346496 -0.08000000
v -0.00192255 0.16350768 -0.08000000
v 0.00192255 0.16350768 -0.08000000
v 0.00500000 0.16500000 0.08000000
v 0.00500000 0.16288675 0.08000000
v 0.00500000 0.16288675 0.07500000
v 0.00500000 0.16182094 0.07500000
v 0.00500000 0.16182094 0.07083532
v 0.00500000 0.15500000 0.06755774
v 0.00500000 0.15500000 -0.06755774
v 0.00500000 0.16182094 -0.07083532
v 0.00500000 0.16182094 -0.07500000
v 0.13803718 0.08500000 -0.07500000
v 0.01126945 0.15838468 -0.07500000
v 0.00742436 0.15136932 -0.07500000
v 0.00080019 0.15500000 -0.07500000
v -0.00080019 0.15500000 -0.07500000
v -0.00742436 0.15136932 -0.07500000
v -0.01126945 0.15838468 -0.07500000
v -0.00500000 0.16182094 -0.07500000
v -0.00500000 0.16288675 -0.07500000
v -0.13990381 0.08500000 -0.07500000
v -0.13803718 0.08500000 -0.07500000
v -0.13153043 0.08895197 -0.07500000
v -0.12737750 0.08211434 -0.07500000
v -0.13356406 0.07835684 -0.07500000
v -0.13356406 0.07711325 -0.07500000
v -0.00000000 0.15422650 -0.07500000
v 0.13356406 0.07711325 -0.07500000
v 0.13356406 0.07835684 -0.07500000
v 0.12737750 0.08211434 -0.07500000
v 0.13153043 0.08895197 -0.07500000
v 0.13356406 0.08500000 -0.06747644
v 0.13356406 0.08500000 0.06747644
v 0.13803718 0.08500000 -0.07129868
v 0.14356406 0.08500000 -0.08000000
v 0.14356406 0.08500000 0.08000000
v 0.13990381 0.08500000 0.08000000
v 0.13990381 0.08500000 0.07500000
v 0.13803718 0.08500000 0.07500000
v 0.13803718 0.08500000 0.07129868
v 0.14056456 0.08346496 -0.08000000
v 0.14064053 0.08341881 -0.08000000
v 0.13856406 0.08000000 -0.08000000
v 0.14256308 0.08008887 -0.08000000
v 0.14256505 0.08000000 -0.08000000
v 0.14356406 0.08000000 -0.08000000
v 0.13856406 0.08000000 -0.08500000
v 0.14056456 0.08346496 -0.08008891
v -0.00250000 0.16433013 -0.08500000
v -0.14106406 0.08433013 -0.08500000
v -0.13856406 0.08000000 -0.08500000
v -0.14356406 0.08000000 -0.08500000
v -0.14356406 -0.08000000 -0.08500000
v -0.13856406 -0.08000000 -0.08500000
v -0.14106406 -0.08433013 -0.08500000
v -0.00250000 -0.16433013 -0.08500000
v -0.00000000 -0.16000000 -0.08500000
v 0.00250000 -0.16433013 -0.08500000
v 0.14106406 -0.08433013 -0.08500000
v 0.13856406 -0.08000000 -0.08500000
v 0.14356406 -0.08000000 -0.08500000
v 0.14356406 0.08000000 -0.08500000
v 0.13356406 0.07711325 -0.08500000
v -0.00000000 0.15422650 -0.08500000
v 0.13356406 -0.07711325 -0.08500000
v -0.00000000 -0.15422650 -0.08500000
v -0.13356406 -0.07711325 -0.08500000
v -0.13356406 0.07711325 -0.08500000
v -0.00200049 0.16346496 -0.08008891
v -0.14106406 0.08433013 -0.08000000
v -0.13990381 0.08500000 -0.08000000
v -0.00500000 0.16500000 0.08000000
v -0.00500000 0.16288675 0.08000000
v -0.00500000 0.16288675 0.07500000
v -0.00500000 0.16182094 0.07500000
v -0.00500000 0.16182094 0.07083532
v -0.00500000 0.15500000 0.06755774
v -0.00500000 0.15500000 -0.06755774
v -0.00500000 0.16182094 -0.07083532
v 0.04058794 0.14231533 -0.04157477
v 0.03563240 0.14503144 -0.03591213
v 0.03885638 0.14326440 -0.03977938
v 0.03720323 0.14417048 -0.03789035
v 0.00080019 0.15500000 -0.07123973
v 0.03506860 0.13621762 -0.03217122
v 0.03750211 0.14065755 -0.03217122
v 0.03423130 0.14254595 -0.03594616
v 0.03528213 0.14441009 -0.03592064
v 0.03493186 0.14378872 -0.03592915
v -0.00080019 0.15500000 -0.07123973
v 0.00080019 0.15500000 0.07123973
v 0.00080019 0.15500000 0.07500000
v -0.00080019 0.15500000 0.07500000
v -0.00080019 0.15500000 0.07123973
v 0.03506860 0.13621762 0.03217122
v 0.03750211 0.14065755 0.03217122
v 0.03423130 0.14254595 0.03594616
v 0.03563240 0.14503144 0.03591213
v 0.03528213 0.14441009 0.03592064
v 0.03493186 0.14378872 0.03592915
v 0.01126945 0.15838468 0.07500000
v 0.04058794 0.14231533 0.04157477
v 0.03720323 0.14417048 0.03789035
v 0.03885638 0.14326440 0.03977938
v 0.00742436 0.15136932 0.07500000
v -0.00742436 0.15136932 0.07500000
v -0.01126945 0.15838468 0.07500000
v -0.13990381 0.08500000 0.07500000
v -0.13803718 0.08500000 0.07500000
v -0.13153043 0.08895197 0.07500000
v -0.12737750 0.08211434 0.07500000
v -0.13356406 0.07835684 0.07500000
v -0.13356406 0.07711325 0.07500000
v -0.00000000 0.15422650 0.07500000
v 0.13356406 0.07711325 0.07500000
v 0.13356406 0.07835684 0.07500000
v 0.12737750 0.08211434 0.07500000
v 0.13153043 0.08895197 0.07500000
v 0.14106406 0.08433013 0.08000000
v 0.14106406 0.08433013 0.08500000
v 0.00250000 0.16433013 0.08500000
v 0.00250000 0.16433013 0.08000000
v -0.00250000 0.16433013 0.08000000
v -0.00200049 0.16346496 0.08000000
v -0.00192255 0.16350768 0.08000000
v 0.00000000 0.16000000 0.08000000
v 0.00192255 0.16350768 0.08000000
v 0.00200049 0.16346496 0.08000000
v 0.10295472 0.10630785 -0.04157477
v 0.10778471 0.10337429 -0.03591213
v 0.10464242 0.10528281 -0.03977938
v 0.10625368 0.10430418 -0.03789035
v 0.10143470 0.10374605 -0.04160547
v 0.10181470 0.10438648 -0.04159780
v 0.10219470 0.10502693 -0.04159012
v 0.09816237 0.10563533 -0.03782878
v 0.09559929 0.10141532 -0.03782878
v 0.13356406 0.07835684 -0.07092416
v 0.10043362 0.09847911 -0.03217122
v 0.13356406 0.07835684 0.07092416
v 0.13356406 0.07711325 0.08500000
v 0.13356406 -0.07711325 0.08500000
v 0.13356406 -0.07711325 0.07500000
v 0.13356406 -0.07835684 0.07500000
v 0.13356406 -0.07835684 0.07092416
v 0.13356406 -0.08500000 0.06747644
v 0.13356406 -0.08500000 -0.06747644
v 0.13356406 -0.07835684 -0.07092416
v 0.13356406 -0.07835684 -0.07500000
v 0.13356406 -0.07711325 -0.07500000
v 0.13356406 0.07500000 -0.07500000
v 0.13356406 0.07500000 0.07500000
v 0.13356406 -0.07500000 -0.07500000
v 0.13356406 -0.07500000 0.07500000
v 0.04002860 0.13349907 -0.03782878
v 0.04240169 0.13782877 -0.03782878
v 0.03912936 0.13971805 -0.04160547
v 0.04022328 0.14166600 -0.04158245
v 0.03985864 0.14101667 -0.04159012
v 0.10778471 0.10337429 0.03591213
v 0.10633276 0.10091815 0.03594616
v 0.10669576 0.10153220 0.03593766
v 0.10705875 0.10214624 0.03592915
v 0.10306196 0.10280655 0.03217122
v 0.10043362 0.09847911 0.03217122
v 0.10295472 0.10630785 0.04157477
v 0.10625368 0.10430418 0.03789035
v 0.10464242 0.10528281 0.03977938
v 0.14056456 0.08346496 0.08000000
v 0.14064053 0.08341881 0.08000000
v 0.13856406 0.08000000 0.08000000
v 0.14256308 0.08008887 0.08000000
v 0.14256505 0.08000000 0.08000000
v 0.14356406 0.08000000 0.08000000
v 0.14356406 0.08000000 0.08500000
v 0.14356406 -0.08000000 0.08500000
v 0.14356406 -0.08000000 0.08000000
v 0.14356406 -0.08500000 0.08000000
v 0.14356406 -0.08500000 -0.08000000
v 0.14356406 -0.08000000 -0.08000000
v 0.14356406 0.07500000 -0.07500000
v 0.14356406 0.07500000 0.07500000
v 0.14356406 -0.07500000 -0.07500000
v 0.14356406 -0.07500000 0.07500000
v 0.10633276 0.10091815 -0.03594616
v 0.10669576 0.10153220 -0.03593766
v 0.10705875 0.10214624 -0.03592915
v 0.10306196 0.10280655 -0.03217122
v 0.14256505 0.08000000 -0.08008891
v -0.13856406 0.08000000 -0.08000000
v -0.14056456 0.08346496 -0.08008891
v -0.14056456 0.08346496 -0.08000000
v -0.14356406 0.08500000 -0.08000000
v -0.14356406 0.08000000 -0.08000000
v -0.14256505 0.08000000 -0.08000000
v -0.14256308 0.08008887 -0.08000000
v -0.14064053 0.08341881 -0.08000000
v -0.14356406 0.08500000 0.08000000
v -0.13990381 0.08500000 0.08000000
v -0.13803718 0.08500000 -0.07129868
v -0.13356406 0.08500000 -0.06747644
v -0.13356406 0.08500000 0.06747644
v -0.13803718 0.08500000 0.07129868
v -0.04058794 0.14231533 -0.04157477
v -0.03563240 0.14503144 -0.03591213
v -0.03885638 0.14326440 -0.03977938
v -0.03720323 0.14417048 -0.03789035
v -0.03423130 0.14254595 -0.03594616
v -0.03458158 0.14316734 -0.03593766
v -0.03493186 0.14378872 -0.03592915
v -0.03750211 0.14065755 -0.03217122
v -0.03506860 0.13621762 -0.03217122
v -0.03563240 0.14503144 0.03591213
v -0.03423130 0.14254595 0.03594616
v -0.03458158 0.14316734 0.03593766
v -0.03493186 0.14378872 0.03592915
v -0.03750211 0.14065755 0.03217122
v -0.03506860 0.13621762 0.03217122
v -0.04058794 0.14231533 0.04157477
v -0.03720323 0.14417048 0.03789035
v -0.03885638 0.14326440 0.03977938
v -0.00250000 0.16433013 0.08500000
v -0.14106406 0.08433013 0.08500000
v -0.14106406 0.08433013 0.08000000
v 0.05205429 0.13225585 0.05081337
v 0.05534437 0.13035631 0.05222536
v 0.05871558 0.12840995 0.05335375
v 0.06214959 0.12642732 0.05419241
v 0.06562776 0.12441919 0.05473680
v 0.06913121 0.12239648 0.05498394
v 0.07264091 0.12037015 0.05493251
v 0.07613780 0.11835122 0.05458278
v 0.07960288 0.11635065 0.05393665
v 0.08301736 0.11437931 0.05299763
v 0.08636268 0.11244789 0.05177081
v 0.08962067 0.11056688 0.05026287
v 0.09277365 0.10874651 0.04848198
v 0.09580450 0.10699665 0.04643783
v 0.09869675 0.10532681 0.04414150
v 0.10143470 0.10374605 0.04160547
v 0.05505429 0.13745200 0.05081337
v 0.05839380 0.13552393 0.05224418
v 0.06181658 0.13354779 0.05338281
v 0.06530348 0.13153462 0.05422291
v 0.06883499 0.12949570 0.05475976
v 0.07239138 0.12744242 0.05499038
v 0.07595275 0.12538627 0.05491347
v 0.07949918 0.12333873 0.05452947
v 0.08301084 0.12131127 0.05384051
v 0.08646809 0.11931523 0.05285045
v 0.08985161 0.11736175 0.05156484
v 0.09314246 0.11546178 0.04999085
v 0.09632224 0.11362593 0.04813729
v 0.09937317 0.11186448 0.04601453
v 0.10227819 0.11018726 0.04363443
v 0.10502105 0.10860367 0.04101032
v 0.10758641 0.10712256 0.03815686
v 0.10995993 0.10575221 0.03509001
v 0.11212834 0.10450028 0.03182692
v 0.11407949 0.10337378 0.02838585
v 0.11580250 0.10237900 0.02478602
v 0.11728771 0.10152152 0.02104759
v 0.11852682 0.10080611 0.01719145
v 0.11951290 0.10023680 0.01323916
v 0.12024045 0.09981675 0.00921284
v 0.12070538 0.09954832 0.00513500
v 0.12090510 0.09943301 0.00102844
v 0.12083850 0.09947147 -0.00308387
v 0.12050594 0.09966347 -0.00717894
v 0.11990928 0.10000795 -0.01123386
v 0.11905187 0.10050298 -0.01522595
v 0.11793849 0.10114579 -0.01913290
v 0.11657538 0.10193278 -0.02293284
v 0.11497015 0.10285956 -0.02660454
v 0.11313178 0.10392094 -0.03012745
v 0.11107056 0.10511099 -0.03348188
v 0.10879801 0.10642304 -0.03664906
v 0.10632684 0.10784977 -0.03961129
v 0.10367087 0.10938320 -0.04235199
v 0.10084495 0.11101474 -0.04485585
v 0.09786490 0.11273528 -0.04710885
v 0.09474736 0.11453519 -0.04909840
v 0.09150978 0.11640441 -0.05081337
v 0.08817026 0.11833248 -0.05224418
v 0.08474748 0.12030862 -0.05338281
v 0.08126059 0.12232178 -0.05422291
v 0.07772907 0.12436070 -0.05475976
v 0.07417269 0.12641398 -0.05499038
v 0.07061132 0.12847014 -0.05491347
v 0.06706489 0.13051767 -0.05452947
v 0.06355323 0.13254513 -0.05384051
v 0.06009597 0.13454118 -0.05285045
v 0.05671246 0.13649465 -0.05156484
v 0.05342161 0.13839462 -0.04999085
v 0.05024183 0.14023047 -0.04813729
v 0.04719089 0.14199193 -0.04601453
v 0.04428587 0.14366914 -0.04363443
v 0.04154301 0.14525273 -0.04101032
v 0.03897765 0.14673385 -0.03815686
v 0.03660413 0.14810420 -0.03509001
v 0.03443573 0.14935613 -0.03182692
v 0.03248457 0.15048263 -0.02838585
v 0.03076157 0.15147740 -0.02478602
v 0.02927636 0.15233489 -0.02104759
v 0.02803725 0.15305029 -0.01719145
v 0.02705116 0.15361961 -0.01323916
v 0.02632362 0.15403966 -0.00921284
v 0.02585869 0.15430809 -0.00513500
v 0.02565896 0.15442340 -0.00102844
v 0.02572557 0.15438494 0.00308387
v 0.02605813 0.15419294 0.00717894
v 0.02665478 0.15384846 0.01123386
v 0.02751220 0.15335343 0.01522595
v 0.02862558 0.15271062 0.01913290
v 0.02998869 0.15192363 0.02293284
v 0.03159392 0.15099685 0.02660454
v 0.03343228 0.14993547 0.03012745
v 0.03549350 0.14874542 0.03348188
v 0.03776605 0.14743336 0.03664906
v 0.04023722 0.14600663 0.03961129
v 0.04289319 0.14447321 0.04235199
v 0.04571911 0.14284166 0.04485585
v 0.04869917 0.14112113 0.04710885
v 0.05181671 0.13932122 0.04909840
v 0.03912936 0.13971805 0.04160547
v 0.04149916 0.13834985 0.04382232
v 0.04398697 0.13691351 0.04585949
v 0.04658259 0.13541493 0.04770865
v 0.04927538 0.13386025 0.04936220
v 0.04022328 0.14166600 0.04158245
v 0.03985864 0.14101667 0.04159012
v 0.03200070 0.14383379 -0.03272694
v 0.02998520 0.14499744 -0.02932383
v 0.02819613 0.14603036 -0.02575594
v 0.02664354 0.14692675 -0.02204334
v 0.02533615 0.14768157 -0.01820687
v 0.02428131 0.14829058 -0.01426810
v 0.02348496 0.14875035 -0.01024915
v 0.02295156 0.14905831 -0.00617262
v 0.02268410 0.14921273 -0.00206140
v 0.02268410 0.14921273 0.00206140
v 0.02295156 0.14905831 0.00617262
v 0.02348496 0.14875035 0.01024915
v 0.02428131 0.14829058 0.01426810
v 0.02533615 0.14768157 0.01820687
v 0.02664354 0.14692675 0.02204334
v 0.02819613 0.14603036 0.02575594
v 0.02998520 0.14499744 0.02932383
v 0.03200070 0.14383379 0.03272694
v 0.09878904 0.10527352 -0.04406209
v 0.09599855 0.10688461 -0.04629486
v 0.09307742 0.10857113 -0.04829245
v 0.09004048 0.11032450 -0.05004469
v 0.08690317 0.11213583 -0.05154270
v 0.08368142 0.11399591 -0.05277887
v 0.08039159 0.11589529 -0.05374690
v 0.07705041 0.11782433 -0.05444188
v 0.07367484 0.11977321 -0.05486029
v 0.07028203 0.12173205 -0.05500000
v 0.06688923 0.12369089 -0.05486029
v 0.06351366 0.12563977 -0.05444188
v 0.06017247 0.12756881 -0.05374690
v 0.05688265 0.12946819 -0.05277887
v 0.05366089 0.13132827 -0.05154270
v 0.05052358 0.13313960 -0.05004469
v 0.04748664 0.13489297 -0.04829245
v 0.04456551 0.13657949 -0.04629486
v 0.04177503 0.13819058 -0.04406209
v 0.10856337 0.09963031 0.03272694
v 0.11057887 0.09846666 0.02932383
v 0.11236794 0.09743374 0.02575594
v 0.11392053 0.09653735 0.02204334
v 0.11522792 0.09578253 0.01820687
v 0.11628275 0.09517352 0.01426810
v 0.11707911 0.09471375 0.01024915
v 0.11761251 0.09440579 0.00617262
v 0.11787996 0.09425137 0.00206140
v 0.11787996 0.09425137 -0.00206140
v 0.11761251 0.09440579 -0.00617262
v 0.11707911 0.09471375 -0.01024915
v 0.11628275 0.09517352 -0.01426810
v 0.11522792 0.09578253 -0.01820687
v 0.11392053 0.09653735 -0.02204334
v 0.11236794 0.09743374 -0.02575594
v 0.11057887 0.09846666 -0.02932383
v 0.10856337 0.09963031 -0.03272694
v 0.10181470 0.10438648 0.04159780
v 0.10219470 0.10502693 0.04159012
v 0.08332316 0.11420275 0.03940346
v 0.08342334 0.11414491 0.03944639
v 0.08352603 0.11408563 0.03948055
v 0.08363063 0.11402523 0.03950575
v 0.08373658 0.11396407 0.03952185
v 0.08384327 0.11390247 0.03952877
v 0.08395011 0.11384078 0.03952647
v 0.08405650 0.11377936 0.03951494
v 0.08416185 0.11371853 0.03949428
v 0.08426557 0.11365865 0.03946457
v 0.08436708 0.11360005 0.03942601
v 0.08446580 0.11354305 0.03937879
v 0.08456120 0.11348797 0.03932318
v 0.08465272 0.11343513 0.03925950
v 0.08473987 0.11338481 0.03918809
v 0.08482216 0.11333730 0.03910937
v 0.08489912 0.11329287 0.03902377
v 0.08497033 0.11325176 0.03893176
v 0.08503538 0.11321420 0.03883387
v 0.08509391 0.11318041 0.03873064
v 0.08514560 0.11315056 0.03862264
v 0.08519016 0.11312484 0.03851049
v 0.08522733 0.11310338 0.03839480
v 0.08525691 0.11308630 0.03827624
v 0.08527874 0.11307370 0.03815545
v 0.08529269 0.11306564 0.03803311
v 0.08529868 0.11306218 0.03790991
v 0.08529668 0.11306334 0.03778654
v 0.08528671 0.11306910 0.03766369
v 0.08526881 0.11307943 0.03754205
v 0.08524308 0.11309428 0.03742228
v 0.08520968 0.11311357 0.03730507
v 0.08516879 0.11313718 0.03719108
v 0.08512063 0.11316498 0.03708092
v 0.08506548 0.11319682 0.03697524
v 0.08500364 0.11323252 0.03687460
v 0.08493547 0.11327189 0.03677959
v 0.08486133 0.11331469 0.03669072
v 0.08478165 0.11336069 0.03660850
v 0.08469688 0.11340964 0.03653339
v 0.08460747 0.11346125 0.03646580
v 0.08451395 0.11351525 0.03640611
v 0.08441682 0.11357133 0.03635466
v 0.08431664 0.11362917 0.03631174
v 0.08421395 0.11368845 0.03627758
v 0.08410935 0.11374885 0.03625237
v 0.08400340 0.11381002 0.03623627
v 0.08389671 0.11387161 0.03622935
v 0.08378987 0.11393330 0.03623166
v 0.08368347 0.11399472 0.03624318
v 0.08357812 0.11405555 0.03626385
v 0.08347441 0.11411543 0.03629355
v 0.08337290 0.11417403 0.03633212
v 0.08327418 0.11423103 0.03637934
v 0.08317878 0.11428611 0.03643494
v 0.08308725 0.11433895 0.03649863
v 0.08300010 0.11438927 0.03657003
v 0.08291782 0.11443678 0.03664875
v 0.08284086 0.11448121 0.03673436
v 0.08276965 0.11452232 0.03682636
v 0.08270460 0.11455988 0.03692425
v 0.08264606 0.11459367 0.03702749
v 0.08259437 0.11462352 0.03713548
v 0.08254982 0.11464924 0.03724763
v 0.08251265 0.11467070 0.03736332
v 0.08248306 0.11468778 0.03748189
v 0.08246124 0.11470038 0.03760268
v 0.08244729 0.11470844 0.03772501
v 0.08244130 0.11471190 0.03784821
v 0.08244329 0.11471074 0.03797158
v 0.08245327 0.11470498 0.03809443
v 0.08247117 0.11469465 0.03821608
v 0.08249689 0.11467980 0.03833584
v 0.08253030 0.11466051 0.03845305
v 0.08257119 0.11463690 0.03856705
v 0.08261935 0.11460910 0.03867720
v 0.08267450 0.11457726 0.03878288
v 0.08273633 0.11454156 0.03888352
v 0.08280451 0.11450220 0.03897853
v 0.08287864 0.11445939 0.03906740
v 0.08295832 0.11441339 0.03914962
v 0.08304310 0.11436444 0.03922474
v 0.08313250 0.11431283 0.03929233
v 0.08322603 0.11425883 0.03935201
v 0.09816237 0.10563533 0.03782878
v 0.04240169 0.13782877 0.03782878
v 0.05614724 0.12989278 -0.03635466
v 0.05624743 0.12983493 -0.03631174
v 0.05635011 0.12977565 -0.03627758
v 0.05645472 0.12971525 -0.03625237
v 0.05656066 0.12965409 -0.03623627
v 0.05666736 0.12959249 -0.03622935
v 0.05677420 0.12953080 -0.03623166
v 0.05688059 0.12946938 -0.03624318
v 0.05698594 0.12940855 -0.03626385
v 0.05708966 0.12934867 -0.03629355
v 0.05719116 0.12929007 -0.03633212
v 0.05728989 0.12923307 -0.03637934
v 0.05738528 0.12917799 -0.03643494
v 0.05747681 0.12912515 -0.03649863
v 0.05756396 0.12907483 -0.03657003
v 0.05764625 0.12902733 -0.03664875
v 0.05772321 0.12898289 -0.03673436
v 0.05779441 0.12894178 -0.03682636
v 0.05785946 0.12890422 -0.03692425
v 0.05791800 0.12887043 -0.03702749
v 0.05796969 0.12884059 -0.03713548
v 0.05801425 0.12881486 -0.03724763
v 0.05805142 0.12879340 -0.03736332
v 0.05808100 0.12877632 -0.03748189
v 0.05810283 0.12876372 -0.03760268
v 0.05811678 0.12875566 -0.03772501
v 0.05812277 0.12875221 -0.03784821
v 0.05812077 0.12875336 -0.03797158
v 0.05811079 0.12875912 -0.03809443
v 0.05809289 0.12876945 -0.03821608
v 0.05806717 0.12878430 -0.03833584
v 0.05803377 0.12880359 -0.03845305
v 0.05799288 0.12882720 -0.03856705
v 0.05794472 0.12885500 -0.03867720
v 0.05788957 0.12888684 -0.03878288
v 0.05782773 0.12892254 -0.03888352
v 0.05775956 0.12896191 -0.03897853
v 0.05768542 0.12900471 -0.03906740
v 0.05760574 0.12905071 -0.03914962
v 0.05752096 0.12909966 -0.03922474
v 0.05743156 0.12915127 -0.03929233
v 0.05733804 0.12920527 -0.03935201
v 0.05724091 0.12926135 -0.03940346
v 0.05714072 0.12931919 -0.03944639
v 0.05703804 0.12937847 -0.03948055
v 0.05693343 0.12943887 -0.03950575
v 0.05682749 0.12950004 -0.03952185
v 0.05672080 0.12956163 -0.03952877
v 0.05661395 0.12962332 -0.03952647
v 0.05650756 0.12968475 -0.03951494
v 0.05640221 0.12974557 -0.03949428
v 0.05629849 0.12980545 -0.03946457
v 0.05619699 0.12986405 -0.03942601
v 0.05609826 0.12992105 -0.03937879
v 0.05600287 0.12997613 -0.03932318
v 0.05591134 0.13002897 -0.03925950
v 0.05582419 0.13007929 -0.03918809
v 0.05574191 0.13012680 -0.03910937
v 0.05566494 0.13017123 -0.03902377
v 0.05559374 0.13021234 -0.03893176
v 0.05552869 0.13024990 -0.03883387
v 0.05547015 0.13028369 -0.03873064
v 0.05541846 0.13031354 -0.03862264
v 0.05537391 0.13033926 -0.03851049
v 0.05533673 0.13036072 -0.03839480
v 0.05530715 0.13037780 -0.03827624
v 0.05528532 0.13039040 -0.03815545
v 0.05527138 0.13039846 -0.03803311
v 0.05526538 0.13040192 -0.03790991
v 0.05526738 0.13040076 -0.03778654
v 0.05527736 0.13039500 -0.03766369
v 0.05529526 0.13038467 -0.03754205
v 0.05532098 0.13036982 -0.03742228
v 0.05535438 0.13035053 -0.03730507
v 0.05539528 0.13032692 -0.03719108
v 0.05544343 0.13029912 -0.03708092
v 0.05549858 0.13026728 -0.03697524
v 0.05556042 0.13023158 -0.03687460
v 0.05562860 0.13019222 -0.03677959
v 0.05570273 0.13014941 -0.03669072
v 0.05578241 0.13010341 -0.03660850
v 0.05586719 0.13005446 -0.03653339
v 0.05595659 0.13000285 -0.03646580
v 0.05605012 0.12994885 -0.03640611
v 0.03693097 0.14098730 0.01721442
v 0.03703116 0.14092945 0.01725735
v 0.03713384 0.14087017 0.01729151
v 0.03723845 0.14080977 0.01731671
v 0.03734439 0.14074861 0.01733281
v 0.03745108 0.14068701 0.01733973
v 0.03755792 0.14062532 0.01733742
v 0.03766432 0.14056390 0.01732590
v 0.03776967 0.14050307 0.01730524
v 0.03787339 0.14044319 0.01727553
v 0.03797489 0.14038459 0.01723697
v 0.03807362 0.14032759 0.01718975
v 0.03816901 0.14027251 0.01713414
v 0.03826054 0.14021967 0.01707046
v 0.03834769 0.14016935 0.01699905
v 0.03842997 0.14012185 0.01692033
v 0.03850693 0.14007741 0.01683473
v 0.03857814 0.14003630 0.01674272
v 0.03864319 0.13999874 0.01664483
v 0.03870173 0.13996495 0.01654160
v 0.03875342 0.13993511 0.01643360
v 0.03879797 0.13990938 0.01632145
v 0.03883515 0.13988792 0.01620576
v 0.03886473 0.13987084 0.01608720
v 0.03888656 0.13985824 0.01596641
v 0.03890050 0.13985018 0.01584407
v 0.03890650 0.13984673 0.01572087
v 0.03890450 0.13984788 0.01559750
v 0.03889452 0.13985364 0.01547465
v 0.03887662 0.13986397 0.01535300
v 0.03885090 0.13987882 0.01523324
v 0.03881750 0.13989811 0.01511603
v 0.03877660 0.13992172 0.01500204
v 0.03872845 0.13994952 0.01489188
v 0.03867330 0.13998136 0.01478620
v 0.03861146 0.14001706 0.01468556
v 0.03854328 0.14005643 0.01459055
v 0.03846915 0.14009923 0.01450168
v 0.03838947 0.14014523 0.01441946
v 0.03830469 0.14019418 0.01434435
v 0.03821529 0.14024579 0.01427676
v 0.03812176 0.14029979 0.01421707
v 0.03802464 0.14035587 0.01416562
v 0.03792445 0.14041371 0.01412270
v 0.03782177 0.14047299 0.01408854
v 0.03771716 0.14053339 0.01406333
v 0.03761121 0.14059456 0.01404723
v 0.03750452 0.14065615 0.01404031
v 0.03739768 0.14071784 0.01404262
v 0.03729129 0.14077927 0.01405414
v 0.03718594 0.14084009 0.01407481
v 0.03708222 0.14089997 0.01410451
v 0.03698072 0.14095857 0.01414308
v 0.03688199 0.14101557 0.01419030
v 0.03678660 0.14107065 0.01424590
v 0.03669507 0.14112349 0.01430958
v 0.03660792 0.14117381 0.01438099
v 0.03652563 0.14122132 0.01445971
v 0.03644867 0.14126575 0.01454531
v 0.03637747 0.14130686 0.01463732
v 0.03631241 0.14134442 0.01473521
v 0.03625388 0.14137821 0.01483845
v 0.03620219 0.14140806 0.01494644
v 0.03615763 0.14143378 0.01505859
v 0.03612046 0.14145524 0.01517428
v 0.03609088 0.14147232 0.01529285
v 0.03606905 0.14148492 0.01541364
v 0.03605510 0.14149298 0.01553597
v 0.03604911 0.14149644 0.01565917
v 0.03605111 0.14149528 0.01578254
v 0.03606109 0.14148952 0.01590539
v 0.03607899 0.14147919 0.01602704
v 0.03610471 0.14146434 0.01614680
v 0.03613811 0.14144505 0.01626401
v 0.03617900 0.14142144 0.01637801
v 0.03622716 0.14139364 0.01648816
v 0.03628231 0.14136180 0.01659384
v 0.03634415 0.14132610 0.01669448
v 0.03641232 0.14128674 0.01678949
v 0.03648646 0.14124393 0.01687836
v 0.03656614 0.14119793 0.01696058
v 0.03665092 0.14114899 0.01703570
v 0.03674032 0.14109737 0.01710329
v 0.03683384 0.14104337 0.01716297
v 0.10253943 0.10310823 -0.01416562
v 0.10263961 0.10305039 -0.01412270
v 0.10274230 0.10299111 -0.01408854
v 0.10284690 0.10293071 -0.01406333
v 0.10295285 0.10286955 -0.01404723
v 0.10305954 0.10280795 -0.01404031
v 0.10316638 0.10274626 -0.01404262
v 0.10327278 0.10268484 -0.01405414
v 0.10337813 0.10262401 -0.01407481
v 0.10348184 0.10256413 -0.01410451
v 0.10358335 0.10250553 -0.01414308
v 0.10368207 0.10244853 -0.01419030
v 0.10377747 0.10239345 -0.01424590
v 0.10386900 0.10234061 -0.01430958
v 0.10395615 0.10229029 -0.01438099
v 0.10403843 0.10224278 -0.01445971
v 0.10411539 0.10219835 -0.01454531
v 0.10418660 0.10215724 -0.01463732
v 0.10425165 0.10211968 -0.01473521
v 0.10431019 0.10208589 -0.01483845
v 0.10436188 0.10205604 -0.01494644
v 0.10440643 0.10203032 -0.01505859
v 0.10444360 0.10200886 -0.01517428
v 0.10447319 0.10199178 -0.01529285
v 0.10449501 0.10197918 -0.01541364
v 0.10450896 0.10197112 -0.01553597
v 0.10451495 0.10196766 -0.01565917
v 0.10451296 0.10196882 -0.01578254
v 0.10450298 0.10197458 -0.01590539
v 0.10448508 0.10198491 -0.01602704
v 0.10445936 0.10199976 -0.01614680
v 0.10442595 0.10201905 -0.01626401
v 0.10438506 0.10204266 -0.01637801
v 0.10433690 0.10207046 -0.01648816
v 0.10428175 0.10210230 -0.01659384
v 0.10421992 0.10213800 -0.01669448
v 0.10415174 0.10217737 -0.01678949
v 0.10407761 0.10222017 -0.01687836
v 0.10399793 0.10226617 -0.01696058
v 0.10391315 0.10231512 -0.01703570
v 0.10382375 0.10236673 -0.01710329
v 0.10373022 0.10242073 -0.01716297
v 0.10363309 0.10247681 -0.01721442
v 0.10353291 0.10253465 -0.01725735
v 0.10343022 0.10259393 -0.01729151
v 0.10332562 0.10265433 -0.01731671
v 0.10321967 0.10271550 -0.01733281
v 0.10311298 0.10277709 -0.01733973
v 0.10300614 0.10283878 -0.01733742
v 0.10289975 0.10290020 -0.01732590
v 0.10279440 0.10296103 -0.01730524
v 0.10269068 0.10302091 -0.01727553
v 0.10258917 0.10307951 -0.01723697
v 0.10249045 0.10313651 -0.01718975
v 0.10239506 0.10319159 -0.01713414
v 0.10230353 0.10324443 -0.01707046
v 0.10221638 0.10329475 -0.01699905
v 0.10213409 0.10334226 -0.01692033
v 0.10205713 0.10338669 -0.01683473
v 0.10198592 0.10342780 -0.01674272
v 0.10192087 0.10346536 -0.01664483
v 0.10186234 0.10349915 -0.01654160
v 0.10181065 0.10352900 -0.01643360
v 0.10176609 0.10355472 -0.01632145
v 0.10172892 0.10357618 -0.01620576
v 0.10169934 0.10359326 -0.01608720
v 0.10167751 0.10360586 -0.01596641
v 0.10166356 0.10361392 -0.01584407
v 0.10165757 0.10361738 -0.01572087
v 0.10165957 0.10361622 -0.01559750
v 0.10166954 0.10361046 -0.01547465
v 0.10168744 0.10360013 -0.01535300
v 0.10171317 0.10358528 -0.01523324
v 0.10174657 0.10356599 -0.01511603
v 0.10178746 0.10354238 -0.01500204
v 0.10183562 0.10351458 -0.01489188
v 0.10189077 0.10348274 -0.01478620
v 0.10195261 0.10344704 -0.01468556
v 0.10202078 0.10340768 -0.01459055
v 0.10209492 0.10336487 -0.01450168
v 0.10217460 0.10331887 -0.01441946
v 0.10225937 0.10326992 -0.01434435
v 0.10234878 0.10321831 -0.01427676
v 0.10244230 0.10316431 -0.01421707
v 0.06829355 0.12288010 0.00554328
v 0.06865786 0.12266977 0.00569936
v 0.06903126 0.12245419 0.00582358
v 0.06941164 0.12223457 0.00591523
v 0.06979690 0.12201214 0.00597379
v 0.07018487 0.12178815 0.00599895
v 0.07057338 0.12156384 0.00599056
v 0.07096027 0.12134047 0.00594867
v 0.07134336 0.12111929 0.00587351
v 0.07172051 0.12090154 0.00576550
v 0.07208962 0.12068844 0.00562525
v 0.07244862 0.12048117 0.00545355
v 0.07279551 0.12028089 0.00525134
v 0.07312834 0.12008874 0.00501977
v 0.07344525 0.11990577 0.00476012
v 0.07374447 0.11973301 0.00447385
v 0.07402433 0.11957144 0.00416257
v 0.07428326 0.11942194 0.00382800
v 0.07451981 0.11928537 0.00347203
v 0.07473266 0.11916248 0.00309664
v 0.07492063 0.11905396 0.00270393
v 0.07508265 0.11896041 0.00229610
v 0.07521783 0.11888237 0.00187543
v 0.07532540 0.11882026 0.00144427
v 0.07540477 0.11877444 0.00100504
v 0.07545549 0.11874515 0.00056018
v 0.07547728 0.11873258 0.00011219
v 0.07547001 0.11873677 -0.00033642
v 0.07543373 0.11875772 -0.00078316
v 0.07536864 0.11879530 -0.00122551
v 0.07527511 0.11884930 -0.00166101
v 0.07515365 0.11891942 -0.00208723
v 0.07500494 0.11900528 -0.00250176
v 0.07482983 0.11910638 -0.00290231
v 0.07462928 0.11922217 -0.00328663
v 0.07440442 0.11935199 -0.00365257
v 0.07415650 0.11949512 -0.00399808
v 0.07388692 0.11965077 -0.00432123
v 0.07359718 0.11981805 -0.00462022
v 0.07328890 0.11999604 -0.00489337
v 0.07296380 0.12018373 -0.00513915
v 0.07262370 0.12038009 -0.00535619
v 0.07227051 0.12058400 -0.00554328
v 0.07190620 0.12079434 -0.00569936
v 0.07153281 0.12100991 -0.00582358
v 0.07115242 0.12122953 -0.00591523
v 0.07076716 0.12145196 -0.00597379
v 0.07037919 0.12167595 -0.00599895
v 0.06999068 0.12190026 -0.00599056
v 0.06960380 0.12212363 -0.00594867
v 0.06922071 0.12234481 -0.00587351
v 0.06884355 0.12256256 -0.00576550
v 0.06847444 0.12277566 -0.00562525
v 0.06811544 0.12298293 -0.00545355
v 0.06776856 0.12318321 -0.00525134
v 0.06743573 0.12337537 -0.00501977
v 0.06711882 0.12355834 -0.00476012
v 0.06681959 0.12373109 -0.00447385
v 0.06653974 0.12389267 -0.00416257
v 0.06628081 0.12404216 -0.00382800
v 0.06604425 0.12417873 -0.00347203
v 0.06583140 0.12430162 -0.00309664
v 0.06564344 0.12441015 -0.00270393
v 0.06548141 0.12450369 -0.00229610
v 0.06534624 0.12458173 -0.00187543
v 0.06523866 0.12464384 -0.00144427
v 0.06515930 0.12468966 -0.00100504
v 0.06510858 0.12471895 -0.00056018
v 0.06508679 0.12473153 -0.00011219
v 0.06509405 0.12472733 0.00033642
v 0.06513033 0.12470639 0.00078316
v 0.06519542 0.12466881 0.00122551
v 0.06528896 0.12461480 0.00166101
v 0.06541042 0.12454468 0.00208723
v 0.06555912 0.12445882 0.00250176
v 0.06573424 0.12435772 0.00290231
v 0.06593479 0.12424193 0.00328663
v 0.06615965 0.12411211 0.00365257
v 0.06640756 0.12396898 0.00399808
v 0.06667714 0.12381333 0.00432123
v 0.06696689 0.12364605 0.00462022
v 0.06727517 0.12346806 0.00489337
v 0.06760027 0.12328037 0.00513915
v 0.06794036 0.12308402 0.00535619
v -0.04002860 0.13349907 0.03782878
v 0.04002860 0.13349907 0.03782878
v -0.04002860 0.13349907 -0.03782878
v 0.09559929 0.10141532 0.03782878
v -0.00000000 0.15422650 0.08500000
v 0.00200049 0.16346496 0.08008891
v 0.00000000 0.16000000 0.08500000
v 0.13856406 0.08000000 0.08500000
v -0.13856406 0.08000000 0.08500000
v -0.14356406 0.08000000 0.08500000
v -0.14356406 -0.08000000 0.08500000
v -0.13856406 -0.08000000 0.08500000
v -0.14106406 -0.08433013 0.08500000
v -0.00250000 -0.16433013 0.08500000
v -0.00000000 -0.16000000 0.08500000
v 0.00250000 -0.16433013 0.08500000
v 0.14106406 -0.08433013 0.08500000
v 0.13856406 -0.08000000 0.08500000
v -0.00000000 -0.15422650 0.08500000
v -0.13356406 -0.07711325 0.08500000
v -0.13356406 0.07711325 0.08500000
v 0.14056456 0.08346496 0.08008891
v -0.00200049 0.16346496 0.08008891
v 0.13467419 0.07500000 -0.07500000
v 0.13467419 0.07500000 -0.06943271
v 0.14267616 0.07500000 -0.06925498
v 0.14267616 0.07500000 -0.07500000
v 0.14267616 0.07500000 0.07500000
v 0.14267616 0.07500000 0.06925498
v 0.13467419 0.07500000 0.06943271
v 0.13467419 0.07500000 0.07500000
v 0.14256505 0.08000000 0.08008891
v -0.14256505 0.08000000 -0.08008891
v -0.14356406 0.08000000 0.08000000
v -0.14356406 -0.08000000 0.08000000
v -0.14356406 -0.08500000 0.08000000
v -0.14356406 -0.08500000 -0.08000000
v -0.14356406 -0.08000000 -0.08000000
v -0.14356406 0.07500000 -0.07500000
v -0.14356406 0.07500000 0.07500000
v -0.14356406 -0.07500000 -0.07500000
v -0.14356406 -0.07500000 0.07500000
v -0.14256505 0.08000000 0.08000000
v -0.14256308 0.08008887 0.08000000
v -0.13856406 0.08000000 0.08000000
v -0.14064053 0.08341881 0.08000000
v -0.14056456 0.08346496 0.08000000
v -0.10778471 0.10337429 0.03591213
v -0.10295472 0.10630785 0.04157477
v -0.10625368 0.10430418 0.03789035
v -0.10464242 0.10528281 0.03977938
v -0.13356406 0.07835684 0.07092416
v -0.10043362 0.09847911 0.03217122
v -0.10306196 0.10280655 0.03217122
v -0.10633276 0.10091815 0.03594616
v -0.10742174 0.10276027 0.03592064
v -0.10705875 0.10214624 0.03592915
v -0.13356406 0.07835684 -0.07092416
v -0.13356406 -0.07711325 0.07500000
v -0.13356406 -0.07835684 0.07500000
v -0.13356406 -0.07835684 0.07092416
v -0.13356406 -0.08500000 0.06747644
v -0.13356406 -0.08500000 -0.06747644
v -0.13356406 -0.07835684 -0.07092416
v -0.13356406 -0.07835684 -0.07500000
v -0.13356406 -0.07711325 -0.07500000
v -0.13356406 0.07500000 -0.07500000
v -0.13356406 0.07500000 0.07500000
v -0.13356406 -0.07500000 -0.07500000
v -0.13356406 -0.07500000 0.07500000
v -0.10043362 0.09847911 -0.03217122
v -0.10306196 0.10280655 -0.03217122
v -0.10633276 0.10091815 -0.03594616
v -0.10778471 0.10337429 -0.03591213
v -0.10742174 0.10276027 -0.03592064
v -0.10705875 0.10214624 -0.03592915
v -0.10295472 0.10630785 -0.04157477
v -0.10464242 0.10528281 -0.03977938
v -0.10625368 0.10430418 -0.03789035
v -0.03912936 0.13971805 -0.04160547
v -0.03949400 0.14036736 -0.04159780
v -0.03985864 0.14101667 -0.04159012
v -0.04240169 0.13782877 -0.03782878
v -0.09559929 0.10141532 -0.03782878
v -0.09816237 0.10563533 -0.03782878
v -0.10143470 0.10374605 -0.04160547
v -0.10257471 0.10566739 -0.04158245
v -0.10219470 0.10502693 -0.04159012
v -0.08850978 0.11120826 0.05081337
v -0.08521969 0.11310779 0.05222536
v -0.08184849 0.11505415 0.05335375
v -0.07841448 0.11703678 0.05419241
v -0.07493630 0.11904491 0.05473680
v -0.07143285 0.12106762 0.05498394
v -0.06792316 0.12309395 0.05493251
v -0.06442627 0.12511288 0.05458278
v -0.06096118 0.12711345 0.05393665
v -0.05754671 0.12908480 0.05299763
v -0.05420139 0.13101622 0.05177081
v -0.05094339 0.13289722 0.05026287
v -0.04779041 0.13471759 0.04848198
v -0.04475957 0.13646745 0.04643783
v -0.04186731 0.13813730 0.04414150
v -0.03912936 0.13971805 0.04160547
v -0.09150978 0.11640441 0.05081337
v -0.08817026 0.11833248 0.05224418
v -0.08474748 0.12030862 0.05338281
v -0.08126059 0.12232178 0.05422291
v -0.07772907 0.12436070 0.05475976
v -0.07417269 0.12641398 0.05499038
v -0.07061132 0.12847014 0.05491347
v -0.06706489 0.13051767 0.05452947
v -0.06355323 0.13254513 0.05384051
v -0.06009597 0.13454118 0.05285045
v -0.05671246 0.13649465 0.05156484
v -0.05342161 0.13839462 0.04999085
v -0.05024183 0.14023047 0.04813729
v -0.04719089 0.14199193 0.04601453
v -0.04428587 0.14366914 0.04363443
v -0.04154301 0.14525273 0.04101032
v -0.03897765 0.14673385 0.03815686
v -0.03660413 0.14810420 0.03509001
v -0.03443573 0.14935613 0.03182692
v -0.03248457 0.15048263 0.02838585
v -0.03076157 0.15147740 0.02478602
v -0.02927636 0.15233489 0.02104759
v -0.02803725 0.15305029 0.01719145
v -0.02705116 0.15361961 0.01323916
v -0.02632362 0.15403966 0.00921284
v -0.02585869 0.15430809 0.00513500
v -0.02565896 0.15442340 0.00102844
v -0.02572557 0.15438494 -0.00308387
v -0.02605813 0.15419294 -0.00717894
v -0.02665478 0.15384846 -0.01123386
v -0.02751220 0.15335343 -0.01522595
v -0.02862558 0.15271062 -0.01913290
v -0.02998869 0.15192363 -0.02293284
v -0.03159392 0.15099685 -0.02660454
v -0.03343228 0.14993547 -0.03012745
v -0.03549350 0.14874542 -0.03348188
v -0.03776605 0.14743336 -0.03664906
v -0.04023722 0.14600663 -0.03961129
v -0.04289319 0.14447321 -0.04235199
v -0.04571911 0.14284166 -0.04485585
v -0.04869917 0.14112113 -0.04710885
v -0.05181671 0.13932122 -0.04909840
v -0.05505429 0.13745200 -0.05081337
v -0.05839380 0.13552393 -0.05224418
v -0.06181658 0.13354779 -0.05338281
v -0.06530348 0.13153462 -0.05422291
v -0.06883499 0.12949570 -0.05475976
v -0.07239138 0.12744242 -0.05499038
v -0.07595275 0.12538627 -0.05491347
v -0.07949918 0.12333873 -0.05452947
v -0.08301084 0.12131127 -0.05384051
v -0.08646809 0.11931523 -0.05285045
v -0.08985161 0.11736175 -0.05156484
v -0.09314246 0.11546178 -0.04999085
v -0.09632224 0.11362593 -0.04813729
v -0.09937317 0.11186448 -0.04601453
v -0.10227819 0.11018726 -0.04363443
v -0.10502105 0.10860367 -0.04101032
v -0.10758641 0.10712256 -0.03815686
v -0.10995993 0.10575221 -0.03509001
v -0.11212834 0.10450028 -0.03182692
v -0.11407949 0.10337378 -0.02838585
v -0.11580250 0.10237900 -0.02478602
v -0.11728771 0.10152152 -0.02104759
v -0.11852682 0.10080611 -0.01719145
v -0.11951290 0.10023680 -0.01323916
v -0.12024045 0.09981675 -0.00921284
v -0.12070538 0.09954832 -0.00513500
v -0.12090510 0.09943301 -0.00102844
v -0.12083850 0.09947147 0.00308387
v -0.12050594 0.09966347 0.00717894
v -0.11990928 0.10000795 0.01123386
v -0.11905187 0.10050298 0.01522595
v -0.11793849 0.10114579 0.01913290
v -0.11657538 0.10193278 0.02293284
v -0.11497015 0.10285956 0.02660454
v -0.11313178 0.10392094 0.03012745
v -0.11107056 0.10511099 0.03348188
v -0.10879801 0.10642304 0.03664906
v -0.10632684 0.10784977 0.03961129
v -0.10367087 0.10938320 0.04235199
v -0.10084495 0.11101474 0.04485585
v -0.09786490 0.11273528 0.04710885
v -0.09474736 0.11453519 0.04909840
v -0.10143470 0.10374605 0.04160547
v -0.09906490 0.10511425 0.04382232
v -0.09657709 0.10655059 0.04585949
v -0.09398147 0.10804917 0.04770865
v -0.09128869 0.10960385 0.04936220
v -0.10257471 0.10566739 0.04158245
v -0.10219470 0.10502693 0.04159012
v -0.10856337 0.09963031 -0.03272694
v -0.11057887 0.09846666 -0.02932383
v -0.11236794 0.09743374 -0.02575594
v -0.11392053 0.09653735 -0.02204334
v -0.11522792 0.09578253 -0.01820687
v -0.11628275 0.09517352 -0.01426810
v -0.11707911 0.09471375 -0.01024915
v -0.11761251 0.09440579 -0.00617262
v -0.11787996 0.09425137 -0.00206140
v -0.11787996 0.09425137 0.00206140
v -0.11761251 0.09440579 0.00617262
v -0.11707911 0.09471375 0.01024915
v -0.11628275 0.09517352 0.01426810
v -0.11522792 0.09578253 0.01820687
v -0.11392053 0.09653735 0.02204334
v -0.11236794 0.09743374 0.02575594
v -0.11057887 0.09846666 0.02932383
v -0.10856337 0.09963031 0.03272694
v -0.04177503 0.13819058 -0.04406209
v -0.04456551 0.13657949 -0.04629486
v -0.04748664 0.13489297 -0.04829245
v -0.05052358 0.13313960 -0.05004469
v -0.05366089 0.13132827 -0.05154270
v -0.05688265 0.12946819 -0.05277887
v -0.06017247 0.12756881 -0.05374690
v -0.06351366 0.12563977 -0.05444188
v -0.06688923 0.12369089 -0.05486029
v -0.07028203 0.12173205 -0.05500000
v -0.07367484 0.11977321 -0.05486029
v -0.07705041 0.11782433 -0.05444188
v -0.08039159 0.11589529 -0.05374690
v -0.08368142 0.11399591 -0.05277887
v -0.08690317 0.11213583 -0.05154270
v -0.09004048 0.11032450 -0.05004469
v -0.09307742 0.10857113 -0.04829245
v -0.09599855 0.10688461 -0.04629486
v -0.09878904 0.10527352 -0.04406209
v -0.03200070 0.14383379 0.03272694
v -0.02998520 0.14499744 0.02932383
v -0.02819613 0.14603036 0.02575594
v -0.02664354 0.14692675 0.02204334
v -0.02533615 0.14768157 0.01820687
v -0.02428131 0.14829058 0.01426810
v -0.02348496 0.14875035 0.01024915
v -0.02295156 0.14905831 0.00617262
v -0.02268410 0.14921273 0.00206140
v -0.02268410 0.14921273 -0.00206140
v -0.02295156 0.14905831 -0.00617262
v -0.02348496 0.14875035 -0.01024915
v -0.02428131 0.14829058 -0.01426810
v -0.02533615 0.14768157 -0.01820687
v -0.02664354 0.14692675 -0.02204334
v -0.02819613 0.14603036 -0.02575594
v -0.02998520 0.14499744 -0.02932383
v -0.03200070 0.14383379 -0.03272694
v -0.03949400 0.14036736 0.04159780
v -0.03985864 0.14101667 0.04159012
v -0.05724091 0.12926135 0.03940346
v -0.05714072 0.12931919 0.03944639
v -0.05703804 0.12937847 0.03948055
v -0.05693343 0.12943887 0.03950575
v -0.05682749 0.12950004 0.03952185
v -0.05672080 0.12956163 0.03952877
v -0.05661395 0.12962332 0.03952647
v -0.05650756 0.12968475 0.03951494
v -0.05640221 0.12974557 0.03949428
v -0.05629849 0.12980545 0.03946457
v -0.05619699 0.12986405 0.03942601
v -0.05609826 0.12992105 0.03937879
v -0.05600287 0.12997613 0.03932318
v -0.05591134 0.13002897 0.03925950
v -0.05582419 0.13007929 0.03918809
v -0.05574191 0.13012680 0.03910937
v -0.05566494 0.13017123 0.03902377
v -0.05559374 0.13021234 0.03893176
v -0.05552869 0.13024990 0.03883387
v -0.05547015 0.13028369 0.03873064
v -0.05541846 0.13031354 0.03862264
v -0.05537391 0.13033926 0.03851049
v -0.05533673 0.13036072 0.03839480
v -0.05530715 0.13037780 0.03827624
v -0.05528532 0.13039040 0.03815545
v -0.05527138 0.13039846 0.03803311
v -0.05526538 0.13040192 0.03790991
v -0.05526738 0.13040076 0.03778654
v -0.05527736 0.13039500 0.03766369
v -0.05529526 0.13038467 0.03754205
v -0.05532098 0.13036982 0.03742228
v -0.05535438 0.13035053 0.03730507
v -0.05539528 0.13032692 0.03719108
v -0.05544343 0.13029912 0.03708092
v -0.05549858 0.13026728 0.03697524
v -0.05556042 0.13023158 0.03687460
v -0.05562860 0.13019222 0.03677959
v -0.05570273 0.13014941 0.03669072
v -0.05578241 0.13010341 0.03660850
v -0.05586719 0.13005446 0.03653339
v -0.05595659 0.13000285 0.03646580
v -0.05605012 0.12994885 0.03640611
v -0.05614724 0.12989278 0.03635466
v -0.05624743 0.12983493 0.03631174
v -0.05635011 0.12977565 0.03627758
v -0.05645472 0.12971525 0.03625237
v -0.05656066 0.12965409 0.03623627
v -0.05666736 0.12959249 0.03622935
v -0.05677420 0.12953080 0.03623166
v -0.05688059 0.12946938 0.03624318
v -0.05698594 0.12940855 0.03626385
v -0.05708966 0.12934867 0.03629355
v -0.05719116 0.12929007 0.03633212
v -0.05728989 0.12923307 0.03637934
v -0.05738528 0.12917799 0.03643494
v -0.05747681 0.12912515 0.03649863
v -0.05756396 0.12907483 0.03657003
v -0.05764625 0.12902733 0.03664875
v -0.05772321 0.12898289 0.03673436
v -0.05779441 0.12894178 0.03682636
v -0.05785946 0.12890422 0.03692425
v -0.05791800 0.12887043 0.03702749
v -0.05796969 0.12884059 0.03713548
v -0.05801425 0.12881486 0.03724763
v -0.05805142 0.12879340 0.03736332
v -0.05808100 0.12877632 0.03748189
v -0.05810283 0.12876372 0.03760268
v -0.05811678 0.12875566 0.03772501
v -0.05812277 0.12875221 0.03784821
v -0.05812077 0.12875336 0.03797158
v -0.05811079 0.12875912 0.03809443
v -0.05809289 0.12876945 0.03821608
v -0.05806717 0.12878430 0.03833584
v -0.05803377 0.12880359 0.03845305
v -0.05799288 0.12882720 0.03856705
v -0.05794472 0.12885500 0.03867720
v -0.05788957 0.12888684 0.03878288
v -0.05782773 0.12892254 0.03888352
v -0.05775956 0.12896191 0.03897853
v -0.05768542 0.12900471 0.03906740
v -0.05760574 0.12905071 0.03914962
v -0.05752096 0.12909966 0.03922474
v -0.05743156 0.12915127 0.03929233
v -0.05733804 0.12920527 0.03935201
v -0.04240169 0.13782877 0.03782878
v -0.09816237 0.10563533 0.03782878
v -0.08441682 0.11357133 -0.03635466
v -0.08431664 0.11362917 -0.03631174
v -0.08421395 0.11368845 -0.03627758
v -0.08410935 0.11374885 -0.03625237
v -0.08400340 0.11381002 -0.03623627
v -0.08389671 0.11387161 -0.03622935
v -0.08378987 0.11393330 -0.03623166
v -0.08368347 0.11399472 -0.03624318
v -0.08357812 0.11405555 -0.03626385
v -0.08347441 0.11411543 -0.03629355
v -0.08337290 0.11417403 -0.03633212
v -0.08327418 0.11423103 -0.03637934
v -0.08317878 0.11428611 -0.03643494
v -0.08308725 0.11433895 -0.03649863
v -0.08300010 0.11438927 -0.03657003
v -0.08291782 0.11443678 -0.03664875
v -0.08284086 0.11448121 -0.03673436
v -0.08276965 0.11452232 -0.03682636
v -0.08270460 0.11455988 -0.03692425
v -0.08264606 0.11459367 -0.03702749
v -0.08259437 0.11462352 -0.03713548
v -0.08254982 0.11464924 -0.03724763
v -0.08251265 0.11467070 -0.03736332
v -0.08248306 0.11468778 -0.03748189
v -0.08246124 0.11470038 -0.03760268
v -0.08244729 0.11470844 -0.03772501
v -0.08244130 0.11471190 -0.03784821
v -0.08244329 0.11471074 -0.03797158
v -0.08245327 0.11470498 -0.03809443
v -0.08247117 0.11469465 -0.03821608
v -0.08249689 0.11467980 -0.03833584
v -0.08253030 0.11466051 -0.03845305
v -0.08257119 0.11463690 -0.03856705
v -0.08261935 0.11460910 -0.03867720
v -0.08267450 0.11457726 -0.03878288
v -0.08273633 0.11454156 -0.03888352
v -0.08280451 0.11450220 -0.03897853
v -0.08287864 0.11445939 -0.03906740
v -0.08295832 0.11441339 -0.03914962
v -0.08304310 0.11436444 -0.03922474
v -0.08313250 0.11431283 -0.03929233
v -0.08322603 0.11425883 -0.03935201
v -0.08332316 0.11420275 -0.03940346
v -0.08342334 0.11414491 -0.03944639
v -0.08352603 0.11408563 -0.03948055
v -0.08363063 0.11402523 -0.03950575
v -0.08373658 0.11396407 -0.03952185
v -0.08384327 0.11390247 -0.03952877
v -0.08395011 0.11384078 -0.03952647
v -0.08405650 0.11377936 -0.03951494
v -0.08416185 0.11371853 -0.03949428
v -0.08426557 0.11365865 -0.03946457
v -0.08436708 0.11360005 -0.03942601
v -0.08446580 0.11354305 -0.03937879
v -0.08456120 0.11348797 -0.03932318
v -0.08465272 0.11343513 -0.03925950
v -0.08473987 0.11338481 -0.03918809
v -0.08482216 0.11333730 -0.03910937
v -0.08489912 0.11329287 -0.03902377
v -0.08497033 0.11325176 -0.03893176
v -0.08503538 0.11321420 -0.03883387
v -0.08509391 0.11318041 -0.03873064
v -0.08514560 0.11315056 -0.03862264
v -0.08519016 0.11312484 -0.03851049
v -0.08522733 0.11310338 -0.03839480
v -0.08525691 0.11308630 -0.03827624
v -0.08527874 0.11307370 -0.03815545
v -0.08529269 0.11306564 -0.03803311
v -0.08529868 0.11306218 -0.03790991
v -0.08529668 0.11306334 -0.03778654
v -0.08528671 0.11306910 -0.03766369
v -0.08526881 0.11307943 -0.03754205
v -0.08524308 0.11309428 -0.03742228
v -0.08520968 0.11311357 -0.03730507
v -0.08516879 0.11313718 -0.03719108
v -0.08512063 0.11316498 -0.03708092
v -0.08506548 0.11319682 -0.03697524
v -0.08500364 0.11323252 -0.03687460
v -0.08493547 0.11327189 -0.03677959
v -0.08486133 0.11331469 -0.03669072
v -0.08478165 0.11336069 -0.03660850
v -0.08469688 0.11340964 -0.03653339
v -0.08460747 0.11346125 -0.03646580
v -0.08451395 0.11351525 -0.03640611
v -0.10363309 0.10247681 0.01721442
v -0.10353291 0.10253465 0.01725735
v -0.10343022 0.10259393 0.01729151
v -0.10332562 0.10265433 0.01731671
v -0.10321967 0.10271550 0.01733281
v -0.10311298 0.10277709 0.01733973
v -0.10300614 0.10283878 0.01733742
v -0.10289975 0.10290020 0.01732590
v -0.10279440 0.10296103 0.01730524
v -0.10269068 0.10302091 0.01727553
v -0.10258917 0.10307951 0.01723697
v -0.10249045 0.10313651 0.01718975
v -0.10239506 0.10319159 0.01713414
v -0.10230353 0.10324443 0.01707046
v -0.10221638 0.10329475 0.01699905
v -0.10213409 0.10334226 0.01692033
v -0.10205713 0.10338669 0.01683473
v -0.10198592 0.10342780 0.01674272
v -0.10192087 0.10346536 0.01664483
v -0.10186234 0.10349915 0.01654160
v -0.10181065 0.10352900 0.01643360
v -0.10176609 0.10355472 0.01632145
v -0.10172892 0.10357618 0.01620576
v -0.10169934 0.10359326 0.01608720
v -0.10167751 0.10360586 0.01596641
v -0.10166356 0.10361392 0.01584407
v -0.10165757 0.10361738 0.01572087
v -0.10165957 0.10361622 0.01559750
v -0.10166954 0.10361046 0.01547465
v -0.10168744 0.10360013 0.01535300
v -0.10171317 0.10358528 0.01523324
v -0.10174657 0.10356599 0.01511603
v -0.10178746 0.10354238 0.01500204
v -0.10183562 0.10351458 0.01489188
v -0.10189077 0.10348274 0.01478620
v -0.10195261 0.10344704 0.01468556
v -0.10202078 0.10340768 0.01459055
v -0.10209492 0.10336487 0.01450168
v -0.10217460 0.10331887 0.01441946
v -0.10225937 0.10326992 0.01434435
v -0.10234878 0.10321831 0.01427676
v -0.10244230 0.10316431 0.01421707
v -0.10253943 0.10310823 0.01416562
v -0.10263961 0.10305039 0.01412270
v -0.10274230 0.10299111 0.01408854
v -0.10284690 0.10293071 0.01406333
v -0.10295285 0.10286955 0.01404723
v -0.10305954 0.10280795 0.01404031
v -0.10316638 0.10274626 0.01404262
v -0.10327278 0.10268484 0.01405414
v -0.10337813 0.10262401 0.01407481
v -0.10348184 0.10256413 0.01410451
v -0.10358335 0.10250553 0.01414308
v -0.10368207 0.10244853 0.01419030
v -0.10377747 0.10239345 0.01424590
v -0.10386900 0.10234061 0.01430958
v -0.10395615 0.10229029 0.01438099
v -0.10403843 0.10224278 0.01445971
v -0.10411539 0.10219835 0.01454531
v -0.10418660 0.10215724 0.01463732
v -0.10425165 0.10211968 0.01473521
v -0.10431019 0.10208589 0.01483845
v -0.10436188 0.10205604 0.01494644
v -0.10440643 0.10203032 0.01505859
v -0.10444360 0.10200886 0.01517428
v -0.10447319 0.10199178 0.01529285
v -0.10449501 0.10197918 0.01541364
v -0.10450896 0.10197112 0.01553597
v -0.10451495 0.10196766 0.01565917
v -0.10451296 0.10196882 0.01578254
v -0.10450298 0.10197458 0.01590539
v -0.10448508 0.10198491 0.01602704
v -0.10445936 0.10199976 0.01614680
v -0.10442595 0.10201905 0.01626401
v -0.10438506 0.10204266 0.01637801
v -0.10433690 0.10207046 0.01648816
v -0.10428175 0.10210230 0.01659384
v -0.10421992 0.10213800 0.01669448
v -0.10415174 0.10217737 0.01678949
v -0.10407761 0.10222017 0.01687836
v -0.10399793 0.10226617 0.01696058
v -0.10391315 0.10231512 0.01703570
v -0.10382375 0.10236673 0.01710329
v -0.10373022 0.10242073 0.01716297
v -0.03802464 0.14035587 -0.01416562
v -0.03792445 0.14041371 -0.01412270
v -0.03782177 0.14047299 -0.01408854
v -0.03771716 0.14053339 -0.01406333
v -0.03761121 0.14059456 -0.01404723
v -0.03750452 0.14065615 -0.01404031
v -0.03739768 0.14071784 -0.01404262
v -0.03729129 0.14077927 -0.01405414
v -0.03718594 0.14084009 -0.01407481
v -0.03708222 0.14089997 -0.01410451
v -0.03698072 0.14095857 -0.01414308
v -0.03688199 0.14101557 -0.01419030
v -0.03678660 0.14107065 -0.01424590
v -0.03669507 0.14112349 -0.01430958
v -0.03660792 0.14117381 -0.01438099
v -0.03652563 0.14122132 -0.01445971
v -0.03644867 0.14126575 -0.01454531
v -0.03637747 0.14130686 -0.01463732
v -0.03631241 0.14134442 -0.01473521
v -0.03625388 0.14137821 -0.01483845
v -0.03620219 0.14140806 -0.01494644
v -0.03615763 0.14143378 -0.01505859
v -0.03612046 0.14145524 -0.01517428
v -0.03609088 0.14147232 -0.01529285
v -0.03606905 0.14148492 -0.01541364
v -0.03605510 0.14149298 -0.01553597
v -0.03604911 0.14149644 -0.01565917
v -0.03605111 0.14149528 -0.01578254
v -0.03606109 0.14148952 -0.01590539
v -0.03607899 0.14147919 -0.01602704
v -0.03610471 0.14146434 -0.01614680
v -0.03613811 0.14144505 -0.01626401
v -0.03617900 0.14142144 -0.01637801
v -0.03622716 0.14139364 -0.01648816
v -0.03628231 0.14136180 -0.01659384
v -0.03634415 0.14132610 -0.01669448
v -0.03641232 0.14128674 -0.01678949
v -0.03648646 0.14124393 -0.01687836
v -0.03656614 0.14119793 -0.01696058
v -0.03665092 0.14114899 -0.01703570
v -0.03674032 0.14109737 -0.01710329
v -0.03683384 0.14104337 -0.01716297
v -0.03693097 0.14098730 -0.01721442
v -0.03703116 0.14092945 -0.01725735
v -0.03713384 0.14087017 -0.01729151
v -0.03723845 0.14080977 -0.01731671
v -0.03734439 0.14074861 -0.01733281
v -0.03745108 0.14068701 -0.01733973
v -0.03755792 0.14062532 -0.01733742
v -0.03766432 0.14056390 -0.01732590
v -0.03776967 0.14050307 -0.01730524
v -0.03787339 0.14044319 -0.01727553
v -0.03797489 0.14038459 -0.01723697
v -0.03807362 0.14032759 -0.01718975
v -0.03816901 0.14027251 -0.01713414
v -0.03826054 0.14021967 -0.01707046
v -0.03834769 0.14016935 -0.01699905
v -0.03842997 0.14012185 -0.01692033
v -0.03850693 0.14007741 -0.01683473
v -0.03857814 0.14003630 -0.01674272
v -0.03864319 0.13999874 -0.01664483
v -0.03870173 0.13996495 -0.01654160
v -0.03875342 0.13993511 -0.01643360
v -0.03879797 0.13990938 -0.01632145
v -0.03883515 0.13988792 -0.01620576
v -0.03886473 0.13987084 -0.01608720
v -0.03888656 0.13985824 -0.01596641
v -0.03890050 0.13985018 -0.01584407
v -0.03890650 0.13984673 -0.01572087
v -0.03890450 0.13984788 -0.01559750
v -0.03889452 0.13985364 -0.01547465
v -0.03887662 0.13986397 -0.01535300
v -0.03885090 0.13987882 -0.01523324
v -0.03881750 0.13989811 -0.01511603
v -0.03877660 0.13992172 -0.01500204
v -0.03872845 0.13994952 -0.01489188
v -0.03867330 0.13998136 -0.01478620
v -0.03861146 0.14001706 -0.01468556
v -0.03854328 0.14005643 -0.01459055
v -0.03846915 0.14009923 -0.01450168
v -0.03838947 0.14014523 -0.01441946
v -0.03830469 0.14019418 -0.01434435
v -0.03821529 0.14024579 -0.01427676
v -0.03812176 0.14029979 -0.01421707
v -0.07227051 0.12058400 0.00554328
v -0.07190620 0.12079434 0.00569936
v -0.07153281 0.12100991 0.00582358
v -0.07115242 0.12122953 0.00591523
v -0.07076716 0.12145196 0.00597379
v -0.07037919 0.12167595 0.00599895
v -0.06999068 0.12190026 0.00599056
v -0.06960380 0.12212363 0.00594867
v -0.06922071 0.12234481 0.00587351
v -0.06884355 0.12256256 0.00576550
v -0.06847444 0.12277566 0.00562525
v -0.06811544 0.12298293 0.00545355
v -0.06776856 0.12318321 0.00525134
v -0.06743573 0.12337537 0.00501977
v -0.06711882 0.12355834 0.00476012
v -0.06681959 0.12373109 0.00447385
v -0.06653974 0.12389267 0.00416257
v -0.06628081 0.12404216 0.00382800
v -0.06604425 0.12417873 0.00347203
v -0.06583140 0.12430162 0.00309664
v -0.06564344 0.12441015 0.00270393
v -0.06548141 0.12450369 0.00229610
v -0.06534624 0.12458173 0.00187543
v -0.06523866 0.12464384 0.00144427
v -0.06515930 0.12468966 0.00100504
v -0.06510858 0.12471895 0.00056018
v -0.06508679 0.12473153 0.00011219
v -0.06509405 0.12472733 -0.00033642
v -0.06513033 0.12470639 -0.00078316
v -0.06519542 0.12466881 -0.00122551
v -0.06528896 0.12461480 -0.00166101
v -0.06541042 0.12454468 -0.00208723
v -0.06555912 0.12445882 -0.00250176
v -0.06573424 0.12435772 -0.00290231
v -0.06593479 0.12424193 -0.00328663
v -0.06615965 0.12411211 -0.00365257
v -0.06640756 0.12396898 -0.00399808
v -0.06667714 0.12381333 -0.00432123
v -0.06696689 0.12364605 -0.00462022
v -0.06727517 0.12346806 -0.00489337
v -0.06760027 0.12328037 -0.00513915
v -0.06794036 0.12308402 -0.00535619
v -0.06829355 0.12288010 -0.00554328
v -0.06865786 0.12266977 -0.00569936
v -0.06903126 0.12245419 -0.00582358
v -0.06941164 0.12223457 -0.00591523
v -0.06979690 0.12201214 -0.00597379
v -0.07018487 0.12178815 -0.00599895
v -0.07057338 0.12156384 -0.00599056
v -0.07096027 0.12134047 -0.00594867
v -0.07134336 0.12111929 -0.00587351
v -0.07172051 0.12090154 -0.00576550
v -0.07208962 0.12068844 -0.00562525
v -0.07244862 0.12048117 -0.00545355
v -0.07279551 0.12028089 -0.00525134
v -0.07312834 0.12008874 -0.00501977
v -0.07344525 0.11990577 -0.00476012
v -0.07374447 0.11973301 -0.00447385
v -0.07402433 0.11957144 -0.00416257
v -0.07428326 0.11942194 -0.00382800
v -0.07451981 0.11928537 -0.00347203
v -0.07473266 0.11916248 -0.00309664
v -0.07492063 0.11905396 -0.00270393
v -0.07508265 0.11896041 -0.00229610
v -0.07521783 0.11888237 -0.00187543
v -0.07532540 0.11882026 -0.00144427
v -0.07540477 0.11877444 -0.00100504
v -0.07545549 0.11874515 -0.00056018
v -0.07547728 0.11873258 -0.00011219
v -0.07547001 0.11873677 0.00033642
v -0.07543373 0.11875772 0.00078316
v -0.07536864 0.11879530 0.00122551
v -0.07527511 0.11884930 0.00166101
v -0.07515365 0.11891942 0.00208723
v -0.07500494 0.11900528 0.00250176
v -0.07482983 0.11910638 0.00290231
v -0.07462928 0.11922217 0.00328663
v -0.07440442 0.11935199 0.00365257
v -0.07415650 0.11949512 0.00399808
v -0.07388692 0.11965077 0.00432123
v -0.07359718 0.11981805 0.00462022
v -0.07328890 0.11999604 0.00489337
v -0.07296380 0.12018373 0.00513915
v -0.07262370 0.12038009 0.00535619
v -0.09559929 0.10141532 0.03782878
v -0.14056456 0.08346496 0.08008891
v 0.05914724 0.13508893 -0.03635466
v 0.05924743 0.13503109 -0.03631174
v 0.05935011 0.13497180 -0.03627758
v 0.05945472 0.13491141 -0.03625237
v 0.05956066 0.13485024 -0.03623627
v 0.05966736 0.13478864 -0.03622935
v 0.05977420 0.13472696 -0.03623166
v 0.05988059 0.13466553 -0.03624318
v 0.05998594 0.13460471 -0.03626385
v 0.06008966 0.13454482 -0.03629355
v 0.06019116 0.13448622 -0.03633212
v 0.06028989 0.13442922 -0.03637934
v 0.06038528 0.13437415 -0.03643494
v 0.06047681 0.13432130 -0.03649863
v 0.06056396 0.13427099 -0.03657003
v 0.06064625 0.13422348 -0.03664875
v 0.06072321 0.13417904 -0.03673436
v 0.06079441 0.13413793 -0.03682636
v 0.06085946 0.13410038 -0.03692425
v 0.06091800 0.13406658 -0.03702749
v 0.06096969 0.13403674 -0.03713548
v 0.06101425 0.13401101 -0.03724763
v 0.06105142 0.13398955 -0.03736332
v 0.06108100 0.13397247 -0.03748189
v 0.06110283 0.13395987 -0.03760268
v 0.06111678 0.13395182 -0.03772501
v 0.06112277 0.13394836 -0.03784821
v 0.06112077 0.13394951 -0.03797158
v 0.06111079 0.13395527 -0.03809443
v 0.06109289 0.13396561 -0.03821608
v 0.06106717 0.13398046 -0.03833584
v 0.06103377 0.13399974 -0.03845305
v 0.06099288 0.13402335 -0.03856705
v 0.06094472 0.13405115 -0.03867720
v 0.06088957 0.13408300 -0.03878288
v 0.06082773 0.13411870 -0.03888352
v 0.06075956 0.13415806 -0.03897853
v 0.06068542 0.13420086 -0.03906740
v 0.06060574 0.13424686 -0.03914962
v 0.06052096 0.13429581 -0.03922474
v 0.06043156 0.13434743 -0.03929233
v 0.06033804 0.13440142 -0.03935201
v 0.06024091 0.13445750 -0.03940346
v 0.06014072 0.13451534 -0.03944639
v 0.06003804 0.13457463 -0.03948055
v 0.05993343 0.13463502 -0.03950575
v 0.05982749 0.13469619 -0.03952185
v 0.05972080 0.13475779 -0.03952877
v 0.05961395 0.13481947 -0.03952647
v 0.05950756 0.13488090 -0.03951494
v 0.05940221 0.13494172 -0.03949428
v 0.05929849 0.13500160 -0.03946457
v 0.05919699 0.13506021 -0.03942601
v 0.05909826 0.13511721 -0.03937879
v 0.05900287 0.13517228 -0.03932318
v 0.05891134 0.13522513 -0.03925950
v 0.05882419 0.13527544 -0.03918809
v 0.05874191 0.13532295 -0.03910937
v 0.05866494 0.13536738 -0.03902377
v 0.05859374 0.13540849 -0.03893176
v 0.05852869 0.13544605 -0.03883387
v 0.05847015 0.13547985 -0.03873064
v 0.05841846 0.13550969 -0.03862264
v 0.05837391 0.13553541 -0.03851049
v 0.05833673 0.13555688 -0.03839480
v 0.05830715 0.13557396 -0.03827624
v 0.05828532 0.13558656 -0.03815545
v 0.05827138 0.13559461 -0.03803311
v 0.05826538 0.13559807 -0.03790991
v 0.05826738 0.13559692 -0.03778654
v 0.05827736 0.13559116 -0.03766369
v 0.05829526 0.13558082 -0.03754205
v 0.05832098 0.13556597 -0.03742228
v 0.05835438 0.13554669 -0.03730507
v 0.05839528 0.13552308 -0.03719108
v 0.05844343 0.13549527 -0.03708092
v 0.05849858 0.13546343 -0.03697524
v 0.05856042 0.13542773 -0.03687460
v 0.05862860 0.13538837 -0.03677959
v 0.05870273 0.13534557 -0.03669072
v 0.05878241 0.13529956 -0.03660850
v 0.05886719 0.13525062 -0.03653339
v 0.05895659 0.13519900 -0.03646580
v 0.05905012 0.13514500 -0.03640611
v 0.03993097 0.14618345 0.01721442
v 0.04003116 0.14612561 0.01725735
v 0.04013384 0.14606632 0.01729151
v 0.04023845 0.14600593 0.01731671
v 0.04034439 0.14594476 0.01733281
v 0.04045108 0.14588316 0.01733973
v 0.04055792 0.14582148 0.01733742
v 0.04066432 0.14576005 0.01732590
v 0.04076967 0.14569923 0.01730524
v 0.04087339 0.14563934 0.01727553
v 0.04097489 0.14558074 0.01723697
v 0.04107362 0.14552374 0.01718975
v 0.04116901 0.14546867 0.01713414
v 0.04126054 0.14541582 0.01707046
v 0.04134769 0.14536551 0.01699905
v 0.04142997 0.14531800 0.01692033
v 0.04150693 0.14527356 0.01683473
v 0.04157814 0.14523245 0.01674272
v 0.04164319 0.14519490 0.01664483
v 0.04170173 0.14516110 0.01654160
v 0.04175342 0.14513126 0.01643360
v 0.04179797 0.14510553 0.01632145
v 0.04183515 0.14508407 0.01620576
v 0.04186473 0.14506699 0.01608720
v 0.04188656 0.14505439 0.01596641
v 0.04190050 0.14504634 0.01584407
v 0.04190650 0.14504288 0.01572087
v 0.04190450 0.14504403 0.01559750
v 0.04189452 0.14504979 0.01547465
v 0.04187662 0.14506013 0.01535300
v 0.04185090 0.14507498 0.01523324
v 0.04181750 0.14509426 0.01511603
v 0.04177660 0.14511787 0.01500204
v 0.04172845 0.14514567 0.01489188
v 0.04167330 0.14517752 0.01478620
v 0.04161146 0.14521322 0.01468556
v 0.04154328 0.14525258 0.01459055
v 0.04146915 0.14529538 0.01450168
v 0.04138947 0.14534138 0.01441946
v 0.04130469 0.14539033 0.01434435
v 0.04121529 0.14544195 0.01427676
v 0.04112176 0.14549594 0.01421707
v 0.04102464 0.14555202 0.01416562
v 0.04092445 0.14560986 0.01412270
v 0.04082177 0.14566915 0.01408854
v 0.04071716 0.14572954 0.01406333
v 0.04061121 0.14579071 0.01404723
v 0.04050452 0.14585231 0.01404031
v 0.04039768 0.14591399 0.01404262
v 0.04029129 0.14597542 0.01405414
v 0.04018594 0.14603624 0.01407481
v 0.04008222 0.14609612 0.01410451
v 0.03998072 0.14615473 0.01414308
v 0.03988199 0.14621173 0.01419030
v 0.03978660 0.14626680 0.01424590
v 0.03969507 0.14631965 0.01430958
v 0.03960792 0.14636996 0.01438099
v 0.03952563 0.14641747 0.01445971
v 0.03944867 0.14646190 0.01454531
v 0.03937747 0.14650301 0.01463732
v 0.03931241 0.14654057 0.01473521
v 0.03925388 0.14657437 0.01483845
v 0.03920219 0.14660421 0.01494644
v 0.03915763 0.14662993 0.01505859
v 0.03912046 0.14665140 0.01517428
v 0.03909088 0.14666848 0.01529285
v 0.03906905 0.14668108 0.01541364
v 0.03905510 0.14668913 0.01553597
v 0.03904911 0.14669259 0.01565917
v 0.03905111 0.14669144 0.01578254
v 0.03906109 0.14668568 0.01590539
v 0.03907899 0.14667534 0.01602704
v 0.03910471 0.14666049 0.01614680
v 0.03913811 0.14664121 0.01626401
v 0.03917900 0.14661760 0.01637801
v 0.03922716 0.14658979 0.01648816
v 0.03928231 0.14655795 0.01659384
v 0.03934415 0.14652225 0.01669448
v 0.03941232 0.14648289 0.01678949
v 0.03948646 0.14644009 0.01687836
v 0.03956614 0.14639408 0.01696058
v 0.03965092 0.14634514 0.01703570
v 0.03974032 0.14629352 0.01710329
v 0.03983384 0.14623952 0.01716297
v 0.10553943 0.10830439 -0.01416562
v 0.10563961 0.10824654 -0.01412270
v 0.10574230 0.10818726 -0.01408854
v 0.10584690 0.10812687 -0.01406333
v 0.10595285 0.10806570 -0.01404723
v 0.10605954 0.10800410 -0.01404031
v 0.10616638 0.10794241 -0.01404262
v 0.10627278 0.10788099 -0.01405414
v 0.10637813 0.10782016 -0.01407481
v 0.10648184 0.10776028 -0.01410451
v 0.10658335 0.10770168 -0.01414308
v 0.10668207 0.10764468 -0.01419030
v 0.10677747 0.10758960 -0.01424590
v 0.10686900 0.10753676 -0.01430958
v 0.10695615 0.10748644 -0.01438099
v 0.10703843 0.10743894 -0.01445971
v 0.10711539 0.10739450 -0.01454531
v 0.10718660 0.10735339 -0.01463732
v 0.10725165 0.10731584 -0.01473521
v 0.10731019 0.10728204 -0.01483845
v 0.10736188 0.10725220 -0.01494644
v 0.10740643 0.10722647 -0.01505859
v 0.10744360 0.10720501 -0.01517428
v 0.10747319 0.10718793 -0.01529285
v 0.10749501 0.10717533 -0.01541364
v 0.10750896 0.10716728 -0.01553597
v 0.10751495 0.10716382 -0.01565917
v 0.10751296 0.10716497 -0.01578254
v 0.10750298 0.10717073 -0.01590539
v 0.10748508 0.10718107 -0.01602704
v 0.10745936 0.10719592 -0.01614680
v 0.10742595 0.10721520 -0.01626401
v 0.10738506 0.10723881 -0.01637801
v 0.10733690 0.10726661 -0.01648816
v 0.10728175 0.10729845 -0.01659384
v 0.10721992 0.10733416 -0.01669448
v 0.10715174 0.10737352 -0.01678949
v 0.10707761 0.10741632 -0.01687836
v 0.10699793 0.10746232 -0.01696058
v 0.10691315 0.10751127 -0.01703570
v 0.10682375 0.10756289 -0.01710329
v 0.10673022 0.10761688 -0.01716297
v 0.10663309 0.10767296 -0.01721442
v 0.10653291 0.10773080 -0.01725735
v 0.10643022 0.10779009 -0.01729151
v 0.10632562 0.10785048 -0.01731671
v 0.10621967 0.10791165 -0.01733281
v 0.10611298 0.10797325 -0.01733973
v 0.10600614 0.10803493 -0.01733742
v 0.10589975 0.10809636 -0.01732590
v 0.10579440 0.10815718 -0.01730524
v 0.10569068 0.10821706 -0.01727553
v 0.10558917 0.10827567 -0.01723697
v 0.10549045 0.10833267 -0.01718975
v 0.10539506 0.10838774 -0.01713414
v 0.10530353 0.10844058 -0.01707046
v 0.10521638 0.10849090 -0.01699905
v 0.10513409 0.10853841 -0.01692033
v 0.10505713 0.10858284 -0.01683473
v 0.10498592 0.10862395 -0.01674272
v 0.10492087 0.10866151 -0.01664483
v 0.10486234 0.10869531 -0.01654160
v 0.10481065 0.10872515 -0.01643360
v 0.10476609 0.10875087 -0.01632145
v 0.10472892 0.10877234 -0.01620576
v 0.10469934 0.10878941 -0.01608720
v 0.10467751 0.10880202 -0.01596641
v 0.10466356 0.10881007 -0.01584407
v 0.10465757 0.10881353 -0.01572087
v 0.10465957 0.10881237 -0.01559750
v 0.10466954 0.10880661 -0.01547465
v 0.10468744 0.10879628 -0.01535300
v 0.10471317 0.10878143 -0.01523324
v 0.10474657 0.10876215 -0.01511603
v 0.10478746 0.10873854 -0.01500204
v 0.10483562 0.10871073 -0.01489188
v 0.10489077 0.10867889 -0.01478620
v 0.10495261 0.10864319 -0.01468556
v 0.10502078 0.10860383 -0.01459055
v 0.10509492 0.10856103 -0.01450168
v 0.10517460 0.10851502 -0.01441946
v 0.10525937 0.10846608 -0.01434435
v 0.10534878 0.10841446 -0.01427676
v 0.10544230 0.10836046 -0.01421707
v 0.07129355 0.12807625 0.00554328
v 0.07165786 0.12786592 0.00569936
v 0.07203126 0.12765034 0.00582358
v 0.07241164 0.12743072 0.00591523
v 0.07279690 0.12720829 0.00597379
v 0.07318487 0.12698430 0.00599895
v 0.07357338 0.12675999 0.00599056
v 0.07396027 0.12653662 0.00594867
v 0.07434336 0.12631545 0.00587351
v 0.07472051 0.12609770 0.00576550
v 0.07508962 0.12588459 0.00562525
v 0.07544862 0.12567732 0.00545355
v 0.07579551 0.12547705 0.00525134
v 0.07612834 0.12528489 0.00501977
v 0.07644525 0.12510192 0.00476012
v 0.07674447 0.12492916 0.00447385
v 0.07702433 0.12476759 0.00416257
v 0.07728326 0.12461809 0.00382800
v 0.07751981 0.12448152 0.00347203
v 0.07773266 0.12435863 0.00309664
v 0.07792063 0.12425011 0.00270393
v 0.07808265 0.12415656 0.00229610
v 0.07821783 0.12407852 0.00187543
v 0.07832540 0.12401641 0.00144427
v 0.07840477 0.12397059 0.00100504
v 0.07845549 0.12394131 0.00056018
v 0.07847728 0.12392873 0.00011219
v 0.07847001 0.12393292 -0.00033642
v 0.07843373 0.12395387 -0.00078316
v 0.07836864 0.12399145 -0.00122551
v 0.07827511 0.12404545 -0.00166101
v 0.07815365 0.12411558 -0.00208723
v 0.07800494 0.12420143 -0.00250176
v 0.07782983 0.12430253 -0.00290231
v 0.07762928 0.12441832 -0.00328663
v 0.07740442 0.12454814 -0.00365257
v 0.07715650 0.12469128 -0.00399808
v 0.07688692 0.12484692 -0.00432123
v 0.07659718 0.12501420 -0.00462022
v 0.07628890 0.12519219 -0.00489337
v 0.07596380 0.12537988 -0.00513915
v 0.07562370 0.12557624 -0.00535619
v 0.07527051 0.12578015 -0.00554328
v 0.07490620 0.12599049 -0.00569936
v 0.07453281 0.12620607 -0.00582358
v 0.07415242 0.12642568 -0.00591523
v 0.07376716 0.12664811 -0.00597379
v 0.07337919 0.12687211 -0.00599895
v 0.07299068 0.12709641 -0.00599056
v 0.07260380 0.12731978 -0.00594867
v 0.07222071 0.12754096 -0.00587351
v 0.07184355 0.12775871 -0.00576550
v 0.07147444 0.12797182 -0.00562525
v 0.07111544 0.12817909 -0.00545355
v 0.07076856 0.12837936 -0.00525134
v 0.07043573 0.12857152 -0.00501977
v 0.07011882 0.12875449 -0.00476012
v 0.06981959 0.12892724 -0.00447385
v 0.06953974 0.12908882 -0.00416257
v 0.06928081 0.12923831 -0.00382800
v 0.06904425 0.12937489 -0.00347203
v 0.06883140 0.12949778 -0.00309664
v 0.06864344 0.12960630 -0.00270393
v 0.06848141 0.12969984 -0.00229610
v 0.06834624 0.12977789 -0.00187543
v 0.06823866 0.12983999 -0.00144427
v 0.06815930 0.12988582 -0.00100504
v 0.06810858 0.12991510 -0.00056018
v 0.06808679 0.12992768 -0.00011219
v 0.06809405 0.12992348 0.00033642
v 0.06813033 0.12990254 0.00078316
v 0.06819542 0.12986496 0.00122551
v 0.06828896 0.12981096 0.00166101
v 0.06841042 0.12974083 0.00208723
v 0.06855912 0.12965498 0.00250176
v 0.06873424 0.12955387 0.00290231
v 0.06893479 0.12943809 0.00328663
v 0.06915965 0.12930826 0.00365257
v 0.06940756 0.12916513 0.00399808
v 0.06967714 0.12900949 0.00432123
v 0.06996689 0.12884220 0.00462022
v 0.07027517 0.12866422 0.00489337
v 0.07060027 0.12847652 0.00513915
v 0.07094036 0.12828017 0.00535619
v 0.08632316 0.11939891 0.03940346
v 0.08642334 0.11934106 0.03944639
v 0.08652603 0.11928178 0.03948055
v 0.08663063 0.11922139 0.03950575
v 0.08673658 0.11916022 0.03952185
v 0.08684327 0.11909862 0.03952877
v 0.08695011 0.11903693 0.03952647
v 0.08705650 0.11897551 0.03951494
v 0.08716185 0.11891468 0.03949428
v 0.08726557 0.11885480 0.03946457
v 0.08736708 0.11879620 0.03942601
v 0.08746580 0.11873920 0.03937879
v 0.08756120 0.11868412 0.03932318
v 0.08765272 0.11863128 0.03925950
v 0.08773987 0.11858096 0.03918809
v 0.08782216 0.11853346 0.03910937
v 0.08789912 0.11848902 0.03902377
v 0.08797033 0.11844791 0.03893176
v 0.08803538 0.11841036 0.03883387
v 0.08809391 0.11837656 0.03873064
v 0.08814560 0.11834672 0.03862264
v 0.08819016 0.11832099 0.03851049
v 0.08822733 0.11829953 0.03839480
v 0.08825691 0.11828245 0.03827624
v 0.08827874 0.11826985 0.03815545
v 0.08829269 0.11826180 0.03803311
v 0.08829868 0.11825834 0.03790991
v 0.08829668 0.11825949 0.03778654
v 0.08828671 0.11826525 0.03766369
v 0.08826881 0.11827559 0.03754205
v 0.08824308 0.11829044 0.03742228
v 0.08820968 0.11830972 0.03730507
v 0.08816879 0.11833333 0.03719108
v 0.08812063 0.11836113 0.03708092
v 0.08806548 0.11839297 0.03697524
v 0.08800364 0.11842868 0.03687460
v 0.08793547 0.11846804 0.03677959
v 0.08786133 0.11851084 0.03669072
v 0.08778165 0.11855684 0.03660850
v 0.08769688 0.11860579 0.03653339
v 0.08760747 0.11865741 0.03646580
v 0.08751395 0.11871140 0.03640611
v 0.08741682 0.11876748 0.03635466
v 0.08731664 0.11882532 0.03631174
v 0.08721395 0.11888461 0.03627758
v 0.08710935 0.11894500 0.03625237
v 0.08700340 0.11900617 0.03623627
v 0.08689671 0.11906777 0.03622935
v 0.08678987 0.11912945 0.03623166
v 0.08668347 0.11919088 0.03624318
v 0.08657812 0.11925170 0.03626385
v 0.08647441 0.11931158 0.03629355
v 0.08637290 0.11937019 0.03633212
v 0.08627418 0.11942719 0.03637934
v 0.08617878 0.11948226 0.03643494
v 0.08608725 0.11953510 0.03649863
v 0.08600010 0.11958542 0.03657003
v 0.08591782 0.11963293 0.03664875
v 0.08584086 0.11967736 0.03673436
v 0.08576965 0.11971847 0.03682636
v 0.08570460 0.11975603 0.03692425
v 0.08564606 0.11978983 0.03702749
v 0.08559437 0.11981967 0.03713548
v 0.08554982 0.11984539 0.03724763
v 0.08551265 0.11986686 0.03736332
v 0.08548306 0.11988394 0.03748189
v 0.08546124 0.11989654 0.03760268
v 0.08544729 0.11990459 0.03772501
v 0.08544130 0.11990805 0.03784821
v 0.08544329 0.11990689 0.03797158
v 0.08545327 0.11990113 0.03809443
v 0.08547117 0.11989080 0.03821608
v 0.08549689 0.11987595 0.03833584
v 0.08553030 0.11985667 0.03845305
v 0.08557119 0.11983306 0.03856705
v 0.08561935 0.11980525 0.03867720
v 0.08567450 0.11977341 0.03878288
v 0.08573633 0.11973771 0.03888352
v 0.08580451 0.11969835 0.03897853
v 0.08587864 0.11965555 0.03906740
v 0.08595832 0.11960954 0.03914962
v 0.08604310 0.11956060 0.03922474
v 0.08613250 0.11950898 0.03929233
v 0.08622603 0.11945498 0.03935201
v 0.14267616 -0.07500000 0.07500000
v 0.14279988 0.06943271 0.07500000
v 0.13480186 0.06925498 0.07500000
v 0.13467419 -0.07500000 0.07500000
v 0.13480186 -0.06925498 0.07500000
v 0.14279988 -0.06943271 0.07500000
v 0.13550222 0.03773851 0.03217122
v 0.13562788 0.03208375 0.03782878
v 0.14056406 0.03785100 0.03217122
v 0.14056406 0.04162780 0.03594616
v 0.14341712 0.04165716 0.03591213
v 0.14270387 0.04164982 0.03592064
v 0.14199061 0.04164248 0.03592915
v 0.14354266 0.03600748 0.04157477
v 0.14345691 0.03986629 0.03789035
v 0.14349879 0.03798159 0.03977938
v 0.14267616 -0.07500000 -0.07500000
v 0.14279988 0.06943271 -0.07500000
v 0.13480186 0.06925498 -0.07500000
v 0.13467419 -0.07500000 -0.07500000
v 0.13480186 -0.06925498 -0.07500000
v 0.14279988 -0.06943271 -0.07500000
v 0.14354266 0.03600748 -0.04157477
v 0.14341712 0.04165716 -0.03591213
v 0.14349879 0.03798159 -0.03977938
v 0.14345691 0.03986629 -0.03789035
v 0.13550222 0.03773851 -0.03217122
v 0.14056406 0.03785100 -0.03217122
v 0.14056406 0.04162780 -0.03594616
v 0.14270387 0.04164982 -0.03592064
v 0.14199061 0.04164248 -0.03592915
v 0.13562788 0.03208375 -0.03782878
v -0.00000000 -0.15422650 -0.07500000
v 0.13856406 -0.08000000 -0.08000000
v 0.14256505 -0.08000000 -0.08008891
v 0.14256505 -0.08000000 -0.08000000
v -0.14267616 0.07500000 -0.07500000
v -0.14267616 0.07500000 -0.06925498
v -0.13467419 0.07500000 -0.06943271
v -0.13467419 0.07500000 -0.07500000
v -0.13467419 0.07500000 0.07500000
v -0.13467419 0.07500000 0.06943271
v -0.14267616 0.07500000 0.06925498
v -0.14267616 0.07500000 0.07500000
v -0.14256505 0.08000000 0.08008891
v -0.08741682 0.11876748 -0.03635466
v -0.08731664 0.11882532 -0.03631174
v -0.08721395 0.11888461 -0.03627758
v -0.08710935 0.11894500 -0.03625237
v -0.08700340 0.11900617 -0.03623627
v -0.08689671 0.11906777 -0.03622935
v -0.08678987 0.11912945 -0.03623166
v -0.08668347 0.11919088 -0.03624318
v -0.08657812 0.11925170 -0.03626385
v -0.08647441 0.11931158 -0.03629355
v -0.08637290 0.11937019 -0.03633212
v -0.08627418 0.11942719 -0.03637934
v -0.08617878 0.11948226 -0.03643494
v -0.08608725 0.11953510 -0.03649863
v -0.08600010 0.11958542 -0.03657003
v -0.08591782 0.11963293 -0.03664875
v -0.08584086 0.11967736 -0.03673436
v -0.08576965 0.11971847 -0.03682636
v -0.08570460 0.11975603 -0.03692425
v -0.08564606 0.11978983 -0.03702749
v -0.08559437 0.11981967 -0.03713548
v -0.08554982 0.11984539 -0.03724763
v -0.08551265 0.11986686 -0.03736332
v -0.08548306 0.11988394 -0.03748189
v -0.08546124 0.11989654 -0.03760268
v -0.08544729 0.11990459 -0.03772501
v -0.08544130 0.11990805 -0.03784821
v -0.08544329 0.11990689 -0.03797158
v -0.08545327 0.11990113 -0.03809443
v -0.08547117 0.11989080 -0.03821608
v -0.08549689 0.11987595 -0.03833584
v -0.08553030 0.11985667 -0.03845305
v -0.08557119 0.11983306 -0.03856705
v -0.08561935 0.11980525 -0.03867720
v -0.08567450 0.11977341 -0.03878288
v -0.08573633 0.11973771 -0.03888352
v -0.08580451 0.11969835 -0.03897853
v -0.08587864 0.11965555 -0.03906740
v -0.08595832 0.11960954 -0.03914962
v -0.08604310 0.11956060 -0.03922474
v -0.08613250 0.11950898 -0.03929233
v -0.08622603 0.11945498 -0.03935201
v -0.08632316 0.11939891 -0.03940346
v -0.08642334 0.11934106 -0.03944639
v -0.08652603 0.11928178 -0.03948055
v -0.08663063 0.11922139 -0.03950575
v -0.08673658 0.11916022 -0.03952185
v -0.08684327 0.11909862 -0.03952877
v -0.08695011 0.11903693 -0.03952647
v -0.08705650 0.11897551 -0.03951494
v -0.08716185 0.11891468 -0.03949428
v -0.08726557 0.11885480 -0.03946457
v -0.08736708 0.11879620 -0.03942601
v -0.08746580 0.11873920 -0.03937879
v -0.08756120 0.11868412 -0.03932318
v -0.08765272 0.11863128 -0.03925950
v -0.08773987 0.11858096 -0.03918809
v -0.08782216 0.11853346 -0.03910937
v -0.08789912 0.11848902 -0.03902377
v -0.08797033 0.11844791 -0.03893176
v -0.08803538 0.11841036 -0.03883387
v -0.08809391 0.11837656 -0.03873064
v -0.08814560 0.11834672 -0.03862264
v -0.08819016 0.11832099 -0.03851049
v -0.08822733 0.11829953 -0.03839480
v -0.08825691 0.11828245 -0.03827624
v -0.08827874 0.11826985 -0.03815545
v -0.08829269 0.11826180 -0.03803311
v -0.08829868 0.11825834 -0.03790991
v -0.08829668 0.11825949 -0.03778654
v -0.08828671 0.11826525 -0.03766369
v -0.08826881 0.11827559 -0.03754205
v -0.08824308 0.11829044 -0.03742228
v -0.08820968 0.11830972 -0.03730507
v -0.08816879 0.11833333 -0.03719108
v -0.08812063 0.11836113 -0.03708092
v -0.08806548 0.11839297 -0.03697524
v -0.08800364 0.11842868 -0.03687460
v -0.08793547 0.11846804 -0.03677959
v -0.08786133 0.11851084 -0.03669072
v -0.08778165 0.11855684 -0.03660850
v -0.08769688 0.11860579 -0.03653339
v -0.08760747 0.11865741 -0.03646580
v -0.08751395 0.11871140 -0.03640611
v -0.10663309 0.10767296 0.01721442
v -0.10653291 0.10773080 0.01725735
v -0.10643022 0.10779009 0.01729151
v -0.10632562 0.10785048 0.01731671
v -0.10621967 0.10791165 0.01733281
v -0.10611298 0.10797325 0.01733973
v -0.10600614 0.10803493 0.01733742
v -0.10589975 0.10809636 0.01732590
v -0.10579440 0.10815718 0.01730524
v -0.10569068 0.10821706 0.01727553
v -0.10558917 0.10827567 0.01723697
v -0.10549045 0.10833267 0.01718975
v -0.10539506 0.10838774 0.01713414
v -0.10530353 0.10844058 0.01707046
v -0.10521638 0.10849090 0.01699905
v -0.10513409 0.10853841 0.01692033
v -0.10505713 0.10858284 0.01683473
v -0.10498592 0.10862395 0.01674272
v -0.10492087 0.10866151 0.01664483
v -0.10486234 0.10869531 0.01654160
v -0.10481065 0.10872515 0.01643360
v -0.10476609 0.10875087 0.01632145
v -0.10472892 0.10877234 0.01620576
v -0.10469934 0.10878941 0.01608720
v -0.10467751 0.10880202 0.01596641
v -0.10466356 0.10881007 0.01584407
v -0.10465757 0.10881353 0.01572087
v -0.10465957 0.10881237 0.01559750
v -0.10466954 0.10880661 0.01547465
v -0.10468744 0.10879628 0.01535300
v -0.10471317 0.10878143 0.01523324
v -0.10474657 0.10876215 0.01511603
v -0.10478746 0.10873854 0.01500204
v -0.10483562 0.10871073 0.01489188
v -0.10489077 0.10867889 0.01478620
v -0.10495261 0.10864319 0.01468556
v -0.10502078 0.10860383 0.01459055
v -0.10509492 0.10856103 0.01450168
v -0.10517460 0.10851502 0.01441946
v -0.10525937 0.10846608 0.01434435
v -0.10534878 0.10841446 0.01427676
v -0.10544230 0.10836046 0.01421707
v -0.10553943 0.10830439 0.01416562
v -0.10563961 0.10824654 0.01412270
v -0.10574230 0.10818726 0.01408854
v -0.10584690 0.10812687 0.01406333
v -0.10595285 0.10806570 0.01404723
v -0.10605954 0.10800410 0.01404031
v -0.10616638 0.10794241 0.01404262
v -0.10627278 0.10788099 0.01405414
v -0.10637813 0.10782016 0.01407481
v -0.10648184 0.10776028 0.01410451
v -0.10658335 0.10770168 0.01414308
v -0.10668207 0.10764468 0.01419030
v -0.10677747 0.10758960 0.01424590
v -0.10686900 0.10753676 0.01430958
v -0.10695615 0.10748644 0.01438099
v -0.10703843 0.10743894 0.01445971
v -0.10711539 0.10739450 0.01454531
v -0.10718660 0.10735339 0.01463732
v -0.10725165 0.10731584 0.01473521
v -0.10731019 0.10728204 0.01483845
v -0.10736188 0.10725220 0.01494644
v -0.10740643 0.10722647 0.01505859
v -0.10744360 0.10720501 0.01517428
v -0.10747319 0.10718793 0.01529285
v -0.10749501 0.10717533 0.01541364
v -0.10750896 0.10716728 0.01553597
v -0.10751495 0.10716382 0.01565917
v -0.10751296 0.10716497 0.01578254
v -0.10750298 0.10717073 0.01590539
v -0.10748508 0.10718107 0.01602704
v -0.10745936 0.10719592 0.01614680
v -0.10742595 0.10721520 0.01626401
v -0.10738506 0.10723881 0.01637801
v -0.10733690 0.10726661 0.01648816
v -0.10728175 0.10729845 0.01659384
v -0.10721992 0.10733416 0.01669448
v -0.10715174 0.10737352 0.01678949
v -0.10707761 0.10741632 0.01687836
v -0.10699793 0.10746232 0.01696058
v -0.10691315 0.10751127 0.01703570
v -0.10682375 0.10756289 0.01710329
v -0.10673022 0.10761688 0.01716297
v -0.04102464 0.14555202 -0.01416562
v -0.04092445 0.14560986 -0.01412270
v -0.04082177 0.14566915 -0.01408854
v -0.04071716 0.14572954 -0.01406333
v -0.04061121 0.14579071 -0.01404723
v -0.04050452 0.14585231 -0.01404031
v -0.04039768 0.14591399 -0.01404262
v -0.04029129 0.14597542 -0.01405414
v -0.04018594 0.14603624 -0.01407481
v -0.04008222 0.14609612 -0.01410451
v -0.03998072 0.14615473 -0.01414308
v -0.03988199 0.14621173 -0.01419030
v -0.03978660 0.14626680 -0.01424590
v -0.03969507 0.14631965 -0.01430958
v -0.03960792 0.14636996 -0.01438099
v -0.03952563 0.14641747 -0.01445971
v -0.03944867 0.14646190 -0.01454531
v -0.03937747 0.14650301 -0.01463732
v -0.03931241 0.14654057 -0.01473521
v -0.03925388 0.14657437 -0.01483845
v -0.03920219 0.14660421 -0.01494644
v -0.03915763 0.14662993 -0.01505859
v -0.03912046 0.14665140 -0.01517428
v -0.03909088 0.14666848 -0.01529285
v -0.03906905 0.14668108 -0.01541364
v -0.03905510 0.14668913 -0.01553597
v -0.03904911 0.14669259 -0.01565917
v -0.03905111 0.14669144 -0.01578254
v -0.03906109 0.14668568 -0.01590539
v -0.03907899 0.14667534 -0.01602704
v -0.03910471 0.14666049 -0.01614680
v -0.03913811 0.14664121 -0.01626401
v -0.03917900 0.14661760 -0.01637801
v -0.03922716 0.14658979 -0.01648816
v -0.03928231 0.14655795 -0.01659384
v -0.03934415 0.14652225 -0.01669448
v -0.03941232 0.14648289 -0.01678949
v -0.03948646 0.14644009 -0.01687836
v -0.03956614 0.14639408 -0.01696058
v -0.03965092 0.14634514 -0.01703570
v -0.03974032 0.14629352 -0.01710329
v -0.03983384 0.14623952 -0.01716297
v -0.03993097 0.14618345 -0.01721442
v -0.04003116 0.14612561 -0.01725735
v -0.04013384 0.14606632 -0.01729151
v -0.04023845 0.14600593 -0.01731671
v -0.04034439 0.14594476 -0.01733281
v -0.04045108 0.14588316 -0.01733973
v -0.04055792 0.14582148 -0.01733742
v -0.04066432 0.14576005 -0.01732590
v -0.04076967 0.14569923 -0.01730524
v -0.04087339 0.14563934 -0.01727553
v -0.04097489 0.14558074 -0.01723697
v -0.04107362 0.14552374 -0.01718975
v -0.04116901 0.14546867 -0.01713414
v -0.04126054 0.14541582 -0.01707046
v -0.04134769 0.14536551 -0.01699905
v -0.04142997 0.14531800 -0.01692033
v -0.04150693 0.14527356 -0.01683473
v -0.04157814 0.14523245 -0.01674272
v -0.04164319 0.14519490 -0.01664483
v -0.04170173 0.14516110 -0.01654160
v -0.04175342 0.14513126 -0.01643360
v -0.04179797 0.14510553 -0.01632145
v -0.04183515 0.14508407 -0.01620576
v -0.04186473 0.14506699 -0.01608720
v -0.04188656 0.14505439 -0.01596641
v -0.04190050 0.14504634 -0.01584407
v -0.04190650 0.14504288 -0.01572087
v -0.04190450 0.14504403 -0.01559750
v -0.04189452 0.14504979 -0.01547465
v -0.04187662 0.14506013 -0.01535300
v -0.04185090 0.14507498 -0.01523324
v -0.04181750 0.14509426 -0.01511603
v -0.04177660 0.14511787 -0.01500204
v -0.04172845 0.14514567 -0.01489188
v -0.04167330 0.14517752 -0.01478620
v -0.04161146 0.14521322 -0.01468556
v -0.04154328 0.14525258 -0.01459055
v -0.04146915 0.14529538 -0.01450168
v -0.04138947 0.14534138 -0.01441946
v -0.04130469 0.14539033 -0.01434435
v -0.04121529 0.14544195 -0.01427676
v -0.04112176 0.14549594 -0.01421707
v -0.07527051 0.12578015 0.00554328
v -0.07490620 0.12599049 0.00569936
v -0.07453281 0.12620607 0.00582358
v -0.07415242 0.12642568 0.00591523
v -0.07376716 0.12664811 0.00597379
v -0.07337919 0.12687211 0.00599895
v -0.07299068 0.12709641 0.00599056
v -0.07260380 0.12731978 0.00594867
v -0.07222071 0.12754096 0.00587351
v -0.07184355 0.12775871 0.00576550
v -0.07147444 0.12797182 0.00562525
v -0.07111544 0.12817909 0.00545355
v -0.07076856 0.12837936 0.00525134
v -0.07043573 0.12857152 0.00501977
v -0.07011882 0.12875449 0.00476012
v -0.06981959 0.12892724 0.00447385
v -0.06953974 0.12908882 0.00416257
v -0.06928081 0.12923831 0.00382800
v -0.06904425 0.12937489 0.00347203
v -0.06883140 0.12949778 0.00309664
v -0.06864344 0.12960630 0.00270393
v -0.06848141 0.12969984 0.00229610
v -0.06834624 0.12977789 0.00187543
v -0.06823866 0.12983999 0.00144427
v -0.06815930 0.12988582 0.00100504
v -0.06810858 0.12991510 0.00056018
v -0.06808679 0.12992768 0.00011219
v -0.06809405 0.12992348 -0.00033642
v -0.06813033 0.12990254 -0.00078316
v -0.06819542 0.12986496 -0.00122551
v -0.06828896 0.12981096 -0.00166101
v -0.06841042 0.12974083 -0.00208723
v -0.06855912 0.12965498 -0.00250176
v -0.06873424 0.12955387 -0.00290231
v -0.06893479 0.12943809 -0.00328663
v -0.06915965 0.12930826 -0.00365257
v -0.06940756 0.12916513 -0.00399808
v -0.06967714 0.12900949 -0.00432123
v -0.06996689 0.12884220 -0.00462022
v -0.07027517 0.12866422 -0.00489337
v -0.07060027 0.12847652 -0.00513915
v -0.07094036 0.12828017 -0.00535619
v -0.07129355 0.12807625 -0.00554328
v -0.07165786 0.12786592 -0.00569936
v -0.07203126 0.12765034 -0.00582358
v -0.07241164 0.12743072 -0.00591523
v -0.07279690 0.12720829 -0.00597379
v -0.07318487 0.12698430 -0.00599895
v -0.07357338 0.12675999 -0.00599056
v -0.07396027 0.12653662 -0.00594867
v -0.07434336 0.12631545 -0.00587351
v -0.07472051 0.12609770 -0.00576550
v -0.07508962 0.12588459 -0.00562525
v -0.07544862 0.12567732 -0.00545355
v -0.07579551 0.12547705 -0.00525134
v -0.07612834 0.12528489 -0.00501977
v -0.07644525 0.12510192 -0.00476012
v -0.07674447 0.12492916 -0.00447385
v -0.07702433 0.12476759 -0.00416257
v -0.07728326 0.12461809 -0.00382800
v -0.07751981 0.12448152 -0.00347203
v -0.07773266 0.12435863 -0.00309664
v -0.07792063 0.12425011 -0.00270393
v -0.07808265 0.12415656 -0.00229610
v -0.07821783 0.12407852 -0.00187543
v -0.07832540 0.12401641 -0.00144427
v -0.07840477 0.12397059 -0.00100504
v -0.07845549 0.12394131 -0.00056018
v -0.07847728 0.12392873 -0.00011219
v -0.07847001 0.12393292 0.00033642
v -0.07843373 0.12395387 0.00078316
v -0.07836864 0.12399145 0.00122551
v -0.07827511 0.12404545 0.00166101
v -0.07815365 0.12411558 0.00208723
v -0.07800494 0.12420143 0.00250176
v -0.07782983 0.12430253 0.00290231
v -0.07762928 0.12441832 0.00328663
v -0.07740442 0.12454814 0.00365257
v -0.07715650 0.12469128 0.00399808
v -0.07688692 0.12484692 0.00432123
v -0.07659718 0.12501420 0.00462022
v -0.07628890 0.12519219 0.00489337
v -0.07596380 0.12537988 0.00513915
v -0.07562370 0.12557624 0.00535619
v -0.06024091 0.13445750 0.03940346
v -0.06014072 0.13451534 0.03944639
v -0.06003804 0.13457463 0.03948055
v -0.05993343 0.13463502 0.03950575
v -0.05982749 0.13469619 0.03952185
v -0.05972080 0.13475779 0.03952877
v -0.05961395 0.13481947 0.03952647
v -0.05950756 0.13488090 0.03951494
v -0.05940221 0.13494172 0.03949428
v -0.05929849 0.13500160 0.03946457
v -0.05919699 0.13506021 0.03942601
v -0.05909826 0.13511721 0.03937879
v -0.05900287 0.13517228 0.03932318
v -0.05891134 0.13522513 0.03925950
v -0.05882419 0.13527544 0.03918809
v -0.05874191 0.13532295 0.03910937
v -0.05866494 0.13536738 0.03902377
v -0.05859374 0.13540849 0.03893176
v -0.05852869 0.13544605 0.03883387
v -0.05847015 0.13547985 0.03873064
v -0.05841846 0.13550969 0.03862264
v -0.05837391 0.13553541 0.03851049
v -0.05833673 0.13555688 0.03839480
v -0.05830715 0.13557396 0.03827624
v -0.05828532 0.13558656 0.03815545
v -0.05827138 0.13559461 0.03803311
v -0.05826538 0.13559807 0.03790991
v -0.05826738 0.13559692 0.03778654
v -0.05827736 0.13559116 0.03766369
v -0.05829526 0.13558082 0.03754205
v -0.05832098 0.13556597 0.03742228
v -0.05835438 0.13554669 0.03730507
v -0.05839528 0.13552308 0.03719108
v -0.05844343 0.13549527 0.03708092
v -0.05849858 0.13546343 0.03697524
v -0.05856042 0.13542773 0.03687460
v -0.05862860 0.13538837 0.03677959
v -0.05870273 0.13534557 0.03669072
v -0.05878241 0.13529956 0.03660850
v -0.05886719 0.13525062 0.03653339
v -0.05895659 0.13519900 0.03646580
v -0.05905012 0.13514500 0.03640611
v -0.05914724 0.13508893 0.03635466
v -0.05924743 0.13503109 0.03631174
v -0.05935011 0.13497180 0.03627758
v -0.05945472 0.13491141 0.03625237
v -0.05956066 0.13485024 0.03623627
v -0.05966736 0.13478864 0.03622935
v -0.05977420 0.13472696 0.03623166
v -0.05988059 0.13466553 0.03624318
v -0.05998594 0.13460471 0.03626385
v -0.06008966 0.13454482 0.03629355
v -0.06019116 0.13448622 0.03633212
v -0.06028989 0.13442922 0.03637934
v -0.06038528 0.13437415 0.03643494
v -0.06047681 0.13432130 0.03649863
v -0.06056396 0.13427099 0.03657003
v -0.06064625 0.13422348 0.03664875
v -0.06072321 0.13417904 0.03673436
v -0.06079441 0.13413793 0.03682636
v -0.06085946 0.13410038 0.03692425
v -0.06091800 0.13406658 0.03702749
v -0.06096969 0.13403674 0.03713548
v -0.06101425 0.13401101 0.03724763
v -0.06105142 0.13398955 0.03736332
v -0.06108100 0.13397247 0.03748189
v -0.06110283 0.13395987 0.03760268
v -0.06111678 0.13395182 0.03772501
v -0.06112277 0.13394836 0.03784821
v -0.06112077 0.13394951 0.03797158
v -0.06111079 0.13395527 0.03809443
v -0.06109289 0.13396561 0.03821608
v -0.06106717 0.13398046 0.03833584
v -0.06103377 0.13399974 0.03845305
v -0.06099288 0.13402335 0.03856705
v -0.06094472 0.13405115 0.03867720
v -0.06088957 0.13408300 0.03878288
v -0.06082773 0.13411870 0.03888352
v -0.06075956 0.13415806 0.03897853
v -0.06068542 0.13420086 0.03906740
v -0.06060574 0.13424686 0.03914962
v -0.06052096 0.13429581 0.03922474
v -0.06043156 0.13434743 0.03929233
v -0.06033804 0.13440142 0.03935201
v -0.00000000 -0.15422650 0.07500000
v 0.13467419 -0.07500000 -0.06943271
v 0.14267616 -0.07500000 -0.06925498
v 0.14267616 -0.07500000 0.06925498
v 0.13467419 -0.07500000 0.06943271
v 0.14341712 -0.04165716 0.03591213
v 0.14354266 -0.03600748 0.04157477
v 0.14345691 -0.03986629 0.03789035
v 0.14349879 -0.03798159 0.03977938
v 0.14056406 -0.03597200 0.04160547
v 0.14130870 -0.03598087 0.04159780
v 0.14205334 -0.03598974 0.04159012
v 0.14056406 -0.03219345 0.03782878
v 0.13562788 -0.03208375 0.03782878
v 0.13550222 -0.03773851 0.03217122
v 0.14056406 0.03219345 0.03782878
v 0.14056406 0.03597200 0.04160547
v 0.14279800 0.03599861 0.04158245
v 0.14205334 0.03598974 0.04159012
v 0.14056406 0.02104759 0.05081337
v 0.14056406 0.01724852 0.05222536
v 0.14056406 0.01335579 0.05335375
v 0.14056406 0.00939054 0.05419241
v 0.14056406 0.00537429 0.05473680
v 0.14056406 0.00132885 0.05498394
v 0.14056406 -0.00272379 0.05493251
v 0.14056406 -0.00676165 0.05458278
v 0.14056406 -0.01076279 0.05393665
v 0.14056406 -0.01470549 0.05299763
v 0.14056406 -0.01856833 0.05177081
v 0.14056406 -0.02233034 0.05026287
v 0.14056406 -0.02597109 0.04848198
v 0.14056406 -0.02947081 0.04643783
v 0.14056406 -0.03281049 0.04414150
v 0.14656406 0.02104759 0.05081337
v 0.14656406 0.01719145 0.05224418
v 0.14656406 0.01323916 0.05338281
v 0.14656406 0.00921284 0.05422291
v 0.14656406 0.00513500 0.05475976
v 0.14656406 0.00102844 0.05499038
v 0.14656406 -0.00308387 0.05491347
v 0.14656406 -0.00717894 0.05452947
v 0.14656406 -0.01123386 0.05384051
v 0.14656406 -0.01522595 0.05285045
v 0.14656406 -0.01913290 0.05156484
v 0.14656406 -0.02293284 0.04999085
v 0.14656406 -0.02660454 0.04813729
v 0.14656406 -0.03012745 0.04601453
v 0.14656406 -0.03348188 0.04363443
v 0.14656406 -0.03664906 0.04101032
v 0.14656406 -0.03961129 0.03815686
v 0.14656406 -0.04235199 0.03509001
v 0.14656406 -0.04485585 0.03182692
v 0.14656406 -0.04710885 0.02838585
v 0.14656406 -0.04909840 0.02478602
v 0.14656406 -0.05081337 0.02104759
v 0.14656406 -0.05224418 0.01719145
v 0.14656406 -0.05338281 0.01323916
v 0.14656406 -0.05422291 0.00921284
v 0.14656406 -0.05475976 0.00513500
v 0.14656406 -0.05499038 0.00102844
v 0.14656406 -0.05491347 -0.00308387
v 0.14656406 -0.05452947 -0.00717894
v 0.14656406 -0.05384051 -0.01123386
v 0.14656406 -0.05285045 -0.01522595
v 0.14656406 -0.05156484 -0.01913290
v 0.14656406 -0.04999085 -0.02293284
v 0.14656406 -0.04813729 -0.02660454
v 0.14656406 -0.04601453 -0.03012745
v 0.14656406 -0.04363443 -0.03348188
v 0.14656406 -0.04101032 -0.03664906
v 0.14656406 -0.03815686 -0.03961129
v 0.14656406 -0.03509001 -0.04235199
v 0.14656406 -0.03182692 -0.04485585
v 0.14656406 -0.02838585 -0.04710885
v 0.14656406 -0.02478602 -0.04909840
v 0.14656406 -0.02104759 -0.05081337
v 0.14656406 -0.01719145 -0.05224418
v 0.14656406 -0.01323916 -0.05338281
v 0.14656406 -0.00921284 -0.05422291
v 0.14656406 -0.00513500 -0.05475976
v 0.14656406 -0.00102844 -0.05499038
v 0.14656406 0.00308387 -0.05491347
v 0.14656406 0.00717894 -0.05452947
v 0.14656406 0.01123386 -0.05384051
v 0.14656406 0.01522595 -0.05285045
v 0.14656406 0.01913290 -0.05156484
v 0.14656406 0.02293284 -0.04999085
v 0.14656406 0.02660454 -0.04813729
v 0.14656406 0.03012745 -0.04601453
v 0.14656406 0.03348188 -0.04363443
v 0.14656406 0.03664906 -0.04101032
v 0.14656406 0.03961129 -0.03815686
v 0.14656406 0.04235199 -0.03509001
v 0.14656406 0.04485585 -0.03182692
v 0.14656406 0.04710885 -0.02838585
v 0.14656406 0.04909840 -0.02478602
v 0.14656406 0.05081337 -0.02104759
v 0.14656406 0.05224418 -0.01719145
v 0.14656406 0.05338281 -0.01323916
v 0.14656406 0.05422291 -0.00921284
v 0.14656406 0.05475976 -0.00513500
v 0.14656406 0.05499038 -0.00102844
v 0.14656406 0.05491347 0.00308387
v 0.14656406 0.05452947 0.00717894
v 0.14656406 0.05384051 0.01123386
v 0.14656406 0.05285045 0.01522595
v 0.14656406 0.05156484 0.01913290
v 0.14656406 0.04999085 0.02293284
v 0.14656406 0.04813729 0.02660454
v 0.14656406 0.04601453 0.03012745
v 0.14656406 0.04363443 0.03348188
v 0.14656406 0.04101032 0.03664906
v 0.14656406 0.03815686 0.03961129
v 0.14656406 0.03509001 0.04235199
v 0.14656406 0.03182692 0.04485585
v 0.14656406 0.02838585 0.04710885
v 0.14656406 0.02478602 0.04909840
v 0.14056406 0.03323559 0.04382232
v 0.14056406 0.03036292 0.04585949
v 0.14056406 0.02736576 0.04770865
v 0.14056406 0.02425640 0.04936220
v 0.14056406 0.04420348 -0.03272694
v 0.14056406 0.04653078 -0.02932383
v 0.14056406 0.04859662 -0.02575594
v 0.14056406 0.05038940 -0.02204334
v 0.14056406 0.05189904 -0.01820687
v 0.14056406 0.05311705 -0.01426810
v 0.14056406 0.05403661 -0.01024915
v 0.14056406 0.05465253 -0.00617262
v 0.14056406 0.05496136 -0.00206140
v 0.14056406 0.05496136 0.00206140
v 0.14056406 0.05465253 0.00617262
v 0.14056406 0.05403661 0.01024915
v 0.14056406 0.05311705 0.01426810
v 0.14056406 0.05189904 0.01820687
v 0.14056406 0.05038940 0.02204334
v 0.14056406 0.04859662 0.02575594
v 0.14056406 0.04653078 0.02932383
v 0.14056406 0.04420348 0.03272694
v 0.14279800 0.03599861 -0.04158245
v 0.14205334 0.03598974 -0.04159012
v 0.14056406 0.03597200 -0.04160547
v 0.14056406 -0.03597200 -0.04160547
v 0.14056406 -0.03291705 -0.04406209
v 0.14056406 -0.02969488 -0.04629486
v 0.14056406 -0.02632185 -0.04829245
v 0.14056406 -0.02281510 -0.05004469
v 0.14056406 -0.01919244 -0.05154270
v 0.14056406 -0.01547228 -0.05277887
v 0.14056406 -0.01167351 -0.05374690
v 0.14056406 -0.00781545 -0.05444188
v 0.14056406 -0.00391767 -0.05486029
v 0.14056406 -0.00000000 -0.05500000
v 0.14056406 0.00391767 -0.05486029
v 0.14056406 0.00781545 -0.05444188
v 0.14056406 0.01167351 -0.05374690
v 0.14056406 0.01547228 -0.05277887
v 0.14056406 0.01919244 -0.05154270
v 0.14056406 0.02281510 -0.05004469
v 0.14056406 0.02632185 -0.04829245
v 0.14056406 0.02969488 -0.04629486
v 0.14056406 0.03291705 -0.04406209
v 0.14130870 -0.03598087 -0.04159780
v 0.14205334 -0.03598974 -0.04159012
v 0.14354266 -0.03600748 -0.04157477
v 0.14349879 -0.03798159 -0.03977938
v 0.14345691 -0.03986629 -0.03789035
v 0.14341712 -0.04165716 -0.03591213
v 0.14056406 -0.04162780 -0.03594616
v 0.14127734 -0.04163514 -0.03593766
v 0.14199061 -0.04164248 -0.03592915
v 0.14056406 -0.04162780 0.03594616
v 0.14056406 -0.04420348 0.03272694
v 0.14056406 -0.04653078 0.02932383
v 0.14056406 -0.04859662 0.02575594
v 0.14056406 -0.05038940 0.02204334
v 0.14056406 -0.05189904 0.01820687
v 0.14056406 -0.05311705 0.01426810
v 0.14056406 -0.05403661 0.01024915
v 0.14056406 -0.05465253 0.00617262
v 0.14056406 -0.05496136 0.00206140
v 0.14056406 -0.05496136 -0.00206140
v 0.14056406 -0.05465253 -0.00617262
v 0.14056406 -0.05403661 -0.01024915
v 0.14056406 -0.05311705 -0.01426810
v 0.14056406 -0.05189904 -0.01820687
v 0.14056406 -0.05038940 -0.02204334
v 0.14056406 -0.04859662 -0.02575594
v 0.14056406 -0.04653078 -0.02932383
v 0.14056406 -0.04420348 -0.03272694
v 0.14127734 -0.04163514 0.03593766
v 0.14199061 -0.04164248 0.03592915
v 0.14056406 -0.01505859 0.03940346
v 0.14056406 -0.01517428 0.03944639
v 0.14056406 -0.01529285 0.03948055
v 0.14056406 -0.01541364 0.03950575
v 0.14056406 -0.01553597 0.03952185
v 0.14056406 -0.01565917 0.03952877
v 0.14056406 -0.01578254 0.03952647
v 0.14056406 -0.01590539 0.03951494
v 0.14056406 -0.01602704 0.03949428
v 0.14056406 -0.01614680 0.03946457
v 0.14056406 -0.01626401 0.03942601
v 0.14056406 -0.01637801 0.03937879
v 0.14056406 -0.01648816 0.03932318
v 0.14056406 -0.01659384 0.03925950
v 0.14056406 -0.01669448 0.03918809
v 0.14056406 -0.01678949 0.03910937
v 0.14056406 -0.01687836 0.03902377
v 0.14056406 -0.01696058 0.03893176
v 0.14056406 -0.01703570 0.03883387
v 0.14056406 -0.01710329 0.03873064
v 0.14056406 -0.01716297 0.03862264
v 0.14056406 -0.01721442 0.03851049
v 0.14056406 -0.01725735 0.03839480
v 0.14056406 -0.01729151 0.03827624
v 0.14056406 -0.01731671 0.03815545
v 0.14056406 -0.01733281 0.03803311
v 0.14056406 -0.01733973 0.03790991
v 0.14056406 -0.01733742 0.03778654
v 0.14056406 -0.01732590 0.03766369
v 0.14056406 -0.01730524 0.03754205
v 0.14056406 -0.01727553 0.03742228
v 0.14056406 -0.01723697 0.03730507
v 0.14056406 -0.01718975 0.03719108
v 0.14056406 -0.01713414 0.03708092
v 0.14056406 -0.01707046 0.03697524
v 0.14056406 -0.01699905 0.03687460
v 0.14056406 -0.01692033 0.03677959
v 0.14056406 -0.01683473 0.03669072
v 0.14056406 -0.01674272 0.03660850
v 0.14056406 -0.01664483 0.03653339
v 0.14056406 -0.01654160 0.03646580
v 0.14056406 -0.01643360 0.03640611
v 0.14056406 -0.01632145 0.03635466
v 0.14056406 -0.01620576 0.03631174
v 0.14056406 -0.01608720 0.03627758
v 0.14056406 -0.01596641 0.03625237
v 0.14056406 -0.01584407 0.03623627
v 0.14056406 -0.01572087 0.03622935
v 0.14056406 -0.01559750 0.03623166
v 0.14056406 -0.01547465 0.03624318
v 0.14056406 -0.01535300 0.03626385
v 0.14056406 -0.01523324 0.03629355
v 0.14056406 -0.01511603 0.03633212
v 0.14056406 -0.01500204 0.03637934
v 0.14056406 -0.01489188 0.03643494
v 0.14056406 -0.01478620 0.03649863
v 0.14056406 -0.01468556 0.03657003
v 0.14056406 -0.01459055 0.03664875
v 0.14056406 -0.01450168 0.03673436
v 0.14056406 -0.01441946 0.03682636
v 0.14056406 -0.01434435 0.03692425
v 0.14056406 -0.01427676 0.03702749
v 0.14056406 -0.01421707 0.03713548
v 0.14056406 -0.01416562 0.03724763
v 0.14056406 -0.01412270 0.03736332
v 0.14056406 -0.01408854 0.03748189
v 0.14056406 -0.01406333 0.03760268
v 0.14056406 -0.01404723 0.03772501
v 0.14056406 -0.01404031 0.03784821
v 0.14056406 -0.01404262 0.03797158
v 0.14056406 -0.01405414 0.03809443
v 0.14056406 -0.01407481 0.03821608
v 0.14056406 -0.01410451 0.03833584
v 0.14056406 -0.01414308 0.03845305
v 0.14056406 -0.01419030 0.03856705
v 0.14056406 -0.01424590 0.03867720
v 0.14056406 -0.01430958 0.03878288
v 0.14056406 -0.01438099 0.03888352
v 0.14056406 -0.01445971 0.03897853
v 0.14056406 -0.01454531 0.03906740
v 0.14056406 -0.01463732 0.03914962
v 0.14056406 -0.01473521 0.03922474
v 0.14056406 -0.01483845 0.03929233
v 0.14056406 -0.01494644 0.03935201
v 0.14056406 -0.03785100 0.03217122
v 0.14056406 -0.03785100 -0.03217122
v 0.14056406 -0.03219345 -0.03782878
v 0.14056406 0.03219345 -0.03782878
v 0.14056406 0.01632145 -0.03635466
v 0.14056406 0.01620576 -0.03631174
v 0.14056406 0.01608720 -0.03627758
v 0.14056406 0.01596641 -0.03625237
v 0.14056406 0.01584407 -0.03623627
v 0.14056406 0.01572087 -0.03622935
v 0.14056406 0.01559750 -0.03623166
v 0.14056406 0.01547465 -0.03624318
v 0.14056406 0.01535300 -0.03626385
v 0.14056406 0.01523324 -0.03629355
v 0.14056406 0.01511603 -0.03633212
v 0.14056406 0.01500204 -0.03637934
v 0.14056406 0.01489188 -0.03643494
v 0.14056406 0.01478620 -0.03649863
v 0.14056406 0.01468556 -0.03657003
v 0.14056406 0.01459055 -0.03664875
v 0.14056406 0.01450168 -0.03673436
v 0.14056406 0.01441946 -0.03682636
v 0.14056406 0.01434435 -0.03692425
v 0.14056406 0.01427676 -0.03702749
v 0.14056406 0.01421707 -0.03713548
v 0.14056406 0.01416562 -0.03724763
v 0.14056406 0.01412270 -0.03736332
v 0.14056406 0.01408854 -0.03748189
v 0.14056406 0.01406333 -0.03760268
v 0.14056406 0.01404723 -0.03772501
v 0.14056406 0.01404031 -0.03784821
v 0.14056406 0.01404262 -0.03797158
v 0.14056406 0.01405414 -0.03809443
v 0.14056406 0.01407481 -0.03821608
v 0.14056406 0.01410451 -0.03833584
v 0.14056406 0.01414308 -0.03845305
v 0.14056406 0.01419030 -0.03856705
v 0.14056406 0.01424590 -0.03867720
v 0.14056406 0.01430958 -0.03878288
v 0.14056406 0.01438099 -0.03888352
v 0.14056406 0.01445971 -0.03897853
v 0.14056406 0.01454531 -0.03906740
v 0.14056406 0.01463732 -0.03914962
v 0.14056406 0.01473521 -0.03922474
v 0.14056406 0.01483845 -0.03929233
v 0.14056406 0.01494644 -0.03935201
v 0.14056406 0.01505859 -0.03940346
v 0.14056406 0.01517428 -0.03944639
v 0.14056406 0.01529285 -0.03948055
v 0.14056406 0.01541364 -0.03950575
v 0.14056406 0.01553597 -0.03952185
v 0.14056406 0.01565917 -0.03952877
v 0.14056406 0.01578254 -0.03952647
v 0.14056406 0.01590539 -0.03951494
v 0.14056406 0.01602704 -0.03949428
v 0.14056406 0.01614680 -0.03946457
v 0.14056406 0.01626401 -0.03942601
v 0.14056406 0.01637801 -0.03937879
v 0.14056406 0.01648816 -0.03932318
v 0.14056406 0.01659384 -0.03925950
v 0.14056406 0.01669448 -0.03918809
v 0.14056406 0.01678949 -0.03910937
v 0.14056406 0.01687836 -0.03902377
v 0.14056406 0.01696058 -0.03893176
v 0.14056406 0.01703570 -0.03883387
v 0.14056406 0.01710329 -0.03873064
v 0.14056406 0.01716297 -0.03862264
v 0.14056406 0.01721442 -0.03851049
v 0.14056406 0.01725735 -0.03839480
v 0.14056406 0.01729151 -0.03827624
v 0.14056406 0.01731671 -0.03815545
v 0.14056406 0.01733281 -0.03803311
v 0.14056406 0.01733973 -0.03790991
v 0.14056406 0.01733742 -0.03778654
v 0.14056406 0.01732590 -0.03766369
v 0.14056406 0.01730524 -0.03754205
v 0.14056406 0.01727553 -0.03742228
v 0.14056406 0.01723697 -0.03730507
v 0.14056406 0.01718975 -0.03719108
v 0.14056406 0.01713414 -0.03708092
v 0.14056406 0.01707046 -0.03697524
v 0.14056406 0.01699905 -0.03687460
v 0.14056406 0.01692033 -0.03677959
v 0.14056406 0.01683473 -0.03669072
v 0.14056406 0.01674272 -0.03660850
v 0.14056406 0.01664483 -0.03653339
v 0.14056406 0.01654160 -0.03646580
v 0.14056406 0.01643360 -0.03640611
v 0.14056406 0.03851049 0.01721442
v 0.14056406 0.03839480 0.01725735
v 0.14056406 0.03827624 0.01729151
v 0.14056406 0.03815545 0.01731671
v 0.14056406 0.03803311 0.01733281
v 0.14056406 0.03790991 0.01733973
v 0.14056406 0.03778654 0.01733742
v 0.14056406 0.03766369 0.01732590
v 0.14056406 0.03754205 0.01730524
v 0.14056406 0.03742228 0.01727553
v 0.14056406 0.03730507 0.01723697
v 0.14056406 0.03719108 0.01718975
v 0.14056406 0.03708092 0.01713414
v 0.14056406 0.03697524 0.01707046
v 0.14056406 0.03687460 0.01699905
v 0.14056406 0.03677959 0.01692033
v 0.14056406 0.03669072 0.01683473
v 0.14056406 0.03660850 0.01674272
v 0.14056406 0.03653339 0.01664483
v 0.14056406 0.03646580 0.01654160
v 0.14056406 0.03640611 0.01643360
v 0.14056406 0.03635466 0.01632145
v 0.14056406 0.03631174 0.01620576
v 0.14056406 0.03627758 0.01608720
v 0.14056406 0.03625237 0.01596641
v 0.14056406 0.03623627 0.01584407
v 0.14056406 0.03622935 0.01572087
v 0.14056406 0.03623166 0.01559750
v 0.14056406 0.03624318 0.01547465
v 0.14056406 0.03626385 0.01535300
v 0.14056406 0.03629355 0.01523324
v 0.14056406 0.03633212 0.01511603
v 0.14056406 0.03637934 0.01500204
v 0.14056406 0.03643494 0.01489188
v 0.14056406 0.03649863 0.01478620
v 0.14056406 0.03657003 0.01468556
v 0.14056406 0.03664875 0.01459055
v 0.14056406 0.03673436 0.01450168
v 0.14056406 0.03682636 0.01441946
v 0.14056406 0.03692425 0.01434435
v 0.14056406 0.03702749 0.01427676
v 0.14056406 0.03713548 0.01421707
v 0.14056406 0.03724763 0.01416562
v 0.14056406 0.03736332 0.01412270
v 0.14056406 0.03748189 0.01408854
v 0.14056406 0.03760268 0.01406333
v 0.14056406 0.03772501 0.01404723
v 0.14056406 0.03784821 0.01404031
v 0.14056406 0.03797158 0.01404262
v 0.14056406 0.03809443 0.01405414
v 0.14056406 0.03821608 0.01407481
v 0.14056406 0.03833584 0.01410451
v 0.14056406 0.03845305 0.01414308
v 0.14056406 0.03856705 0.01419030
v 0.14056406 0.03867720 0.01424590
v 0.14056406 0.03878288 0.01430958
v 0.14056406 0.03888352 0.01438099
v 0.14056406 0.03897853 0.01445971
v 0.14056406 0.03906740 0.01454531
v 0.14056406 0.03914962 0.01463732
v 0.14056406 0.03922474 0.01473521
v 0.14056406 0.03929233 0.01483845
v 0.14056406 0.03935201 0.01494644
v 0.14056406 0.03940346 0.01505859
v 0.14056406 0.03944639 0.01517428
v 0.14056406 0.03948055 0.01529285
v 0.14056406 0.03950575 0.01541364
v 0.14056406 0.03952185 0.01553597
v 0.14056406 0.03952877 0.01565917
v 0.14056406 0.03952647 0.01578254
v 0.14056406 0.03951494 0.01590539
v 0.14056406 0.03949428 0.01602704
v 0.14056406 0.03946457 0.01614680
v 0.14056406 0.03942601 0.01626401
v 0.14056406 0.03937879 0.01637801
v 0.14056406 0.03932318 0.01648816
v 0.14056406 0.03925950 0.01659384
v 0.14056406 0.03918809 0.01669448
v 0.14056406 0.03910937 0.01678949
v 0.14056406 0.03902377 0.01687836
v 0.14056406 0.03893176 0.01696058
v 0.14056406 0.03883387 0.01703570
v 0.14056406 0.03873064 0.01710329
v 0.14056406 0.03862264 0.01716297
v 0.14056406 -0.03724763 -0.01416562
v 0.14056406 -0.03736332 -0.01412270
v 0.14056406 -0.03748189 -0.01408854
v 0.14056406 -0.03760268 -0.01406333
v 0.14056406 -0.03772501 -0.01404723
v 0.14056406 -0.03784821 -0.01404031
v 0.14056406 -0.03797158 -0.01404262
v 0.14056406 -0.03809443 -0.01405414
v 0.14056406 -0.03821608 -0.01407481
v 0.14056406 -0.03833584 -0.01410451
v 0.14056406 -0.03845305 -0.01414308
v 0.14056406 -0.03856705 -0.01419030
v 0.14056406 -0.03867720 -0.01424590
v 0.14056406 -0.03878288 -0.01430958
v 0.14056406 -0.03888352 -0.01438099
v 0.14056406 -0.03897853 -0.01445971
v 0.14056406 -0.03906740 -0.01454531
v 0.14056406 -0.03914962 -0.01463732
v 0.14056406 -0.03922474 -0.01473521
v 0.14056406 -0.03929233 -0.01483845
v 0.14056406 -0.03935201 -0.01494644
v 0.14056406 -0.03940346 -0.01505859
v 0.14056406 -0.03944639 -0.01517428
v 0.14056406 -0.03948055 -0.01529285
v 0.14056406 -0.03950575 -0.01541364
v 0.14056406 -0.03952185 -0.01553597
v 0.14056406 -0.03952877 -0.01565917
v 0.14056406 -0.03952647 -0.01578254
v 0.14056406 -0.03951494 -0.01590539
v 0.14056406 -0.03949428 -0.01602704
v 0.14056406 -0.03946457 -0.01614680
v 0.14056406 -0.03942601 -0.01626401
v 0.14056406 -0.03937879 -0.01637801
v 0.14056406 -0.03932318 -0.01648816
v 0.14056406 -0.03925950 -0.01659384
v 0.14056406 -0.03918809 -0.01669448
v 0.14056406 -0.03910937 -0.01678949
v 0.14056406 -0.03902377 -0.01687836
v 0.14056406 -0.03893176 -0.01696058
v 0.14056406 -0.03883387 -0.01703570
v 0.14056406 -0.03873064 -0.01710329
v 0.14056406 -0.03862264 -0.01716297
v 0.14056406 -0.03851049 -0.01721442
v 0.14056406 -0.03839480 -0.01725735
v 0.14056406 -0.03827624 -0.01729151
v 0.14056406 -0.03815545 -0.01731671
v 0.14056406 -0.03803311 -0.01733281
v 0.14056406 -0.03790991 -0.01733973
v 0.14056406 -0.03778654 -0.01733742
v 0.14056406 -0.03766369 -0.01732590
v 0.14056406 -0.03754205 -0.01730524
v 0.14056406 -0.03742228 -0.01727553
v 0.14056406 -0.03730507 -0.01723697
v 0.14056406 -0.03719108 -0.01718975
v 0.14056406 -0.03708092 -0.01713414
v 0.14056406 -0.03697524 -0.01707046
v 0.14056406 -0.03687460 -0.01699905
v 0.14056406 -0.03677959 -0.01692033
v 0.14056406 -0.03669072 -0.01683473
v 0.14056406 -0.03660850 -0.01674272
v 0.14056406 -0.03653339 -0.01664483
v 0.14056406 -0.03646580 -0.01654160
v 0.14056406 -0.03640611 -0.01643360
v 0.14056406 -0.03635466 -0.01632145
v 0.14056406 -0.03631174 -0.01620576
v 0.14056406 -0.03627758 -0.01608720
v 0.14056406 -0.03625237 -0.01596641
v 0.14056406 -0.03623627 -0.01584407
v 0.14056406 -0.03622935 -0.01572087
v 0.14056406 -0.03623166 -0.01559750
v 0.14056406 -0.03624318 -0.01547465
v 0.14056406 -0.03626385 -0.01535300
v 0.14056406 -0.03629355 -0.01523324
v 0.14056406 -0.03633212 -0.01511603
v 0.14056406 -0.03637934 -0.01500204
v 0.14056406 -0.03643494 -0.01489188
v 0.14056406 -0.03649863 -0.01478620
v 0.14056406 -0.03657003 -0.01468556
v 0.14056406 -0.03664875 -0.01459055
v 0.14056406 -0.03673436 -0.01450168
v 0.14056406 -0.03682636 -0.01441946
v 0.14056406 -0.03692425 -0.01434435
v 0.14056406 -0.03702749 -0.01427676
v 0.14056406 -0.03713548 -0.01421707
v 0.14056406 0.00229610 0.00554328
v 0.14056406 0.00187543 0.00569936
v 0.14056406 0.00144427 0.00582358
v 0.14056406 0.00100504 0.00591523
v 0.14056406 0.00056018 0.00597379
v 0.14056406 0.00011219 0.00599895
v 0.14056406 -0.00033642 0.00599056
v 0.14056406 -0.00078316 0.00594867
v 0.14056406 -0.00122551 0.00587351
v 0.14056406 -0.00166101 0.00576550
v 0.14056406 -0.00208723 0.00562525
v 0.14056406 -0.00250176 0.00545355
v 0.14056406 -0.00290231 0.00525134
v 0.14056406 -0.00328663 0.00501977
v 0.14056406 -0.00365257 0.00476012
v 0.14056406 -0.00399808 0.00447385
v 0.14056406 -0.00432123 0.00416257
v 0.14056406 -0.00462022 0.00382800
v 0.14056406 -0.00489337 0.00347203
v 0.14056406 -0.00513915 0.00309664
v 0.14056406 -0.00535619 0.00270393
v 0.14056406 -0.00554328 0.00229610
v 0.14056406 -0.00569936 0.00187543
v 0.14056406 -0.00582358 0.00144427
v 0.14056406 -0.00591523 0.00100504
v 0.14056406 -0.00597379 0.00056018
v 0.14056406 -0.00599895 0.00011219
v 0.14056406 -0.00599056 -0.00033642
v 0.14056406 -0.00594867 -0.00078316
v 0.14056406 -0.00587351 -0.00122551
v 0.14056406 -0.00576550 -0.00166101
v 0.14056406 -0.00562525 -0.00208723
v 0.14056406 -0.00545355 -0.00250176
v 0.14056406 -0.00525134 -0.00290231
v 0.14056406 -0.00501977 -0.00328663
v 0.14056406 -0.00476012 -0.00365257
v 0.14056406 -0.00447385 -0.00399808
v 0.14056406 -0.00416257 -0.00432123
v 0.14056406 -0.00382800 -0.00462022
v 0.14056406 -0.00347203 -0.00489337
v 0.14056406 -0.00309664 -0.00513915
v 0.14056406 -0.00270393 -0.00535619
v 0.14056406 -0.00229610 -0.00554328
v 0.14056406 -0.00187543 -0.00569936
v 0.14056406 -0.00144427 -0.00582358
v 0.14056406 -0.00100504 -0.00591523
v 0.14056406 -0.00056018 -0.00597379
v 0.14056406 -0.00011219 -0.00599895
v 0.14056406 0.00033642 -0.00599056
v 0.14056406 0.00078316 -0.00594867
v 0.14056406 0.00122551 -0.00587351
v 0.14056406 0.00166101 -0.00576550
v 0.14056406 0.00208723 -0.00562525
v 0.14056406 0.00250176 -0.00545355
v 0.14056406 0.00290231 -0.00525134
v 0.14056406 0.00328663 -0.00501977
v 0.14056406 0.00365257 -0.00476012
v 0.14056406 0.00399808 -0.00447385
v 0.14056406 0.00432123 -0.00416257
v 0.14056406 0.00462022 -0.00382800
v 0.14056406 0.00489337 -0.00347203
v 0.14056406 0.00513915 -0.00309664
v 0.14056406 0.00535619 -0.00270393
v 0.14056406 0.00554328 -0.00229610
v 0.14056406 0.00569936 -0.00187543
v 0.14056406 0.00582358 -0.00144427
v 0.14056406 0.00591523 -0.00100504
v 0.14056406 0.00597379 -0.00056018
v 0.14056406 0.00599895 -0.00011219
v 0.14056406 0.00599056 0.00033642
v 0.14056406 0.00594867 0.00078316
v 0.14056406 0.00587351 0.00122551
v 0.14056406 0.00576550 0.00166101
v 0.14056406 0.00562525 0.00208723
v 0.14056406 0.00545355 0.00250176
v 0.14056406 0.00525134 0.00290231
v 0.14056406 0.00501977 0.00328663
v 0.14056406 0.00476012 0.00365257
v 0.14056406 0.00447385 0.00399808
v 0.14056406 0.00416257 0.00432123
v 0.14056406 0.00382800 0.00462022
v 0.14056406 0.00347203 0.00489337
v 0.14056406 0.00309664 0.00513915
v 0.14056406 0.00270393 0.00535619
v 0.13562788 -0.03208375 -0.03782878
v 0.13550222 -0.03773851 -0.03217122
v -0.14267616 -0.07500000 -0.07500000
v -0.14279988 -0.06943271 -0.07500000
v -0.13480186 -0.06925498 -0.07500000
v -0.13467419 -0.07500000 -0.07500000
v -0.13480186 0.06925498 -0.07500000
v -0.14279988 0.06943271 -0.07500000
v 0.00500000 -0.16288675 -0.07500000
v 0.00500000 -0.16182094 -0.07500000
v 0.13990381 -0.08500000 -0.07500000
v 0.13803718 -0.08500000 -0.07500000
v 0.13153043 -0.08895197 -0.07500000
v 0.12737750 -0.08211434 -0.07500000
v -0.12737750 -0.08211434 -0.07500000
v -0.13153043 -0.08895197 -0.07500000
v -0.13803718 -0.08500000 -0.07500000
v -0.13990381 -0.08500000 -0.07500000
v -0.00500000 -0.16288675 -0.07500000
v -0.00500000 -0.16182094 -0.07500000
v -0.01126945 -0.15838468 -0.07500000
v -0.00742436 -0.15136932 -0.07500000
v -0.00080019 -0.15500000 -0.07500000
v 0.00080019 -0.15500000 -0.07500000
v 0.00742436 -0.15136932 -0.07500000
v 0.01126945 -0.15838468 -0.07500000
v 0.14256505 -0.08000000 0.08000000
v 0.14256505 -0.08000000 0.08008891
v 0.13856406 -0.08000000 0.08000000
v 0.14256308 -0.08008887 -0.08000000
v 0.14064053 -0.08341881 -0.08000000
v 0.14056456 -0.08346496 -0.08000000
v 0.14106406 -0.08433013 -0.08000000
v 0.13990381 -0.08500000 -0.08000000
v 0.14056456 -0.08346496 -0.08008891
v -0.13856406 -0.08000000 -0.08000000
v -0.14256505 -0.08000000 -0.08008891
v -0.14256505 -0.08000000 -0.08000000
v -0.14267616 -0.07500000 0.07500000
v -0.14279988 -0.06943271 0.07500000
v -0.13480186 -0.06925498 0.07500000
v -0.13467419 -0.07500000 0.07500000
v -0.13480186 0.06925498 0.07500000
v -0.14279988 0.06943271 0.07500000
v -0.14341712 0.04165716 0.03591213
v -0.14354266 0.03600748 0.04157477
v -0.14345691 0.03986629 0.03789035
v -0.14349879 0.03798159 0.03977938
v -0.14056406 0.04162780 0.03594616
v -0.14127734 0.04163514 0.03593766
v -0.14199061 0.04164248 0.03592915
v -0.14056406 0.03785100 0.03217122
v -0.13550222 0.03773851 0.03217122
v -0.13562788 0.03208375 0.03782878
v -0.13562788 0.03208375 -0.03782878
v -0.13550222 0.03773851 -0.03217122
v -0.14341712 0.04165716 -0.03591213
v -0.14056406 0.04162780 -0.03594616
v -0.14127734 0.04163514 -0.03593766
v -0.14199061 0.04164248 -0.03592915
v -0.14056406 0.03785100 -0.03217122
v -0.14354266 0.03600748 -0.04157477
v -0.14349879 0.03798159 -0.03977938
v -0.14345691 0.03986629 -0.03789035
v 0.00500000 -0.16288675 0.07500000
v 0.00500000 -0.16182094 0.07500000
v 0.13990381 -0.08500000 0.07500000
v 0.13803718 -0.08500000 0.07500000
v 0.13153043 -0.08895197 0.07500000
v 0.12737750 -0.08211434 0.07500000
v -0.12737750 -0.08211434 0.07500000
v -0.13153043 -0.08895197 0.07500000
v -0.13803718 -0.08500000 0.07500000
v -0.13990381 -0.08500000 0.07500000
v -0.00500000 -0.16288675 0.07500000
v -0.00500000 -0.16182094 0.07500000
v -0.01126945 -0.15838468 0.07500000
v -0.00742436 -0.15136932 0.07500000
v -0.00080019 -0.15500000 0.07500000
v 0.00080019 -0.15500000 0.07500000
v 0.00742436 -0.15136932 0.07500000
v 0.01126945 -0.15838468 0.07500000
v 0.14656406 0.01632145 -0.03635466
v 0.14656406 0.01620576 -0.03631174
v 0.14656406 0.01608720 -0.03627758
v 0.14656406 0.01596641 -0.03625237
v 0.14656406 0.01584407 -0.03623627
v 0.14656406 0.01572087 -0.03622935
v 0.14656406 0.01559750 -0.03623166
v 0.14656406 0.01547465 -0.03624318
v 0.14656406 0.01535300 -0.03626385
v 0.14656406 0.01523324 -0.03629355
v 0.14656406 0.01511603 -0.03633212
v 0.14656406 0.01500204 -0.03637934
v 0.14656406 0.01489188 -0.03643494
v 0.14656406 0.01478620 -0.03649863
v 0.14656406 0.01468556 -0.03657003
v 0.14656406 0.01459055 -0.03664875
v 0.14656406 0.01450168 -0.03673436
v 0.14656406 0.01441946 -0.03682636
v 0.14656406 0.01434435 -0.03692425
v 0.14656406 0.01427676 -0.03702749
v 0.14656406 0.01421707 -0.03713548
v 0.14656406 0.01416562 -0.03724763
v 0.14656406 0.01412270 -0.03736332
v 0.14656406 0.01408854 -0.03748189
v 0.14656406 0.01406333 -0.03760268
v 0.14656406 0.01404723 -0.03772501
v 0.14656406 0.01404031 -0.03784821
v 0.14656406 0.01404262 -0.03797158
v 0.14656406 0.01405414 -0.03809443
v 0.14656406 0.01407481 -0.03821608
v 0.14656406 0.01410451 -0.03833584
v 0.14656406 0.01414308 -0.03845305
v 0.14656406 0.01419030 -0.03856705
v 0.14656406 0.01424590 -0.03867720
v 0.14656406 0.01430958 -0.03878288
v 0.14656406 0.01438099 -0.03888352
v 0.14656406 0.01445971 -0.03897853
v 0.14656406 0.01454531 -0.03906740
v 0.14656406 0.01463732 -0.03914962
v 0.14656406 0.01473521 -0.03922474
v 0.14656406 0.01483845 -0.03929233
v 0.14656406 0.01494644 -0.03935201
v 0.14656406 0.01505859 -0.03940346
v 0.14656406 0.01517428 -0.03944639
v 0.14656406 0.01529285 -0.03948055
v 0.14656406 0.01541364 -0.03950575
v 0.14656406 0.01553597 -0.03952185
v 0.14656406 0.01565917 -0.03952877
v 0.14656406 0.01578254 -0.03952647
v 0.14656406 0.01590539 -0.03951494
v 0.14656406 0.01602704 -0.03949428
v 0.14656406 0.01614680 -0.03946457
v 0.14656406 0.01626401 -0.03942601
v 0.14656406 0.01637801 -0.03937879
v 0.14656406 0.01648816 -0.03932318
v 0.14656406 0.01659384 -0.03925950
v 0.14656406 0.01669448 -0.03918809
v 0.14656406 0.01678949 -0.03910937
v 0.14656406 0.01687836 -0.03902377
v 0.14656406 0.01696058 -0.03893176
v 0.14656406 0.01703570 -0.03883387
v 0.14656406 0.01710329 -0.03873064
v 0.14656406 0.01716297 -0.03862264
v 0.14656406 0.01721442 -0.03851049
v 0.14656406 0.01725735 -0.03839480
v 0.14656406 0.01729151 -0.03827624
v 0.14656406 0.01731671 -0.03815545
v 0.14656406 0.01733281 -0.03803311
v 0.14656406 0.01733973 -0.03790991
v 0.14656406 0.01733742 -0.03778654
v 0.14656406 0.01732590 -0.03766369
v 0.14656406 0.01730524 -0.03754205
v 0.14656406 0.01727553 -0.03742228
v 0.14656406 0.01723697 -0.03730507
v 0.14656406 0.01718975 -0.03719108
v 0.14656406 0.01713414 -0.03708092
v 0.14656406 0.01707046 -0.03697524
v 0.14656406 0.01699905 -0.03687460
v 0.14656406 0.01692033 -0.03677959
v 0.14656406 0.01683473 -0.03669072
v 0.14656406 0.01674272 -0.03660850
v 0.14656406 0.01664483 -0.03653339
v 0.14656406 0.01654160 -0.03646580
v 0.14656406 0.01643360 -0.03640611
v 0.14656406 0.03851049 0.01721442
v 0.14656406 0.03839480 0.01725735
v 0.14656406 0.03827624 0.01729151
v 0.14656406 0.03815545 0.01731671
v 0.14656406 0.03803311 0.01733281
v 0.14656406 0.03790991 0.01733973
v 0.14656406 0.03778654 0.01733742
v 0.14656406 0.03766369 0.01732590
v 0.14656406 0.03754205 0.01730524
v 0.14656406 0.03742228 0.01727553
v 0.14656406 0.03730507 0.01723697
v 0.14656406 0.03719108 0.01718975
v 0.14656406 0.03708092 0.01713414
v 0.14656406 0.03697524 0.01707046
v 0.14656406 0.03687460 0.01699905
v 0.14656406 0.03677959 0.01692033
v 0.14656406 0.03669072 0.01683473
v 0.14656406 0.03660850 0.01674272
v 0.14656406 0.03653339 0.01664483
v 0.14656406 0.03646580 0.01654160
v 0.14656406 0.03640611 0.01643360
v 0.14656406 0.03635466 0.01632145
v 0.14656406 0.03631174 0.01620576
v 0.14656406 0.03627758 0.01608720
v 0.14656406 0.03625237 0.01596641
v 0.14656406 0.03623627 0.01584407
v 0.14656406 0.03622935 0.01572087
v 0.14656406 0.03623166 0.01559750
v 0.14656406 0.03624318 0.01547465
v 0.14656406 0.03626385 0.01535300
v 0.14656406 0.03629355 0.01523324
v 0.14656406 0.03633212 0.01511603
v 0.14656406 0.03637934 0.01500204
v 0.14656406 0.03643494 0.01489188
v 0.14656406 0.03649863 0.01478620
v 0.14656406 0.03657003 0.01468556
v 0.14656406 0.03664875 0.01459055
v 0.14656406 0.03673436 0.01450168
v 0.14656406 0.03682636 0.01441946
v 0.14656406 0.03692425 0.01434435
v 0.14656406 0.03702749 0.01427676
v 0.14656406 0.03713548 0.01421707
v 0.14656406 0.03724763 0.01416562
v 0.14656406 0.03736332 0.01412270
v 0.14656406 0.03748189 0.01408854
v 0.14656406 0.03760268 0.01406333
v 0.14656406 0.03772501 0.01404723
v 0.14656406 0.03784821 0.01404031
v 0.14656406 0.03797158 0.01404262
v 0.14656406 0.03809443 0.01405414
v 0.14656406 0.03821608 0.01407481
v 0.14656406 0.03833584 0.01410451
v 0.14656406 0.03845305 0.01414308
v 0.14656406 0.03856705 0.01419030
v 0.14656406 0.03867720 0.01424590
v 0.14656406 0.03878288 0.01430958
v 0.14656406 0.03888352 0.01438099
v 0.14656406 0.03897853 0.01445971
v 0.14656406 0.03906740 0.01454531
v 0.14656406 0.03914962 0.01463732
v 0.14656406 0.03922474 0.01473521
v 0.14656406 0.03929233 0.01483845
v 0.14656406 0.03935201 0.01494644
v 0.14656406 0.03940346 0.01505859
v 0.14656406 0.03944639 0.01517428
v 0.14656406 0.03948055 0.01529285
v 0.14656406 0.03950575 0.01541364
v 0.14656406 0.03952185 0.01553597
v 0.14656406 0.03952877 0.01565917
v 0.14656406 0.03952647 0.01578254
v 0.14656406 0.03951494 0.01590539
v 0.14656406 0.03949428 0.01602704
v 0.14656406 0.03946457 0.01614680
v 0.14656406 0.03942601 0.01626401
v 0.14656406 0.03937879 0.01637801
v 0.14656406 0.03932318 0.01648816
v 0.14656406 0.03925950 0.01659384
v 0.14656406 0.03918809 0.01669448
v 0.14656406 0.03910937 0.01678949
v 0.14656406 0.03902377 0.01687836
v 0.14656406 0.03893176 0.01696058
v 0.14656406 0.03883387 0.01703570
v 0.14656406 0.03873064 0.01710329
v 0.14656406 0.03862264 0.01716297
v 0.14656406 -0.03724763 -0.01416562
v 0.14656406 -0.03736332 -0.01412270
v 0.14656406 -0.03748189 -0.01408854
v 0.14656406 -0.03760268 -0.01406333
v 0.14656406 -0.03772501 -0.01404723
v 0.14656406 -0.03784821 -0.01404031
v 0.14656406 -0.03797158 -0.01404262
v 0.14656406 -0.03809443 -0.01405414
v 0.14656406 -0.03821608 -0.01407481
v 0.14656406 -0.03833584 -0.01410451
v 0.14656406 -0.03845305 -0.01414308
v 0.14656406 -0.03856705 -0.01419030
v 0.14656406 -0.03867720 -0.01424590
v 0.14656406 -0.03878288 -0.01430958
v 0.14656406 -0.03888352 -0.01438099
v 0.14656406 -0.03897853 -0.01445971
v 0.14656406 -0.03906740 -0.01454531
v 0.14656406 -0.03914962 -0.01463732
v 0.14656406 -0.03922474 -0.01473521
v 0.14656406 -0.03929233 -0.01483845
v 0.14656406 -0.03935201 -0.01494644
v 0.14656406 -0.03940346 -0.01505859
v 0.14656406 -0.03944639 -0.01517428
v 0.14656406 -0.03948055 -0.01529285
v 0.14656406 -0.03950575 -0.01541364
v 0.14656406 -0.03952185 -0.01553597
v 0.14656406 -0.03952877 -0.01565917
v 0.14656406 -0.03952647 -0.01578254
v 0.14656406 -0.03951494 -0.01590539
v 0.14656406 -0.03949428 -0.01602704
v 0.14656406 -0.03946457 -0.01614680
v 0.14656406 -0.03942601 -0.01626401
v 0.14656406 -0.03937879 -0.01637801
v 0.14656406 -0.03932318 -0.01648816
v 0.14656406 -0.03925950 -0.01659384
v 0.14656406 -0.03918809 -0.01669448
v 0.14656406 -0.03910937 -0.01678949
v 0.14656406 -0.03902377 -0.01687836
v 0.14656406 -0.03893176 -0.01696058
v 0.14656406 -0.03883387 -0.01703570
v 0.14656406 -0.03873064 -0.01710329
v 0.14656406 -0.03862264 -0.01716297
v 0.14656406 -0.03851049 -0.01721442
v 0.14656406 -0.03839480 -0.01725735
v 0.14656406 -0.03827624 -0.01729151
v 0.14656406 -0.03815545 -0.01731671
v 0.14656406 -0.03803311 -0.01733281
v 0.14656406 -0.03790991 -0.01733973
v 0.14656406 -0.03778654 -0.01733742
v 0.14656406 -0.03766369 -0.01732590
v 0.14656406 -0.03754205 -0.01730524
v 0.14656406 -0.03742228 -0.01727553
v 0.14656406 -0.03730507 -0.01723697
v 0.14656406 -0.03719108 -0.01718975
v 0.14656406 -0.03708092 -0.01713414
v 0.14656406 -0.03697524 -0.01707046
v 0.14656406 -0.03687460 -0.01699905
v 0.14656406 -0.03677959 -0.01692033
v 0.14656406 -0.03669072 -0.01683473
v 0.14656406 -0.03660850 -0.01674272
v 0.14656406 -0.03653339 -0.01664483
v 0.14656406 -0.03646580 -0.01654160
v 0.14656406 -0.03640611 -0.01643360
v 0.14656406 -0.03635466 -0.01632145
v 0.14656406 -0.03631174 -0.01620576
v 0.14656406 -0.03627758 -0.01608720
v 0.14656406 -0.03625237 -0.01596641
v 0.14656406 -0.03623627 -0.01584407
v 0.14656406 -0.03622935 -0.01572087
v 0.14656406 -0.03623166 -0.01559750
v 0.14656406 -0.03624318 -0.01547465
v 0.14656406 -0.03626385 -0.01535300
v 0.14656406 -0.03629355 -0.01523324
v 0.14656406 -0.03633212 -0.01511603
v 0.14656406 -0.03637934 -0.01500204
v 0.14656406 -0.03643494 -0.01489188
v 0.14656406 -0.03649863 -0.01478620
v 0.14656406 -0.03657003 -0.01468556
v 0.14656406 -0.03664875 -0.01459055
v 0.14656406 -0.03673436 -0.01450168
v 0.14656406 -0.03682636 -0.01441946
v 0.14656406 -0.03692425 -0.01434435
v 0.14656406 -0.03702749 -0.01427676
v 0.14656406 -0.03713548 -0.01421707
v 0.14656406 0.00229610 0.00554328
v 0.14656406 0.00187543 0.00569936
v 0.14656406 0.00144427 0.00582358
v 0.14656406 0.00100504 0.00591523
v 0.14656406 0.00056018 0.00597379
v 0.14656406 0.00011219 0.00599895
v 0.14656406 -0.00033642 0.00599056
v 0.14656406 -0.00078316 0.00594867
v 0.14656406 -0.00122551 0.00587351
v 0.14656406 -0.00166101 0.00576550
v 0.14656406 -0.00208723 0.00562525
v 0.14656406 -0.00250176 0.00545355
v 0.14656406 -0.00290231 0.00525134
v 0.14656406 -0.00328663 0.00501977
v 0.14656406 -0.00365257 0.00476012
v 0.14656406 -0.00399808 0.00447385
v 0.14656406 -0.00432123 0.00416257
v 0.14656406 -0.00462022 0.00382800
v 0.14656406 -0.00489337 0.00347203
v 0.14656406 -0.00513915 0.00309664
v 0.14656406 -0.00535619 0.00270393
v 0.14656406 -0.00554328 0.00229610
v 0.14656406 -0.00569936 0.00187543
v 0.14656406 -0.00582358 0.00144427
v 0.14656406 -0.00591523 0.00100504
v 0.14656406 -0.00597379 0.00056018
v 0.14656406 -0.00599895 0.00011219
v 0.14656406 -0.00599056 -0.00033642
v 0.14656406 -0.00594867 -0.00078316
v 0.14656406 -0.00587351 -0.00122551
v 0.14656406 -0.00576550 -0.00166101
v 0.14656406 -0.00562525 -0.00208723
v 0.14656406 -0.00545355 -0.00250176
v 0.14656406 -0.00525134 -0.00290231
v 0.14656406 -0.00501977 -0.00328663
v 0.14656406 -0.00476012 -0.00365257
v 0.14656406 -0.00447385 -0.00399808
v 0.14656406 -0.00416257 -0.00432123
v 0.14656406 -0.00382800 -0.00462022
v 0.14656406 -0.00347203 -0.00489337
v 0.14656406 -0.00309664 -0.00513915
v 0.14656406 -0.00270393 -0.00535619
v 0.14656406 -0.00229610 -0.00554328
v 0.14656406 -0.00187543 -0.00569936
v 0.14656406 -0.00144427 -0.00582358
v 0.14656406 -0.00100504 -0.00591523
v 0.14656406 -0.00056018 -0.00597379
v 0.14656406 -0.00011219 -0.00599895
v 0.14656406 0.00033642 -0.00599056
v 0.14656406 0.00078316 -0.00594867
v 0.14656406 0.00122551 -0.00587351
v 0.14656406 0.00166101 -0.00576550
v 0.14656406 0.00208723 -0.00562525
v 0.14656406 0.00250176 -0.00545355
v 0.14656406 0.00290231 -0.00525134
v 0.14656406 0.00328663 -0.00501977
v 0.14656406 0.00365257 -0.00476012
v 0.14656406 0.00399808 -0.00447385
v 0.14656406 0.00432123 -0.00416257
v 0.14656406 0.00462022 -0.00382800
v 0.14656406 0.00489337 -0.00347203
v 0.14656406 0.00513915 -0.00309664
v 0.14656406 0.00535619 -0.00270393
v 0.14656406 0.00554328 -0.00229610
v 0.14656406 0.00569936 -0.00187543
v 0.14656406 0.00582358 -0.00144427
v 0.14656406 0.00591523 -0.00100504
v 0.14656406 0.00597379 -0.00056018
v 0.14656406 0.00599895 -0.00011219
v 0.14656406 0.00599056 0.00033642
v 0.14656406 0.00594867 0.00078316
v 0.14656406 0.00587351 0.00122551
v 0.14656406 0.00576550 0.00166101
v 0.14656406 0.00562525 0.00208723
v 0.14656406 0.00545355 0.00250176
v 0.14656406 0.00525134 0.00290231
v 0.14656406 0.00501977 0.00328663
v 0.14656406 0.00476012 0.00365257
v 0.14656406 0.00447385 0.00399808
v 0.14656406 0.00416257 0.00432123
v 0.14656406 0.00382800 0.00462022
v 0.14656406 0.00347203 0.00489337
v 0.14656406 0.00309664 0.00513915
v 0.14656406 0.00270393 0.00535619
v 0.14656406 -0.01505859 0.03940346
v 0.14656406 -0.01517428 0.03944639
v 0.14656406 -0.01529285 0.03948055
v 0.14656406 -0.01541364 0.03950575
v 0.14656406 -0.01553597 0.03952185
v 0.14656406 -0.01565917 0.03952877
v 0.14656406 -0.01578254 0.03952647
v 0.14656406 -0.01590539 0.03951494
v 0.14656406 -0.01602704 0.03949428
v 0.14656406 -0.01614680 0.03946457
v 0.14656406 -0.01626401 0.03942601
v 0.14656406 -0.01637801 0.03937879
v 0.14656406 -0.01648816 0.03932318
v 0.14656406 -0.01659384 0.03925950
v 0.14656406 -0.01669448 0.03918809
v 0.14656406 -0.01678949 0.03910937
v 0.14656406 -0.01687836 0.03902377
v 0.14656406 -0.01696058 0.03893176
v 0.14656406 -0.01703570 0.03883387
v 0.14656406 -0.01710329 0.03873064
v 0.14656406 -0.01716297 0.03862264
v 0.14656406 -0.01721442 0.03851049
v 0.14656406 -0.01725735 0.03839480
v 0.14656406 -0.01729151 0.03827624
v 0.14656406 -0.01731671 0.03815545
v 0.14656406 -0.01733281 0.03803311
v 0.14656406 -0.01733973 0.03790991
v 0.14656406 -0.01733742 0.03778654
v 0.14656406 -0.01732590 0.03766369
v 0.14656406 -0.01730524 0.03754205
v 0.14656406 -0.01727553 0.03742228
v 0.14656406 -0.01723697 0.03730507
v 0.14656406 -0.01718975 0.03719108
v 0.14656406 -0.01713414 0.03708092
v 0.14656406 -0.01707046 0.03697524
v 0.14656406 -0.01699905 0.03687460
v 0.14656406 -0.01692033 0.03677959
v 0.14656406 -0.01683473 0.03669072
v 0.14656406 -0.01674272 0.03660850
v 0.14656406 -0.01664483 0.03653339
v 0.14656406 -0.01654160 0.03646580
v 0.14656406 -0.01643360 0.03640611
v 0.14656406 -0.01632145 0.03635466
v 0.14656406 -0.01620576 0.03631174
v 0.14656406 -0.01608720 0.03627758
v 0.14656406 -0.01596641 0.03625237
v 0.14656406 -0.01584407 0.03623627
v 0.14656406 -0.01572087 0.03622935
v 0.14656406 -0.01559750 0.03623166
v 0.14656406 -0.01547465 0.03624318
v 0.14656406 -0.01535300 0.03626385
v 0.14656406 -0.01523324 0.03629355
v 0.14656406 -0.01511603 0.03633212
v 0.14656406 -0.01500204 0.03637934
v 0.14656406 -0.01489188 0.03643494
v 0.14656406 -0.01478620 0.03649863
v 0.14656406 -0.01468556 0.03657003
v 0.14656406 -0.01459055 0.03664875
v 0.14656406 -0.01450168 0.03673436
v 0.14656406 -0.01441946 0.03682636
v 0.14656406 -0.01434435 0.03692425
v 0.14656406 -0.01427676 0.03702749
v 0.14656406 -0.01421707 0.03713548
v 0.14656406 -0.01416562 0.03724763
v 0.14656406 -0.01412270 0.03736332
v 0.14656406 -0.01408854 0.03748189
v 0.14656406 -0.01406333 0.03760268
v 0.14656406 -0.01404723 0.03772501
v 0.14656406 -0.01404031 0.03784821
v 0.14656406 -0.01404262 0.03797158
v 0.14656406 -0.01405414 0.03809443
v 0.14656406 -0.01407481 0.03821608
v 0.14656406 -0.01410451 0.03833584
v 0.14656406 -0.01414308 0.03845305
v 0.14656406 -0.01419030 0.03856705
v 0.14656406 -0.01424590 0.03867720
v 0.14656406 -0.01430958 0.03878288
v 0.14656406 -0.01438099 0.03888352
v 0.14656406 -0.01445971 0.03897853
v 0.14656406 -0.01454531 0.03906740
v 0.14656406 -0.01463732 0.03914962
v 0.14656406 -0.01473521 0.03922474
v 0.14656406 -0.01483845 0.03929233
v 0.14656406 -0.01494644 0.03935201
v -0.14056406 0.03597200 -0.04160547
v -0.14130870 0.03598087 -0.04159780
v -0.14205334 0.03598974 -0.04159012
v -0.14056406 0.03219345 -0.03782878
v -0.14267616 -0.07500000 -0.06925498
v -0.13467419 -0.07500000 -0.06943271
v -0.13467419 -0.07500000 0.06943271
v -0.14267616 -0.07500000 0.06925498
v -0.13562788 -0.03208375 -0.03782878
v -0.13550222 -0.03773851 -0.03217122
v -0.14056406 -0.03219345 -0.03782878
v -0.14056406 -0.03597200 -0.04160547
v -0.14354266 -0.03600748 -0.04157477
v -0.14279800 -0.03599861 -0.04158245
v -0.14205334 -0.03598974 -0.04159012
v -0.14341712 -0.04165716 -0.03591213
v -0.14349879 -0.03798159 -0.03977938
v -0.14345691 -0.03986629 -0.03789035
v 0.09559929 -0.10141532 -0.03782878
v 0.10043362 -0.09847911 -0.03217122
v 0.10306196 -0.10280655 -0.03217122
v 0.10633276 -0.10091815 -0.03594616
v 0.10778471 -0.10337429 -0.03591213
v 0.10742174 -0.10276027 -0.03592064
v 0.10705875 -0.10214624 -0.03592915
v 0.13803718 -0.08500000 -0.07129868
v 0.13990381 -0.08500000 0.08000000
v 0.13803718 -0.08500000 0.07129868
v 0.10043362 -0.09847911 0.03217122
v 0.10306196 -0.10280655 0.03217122
v 0.10633276 -0.10091815 0.03594616
v 0.10778471 -0.10337429 0.03591213
v 0.10742174 -0.10276027 0.03592064
v 0.10705875 -0.10214624 0.03592915
v 0.09559929 -0.10141532 0.03782878
v 0.00250000 -0.16433013 -0.08000000
v -0.00000000 -0.16000000 -0.08000000
v 0.00200049 -0.16346496 -0.08008891
v 0.00200049 -0.16346496 -0.08000000
v 0.00500000 -0.16288675 -0.08000000
v 0.00500000 -0.16500000 -0.08000000
v 0.00500000 -0.16182094 -0.07083532
v 0.00500000 -0.15500000 -0.06755774
v 0.00500000 -0.15500000 0.06755774
v 0.00500000 -0.16182094 0.07083532
v 0.00500000 -0.16288675 0.08000000
v 0.00500000 -0.16500000 0.08000000
v 0.04058794 -0.14231533 -0.04157477
v 0.03563240 -0.14503144 -0.03591213
v 0.03885638 -0.14326440 -0.03977938
v 0.03720323 -0.14417048 -0.03789035
v 0.03912936 -0.13971805 -0.04160547
v 0.03949400 -0.14036736 -0.04159780
v 0.03985864 -0.14101667 -0.04159012
v 0.04240169 -0.13782877 -0.03782878
v 0.04002860 -0.13349907 -0.03782878
v 0.00080019 -0.15500000 -0.07123973
v 0.03506860 -0.13621762 -0.03217122
v 0.09816237 -0.10563533 -0.03782878
v 0.10143470 -0.10374605 -0.04160547
v 0.10295472 -0.10630785 -0.04157477
v 0.10257471 -0.10566739 -0.04158245
v 0.10219470 -0.10502693 -0.04159012
v 0.10464242 -0.10528281 -0.03977938
v 0.10625368 -0.10430418 -0.03789035
v 0.14106406 -0.08433013 0.08000000
v 0.14056456 -0.08346496 0.08000000
v 0.14056456 -0.08346496 0.08008891
v 0.14256308 -0.08008887 0.08000000
v 0.14064053 -0.08341881 0.08000000
v -0.13990381 -0.08500000 -0.08000000
v -0.14106406 -0.08433013 -0.08000000
v -0.14056456 -0.08346496 -0.08000000
v -0.14064053 -0.08341881 -0.08000000
v -0.14256308 -0.08008887 -0.08000000
v -0.14056456 -0.08346496 -0.08008891
v -0.14056406 0.03597200 0.04160547
v -0.14130870 0.03598087 0.04159780
v -0.14205334 0.03598974 0.04159012
v -0.14056406 0.03219345 0.03782878
v -0.13550222 -0.03773851 0.03217122
v -0.13562788 -0.03208375 0.03782878
v -0.14056406 -0.03219345 0.03782878
v -0.14056406 -0.03597200 0.04160547
v -0.14354266 -0.03600748 0.04157477
v -0.14279800 -0.03599861 0.04158245
v -0.14205334 -0.03598974 0.04159012
v -0.14341712 -0.04165716 0.03591213
v -0.14345691 -0.03986629 0.03789035
v -0.14349879 -0.03798159 0.03977938
v -0.14056406 -0.02104759 0.05081337
v -0.14056406 -0.01724852 0.05222536
v -0.14056406 -0.01335579 0.05335375
v -0.14056406 -0.00939054 0.05419241
v -0.14056406 -0.00537429 0.05473680
v -0.14056406 -0.00132885 0.05498394
v -0.14056406 0.00272379 0.05493251
v -0.14056406 0.00676165 0.05458278
v -0.14056406 0.01076279 0.05393665
v -0.14056406 0.01470549 0.05299763
v -0.14056406 0.01856833 0.05177081
v -0.14056406 0.02233034 0.05026287
v -0.14056406 0.02597109 0.04848198
v -0.14056406 0.02947081 0.04643783
v -0.14056406 0.03281049 0.04414150
v -0.14656406 -0.02104759 0.05081337
v -0.14656406 -0.01719145 0.05224418
v -0.14656406 -0.01323916 0.05338281
v -0.14656406 -0.00921284 0.05422291
v -0.14656406 -0.00513500 0.05475976
v -0.14656406 -0.00102844 0.05499038
v -0.14656406 0.00308387 0.05491347
v -0.14656406 0.00717894 0.05452947
v -0.14656406 0.01123386 0.05384051
v -0.14656406 0.01522595 0.05285045
v -0.14656406 0.01913290 0.05156484
v -0.14656406 0.02293284 0.04999085
v -0.14656406 0.02660454 0.04813729
v -0.14656406 0.03012745 0.04601453
v -0.14656406 0.03348188 0.04363443
v -0.14656406 0.03664906 0.04101032
v -0.14656406 0.03961129 0.03815686
v -0.14656406 0.04235199 0.03509001
v -0.14656406 0.04485585 0.03182692
v -0.14656406 0.04710885 0.02838585
v -0.14656406 0.04909840 0.02478602
v -0.14656406 0.05081337 0.02104759
v -0.14656406 0.05224418 0.01719145
v -0.14656406 0.05338281 0.01323916
v -0.14656406 0.05422291 0.00921284
v -0.14656406 0.05475976 0.00513500
v -0.14656406 0.05499038 0.00102844
v -0.14656406 0.05491347 -0.00308387
v -0.14656406 0.05452947 -0.00717894
v -0.14656406 0.05384051 -0.01123386
v -0.14656406 0.05285045 -0.01522595
v -0.14656406 0.05156484 -0.01913290
v -0.14656406 0.04999085 -0.02293284
v -0.14656406 0.04813729 -0.02660454
v -0.14656406 0.04601453 -0.03012745
v -0.14656406 0.04363443 -0.03348188
v -0.14656406 0.04101032 -0.03664906
v -0.14656406 0.03815686 -0.03961129
v -0.14656406 0.03509001 -0.04235199
v -0.14656406 0.03182692 -0.04485585
v -0.14656406 0.02838585 -0.04710885
v -0.14656406 0.02478602 -0.04909840
v -0.14656406 0.02104759 -0.05081337
v -0.14656406 0.01719145 -0.05224418
v -0.14656406 0.01323916 -0.05338281
v -0.14656406 0.00921284 -0.05422291
v -0.14656406 0.00513500 -0.05475976
v -0.14656406 0.00102844 -0.05499038
v -0.14656406 -0.00308387 -0.05491347
v -0.14656406 -0.00717894 -0.05452947
v -0.14656406 -0.01123386 -0.05384051
v -0.14656406 -0.01522595 -0.05285045
v -0.14656406 -0.01913290 -0.05156484
v -0.14656406 -0.02293284 -0.04999085
v -0.14656406 -0.02660454 -0.04813729
v -0.14656406 -0.03012745 -0.04601453
v -0.14656406 -0.03348188 -0.04363443
v -0.14656406 -0.03664906 -0.04101032
v -0.14656406 -0.03961129 -0.03815686
v -0.14656406 -0.04235199 -0.03509001
v -0.14656406 -0.04485585 -0.03182692
v -0.14656406 -0.04710885 -0.02838585
v -0.14656406 -0.04909840 -0.02478602
v -0.14656406 -0.05081337 -0.02104759
v -0.14656406 -0.05224418 -0.01719145
v -0.14656406 -0.05338281 -0.01323916
v -0.14656406 -0.05422291 -0.00921284
v -0.14656406 -0.05475976 -0.00513500
v -0.14656406 -0.05499038 -0.00102844
v -0.14656406 -0.05491347 0.00308387
v -0.14656406 -0.05452947 0.00717894
v -0.14656406 -0.05384051 0.01123386
v -0.14656406 -0.05285045 0.01522595
v -0.14656406 -0.05156484 0.01913290
v -0.14656406 -0.04999085 0.02293284
v -0.14656406 -0.04813729 0.02660454
v -0.14656406 -0.04601453 0.03012745
v -0.14656406 -0.04363443 0.03348188
v -0.14656406 -0.04101032 0.03664906
v -0.14656406 -0.03815686 0.03961129
v -0.14656406 -0.03509001 0.04235199
v -0.14656406 -0.03182692 0.04485585
v -0.14656406 -0.02838585 0.04710885
v -0.14656406 -0.02478602 0.04909840
v -0.14056406 -0.03323559 0.04382232
v -0.14056406 -0.03036292 0.04585949
v -0.14056406 -0.02736576 0.04770865
v -0.14056406 -0.02425640 0.04936220
v -0.14270387 -0.04164982 0.03592064
v -0.14199061 -0.04164248 0.03592915
v -0.14056406 -0.04162780 0.03594616
v -0.14056406 -0.04162780 -0.03594616
v -0.14056406 -0.04420348 -0.03272694
v -0.14056406 -0.04653078 -0.02932383
v -0.14056406 -0.04859662 -0.02575594
v -0.14056406 -0.05038940 -0.02204334
v -0.14056406 -0.05189904 -0.01820687
v -0.14056406 -0.05311705 -0.01426810
v -0.14056406 -0.05403661 -0.01024915
v -0.14056406 -0.05465253 -0.00617262
v -0.14056406 -0.05496136 -0.00206140
v -0.14056406 -0.05496136 0.00206140
v -0.14056406 -0.05465253 0.00617262
v -0.14056406 -0.05403661 0.01024915
v -0.14056406 -0.05311705 0.01426810
v -0.14056406 -0.05189904 0.01820687
v -0.14056406 -0.05038940 0.02204334
v -0.14056406 -0.04859662 0.02575594
v -0.14056406 -0.04653078 0.02932383
v -0.14056406 -0.04420348 0.03272694
v -0.14270387 -0.04164982 -0.03592064
v -0.14199061 -0.04164248 -0.03592915
v -0.14056406 0.03291705 -0.04406209
v -0.14056406 0.02969488 -0.04629486
v -0.14056406 0.02632185 -0.04829245
v -0.14056406 0.02281510 -0.05004469
v -0.14056406 0.01919244 -0.05154270
v -0.14056406 0.01547228 -0.05277887
v -0.14056406 0.01167351 -0.05374690
v -0.14056406 0.00781545 -0.05444188
v -0.14056406 0.00391767 -0.05486029
v -0.14056406 0.00000000 -0.05500000
v -0.14056406 -0.00391767 -0.05486029
v -0.14056406 -0.00781545 -0.05444188
v -0.14056406 -0.01167351 -0.05374690
v -0.14056406 -0.01547228 -0.05277887
v -0.14056406 -0.01919244 -0.05154270
v -0.14056406 -0.02281510 -0.05004469
v -0.14056406 -0.02632185 -0.04829245
v -0.14056406 -0.02969488 -0.04629486
v -0.14056406 -0.03291705 -0.04406209
v -0.14056406 0.04420348 0.03272694
v -0.14056406 0.04653078 0.02932383
v -0.14056406 0.04859662 0.02575594
v -0.14056406 0.05038940 0.02204334
v -0.14056406 0.05189904 0.01820687
v -0.14056406 0.05311705 0.01426810
v -0.14056406 0.05403661 0.01024915
v -0.14056406 0.05465253 0.00617262
v -0.14056406 0.05496136 0.00206140
v -0.14056406 0.05496136 -0.00206140
v -0.14056406 0.05465253 -0.00617262
v -0.14056406 0.05403661 -0.01024915
v -0.14056406 0.05311705 -0.01426810
v -0.14056406 0.05189904 -0.01820687
v -0.14056406 0.05038940 -0.02204334
v -0.14056406 0.04859662 -0.02575594
v -0.14056406 0.04653078 -0.02932383
v -0.14056406 0.04420348 -0.03272694
v -0.14056406 0.01505859 0.03940346
v -0.14056406 0.01517428 0.03944639
v -0.14056406 0.01529285 0.03948055
v -0.14056406 0.01541364 0.03950575
v -0.14056406 0.01553597 0.03952185
v -0.14056406 0.01565917 0.03952877
v -0.14056406 0.01578254 0.03952647
v -0.14056406 0.01590539 0.03951494
v -0.14056406 0.01602704 0.03949428
v -0.14056406 0.01614680 0.03946457
v -0.14056406 0.01626401 0.03942601
v -0.14056406 0.01637801 0.03937879
v -0.14056406 0.01648816 0.03932318
v -0.14056406 0.01659384 0.03925950
v -0.14056406 0.01669448 0.03918809
v -0.14056406 0.01678949 0.03910937
v -0.14056406 0.01687836 0.03902377
v -0.14056406 0.01696058 0.03893176
v -0.14056406 0.01703570 0.03883387
v -0.14056406 0.01710329 0.03873064
v -0.14056406 0.01716297 0.03862264
v -0.14056406 0.01721442 0.03851049
v -0.14056406 0.01725735 0.03839480
v -0.14056406 0.01729151 0.03827624
v -0.14056406 0.01731671 0.03815545
v -0.14056406 0.01733281 0.03803311
v -0.14056406 0.01733973 0.03790991
v -0.14056406 0.01733742 0.03778654
v -0.14056406 0.01732590 0.03766369
v -0.14056406 0.01730524 0.03754205
v -0.14056406 0.01727553 0.03742228
v -0.14056406 0.01723697 0.03730507
v -0.14056406 0.01718975 0.03719108
v -0.14056406 0.01713414 0.03708092
v -0.14056406 0.01707046 0.03697524
v -0.14056406 0.01699905 0.03687460
v -0.14056406 0.01692033 0.03677959
v -0.14056406 0.01683473 0.03669072
v -0.14056406 0.01674272 0.03660850
v -0.14056406 0.01664483 0.03653339
v -0.14056406 0.01654160 0.03646580
v -0.14056406 0.01643360 0.03640611
v -0.14056406 0.01632145 0.03635466
v -0.14056406 0.01620576 0.03631174
v -0.14056406 0.01608720 0.03627758
v -0.14056406 0.01596641 0.03625237
v -0.14056406 0.01584407 0.03623627
v -0.14056406 0.01572087 0.03622935
v -0.14056406 0.01559750 0.03623166
v -0.14056406 0.01547465 0.03624318
v -0.14056406 0.01535300 0.03626385
v -0.14056406 0.01523324 0.03629355
v -0.14056406 0.01511603 0.03633212
v -0.14056406 0.01500204 0.03637934
v -0.14056406 0.01489188 0.03643494
v -0.14056406 0.01478620 0.03649863
v -0.14056406 0.01468556 0.03657003
v -0.14056406 0.01459055 0.03664875
v -0.14056406 0.01450168 0.03673436
v -0.14056406 0.01441946 0.03682636
v -0.14056406 0.01434435 0.03692425
v -0.14056406 0.01427676 0.03702749
v -0.14056406 0.01421707 0.03713548
v -0.14056406 0.01416562 0.03724763
v -0.14056406 0.01412270 0.03736332
v -0.14056406 0.01408854 0.03748189
v -0.14056406 0.01406333 0.03760268
v -0.14056406 0.01404723 0.03772501
v -0.14056406 0.01404031 0.03784821
v -0.14056406 0.01404262 0.03797158
v -0.14056406 0.01405414 0.03809443
v -0.14056406 0.01407481 0.03821608
v -0.14056406 0.01410451 0.03833584
v -0.14056406 0.01414308 0.03845305
v -0.14056406 0.01419030 0.03856705
v -0.14056406 0.01424590 0.03867720
v -0.14056406 0.01430958 0.03878288
v -0.14056406 0.01438099 0.03888352
v -0.14056406 0.01445971 0.03897853
v -0.14056406 0.01454531 0.03906740
v -0.14056406 0.01463732 0.03914962
v -0.14056406 0.01473521 0.03922474
v -0.14056406 0.01483845 0.03929233
v -0.14056406 0.01494644 0.03935201
v -0.14056406 -0.03785100 -0.03217122
v -0.14056406 -0.03785100 0.03217122
v -0.14056406 -0.01632145 -0.03635466
v -0.14056406 -0.01620576 -0.03631174
v -0.14056406 -0.01608720 -0.03627758
v -0.14056406 -0.01596641 -0.03625237
v -0.14056406 -0.01584407 -0.03623627
v -0.14056406 -0.01572087 -0.03622935
v -0.14056406 -0.01559750 -0.03623166
v -0.14056406 -0.01547465 -0.03624318
v -0.14056406 -0.01535300 -0.03626385
v -0.14056406 -0.01523324 -0.03629355
v -0.14056406 -0.01511603 -0.03633212
v -0.14056406 -0.01500204 -0.03637934
v -0.14056406 -0.01489188 -0.03643494
v -0.14056406 -0.01478620 -0.03649863
v -0.14056406 -0.01468556 -0.03657003
v -0.14056406 -0.01459055 -0.03664875
v -0.14056406 -0.01450168 -0.03673436
v -0.14056406 -0.01441946 -0.03682636
v -0.14056406 -0.01434435 -0.03692425
v -0.14056406 -0.01427676 -0.03702749
v -0.14056406 -0.01421707 -0.03713548
v -0.14056406 -0.01416562 -0.03724763
v -0.14056406 -0.01412270 -0.03736332
v -0.14056406 -0.01408854 -0.03748189
v -0.14056406 -0.01406333 -0.03760268
v -0.14056406 -0.01404723 -0.03772501
v -0.14056406 -0.01404031 -0.03784821
v -0.14056406 -0.01404262 -0.03797158
v -0.14056406 -0.01405414 -0.03809443
v -0.14056406 -0.01407481 -0.03821608
v -0.14056406 -0.01410451 -0.03833584
v -0.14056406 -0.01414308 -0.03845305
v -0.14056406 -0.01419030 -0.03856705
v -0.14056406 -0.01424590 -0.03867720
v -0.14056406 -0.01430958 -0.03878288
v -0.14056406 -0.01438099 -0.03888352
v -0.14056406 -0.01445971 -0.03897853
v -0.14056406 -0.01454531 -0.03906740
v -0.14056406 -0.01463732 -0.03914962
v -0.14056406 -0.01473521 -0.03922474
v -0.14056406 -0.01483845 -0.03929233
v -0.14056406 -0.01494644 -0.03935201
v -0.14056406 -0.01505859 -0.03940346
v -0.14056406 -0.01517428 -0.03944639
v -0.14056406 -0.01529285 -0.03948055
v -0.14056406 -0.01541364 -0.03950575
v -0.14056406 -0.01553597 -0.03952185
v -0.14056406 -0.01565917 -0.03952877
v -0.14056406 -0.01578254 -0.03952647
v -0.14056406 -0.01590539 -0.03951494
v -0.14056406 -0.01602704 -0.03949428
v -0.14056406 -0.01614680 -0.03946457
v -0.14056406 -0.01626401 -0.03942601
v -0.14056406 -0.01637801 -0.03937879
v -0.14056406 -0.01648816 -0.03932318
v -0.14056406 -0.01659384 -0.03925950
v -0.14056406 -0.01669448 -0.03918809
v -0.14056406 -0.01678949 -0.03910937
v -0.14056406 -0.01687836 -0.03902377
v -0.14056406 -0.01696058 -0.03893176
v -0.14056406 -0.01703570 -0.03883387
v -0.14056406 -0.01710329 -0.03873064
v -0.14056406 -0.01716297 -0.03862264
v -0.14056406 -0.01721442 -0.03851049
v -0.14056406 -0.01725735 -0.03839480
v -0.14056406 -0.01729151 -0.03827624
v -0.14056406 -0.01731671 -0.03815545
v -0.14056406 -0.01733281 -0.03803311
v -0.14056406 -0.01733973 -0.03790991
v -0.14056406 -0.01733742 -0.03778654
v -0.14056406 -0.01732590 -0.03766369
v -0.14056406 -0.01730524 -0.03754205
v -0.14056406 -0.01727553 -0.03742228
v -0.14056406 -0.01723697 -0.03730507
v -0.14056406 -0.01718975 -0.03719108
v -0.14056406 -0.01713414 -0.03708092
v -0.14056406 -0.01707046 -0.03697524
v -0.14056406 -0.01699905 -0.03687460
v -0.14056406 -0.01692033 -0.03677959
v -0.14056406 -0.01683473 -0.03669072
v -0.14056406 -0.01674272 -0.03660850
v -0.14056406 -0.01664483 -0.03653339
v -0.14056406 -0.01654160 -0.03646580
v -0.14056406 -0.01643360 -0.03640611
v -0.14056406 -0.03851049 0.01721442
v -0.14056406 -0.03839480 0.01725735
v -0.14056406 -0.03827624 0.01729151
v -0.14056406 -0.03815545 0.01731671
v -0.14056406 -0.03803311 0.01733281
v -0.14056406 -0.03790991 0.01733973
v -0.14056406 -0.03778654 0.01733742
v -0.14056406 -0.03766369 0.01732590
v -0.14056406 -0.03754205 0.01730524
v -0.14056406 -0.03742228 0.01727553
v -0.14056406 -0.03730507 0.01723697
v -0.14056406 -0.03719108 0.01718975
v -0.14056406 -0.03708092 0.01713414
v -0.14056406 -0.03697524 0.01707046
v -0.14056406 -0.03687460 0.01699905
v -0.14056406 -0.03677959 0.01692033
v -0.14056406 -0.03669072 0.01683473
v -0.14056406 -0.03660850 0.01674272
v -0.14056406 -0.03653339 0.01664483
v -0.14056406 -0.03646580 0.01654160
v -0.14056406 -0.03640611 0.01643360
v -0.14056406 -0.03635466 0.01632145
v -0.14056406 -0.03631174 0.01620576
v -0.14056406 -0.03627758 0.01608720
v -0.14056406 -0.03625237 0.01596641
v -0.14056406 -0.03623627 0.01584407
v -0.14056406 -0.03622935 0.01572087
v -0.14056406 -0.03623166 0.01559750
v -0.14056406 -0.03624318 0.01547465
v -0.14056406 -0.03626385 0.01535300
v -0.14056406 -0.03629355 0.01523324
v -0.14056406 -0.03633212 0.01511603
v -0.14056406 -0.03637934 0.01500204
v -0.14056406 -0.03643494 0.01489188
v -0.14056406 -0.03649863 0.01478620
v -0.14056406 -0.03657003 0.01468556
v -0.14056406 -0.03664875 0.01459055
v -0.14056406 -0.03673436 0.01450168
v -0.14056406 -0.03682636 0.01441946
v -0.14056406 -0.03692425 0.01434435
v -0.14056406 -0.03702749 0.01427676
v -0.14056406 -0.03713548 0.01421707
v -0.14056406 -0.03724763 0.01416562
v -0.14056406 -0.03736332 0.01412270
v -0.14056406 -0.03748189 0.01408854
v -0.14056406 -0.03760268 0.01406333
v -0.14056406 -0.03772501 0.01404723
v -0.14056406 -0.03784821 0.01404031
v -0.14056406 -0.03797158 0.01404262
v -0.14056406 -0.03809443 0.01405414
v -0.14056406 -0.03821608 0.01407481
v -0.14056406 -0.03833584 0.01410451
v -0.14056406 -0.03845305 0.01414308
v -0.14056406 -0.03856705 0.01419030
v -0.14056406 -0.03867720 0.01424590
v -0.14056406 -0.03878288 0.01430958
v -0.14056406 -0.03888352 0.01438099
v -0.14056406 -0.03897853 0.01445971
v -0.14056406 -0.03906740 0.01454531
v -0.14056406 -0.03914962 0.01463732
v -0.14056406 -0.03922474 0.01473521
v -0.14056406 -0.03929233 0.01483845
v -0.14056406 -0.03935201 0.01494644
v -0.14056406 -0.03940346 0.01505859
v -0.14056406 -0.03944639 0.01517428
v -0.14056406 -0.03948055 0.01529285
v -0.14056406 -0.03950575 0.01541364
v -0.14056406 -0.03952185 0.01553597
v -0.14056406 -0.03952877 0.01565917
v -0.14056406 -0.03952647 0.01578254
v -0.14056406 -0.03951494 0.01590539
v -0.14056406 -0.03949428 0.01602704
v -0.14056406 -0.03946457 0.01614680
v -0.14056406 -0.03942601 0.01626401
v -0.14056406 -0.03937879 0.01637801
v -0.14056406 -0.03932318 0.01648816
v -0.14056406 -0.03925950 0.01659384
v -0.14056406 -0.03918809 0.01669448
v -0.14056406 -0.03910937 0.01678949
v -0.14056406 -0.03902377 0.01687836
v -0.14056406 -0.03893176 0.01696058
v -0.14056406 -0.03883387 0.01703570
v -0.14056406 -0.03873064 0.01710329
v -0.14056406 -0.03862264 0.01716297
v -0.14056406 0.03724763 -0.01416562
v -0.14056406 0.03736332 -0.01412270
v -0.14056406 0.03748189 -0.01408854
v -0.14056406 0.03760268 -0.01406333
v -0.14056406 0.03772501 -0.01404723
v -0.14056406 0.03784821 -0.01404031
v -0.14056406 0.03797158 -0.01404262
v -0.14056406 0.03809443 -0.01405414
v -0.14056406 0.03821608 -0.01407481
v -0.14056406 0.03833584 -0.01410451
v -0.14056406 0.03845305 -0.01414308
v -0.14056406 0.03856705 -0.01419030
v -0.14056406 0.03867720 -0.01424590
v -0.14056406 0.03878288 -0.01430958
v -0.14056406 0.03888352 -0.01438099
v -0.14056406 0.03897853 -0.01445971
v -0.14056406 0.03906740 -0.01454531
v -0.14056406 0.03914962 -0.01463732
v -0.14056406 0.03922474 -0.01473521
v -0.14056406 0.03929233 -0.01483845
v -0.14056406 0.03935201 -0.01494644
v -0.14056406 0.03940346 -0.01505859
v -0.14056406 0.03944639 -0.01517428
v -0.14056406 0.03948055 -0.01529285
v -0.14056406 0.03950575 -0.01541364
v -0.14056406 0.03952185 -0.01553597
v -0.14056406 0.03952877 -0.01565917
v -0.14056406 0.03952647 -0.01578254
v -0.14056406 0.03951494 -0.01590539
v -0.14056406 0.03949428 -0.01602704
v -0.14056406 0.03946457 -0.01614680
v -0.14056406 0.03942601 -0.01626401
v -0.14056406 0.03937879 -0.01637801
v -0.14056406 0.03932318 -0.01648816
v -0.14056406 0.03925950 -0.01659384
v -0.14056406 0.03918809 -0.01669448
v -0.14056406 0.03910937 -0.01678949
v -0.14056406 0.03902377 -0.01687836
v -0.14056406 0.03893176 -0.01696058
v -0.14056406 0.03883387 -0.01703570
v -0.14056406 0.03873064 -0.01710329
v -0.14056406 0.03862264 -0.01716297
v -0.14056406 0.03851049 -0.01721442
v -0.14056406 0.03839480 -0.01725735
v -0.14056406 0.03827624 -0.01729151
v -0.14056406 0.03815545 -0.01731671
v -0.14056406 0.03803311 -0.01733281
v -0.14056406 0.03790991 -0.01733973
v -0.14056406 0.03778654 -0.01733742
v -0.14056406 0.03766369 -0.01732590
v -0.14056406 0.03754205 -0.01730524
v -0.14056406 0.03742228 -0.01727553
v -0.14056406 0.03730507 -0.01723697
v -0.14056406 0.03719108 -0.01718975
v -0.14056406 0.03708092 -0.01713414
v -0.14056406 0.03697524 -0.01707046
v -0.14056406 0.03687460 -0.01699905
v -0.14056406 0.03677959 -0.01692033
v -0.14056406 0.03669072 -0.01683473
v -0.14056406 0.03660850 -0.01674272
v -0.14056406 0.03653339 -0.01664483
v -0.14056406 0.03646580 -0.01654160
v -0.14056406 0.03640611 -0.01643360
v -0.14056406 0.03635466 -0.01632145
v -0.14056406 0.03631174 -0.01620576
v -0.14056406 0.03627758 -0.01608720
v -0.14056406 0.03625237 -0.01596641
v -0.14056406 0.03623627 -0.01584407
v -0.14056406 0.03622935 -0.01572087
v -0.14056406 0.03623166 -0.01559750
v -0.14056406 0.03624318 -0.01547465
v -0.14056406 0.03626385 -0.01535300
v -0.14056406 0.03629355 -0.01523324
v -0.14056406 0.03633212 -0.01511603
v -0.14056406 0.03637934 -0.01500204
v -0.14056406 0.03643494 -0.01489188
v -0.14056406 0.03649863 -0.01478620
v -0.14056406 0.03657003 -0.01468556
v -0.14056406 0.03664875 -0.01459055
v -0.14056406 0.03673436 -0.01450168
v -0.14056406 0.03682636 -0.01441946
v -0.14056406 0.03692425 -0.01434435
v -0.14056406 0.03702749 -0.01427676
v -0.14056406 0.03713548 -0.01421707
v -0.14056406 -0.00229610 0.00554328
v -0.14056406 -0.00187543 0.00569936
v -0.14056406 -0.00144427 0.00582358
v -0.14056406 -0.00100504 0.00591523
v -0.14056406 -0.00056018 0.00597379
v -0.14056406 -0.00011219 0.00599895
v -0.14056406 0.00033642 0.00599056
v -0.14056406 0.00078316 0.00594867
v -0.14056406 0.00122551 0.00587351
v -0.14056406 0.00166101 0.00576550
v -0.14056406 0.00208723 0.00562525
v -0.14056406 0.00250176 0.00545355
v -0.14056406 0.00290231 0.00525134
v -0.14056406 0.00328663 0.00501977
v -0.14056406 0.00365257 0.00476012
v -0.14056406 0.00399808 0.00447385
v -0.14056406 0.00432123 0.00416257
v -0.14056406 0.00462022 0.00382800
v -0.14056406 0.00489337 0.00347203
v -0.14056406 0.00513915 0.00309664
v -0.14056406 0.00535619 0.00270393
v -0.14056406 0.00554328 0.00229610
v -0.14056406 0.00569936 0.00187543
v -0.14056406 0.00582358 0.00144427
v -0.14056406 0.00591523 0.00100504
v -0.14056406 0.00597379 0.00056018
v -0.14056406 0.00599895 0.00011219
v -0.14056406 0.00599056 -0.00033642
v -0.14056406 0.00594867 -0.00078316
v -0.14056406 0.00587351 -0.00122551
v -0.14056406 0.00576550 -0.00166101
v -0.14056406 0.00562525 -0.00208723
v -0.14056406 0.00545355 -0.00250176
v -0.14056406 0.00525134 -0.00290231
v -0.14056406 0.00501977 -0.00328663
v -0.14056406 0.00476012 -0.00365257
v -0.14056406 0.00447385 -0.00399808
v -0.14056406 0.00416257 -0.00432123
v -0.14056406 0.00382800 -0.00462022
v -0.14056406 0.00347203 -0.00489337
v -0.14056406 0.00309664 -0.00513915
v -0.14056406 0.00270393 -0.00535619
v -0.14056406 0.00229610 -0.00554328
v -0.14056406 0.00187543 -0.00569936
v -0.14056406 0.00144427 -0.00582358
v -0.14056406 0.00100504 -0.00591523
v -0.14056406 0.00056018 -0.00597379
v -0.14056406 0.00011219 -0.00599895
v -0.14056406 -0.00033642 -0.00599056
v -0.14056406 -0.00078316 -0.00594867
v -0.14056406 -0.00122551 -0.00587351
v -0.14056406 -0.00166101 -0.00576550
v -0.14056406 -0.00208723 -0.00562525
v -0.14056406 -0.00250176 -0.00545355
v -0.14056406 -0.00290231 -0.00525134
v -0.14056406 -0.00328663 -0.00501977
v -0.14056406 -0.00365257 -0.00476012
v -0.14056406 -0.00399808 -0.00447385
v -0.14056406 -0.00432123 -0.00416257
v -0.14056406 -0.00462022 -0.00382800
v -0.14056406 -0.00489337 -0.00347203
v -0.14056406 -0.00513915 -0.00309664
v -0.14056406 -0.00535619 -0.00270393
v -0.14056406 -0.00554328 -0.00229610
v -0.14056406 -0.00569936 -0.00187543
v -0.14056406 -0.00582358 -0.00144427
v -0.14056406 -0.00591523 -0.00100504
v -0.14056406 -0.00597379 -0.00056018
v -0.14056406 -0.00599895 -0.00011219
v -0.14056406 -0.00599056 0.00033642
v -0.14056406 -0.00594867 0.00078316
v -0.14056406 -0.00587351 0.00122551
v -0.14056406 -0.00576550 0.00166101
v -0.14056406 -0.00562525 0.00208723
v -0.14056406 -0.00545355 0.00250176
v -0.14056406 -0.00525134 0.00290231
v -0.14056406 -0.00501977 0.00328663
v -0.14056406 -0.00476012 0.00365257
v -0.14056406 -0.00447385 0.00399808
v -0.14056406 -0.00416257 0.00432123
v -0.14056406 -0.00382800 0.00462022
v -0.14056406 -0.00347203 0.00489337
v -0.14056406 -0.00309664 0.00513915
v -0.14056406 -0.00270393 0.00535619
v -0.14256505 -0.08000000 0.08000000
v -0.14256505 -0.08000000 0.08008891
v -0.13856406 -0.08000000 0.08000000
v 0.03563240 -0.14503144 0.03591213
v 0.04058794 -0.14231533 0.04157477
v 0.03720323 -0.14417048 0.03789035
v 0.03885638 -0.14326440 0.03977938
v 0.03912936 -0.13971805 0.04160547
v 0.03949400 -0.14036736 0.04159780
v 0.03985864 -0.14101667 0.04159012
v 0.04240169 -0.13782877 0.03782878
v 0.04002860 -0.13349907 0.03782878
v 0.00080019 -0.15500000 0.07123973
v 0.03506860 -0.13621762 0.03217122
v 0.09816237 -0.10563533 0.03782878
v 0.10143470 -0.10374605 0.04160547
v 0.10295472 -0.10630785 0.04157477
v 0.10257471 -0.10566739 0.04158245
v 0.10219470 -0.10502693 0.04159012
v 0.10625368 -0.10430418 0.03789035
v 0.10464242 -0.10528281 0.03977938
v 0.00250000 -0.16433013 0.08000000
v 0.00200049 -0.16346496 0.08000000
v 0.00200049 -0.16346496 0.08008891
v -0.00000000 -0.16000000 0.08000000
v -0.00250000 -0.16433013 -0.08000000
v -0.00200049 -0.16346496 -0.08008891
v -0.00200049 -0.16346496 -0.08000000
v -0.00500000 -0.16288675 -0.08000000
v -0.13990381 -0.08500000 0.08000000
v -0.13803718 -0.08500000 -0.07129868
v -0.13803718 -0.08500000 0.07129868
v -0.10295472 -0.10630785 -0.04157477
v -0.10778471 -0.10337429 -0.03591213
v -0.10464242 -0.10528281 -0.03977938
v -0.10625368 -0.10430418 -0.03789035
v -0.10143470 -0.10374605 -0.04160547
v -0.10181470 -0.10438648 -0.04159780
v -0.10219470 -0.10502693 -0.04159012
v -0.09816237 -0.10563533 -0.03782878
v -0.09559929 -0.10141532 -0.03782878
v -0.10043362 -0.09847911 -0.03217122
v -0.04002860 -0.13349907 -0.03782878
v -0.00080019 -0.15500000 -0.07123973
v -0.03506860 -0.13621762 -0.03217122
v -0.04240169 -0.13782877 -0.03782878
v -0.03912936 -0.13971805 -0.04160547
v -0.04058794 -0.14231533 -0.04157477
v -0.04022328 -0.14166600 -0.04158245
v -0.03985864 -0.14101667 -0.04159012
v -0.00500000 -0.16182094 -0.07083532
v -0.03563240 -0.14503144 -0.03591213
v -0.03885638 -0.14326440 -0.03977938
v -0.03720323 -0.14417048 -0.03789035
v -0.00500000 -0.16500000 -0.08000000
v -0.00500000 -0.15500000 -0.06755774
v -0.00500000 -0.15500000 0.06755774
v -0.00500000 -0.16182094 0.07083532
v -0.00500000 -0.16288675 0.08000000
v -0.00500000 -0.16500000 0.08000000
v -0.10633276 -0.10091815 -0.03594616
v -0.10669576 -0.10153220 -0.03593766
v -0.10705875 -0.10214624 -0.03592915
v -0.10306196 -0.10280655 -0.03217122
v -0.10778471 -0.10337429 0.03591213
v -0.10633276 -0.10091815 0.03594616
v -0.10669576 -0.10153220 0.03593766
v -0.10705875 -0.10214624 0.03592915
v -0.10306196 -0.10280655 0.03217122
v -0.10043362 -0.09847911 0.03217122
v -0.09559929 -0.10141532 0.03782878
v 0.08850978 -0.11120826 0.05081337
v 0.08521969 -0.11310779 0.05222536
v 0.08184849 -0.11505415 0.05335375
v 0.07841448 -0.11703678 0.05419241
v 0.07493630 -0.11904491 0.05473680
v 0.07143285 -0.12106762 0.05498394
v 0.06792316 -0.12309395 0.05493251
v 0.06442627 -0.12511288 0.05458278
v 0.06096118 -0.12711345 0.05393665
v 0.05754671 -0.12908480 0.05299763
v 0.05420139 -0.13101622 0.05177081
v 0.05094339 -0.13289722 0.05026287
v 0.04779041 -0.13471759 0.04848198
v 0.04475957 -0.13646745 0.04643783
v 0.04186731 -0.13813730 0.04414150
v 0.09150978 -0.11640441 0.05081337
v 0.08817026 -0.11833248 0.05224418
v 0.08474748 -0.12030862 0.05338281
v 0.08126059 -0.12232178 0.05422291
v 0.07772907 -0.12436070 0.05475976
v 0.07417269 -0.12641398 0.05499038
v 0.07061132 -0.12847014 0.05491347
v 0.06706489 -0.13051767 0.05452947
v 0.06355323 -0.13254513 0.05384051
v 0.06009597 -0.13454118 0.05285045
v 0.05671246 -0.13649465 0.05156484
v 0.05342161 -0.13839462 0.04999085
v 0.05024183 -0.14023047 0.04813729
v 0.04719089 -0.14199193 0.04601453
v 0.04428587 -0.14366914 0.04363443
v 0.04154301 -0.14525273 0.04101032
v 0.03897765 -0.14673385 0.03815686
v 0.03660413 -0.14810420 0.03509001
v 0.03443573 -0.14935613 0.03182692
v 0.03248457 -0.15048263 0.02838585
v 0.03076157 -0.15147740 0.02478602
v 0.02927636 -0.15233489 0.02104759
v 0.02803725 -0.15305029 0.01719145
v 0.02705116 -0.15361961 0.01323916
v 0.02632362 -0.15403966 0.00921284
v 0.02585869 -0.15430809 0.00513500
v 0.02565896 -0.15442340 0.00102844
v 0.02572557 -0.15438494 -0.00308387
v 0.02605813 -0.15419294 -0.00717894
v 0.02665478 -0.15384846 -0.01123386
v 0.02751220 -0.15335343 -0.01522595
v 0.02862558 -0.15271062 -0.01913290
v 0.02998869 -0.15192363 -0.02293284
v 0.03159392 -0.15099685 -0.02660454
v 0.03343228 -0.14993547 -0.03012745
v 0.03549350 -0.14874542 -0.03348188
v 0.03776605 -0.14743336 -0.03664906
v 0.04023722 -0.14600663 -0.03961129
v 0.04289319 -0.14447321 -0.04235199
v 0.04571911 -0.14284166 -0.04485585
v 0.04869917 -0.14112113 -0.04710885
v 0.05181671 -0.13932122 -0.04909840
v 0.05505429 -0.13745200 -0.05081337
v 0.05839380 -0.13552393 -0.05224418
v 0.06181658 -0.13354779 -0.05338281
v 0.06530348 -0.13153462 -0.05422291
v 0.06883499 -0.12949570 -0.05475976
v 0.07239138 -0.12744242 -0.05499038
v 0.07595275 -0.12538627 -0.05491347
v 0.07949918 -0.12333873 -0.05452947
v 0.08301084 -0.12131127 -0.05384051
v 0.08646809 -0.11931523 -0.05285045
v 0.08985161 -0.11736175 -0.05156484
v 0.09314246 -0.11546178 -0.04999085
v 0.09632224 -0.11362593 -0.04813729
v 0.09937317 -0.11186448 -0.04601453
v 0.10227819 -0.11018726 -0.04363443
v 0.10502105 -0.10860367 -0.04101032
v 0.10758641 -0.10712256 -0.03815686
v 0.10995993 -0.10575221 -0.03509001
v 0.11212834 -0.10450028 -0.03182692
v 0.11407949 -0.10337378 -0.02838585
v 0.11580250 -0.10237900 -0.02478602
v 0.11728771 -0.10152152 -0.02104759
v 0.11852682 -0.10080611 -0.01719145
v 0.11951290 -0.10023680 -0.01323916
v 0.12024045 -0.09981675 -0.00921284
v 0.12070538 -0.09954832 -0.00513500
v 0.12090510 -0.09943301 -0.00102844
v 0.12083850 -0.09947147 0.00308387
v 0.12050594 -0.09966347 0.00717894
v 0.11990928 -0.10000795 0.01123386
v 0.11905187 -0.10050298 0.01522595
v 0.11793849 -0.10114579 0.01913290
v 0.11657538 -0.10193278 0.02293284
v 0.11497015 -0.10285956 0.02660454
v 0.11313178 -0.10392094 0.03012745
v 0.11107056 -0.10511099 0.03348188
v 0.10879801 -0.10642304 0.03664906
v 0.10632684 -0.10784977 0.03961129
v 0.10367087 -0.10938320 0.04235199
v 0.10084495 -0.11101474 0.04485585
v 0.09786490 -0.11273528 0.04710885
v 0.09474736 -0.11453519 0.04909840
v 0.09906490 -0.10511425 0.04382232
v 0.09657709 -0.10655059 0.04585949
v 0.09398147 -0.10804917 0.04770865
v 0.09128869 -0.10960385 0.04936220
v 0.10856337 -0.09963031 -0.03272694
v 0.11057887 -0.09846666 -0.02932383
v 0.11236794 -0.09743374 -0.02575594
v 0.11392053 -0.09653735 -0.02204334
v 0.11522792 -0.09578253 -0.01820687
v 0.11628275 -0.09517352 -0.01426810
v 0.11707911 -0.09471375 -0.01024915
v 0.11761251 -0.09440579 -0.00617262
v 0.11787996 -0.09425137 -0.00206140
v 0.11787996 -0.09425137 0.00206140
v 0.11761251 -0.09440579 0.00617262
v 0.11707911 -0.09471375 0.01024915
v 0.11628275 -0.09517352 0.01426810
v 0.11522792 -0.09578253 0.01820687
v 0.11392053 -0.09653735 0.02204334
v 0.11236794 -0.09743374 0.02575594
v 0.11057887 -0.09846666 0.02932383
v 0.10856337 -0.09963031 0.03272694
v 0.04177503 -0.13819058 -0.04406209
v 0.04456551 -0.13657949 -0.04629486
v 0.04748664 -0.13489297 -0.04829245
v 0.05052358 -0.13313960 -0.05004469
v 0.05366089 -0.13132827 -0.05154270
v 0.05688265 -0.12946819 -0.05277887
v 0.06017247 -0.12756881 -0.05374690
v 0.06351366 -0.12563977 -0.05444188
v 0.06688923 -0.12369089 -0.05486029
v 0.07028203 -0.12173205 -0.05500000
v 0.07367484 -0.11977321 -0.05486029
v 0.07705041 -0.11782433 -0.05444188
v 0.08039159 -0.11589529 -0.05374690
v 0.08368142 -0.11399591 -0.05277887
v 0.08690317 -0.11213583 -0.05154270
v 0.09004048 -0.11032450 -0.05004469
v 0.09307742 -0.10857113 -0.04829245
v 0.09599855 -0.10688461 -0.04629486
v 0.09878904 -0.10527352 -0.04406209
v 0.03423130 -0.14254595 -0.03594616
v 0.03458158 -0.14316734 -0.03593766
v 0.03493186 -0.14378872 -0.03592915
v 0.03423130 -0.14254595 0.03594616
v 0.03200070 -0.14383379 0.03272694
v 0.02998520 -0.14499744 0.02932383
v 0.02819613 -0.14603036 0.02575594
v 0.02664354 -0.14692675 0.02204334
v 0.02533615 -0.14768157 0.01820687
v 0.02428131 -0.14829058 0.01426810
v 0.02348496 -0.14875035 0.01024915
v 0.02295156 -0.14905831 0.00617262
v 0.02268410 -0.14921273 0.00206140
v 0.02268410 -0.14921273 -0.00206140
v 0.02295156 -0.14905831 -0.00617262
v 0.02348496 -0.14875035 -0.01024915
v 0.02428131 -0.14829058 -0.01426810
v 0.02533615 -0.14768157 -0.01820687
v 0.02664354 -0.14692675 -0.02204334
v 0.02819613 -0.14603036 -0.02575594
v 0.02998520 -0.14499744 -0.02932383
v 0.03200070 -0.14383379 -0.03272694
v 0.03458158 -0.14316734 0.03593766
v 0.03493186 -0.14378872 0.03592915
v 0.05724091 -0.12926135 0.03940346
v 0.05714072 -0.12931919 0.03944639
v 0.05703804 -0.12937847 0.03948055
v 0.05693343 -0.12943887 0.03950575
v 0.05682749 -0.12950004 0.03952185
v 0.05672080 -0.12956163 0.03952877
v 0.05661395 -0.12962332 0.03952647
v 0.05650756 -0.12968475 0.03951494
v 0.05640221 -0.12974557 0.03949428
v 0.05629849 -0.12980545 0.03946457
v 0.05619699 -0.12986405 0.03942601
v 0.05609826 -0.12992105 0.03937879
v 0.05600287 -0.12997613 0.03932318
v 0.05591134 -0.13002897 0.03925950
v 0.05582419 -0.13007929 0.03918809
v 0.05574191 -0.13012680 0.03910937
v 0.05566494 -0.13017123 0.03902377
v 0.05559374 -0.13021234 0.03893176
v 0.05552869 -0.13024990 0.03883387
v 0.05547015 -0.13028369 0.03873064
v 0.05541846 -0.13031354 0.03862264
v 0.05537391 -0.13033926 0.03851049
v 0.05533673 -0.13036072 0.03839480
v 0.05530715 -0.13037780 0.03827624
v 0.05528532 -0.13039040 0.03815545
v 0.05527138 -0.13039846 0.03803311
v 0.05526538 -0.13040192 0.03790991
v 0.05526738 -0.13040076 0.03778654
v 0.05527736 -0.13039500 0.03766369
v 0.05529526 -0.13038467 0.03754205
v 0.05532098 -0.13036982 0.03742228
v 0.05535438 -0.13035053 0.03730507
v 0.05539528 -0.13032692 0.03719108
v 0.05544343 -0.13029912 0.03708092
v 0.05549858 -0.13026728 0.03697524
v 0.05556042 -0.13023158 0.03687460
v 0.05562860 -0.13019222 0.03677959
v 0.05570273 -0.13014941 0.03669072
v 0.05578241 -0.13010341 0.03660850
v 0.05586719 -0.13005446 0.03653339
v 0.05595659 -0.13000285 0.03646580
v 0.05605012 -0.12994885 0.03640611
v 0.05614724 -0.12989278 0.03635466
v 0.05624743 -0.12983493 0.03631174
v 0.05635011 -0.12977565 0.03627758
v 0.05645472 -0.12971525 0.03625237
v 0.05656066 -0.12965409 0.03623627
v 0.05666736 -0.12959249 0.03622935
v 0.05677420 -0.12953080 0.03623166
v 0.05688059 -0.12946938 0.03624318
v 0.05698594 -0.12940855 0.03626385
v 0.05708966 -0.12934867 0.03629355
v 0.05719116 -0.12929007 0.03633212
v 0.05728989 -0.12923307 0.03637934
v 0.05738528 -0.12917799 0.03643494
v 0.05747681 -0.12912515 0.03649863
v 0.05756396 -0.12907483 0.03657003
v 0.05764625 -0.12902733 0.03664875
v 0.05772321 -0.12898289 0.03673436
v 0.05779441 -0.12894178 0.03682636
v 0.05785946 -0.12890422 0.03692425
v 0.05791800 -0.12887043 0.03702749
v 0.05796969 -0.12884059 0.03713548
v 0.05801425 -0.12881486 0.03724763
v 0.05805142 -0.12879340 0.03736332
v 0.05808100 -0.12877632 0.03748189
v 0.05810283 -0.12876372 0.03760268
v 0.05811678 -0.12875566 0.03772501
v 0.05812277 -0.12875221 0.03784821
v 0.05812077 -0.12875336 0.03797158
v 0.05811079 -0.12875912 0.03809443
v 0.05809289 -0.12876945 0.03821608
v 0.05806717 -0.12878430 0.03833584
v 0.05803377 -0.12880359 0.03845305
v 0.05799288 -0.12882720 0.03856705
v 0.05794472 -0.12885500 0.03867720
v 0.05788957 -0.12888684 0.03878288
v 0.05782773 -0.12892254 0.03888352
v 0.05775956 -0.12896191 0.03897853
v 0.05768542 -0.12900471 0.03906740
v 0.05760574 -0.12905071 0.03914962
v 0.05752096 -0.12909966 0.03922474
v 0.05743156 -0.12915127 0.03929233
v 0.05733804 -0.12920527 0.03935201
v 0.03750211 -0.14065755 0.03217122
v 0.03750211 -0.14065755 -0.03217122
v 0.08441682 -0.11357133 -0.03635466
v 0.08431664 -0.11362917 -0.03631174
v 0.08421395 -0.11368845 -0.03627758
v 0.08410935 -0.11374885 -0.03625237
v 0.08400340 -0.11381002 -0.03623627
v 0.08389671 -0.11387161 -0.03622935
v 0.08378987 -0.11393330 -0.03623166
v 0.08368347 -0.11399472 -0.03624318
v 0.08357812 -0.11405555 -0.03626385
v 0.08347441 -0.11411543 -0.03629355
v 0.08337290 -0.11417403 -0.03633212
v 0.08327418 -0.11423103 -0.03637934
v 0.08317878 -0.11428611 -0.03643494
v 0.08308725 -0.11433895 -0.03649863
v 0.08300010 -0.11438927 -0.03657003
v 0.08291782 -0.11443678 -0.03664875
v 0.08284086 -0.11448121 -0.03673436
v 0.08276965 -0.11452232 -0.03682636
v 0.08270460 -0.11455988 -0.03692425
v 0.08264606 -0.11459367 -0.03702749
v 0.08259437 -0.11462352 -0.03713548
v 0.08254982 -0.11464924 -0.03724763
v 0.08251265 -0.11467070 -0.03736332
v 0.08248306 -0.11468778 -0.03748189
v 0.08246124 -0.11470038 -0.03760268
v 0.08244729 -0.11470844 -0.03772501
v 0.08244130 -0.11471190 -0.03784821
v 0.08244329 -0.11471074 -0.03797158
v 0.08245327 -0.11470498 -0.03809443
v 0.08247117 -0.11469465 -0.03821608
v 0.08249689 -0.11467980 -0.03833584
v 0.08253030 -0.11466051 -0.03845305
v 0.08257119 -0.11463690 -0.03856705
v 0.08261935 -0.11460910 -0.03867720
v 0.08267450 -0.11457726 -0.03878288
v 0.08273633 -0.11454156 -0.03888352
v 0.08280451 -0.11450220 -0.03897853
v 0.08287864 -0.11445939 -0.03906740
v 0.08295832 -0.11441339 -0.03914962
v 0.08304310 -0.11436444 -0.03922474
v 0.08313250 -0.11431283 -0.03929233
v 0.08322603 -0.11425883 -0.03935201
v 0.08332316 -0.11420275 -0.03940346
v 0.08342334 -0.11414491 -0.03944639
v 0.08352603 -0.11408563 -0.03948055
v 0.08363063 -0.11402523 -0.03950575
v 0.08373658 -0.11396407 -0.03952185
v 0.08384327 -0.11390247 -0.03952877
v 0.08395011 -0.11384078 -0.03952647
v 0.08405650 -0.11377936 -0.03951494
v 0.08416185 -0.11371853 -0.03949428
v 0.08426557 -0.11365865 -0.03946457
v 0.08436708 -0.11360005 -0.03942601
v 0.08446580 -0.11354305 -0.03937879
v 0.08456120 -0.11348797 -0.03932318
v 0.08465272 -0.11343513 -0.03925950
v 0.08473987 -0.11338481 -0.03918809
v 0.08482216 -0.11333730 -0.03910937
v 0.08489912 -0.11329287 -0.03902377
v 0.08497033 -0.11325176 -0.03893176
v 0.08503538 -0.11321420 -0.03883387
v 0.08509391 -0.11318041 -0.03873064
v 0.08514560 -0.11315056 -0.03862264
v 0.08519016 -0.11312484 -0.03851049
v 0.08522733 -0.11310338 -0.03839480
v 0.08525691 -0.11308630 -0.03827624
v 0.08527874 -0.11307370 -0.03815545
v 0.08529269 -0.11306564 -0.03803311
v 0.08529868 -0.11306218 -0.03790991
v 0.08529668 -0.11306334 -0.03778654
v 0.08528671 -0.11306910 -0.03766369
v 0.08526881 -0.11307943 -0.03754205
v 0.08524308 -0.11309428 -0.03742228
v 0.08520968 -0.11311357 -0.03730507
v 0.08516879 -0.11313718 -0.03719108
v 0.08512063 -0.11316498 -0.03708092
v 0.08506548 -0.11319682 -0.03697524
v 0.08500364 -0.11323252 -0.03687460
v 0.08493547 -0.11327189 -0.03677959
v 0.08486133 -0.11331469 -0.03669072
v 0.08478165 -0.11336069 -0.03660850
v 0.08469688 -0.11340964 -0.03653339
v 0.08460747 -0.11346125 -0.03646580
v 0.08451395 -0.11351525 -0.03640611
v 0.10363309 -0.10247681 0.01721442
v 0.10353291 -0.10253465 0.01725735
v 0.10343022 -0.10259393 0.01729151
v 0.10332562 -0.10265433 0.01731671
v 0.10321967 -0.10271550 0.01733281
v 0.10311298 -0.10277709 0.01733973
v 0.10300614 -0.10283878 0.01733742
v 0.10289975 -0.10290020 0.01732590
v 0.10279440 -0.10296103 0.01730524
v 0.10269068 -0.10302091 0.01727553
v 0.10258917 -0.10307951 0.01723697
v 0.10249045 -0.10313651 0.01718975
v 0.10239506 -0.10319159 0.01713414
v 0.10230353 -0.10324443 0.01707046
v 0.10221638 -0.10329475 0.01699905
v 0.10213409 -0.10334226 0.01692033
v 0.10205713 -0.10338669 0.01683473
v 0.10198592 -0.10342780 0.01674272
v 0.10192087 -0.10346536 0.01664483
v 0.10186234 -0.10349915 0.01654160
v 0.10181065 -0.10352900 0.01643360
v 0.10176609 -0.10355472 0.01632145
v 0.10172892 -0.10357618 0.01620576
v 0.10169934 -0.10359326 0.01608720
v 0.10167751 -0.10360586 0.01596641
v 0.10166356 -0.10361392 0.01584407
v 0.10165757 -0.10361738 0.01572087
v 0.10165957 -0.10361622 0.01559750
v 0.10166954 -0.10361046 0.01547465
v 0.10168744 -0.10360013 0.01535300
v 0.10171317 -0.10358528 0.01523324
v 0.10174657 -0.10356599 0.01511603
v 0.10178746 -0.10354238 0.01500204
v 0.10183562 -0.10351458 0.01489188
v 0.10189077 -0.10348274 0.01478620
v 0.10195261 -0.10344704 0.01468556
v 0.10202078 -0.10340768 0.01459055
v 0.10209492 -0.10336487 0.01450168
v 0.10217460 -0.10331887 0.01441946
v 0.10225937 -0.10326992 0.01434435
v 0.10234878 -0.10321831 0.01427676
v 0.10244230 -0.10316431 0.01421707
v 0.10253943 -0.10310823 0.01416562
v 0.10263961 -0.10305039 0.01412270
v 0.10274230 -0.10299111 0.01408854
v 0.10284690 -0.10293071 0.01406333
v 0.10295285 -0.10286955 0.01404723
v 0.10305954 -0.10280795 0.01404031
v 0.10316638 -0.10274626 0.01404262
v 0.10327278 -0.10268484 0.01405414
v 0.10337813 -0.10262401 0.01407481
v 0.10348184 -0.10256413 0.01410451
v 0.10358335 -0.10250553 0.01414308
v 0.10368207 -0.10244853 0.01419030
v 0.10377747 -0.10239345 0.01424590
v 0.10386900 -0.10234061 0.01430958
v 0.10395615 -0.10229029 0.01438099
v 0.10403843 -0.10224278 0.01445971
v 0.10411539 -0.10219835 0.01454531
v 0.10418660 -0.10215724 0.01463732
v 0.10425165 -0.10211968 0.01473521
v 0.10431019 -0.10208589 0.01483845
v 0.10436188 -0.10205604 0.01494644
v 0.10440643 -0.10203032 0.01505859
v 0.10444360 -0.10200886 0.01517428
v 0.10447319 -0.10199178 0.01529285
v 0.10449501 -0.10197918 0.01541364
v 0.10450896 -0.10197112 0.01553597
v 0.10451495 -0.10196766 0.01565917
v 0.10451296 -0.10196882 0.01578254
v 0.10450298 -0.10197458 0.01590539
v 0.10448508 -0.10198491 0.01602704
v 0.10445936 -0.10199976 0.01614680
v 0.10442595 -0.10201905 0.01626401
v 0.10438506 -0.10204266 0.01637801
v 0.10433690 -0.10207046 0.01648816
v 0.10428175 -0.10210230 0.01659384
v 0.10421992 -0.10213800 0.01669448
v 0.10415174 -0.10217737 0.01678949
v 0.10407761 -0.10222017 0.01687836
v 0.10399793 -0.10226617 0.01696058
v 0.10391315 -0.10231512 0.01703570
v 0.10382375 -0.10236673 0.01710329
v 0.10373022 -0.10242073 0.01716297
v 0.03802464 -0.14035587 -0.01416562
v 0.03792445 -0.14041371 -0.01412270
v 0.03782177 -0.14047299 -0.01408854
v 0.03771716 -0.14053339 -0.01406333
v 0.03761121 -0.14059456 -0.01404723
v 0.03750452 -0.14065615 -0.01404031
v 0.03739768 -0.14071784 -0.01404262
v 0.03729129 -0.14077927 -0.01405414
v 0.03718594 -0.14084009 -0.01407481
v 0.03708222 -0.14089997 -0.01410451
v 0.03698072 -0.14095857 -0.01414308
v 0.03688199 -0.14101557 -0.01419030
v 0.03678660 -0.14107065 -0.01424590
v 0.03669507 -0.14112349 -0.01430958
v 0.03660792 -0.14117381 -0.01438099
v 0.03652563 -0.14122132 -0.01445971
v 0.03644867 -0.14126575 -0.01454531
v 0.03637747 -0.14130686 -0.01463732
v 0.03631241 -0.14134442 -0.01473521
v 0.03625388 -0.14137821 -0.01483845
v 0.03620219 -0.14140806 -0.01494644
v 0.03615763 -0.14143378 -0.01505859
v 0.03612046 -0.14145524 -0.01517428
v 0.03609088 -0.14147232 -0.01529285
v 0.03606905 -0.14148492 -0.01541364
v 0.03605510 -0.14149298 -0.01553597
v 0.03604911 -0.14149644 -0.01565917
v 0.03605111 -0.14149528 -0.01578254
v 0.03606109 -0.14148952 -0.01590539
v 0.03607899 -0.14147919 -0.01602704
v 0.03610471 -0.14146434 -0.01614680
v 0.03613811 -0.14144505 -0.01626401
v 0.03617900 -0.14142144 -0.01637801
v 0.03622716 -0.14139364 -0.01648816
v 0.03628231 -0.14136180 -0.01659384
v 0.03634415 -0.14132610 -0.01669448
v 0.03641232 -0.14128674 -0.01678949
v 0.03648646 -0.14124393 -0.01687836
v 0.03656614 -0.14119793 -0.01696058
v 0.03665092 -0.14114899 -0.01703570
v 0.03674032 -0.14109737 -0.01710329
v 0.03683384 -0.14104337 -0.01716297
v 0.03693097 -0.14098730 -0.01721442
v 0.03703116 -0.14092945 -0.01725735
v 0.03713384 -0.14087017 -0.01729151
v 0.03723845 -0.14080977 -0.01731671
v 0.03734439 -0.14074861 -0.01733281
v 0.03745108 -0.14068701 -0.01733973
v 0.03755792 -0.14062532 -0.01733742
v 0.03766432 -0.14056390 -0.01732590
v 0.03776967 -0.14050307 -0.01730524
v 0.03787339 -0.14044319 -0.01727553
v 0.03797489 -0.14038459 -0.01723697
v 0.03807362 -0.14032759 -0.01718975
v 0.03816901 -0.14027251 -0.01713414
v 0.03826054 -0.14021967 -0.01707046
v 0.03834769 -0.14016935 -0.01699905
v 0.03842997 -0.14012185 -0.01692033
v 0.03850693 -0.14007741 -0.01683473
v 0.03857814 -0.14003630 -0.01674272
v 0.03864319 -0.13999874 -0.01664483
v 0.03870173 -0.13996495 -0.01654160
v 0.03875342 -0.13993511 -0.01643360
v 0.03879797 -0.13990938 -0.01632145
v 0.03883515 -0.13988792 -0.01620576
v 0.03886473 -0.13987084 -0.01608720
v 0.03888656 -0.13985824 -0.01596641
v 0.03890050 -0.13985018 -0.01584407
v 0.03890650 -0.13984673 -0.01572087
v 0.03890450 -0.13984788 -0.01559750
v 0.03889452 -0.13985364 -0.01547465
v 0.03887662 -0.13986397 -0.01535300
v 0.03885090 -0.13987882 -0.01523324
v 0.03881750 -0.13989811 -0.01511603
v 0.03877660 -0.13992172 -0.01500204
v 0.03872845 -0.13994952 -0.01489188
v 0.03867330 -0.13998136 -0.01478620
v 0.03861146 -0.14001706 -0.01468556
v 0.03854328 -0.14005643 -0.01459055
v 0.03846915 -0.14009923 -0.01450168
v 0.03838947 -0.14014523 -0.01441946
v 0.03830469 -0.14019418 -0.01434435
v 0.03821529 -0.14024579 -0.01427676
v 0.03812176 -0.14029979 -0.01421707
v 0.07227051 -0.12058400 0.00554328
v 0.07190620 -0.12079434 0.00569936
v 0.07153281 -0.12100991 0.00582358
v 0.07115242 -0.12122953 0.00591523
v 0.07076716 -0.12145196 0.00597379
v 0.07037919 -0.12167595 0.00599895
v 0.06999068 -0.12190026 0.00599056
v 0.06960380 -0.12212363 0.00594867
v 0.06922071 -0.12234481 0.00587351
v 0.06884355 -0.12256256 0.00576550
v 0.06847444 -0.12277566 0.00562525
v 0.06811544 -0.12298293 0.00545355
v 0.06776856 -0.12318321 0.00525134
v 0.06743573 -0.12337537 0.00501977
v 0.06711882 -0.12355834 0.00476012
v 0.06681959 -0.12373109 0.00447385
v 0.06653974 -0.12389267 0.00416257
v 0.06628081 -0.12404216 0.00382800
v 0.06604425 -0.12417873 0.00347203
v 0.06583140 -0.12430162 0.00309664
v 0.06564344 -0.12441015 0.00270393
v 0.06548141 -0.12450369 0.00229610
v 0.06534624 -0.12458173 0.00187543
v 0.06523866 -0.12464384 0.00144427
v 0.06515930 -0.12468966 0.00100504
v 0.06510858 -0.12471895 0.00056018
v 0.06508679 -0.12473153 0.00011219
v 0.06509405 -0.12472733 -0.00033642
v 0.06513033 -0.12470639 -0.00078316
v 0.06519542 -0.12466881 -0.00122551
v 0.06528896 -0.12461480 -0.00166101
v 0.06541042 -0.12454468 -0.00208723
v 0.06555912 -0.12445882 -0.00250176
v 0.06573424 -0.12435772 -0.00290231
v 0.06593479 -0.12424193 -0.00328663
v 0.06615965 -0.12411211 -0.00365257
v 0.06640756 -0.12396898 -0.00399808
v 0.06667714 -0.12381333 -0.00432123
v 0.06696689 -0.12364605 -0.00462022
v 0.06727517 -0.12346806 -0.00489337
v 0.06760027 -0.12328037 -0.00513915
v 0.06794036 -0.12308402 -0.00535619
v 0.06829355 -0.12288010 -0.00554328
v 0.06865786 -0.12266977 -0.00569936
v 0.06903126 -0.12245419 -0.00582358
v 0.06941164 -0.12223457 -0.00591523
v 0.06979690 -0.12201214 -0.00597379
v 0.07018487 -0.12178815 -0.00599895
v 0.07057338 -0.12156384 -0.00599056
v 0.07096027 -0.12134047 -0.00594867
v 0.07134336 -0.12111929 -0.00587351
v 0.07172051 -0.12090154 -0.00576550
v 0.07208962 -0.12068844 -0.00562525
v 0.07244862 -0.12048117 -0.00545355
v 0.07279551 -0.12028089 -0.00525134
v 0.07312834 -0.12008874 -0.00501977
v 0.07344525 -0.11990577 -0.00476012
v 0.07374447 -0.11973301 -0.00447385
v 0.07402433 -0.11957144 -0.00416257
v 0.07428326 -0.11942194 -0.00382800
v 0.07451981 -0.11928537 -0.00347203
v 0.07473266 -0.11916248 -0.00309664
v 0.07492063 -0.11905396 -0.00270393
v 0.07508265 -0.11896041 -0.00229610
v 0.07521783 -0.11888237 -0.00187543
v 0.07532540 -0.11882026 -0.00144427
v 0.07540477 -0.11877444 -0.00100504
v 0.07545549 -0.11874515 -0.00056018
v 0.07547728 -0.11873258 -0.00011219
v 0.07547001 -0.11873677 0.00033642
v 0.07543373 -0.11875772 0.00078316
v 0.07536864 -0.11879530 0.00122551
v 0.07527511 -0.11884930 0.00166101
v 0.07515365 -0.11891942 0.00208723
v 0.07500494 -0.11900528 0.00250176
v 0.07482983 -0.11910638 0.00290231
v 0.07462928 -0.11922217 0.00328663
v 0.07440442 -0.11935199 0.00365257
v 0.07415650 -0.11949512 0.00399808
v 0.07388692 -0.11965077 0.00432123
v 0.07359718 -0.11981805 0.00462022
v 0.07328890 -0.11999604 0.00489337
v 0.07296380 -0.12018373 0.00513915
v 0.07262370 -0.12038009 0.00535619
v 0.00192255 -0.16350768 -0.08000000
v -0.00192255 -0.16350768 -0.08000000
v -0.00250000 -0.16433013 0.08000000
v 0.00192255 -0.16350768 0.08000000
v -0.00192255 -0.16350768 0.08000000
v -0.00200049 -0.16346496 0.08000000
v -0.00080019 -0.15500000 0.07123973
v -0.14106406 -0.08433013 0.08000000
v -0.14056456 -0.08346496 0.08000000
v -0.14064053 -0.08341881 0.08000000
v -0.14256308 -0.08008887 0.08000000
v -0.14656406 -0.01632145 -0.03635466
v -0.14656406 -0.01620576 -0.03631174
v -0.14656406 -0.01608720 -0.03627758
v -0.14656406 -0.01596641 -0.03625237
v -0.14656406 -0.01584407 -0.03623627
v -0.14656406 -0.01572087 -0.03622935
v -0.14656406 -0.01559750 -0.03623166
v -0.14656406 -0.01547465 -0.03624318
v -0.14656406 -0.01535300 -0.03626385
v -0.14656406 -0.01523324 -0.03629355
v -0.14656406 -0.01511603 -0.03633212
v -0.14656406 -0.01500204 -0.03637934
v -0.14656406 -0.01489188 -0.03643494
v -0.14656406 -0.01478620 -0.03649863
v -0.14656406 -0.01468556 -0.03657003
v -0.14656406 -0.01459055 -0.03664875
v -0.14656406 -0.01450168 -0.03673436
v -0.14656406 -0.01441946 -0.03682636
v -0.14656406 -0.01434435 -0.03692425
v -0.14656406 -0.01427676 -0.03702749
v -0.14656406 -0.01421707 -0.03713548
v -0.14656406 -0.01416562 -0.03724763
v -0.14656406 -0.01412270 -0.03736332
v -0.14656406 -0.01408854 -0.03748189
v -0.14656406 -0.01406333 -0.03760268
v -0.14656406 -0.01404723 -0.03772501
v -0.14656406 -0.01404031 -0.03784821
v -0.14656406 -0.01404262 -0.03797158
v -0.14656406 -0.01405414 -0.03809443
v -0.14656406 -0.01407481 -0.03821608
v -0.14656406 -0.01410451 -0.03833584
v -0.14656406 -0.01414308 -0.03845305
v -0.14656406 -0.01419030 -0.03856705
v -0.14656406 -0.01424590 -0.03867720
v -0.14656406 -0.01430958 -0.03878288
v -0.14656406 -0.01438099 -0.03888352
v -0.14656406 -0.01445971 -0.03897853
v -0.14656406 -0.01454531 -0.03906740
v -0.14656406 -0.01463732 -0.03914962
v -0.14656406 -0.01473521 -0.03922474
v -0.14656406 -0.01483845 -0.03929233
v -0.14656406 -0.01494644 -0.03935201
v -0.14656406 -0.01505859 -0.03940346
v -0.14656406 -0.01517428 -0.03944639
v -0.14656406 -0.01529285 -0.03948055
v -0.14656406 -0.01541364 -0.03950575
v -0.14656406 -0.01553597 -0.03952185
v -0.14656406 -0.01565917 -0.03952877
v -0.14656406 -0.01578254 -0.03952647
v -0.14656406 -0.01590539 -0.03951494
v -0.14656406 -0.01602704 -0.03949428
v -0.14656406 -0.01614680 -0.03946457
v -0.14656406 -0.01626401 -0.03942601
v -0.14656406 -0.01637801 -0.03937879
v -0.14656406 -0.01648816 -0.03932318
v -0.14656406 -0.01659384 -0.03925950
v -0.14656406 -0.01669448 -0.03918809
v -0.14656406 -0.01678949 -0.03910937
v -0.14656406 -0.01687836 -0.03902377
v -0.14656406 -0.01696058 -0.03893176
v -0.14656406 -0.01703570 -0.03883387
v -0.14656406 -0.01710329 -0.03873064
v -0.14656406 -0.01716297 -0.03862264
v -0.14656406 -0.01721442 -0.03851049
v -0.14656406 -0.01725735 -0.03839480
v -0.14656406 -0.01729151 -0.03827624
v -0.14656406 -0.01731671 -0.03815545
v -0.14656406 -0.01733281 -0.03803311
v -0.14656406 -0.01733973 -0.03790991
v -0.14656406 -0.01733742 -0.03778654
v -0.14656406 -0.01732590 -0.03766369
v -0.14656406 -0.01730524 -0.03754205
v -0.14656406 -0.01727553 -0.03742228
v -0.14656406 -0.01723697 -0.03730507
v -0.14656406 -0.01718975 -0.03719108
v -0.14656406 -0.01713414 -0.03708092
v -0.14656406 -0.01707046 -0.03697524
v -0.14656406 -0.01699905 -0.03687460
v -0.14656406 -0.01692033 -0.03677959
v -0.14656406 -0.01683473 -0.03669072
v -0.14656406 -0.01674272 -0.03660850
v -0.14656406 -0.01664483 -0.03653339
v -0.14656406 -0.01654160 -0.03646580
v -0.14656406 -0.01643360 -0.03640611
v -0.14656406 -0.03851049 0.01721442
v -0.14656406 -0.03839480 0.01725735
v -0.14656406 -0.03827624 0.01729151
v -0.14656406 -0.03815545 0.01731671
v -0.14656406 -0.03803311 0.01733281
v -0.14656406 -0.03790991 0.01733973
v -0.14656406 -0.03778654 0.01733742
v -0.14656406 -0.03766369 0.01732590
v -0.14656406 -0.03754205 0.01730524
v -0.14656406 -0.03742228 0.01727553
v -0.14656406 -0.03730507 0.01723697
v -0.14656406 -0.03719108 0.01718975
v -0.14656406 -0.03708092 0.01713414
v -0.14656406 -0.03697524 0.01707046
v -0.14656406 -0.03687460 0.01699905
v -0.14656406 -0.03677959 0.01692033
v -0.14656406 -0.03669072 0.01683473
v -0.14656406 -0.03660850 0.01674272
v -0.14656406 -0.03653339 0.01664483
v -0.14656406 -0.03646580 0.01654160
v -0.14656406 -0.03640611 0.01643360
v -0.14656406 -0.03635466 0.01632145
v -0.14656406 -0.03631174 0.01620576
v -0.14656406 -0.03627758 0.01608720
v -0.14656406 -0.03625237 0.01596641
v -0.14656406 -0.03623627 0.01584407
v -0.14656406 -0.03622935 0.01572087
v -0.14656406 -0.03623166 0.01559750
v -0.14656406 -0.03624318 0.01547465
v -0.14656406 -0.03626385 0.01535300
v -0.14656406 -0.03629355 0.01523324
v -0.14656406 -0.03633212 0.01511603
v -0.14656406 -0.03637934 0.01500204
v -0.14656406 -0.03643494 0.01489188
v -0.14656406 -0.03649863 0.01478620
v -0.14656406 -0.03657003 0.01468556
v -0.14656406 -0.03664875 0.01459055
v -0.14656406 -0.03673436 0.01450168
v -0.14656406 -0.03682636 0.01441946
v -0.14656406 -0.03692425 0.01434435
v -0.14656406 -0.03702749 0.01427676
v -0.14656406 -0.03713548 0.01421707
v -0.14656406 -0.03724763 0.01416562
v -0.14656406 -0.03736332 0.01412270
v -0.14656406 -0.03748189 0.01408854
v -0.14656406 -0.03760268 0.01406333
v -0.14656406 -0.03772501 0.01404723
v -0.14656406 -0.03784821 0.01404031
v -0.14656406 -0.03797158 0.01404262
v -0.14656406 -0.03809443 0.01405414
v -0.14656406 -0.03821608 0.01407481
v -0.14656406 -0.03833584 0.01410451
v -0.14656406 -0.03845305 0.01414308
v -0.14656406 -0.03856705 0.01419030
v -0.14656406 -0.03867720 0.01424590
v -0.14656406 -0.03878288 0.01430958
v -0.14656406 -0.03888352 0.01438099
v -0.14656406 -0.03897853 0.01445971
v -0.14656406 -0.03906740 0.01454531
v -0.14656406 -0.03914962 0.01463732
v -0.14656406 -0.03922474 0.01473521
v -0.14656406 -0.03929233 0.01483845
v -0.14656406 -0.03935201 0.01494644
v -0.14656406 -0.03940346 0.01505859
v -0.14656406 -0.03944639 0.01517428
v -0.14656406 -0.03948055 0.01529285
v -0.14656406 -0.03950575 0.01541364
v -0.14656406 -0.03952185 0.01553597
v -0.14656406 -0.03952877 0.01565917
v -0.14656406 -0.03952647 0.01578254
v -0.14656406 -0.03951494 0.01590539
v -0.14656406 -0.03949428 0.01602704
v -0.14656406 -0.03946457 0.01614680
v -0.14656406 -0.03942601 0.01626401
v -0.14656406 -0.03937879 0.01637801
v -0.14656406 -0.03932318 0.01648816
v -0.14656406 -0.03925950 0.01659384
v -0.14656406 -0.03918809 0.01669448
v -0.14656406 -0.03910937 0.01678949
v -0.14656406 -0.03902377 0.01687836
v -0.14656406 -0.03893176 0.01696058
v -0.14656406 -0.03883387 0.01703570
v -0.14656406 -0.03873064 0.01710329
v -0.14656406 -0.03862264 0.01716297
v -0.14656406 0.03724763 -0.01416562
v -0.14656406 0.03736332 -0.01412270
v -0.14656406 0.03748189 -0.01408854
v -0.14656406 0.03760268 -0.01406333
v -0.14656406 0.03772501 -0.01404723
v -0.14656406 0.03784821 -0.01404031
v -0.14656406 0.03797158 -0.01404262
v -0.14656406 0.03809443 -0.01405414
v -0.14656406 0.03821608 -0.01407481
v -0.14656406 0.03833584 -0.01410451
v -0.14656406 0.03845305 -0.01414308
v -0.14656406 0.03856705 -0.01419030
v -0.14656406 0.03867720 -0.01424590
v -0.14656406 0.03878288 -0.01430958
v -0.14656406 0.03888352 -0.01438099
v -0.14656406 0.03897853 -0.01445971
v -0.14656406 0.03906740 -0.01454531
v -0.14656406 0.03914962 -0.01463732
v -0.14656406 0.03922474 -0.01473521
v -0.14656406 0.03929233 -0.01483845
v -0.14656406 0.03935201 -0.01494644
v -0.14656406 0.03940346 -0.01505859
v -0.14656406 0.03944639 -0.01517428
v -0.14656406 0.03948055 -0.01529285
v -0.14656406 0.03950575 -0.01541364
v -0.14656406 0.03952185 -0.01553597
v -0.14656406 0.03952877 -0.01565917
v -0.14656406 0.03952647 -0.01578254
v -0.14656406 0.03951494 -0.01590539
v -0.14656406 0.03949428 -0.01602704
v -0.14656406 0.03946457 -0.01614680
v -0.14656406 0.03942601 -0.01626401
v -0.14656406 0.03937879 -0.01637801
v -0.14656406 0.03932318 -0.01648816
v -0.14656406 0.03925950 -0.01659384
v -0.14656406 0.03918809 -0.01669448
v -0.14656406 0.03910937 -0.01678949
v -0.14656406 0.03902377 -0.01687836
v -0.14656406 0.03893176 -0.01696058
v -0.14656406 0.03883387 -0.01703570
v -0.14656406 0.03873064 -0.01710329
v -0.14656406 0.03862264 -0.01716297
v -0.14656406 0.03851049 -0.01721442
v -0.14656406 0.03839480 -0.01725735
v -0.14656406 0.03827624 -0.01729151
v -0.14656406 0.03815545 -0.01731671
v -0.14656406 0.03803311 -0.01733281
v -0.14656406 0.03790991 -0.01733973
v -0.14656406 0.03778654 -0.01733742
v -0.14656406 0.03766369 -0.01732590
v -0.14656406 0.03754205 -0.01730524
v -0.14656406 0.03742228 -0.01727553
v -0.14656406 0.03730507 -0.01723697
v -0.14656406 0.03719108 -0.01718975
v -0.14656406 0.03708092 -0.01713414
v -0.14656406 0.03697524 -0.01707046
v -0.14656406 0.03687460 -0.01699905
v -0.14656406 0.03677959 -0.01692033
v -0.14656406 0.03669072 -0.01683473
v -0.14656406 0.03660850 -0.01674272
v -0.14656406 0.03653339 -0.01664483
v -0.14656406 0.03646580 -0.01654160
v -0.14656406 0.03640611 -0.01643360
v -0.14656406 0.03635466 -0.01632145
v -0.14656406 0.03631174 -0.01620576
v -0.14656406 0.03627758 -0.01608720
v -0.14656406 0.03625237 -0.01596641
v -0.14656406 0.03623627 -0.01584407
v -0.14656406 0.03622935 -0.01572087
v -0.14656406 0.03623166 -0.01559750
v -0.14656406 0.03624318 -0.01547465
v -0.14656406 0.03626385 -0.01535300
v -0.14656406 0.03629355 -0.01523324
v -0.14656406 0.03633212 -0.01511603
v -0.14656406 0.03637934 -0.01500204
v -0.14656406 0.03643494 -0.01489188
v -0.14656406 0.03649863 -0.01478620
v -0.14656406 0.03657003 -0.01468556
v -0.14656406 0.03664875 -0.01459055
v -0.14656406 0.03673436 -0.01450168
v -0.14656406 0.03682636 -0.01441946
v -0.14656406 0.03692425 -0.01434435
v -0.14656406 0.03702749 -0.01427676
v -0.14656406 0.03713548 -0.01421707
v -0.14656406 -0.00229610 0.00554328
v -0.14656406 -0.00187543 0.00569936
v -0.14656406 -0.00144427 0.00582358
v -0.14656406 -0.00100504 0.00591523
v -0.14656406 -0.00056018 0.00597379
v -0.14656406 -0.00011219 0.00599895
v -0.14656406 0.00033642 0.00599056
v -0.14656406 0.00078316 0.00594867
v -0.14656406 0.00122551 0.00587351
v -0.14656406 0.00166101 0.00576550
v -0.14656406 0.00208723 0.00562525
v -0.14656406 0.00250176 0.00545355
v -0.14656406 0.00290231 0.00525134
v -0.14656406 0.00328663 0.00501977
v -0.14656406 0.00365257 0.00476012
v -0.14656406 0.00399808 0.00447385
v -0.14656406 0.00432123 0.00416257
v -0.14656406 0.00462022 0.00382800
v -0.14656406 0.00489337 0.00347203
v -0.14656406 0.00513915 0.00309664
v -0.14656406 0.00535619 0.00270393
v -0.14656406 0.00554328 0.00229610
v -0.14656406 0.00569936 0.00187543
v -0.14656406 0.00582358 0.00144427
v -0.14656406 0.00591523 0.00100504
v -0.14656406 0.00597379 0.00056018
v -0.14656406 0.00599895 0.00011219
v -0.14656406 0.00599056 -0.00033642
v -0.14656406 0.00594867 -0.00078316
v -0.14656406 0.00587351 -0.00122551
v -0.14656406 0.00576550 -0.00166101
v -0.14656406 0.00562525 -0.00208723
v -0.14656406 0.00545355 -0.00250176
v -0.14656406 0.00525134 -0.00290231
v -0.14656406 0.00501977 -0.00328663
v -0.14656406 0.00476012 -0.00365257
v -0.14656406 0.00447385 -0.00399808
v -0.14656406 0.00416257 -0.00432123
v -0.14656406 0.00382800 -0.00462022
v -0.14656406 0.00347203 -0.00489337
v -0.14656406 0.00309664 -0.00513915
v -0.14656406 0.00270393 -0.00535619
v -0.14656406 0.00229610 -0.00554328
v -0.14656406 0.00187543 -0.00569936
v -0.14656406 0.00144427 -0.00582358
v -0.14656406 0.00100504 -0.00591523
v -0.14656406 0.00056018 -0.00597379
v -0.14656406 0.00011219 -0.00599895
v -0.14656406 -0.00033642 -0.00599056
v -0.14656406 -0.00078316 -0.00594867
v -0.14656406 -0.00122551 -0.00587351
v -0.14656406 -0.00166101 -0.00576550
v -0.14656406 -0.00208723 -0.00562525
v -0.14656406 -0.00250176 -0.00545355
v -0.14656406 -0.00290231 -0.00525134
v -0.14656406 -0.00328663 -0.00501977
v -0.14656406 -0.00365257 -0.00476012
v -0.14656406 -0.00399808 -0.00447385
v -0.14656406 -0.00432123 -0.00416257
v -0.14656406 -0.00462022 -0.00382800
v -0.14656406 -0.00489337 -0.00347203
v -0.14656406 -0.00513915 -0.00309664
v -0.14656406 -0.00535619 -0.00270393
v -0.14656406 -0.00554328 -0.00229610
v -0.14656406 -0.00569936 -0.00187543
v -0.14656406 -0.00582358 -0.00144427
v -0.14656406 -0.00591523 -0.00100504
v -0.14656406 -0.00597379 -0.00056018
v -0.14656406 -0.00599895 -0.00011219
v -0.14656406 -0.00599056 0.00033642
v -0.14656406 -0.00594867 0.00078316
v -0.14656406 -0.00587351 0.00122551
v -0.14656406 -0.00576550 0.00166101
v -0.14656406 -0.00562525 0.00208723
v -0.14656406 -0.00545355 0.00250176
v -0.14656406 -0.00525134 0.00290231
v -0.14656406 -0.00501977 0.00328663
v -0.14656406 -0.00476012 0.00365257
v -0.14656406 -0.00447385 0.00399808
v -0.14656406 -0.00416257 0.00432123
v -0.14656406 -0.00382800 0.00462022
v -0.14656406 -0.00347203 0.00489337
v -0.14656406 -0.00309664 0.00513915
v -0.14656406 -0.00270393 0.00535619
v -0.14656406 0.01505859 0.03940346
v -0.14656406 0.01517428 0.03944639
v -0.14656406 0.01529285 0.03948055
v -0.14656406 0.01541364 0.03950575
v -0.14656406 0.01553597 0.03952185
v -0.14656406 0.01565917 0.03952877
v -0.14656406 0.01578254 0.03952647
v -0.14656406 0.01590539 0.03951494
v -0.14656406 0.01602704 0.03949428
v -0.14656406 0.01614680 0.03946457
v -0.14656406 0.01626401 0.03942601
v -0.14656406 0.01637801 0.03937879
v -0.14656406 0.01648816 0.03932318
v -0.14656406 0.01659384 0.03925950
v -0.14656406 0.01669448 0.03918809
v -0.14656406 0.01678949 0.03910937
v -0.14656406 0.01687836 0.03902377
v -0.14656406 0.01696058 0.03893176
v -0.14656406 0.01703570 0.03883387
v -0.14656406 0.01710329 0.03873064
v -0.14656406 0.01716297 0.03862264
v -0.14656406 0.01721442 0.03851049
v -0.14656406 0.01725735 0.03839480
v -0.14656406 0.01729151 0.03827624
v -0.14656406 0.01731671 0.03815545
v -0.14656406 0.01733281 0.03803311
v -0.14656406 0.01733973 0.03790991
v -0.14656406 0.01733742 0.03778654
v -0.14656406 0.01732590 0.03766369
v -0.14656406 0.01730524 0.03754205
v -0.14656406 0.01727553 0.03742228
v -0.14656406 0.01723697 0.03730507
v -0.14656406 0.01718975 0.03719108
v -0.14656406 0.01713414 0.03708092
v -0.14656406 0.01707046 0.03697524
v -0.14656406 0.01699905 0.03687460
v -0.14656406 0.01692033 0.03677959
v -0.14656406 0.01683473 0.03669072
v -0.14656406 0.01674272 0.03660850
v -0.14656406 0.01664483 0.03653339
v -0.14656406 0.01654160 0.03646580
v -0.14656406 0.01643360 0.03640611
v -0.14656406 0.01632145 0.03635466
v -0.14656406 0.01620576 0.03631174
v -0.14656406 0.01608720 0.03627758
v -0.14656406 0.01596641 0.03625237
v -0.14656406 0.01584407 0.03623627
v -0.14656406 0.01572087 0.03622935
v -0.14656406 0.01559750 0.03623166
v -0.14656406 0.01547465 0.03624318
v -0.14656406 0.01535300 0.03626385
v -0.14656406 0.01523324 0.03629355
v -0.14656406 0.01511603 0.03633212
v -0.14656406 0.01500204 0.03637934
v -0.14656406 0.01489188 0.03643494
v -0.14656406 0.01478620 0.03649863
v -0.14656406 0.01468556 0.03657003
v -0.14656406 0.01459055 0.03664875
v -0.14656406 0.01450168 0.03673436
v -0.14656406 0.01441946 0.03682636
v -0.14656406 0.01434435 0.03692425
v -0.14656406 0.01427676 0.03702749
v -0.14656406 0.01421707 0.03713548
v -0.14656406 0.01416562 0.03724763
v -0.14656406 0.01412270 0.03736332
v -0.14656406 0.01408854 0.03748189
v -0.14656406 0.01406333 0.03760268
v -0.14656406 0.01404723 0.03772501
v -0.14656406 0.01404031 0.03784821
v -0.14656406 0.01404262 0.03797158
v -0.14656406 0.01405414 0.03809443
v -0.14656406 0.01407481 0.03821608
v -0.14656406 0.01410451 0.03833584
v -0.14656406 0.01414308 0.03845305
v -0.14656406 0.01419030 0.03856705
v -0.14656406 0.01424590 0.03867720
v -0.14656406 0.01430958 0.03878288
v -0.14656406 0.01438099 0.03888352
v -0.14656406 0.01445971 0.03897853
v -0.14656406 0.01454531 0.03906740
v -0.14656406 0.01463732 0.03914962
v -0.14656406 0.01473521 0.03922474
v -0.14656406 0.01483845 0.03929233
v -0.14656406 0.01494644 0.03935201
v -0.14056456 -0.08346496 0.08008891
v -0.10295472 -0.10630785 0.04157477
v -0.10625368 -0.10430418 0.03789035
v -0.10464242 -0.10528281 0.03977938
v -0.10143470 -0.10374605 0.04160547
v -0.10181470 -0.10438648 0.04159780
v -0.10219470 -0.10502693 0.04159012
v -0.09816237 -0.10563533 0.03782878
v -0.03506860 -0.13621762 0.03217122
v -0.04002860 -0.13349907 0.03782878
v -0.04240169 -0.13782877 0.03782878
v -0.03912936 -0.13971805 0.04160547
v -0.04058794 -0.14231533 0.04157477
v -0.04022328 -0.14166600 0.04158245
v -0.03985864 -0.14101667 0.04159012
v -0.03563240 -0.14503144 0.03591213
v -0.03720323 -0.14417048 0.03789035
v -0.03885638 -0.14326440 0.03977938
v -0.00200049 -0.16346496 0.08008891
v -0.05205429 -0.13225585 0.05081337
v -0.05534437 -0.13035631 0.05222536
v -0.05871558 -0.12840995 0.05335375
v -0.06214959 -0.12642732 0.05419241
v -0.06562776 -0.12441919 0.05473680
v -0.06913121 -0.12239648 0.05498394
v -0.07264091 -0.12037015 0.05493251
v -0.07613780 -0.11835122 0.05458278
v -0.07960288 -0.11635065 0.05393665
v -0.08301736 -0.11437931 0.05299763
v -0.08636268 -0.11244789 0.05177081
v -0.08962067 -0.11056688 0.05026287
v -0.09277365 -0.10874651 0.04848198
v -0.09580450 -0.10699665 0.04643783
v -0.09869675 -0.10532681 0.04414150
v -0.05505429 -0.13745200 0.05081337
v -0.05839380 -0.13552393 0.05224418
v -0.06181658 -0.13354779 0.05338281
v -0.06530348 -0.13153462 0.05422291
v -0.06883499 -0.12949570 0.05475976
v -0.07239138 -0.12744242 0.05499038
v -0.07595275 -0.12538627 0.05491347
v -0.07949918 -0.12333873 0.05452947
v -0.08301084 -0.12131127 0.05384051
v -0.08646809 -0.11931523 0.05285045
v -0.08985161 -0.11736175 0.05156484
v -0.09314246 -0.11546178 0.04999085
v -0.09632224 -0.11362593 0.04813729
v -0.09937317 -0.11186448 0.04601453
v -0.10227819 -0.11018726 0.04363443
v -0.10502105 -0.10860367 0.04101032
v -0.10758641 -0.10712256 0.03815686
v -0.10995993 -0.10575221 0.03509001
v -0.11212834 -0.10450028 0.03182692
v -0.11407949 -0.10337378 0.02838585
v -0.11580250 -0.10237900 0.02478602
v -0.11728771 -0.10152152 0.02104759
v -0.11852682 -0.10080611 0.01719145
v -0.11951290 -0.10023680 0.01323916
v -0.12024045 -0.09981675 0.00921284
v -0.12070538 -0.09954832 0.00513500
v -0.12090510 -0.09943301 0.00102844
v -0.12083850 -0.09947147 -0.00308387
v -0.12050594 -0.09966347 -0.00717894
v -0.11990928 -0.10000795 -0.01123386
v -0.11905187 -0.10050298 -0.01522595
v -0.11793849 -0.10114579 -0.01913290
v -0.11657538 -0.10193278 -0.02293284
v -0.11497015 -0.10285956 -0.02660454
v -0.11313178 -0.10392094 -0.03012745
v -0.11107056 -0.10511099 -0.03348188
v -0.10879801 -0.10642304 -0.03664906
v -0.10632684 -0.10784977 -0.03961129
v -0.10367087 -0.10938320 -0.04235199
v -0.10084495 -0.11101474 -0.04485585
v -0.09786490 -0.11273528 -0.04710885
v -0.09474736 -0.11453519 -0.04909840
v -0.09150978 -0.11640441 -0.05081337
v -0.08817026 -0.11833248 -0.05224418
v -0.08474748 -0.12030862 -0.05338281
v -0.08126059 -0.12232178 -0.05422291
v -0.07772907 -0.12436070 -0.05475976
v -0.07417269 -0.12641398 -0.05499038
v -0.07061132 -0.12847014 -0.05491347
v -0.06706489 -0.13051767 -0.05452947
v -0.06355323 -0.13254513 -0.05384051
v -0.06009597 -0.13454118 -0.05285045
v -0.05671246 -0.13649465 -0.05156484
v -0.05342161 -0.13839462 -0.04999085
v -0.05024183 -0.14023047 -0.04813729
v -0.04719089 -0.14199193 -0.04601453
v -0.04428587 -0.14366914 -0.04363443
v -0.04154301 -0.14525273 -0.04101032
v -0.03897765 -0.14673385 -0.03815686
v -0.03660413 -0.14810420 -0.03509001
v -0.03443573 -0.14935613 -0.03182692
v -0.03248457 -0.15048263 -0.02838585
v -0.03076157 -0.15147740 -0.02478602
v -0.02927636 -0.15233489 -0.02104759
v -0.02803725 -0.15305029 -0.01719145
v -0.02705116 -0.15361961 -0.01323916
v -0.02632362 -0.15403966 -0.00921284
v -0.02585869 -0.15430809 -0.00513500
v -0.02565896 -0.15442340 -0.00102844
v -0.02572557 -0.15438494 0.00308387
v -0.02605813 -0.15419294 0.00717894
v -0.02665478 -0.15384846 0.01123386
v -0.02751220 -0.15335343 0.01522595
v -0.02862558 -0.15271062 0.01913290
v -0.02998869 -0.15192363 0.02293284
v -0.03159392 -0.15099685 0.02660454
v -0.03343228 -0.14993547 0.03012745
v -0.03549350 -0.14874542 0.03348188
v -0.03776605 -0.14743336 0.03664906
v -0.04023722 -0.14600663 0.03961129
v -0.04289319 -0.14447321 0.04235199
v -0.04571911 -0.14284166 0.04485585
v -0.04869917 -0.14112113 0.04710885
v -0.05181671 -0.13932122 0.04909840
v -0.04149916 -0.13834985 0.04382232
v -0.04398697 -0.13691351 0.04585949
v -0.04658259 -0.13541493 0.04770865
v -0.04927538 -0.13386025 0.04936220
v -0.03528213 -0.14441009 0.03592064
v -0.03493186 -0.14378872 0.03592915
v -0.03423130 -0.14254595 0.03594616
v -0.03423130 -0.14254595 -0.03594616
v -0.03200070 -0.14383379 -0.03272694
v -0.02998520 -0.14499744 -0.02932383
v -0.02819613 -0.14603036 -0.02575594
v -0.02664354 -0.14692675 -0.02204334
v -0.02533615 -0.14768157 -0.01820687
v -0.02428131 -0.14829058 -0.01426810
v -0.02348496 -0.14875035 -0.01024915
v -0.02295156 -0.14905831 -0.00617262
v -0.02268410 -0.14921273 -0.00206140
v -0.02268410 -0.14921273 0.00206140
v -0.02295156 -0.14905831 0.00617262
v -0.02348496 -0.14875035 0.01024915
v -0.02428131 -0.14829058 0.01426810
v -0.02533615 -0.14768157 0.01820687
v -0.02664354 -0.14692675 0.02204334
v -0.02819613 -0.14603036 0.02575594
v -0.02998520 -0.14499744 0.02932383
v -0.03200070 -0.14383379 0.03272694
v -0.03528213 -0.14441009 -0.03592064
v -0.03493186 -0.14378872 -0.03592915
v -0.09878904 -0.10527352 -0.04406209
v -0.09599855 -0.10688461 -0.04629486
v -0.09307742 -0.10857113 -0.04829245
v -0.09004048 -0.11032450 -0.05004469
v -0.08690317 -0.11213583 -0.05154270
v -0.08368142 -0.11399591 -0.05277887
v -0.08039159 -0.11589529 -0.05374690
v -0.07705041 -0.11782433 -0.05444188
v -0.07367484 -0.11977321 -0.05486029
v -0.07028203 -0.12173205 -0.05500000
v -0.06688923 -0.12369089 -0.05486029
v -0.06351366 -0.12563977 -0.05444188
v -0.06017247 -0.12756881 -0.05374690
v -0.05688265 -0.12946819 -0.05277887
v -0.05366089 -0.13132827 -0.05154270
v -0.05052358 -0.13313960 -0.05004469
v -0.04748664 -0.13489297 -0.04829245
v -0.04456551 -0.13657949 -0.04629486
v -0.04177503 -0.13819058 -0.04406209
v -0.10856337 -0.09963031 0.03272694
v -0.11057887 -0.09846666 0.02932383
v -0.11236794 -0.09743374 0.02575594
v -0.11392053 -0.09653735 0.02204334
v -0.11522792 -0.09578253 0.01820687
v -0.11628275 -0.09517352 0.01426810
v -0.11707911 -0.09471375 0.01024915
v -0.11761251 -0.09440579 0.00617262
v -0.11787996 -0.09425137 0.00206140
v -0.11787996 -0.09425137 -0.00206140
v -0.11761251 -0.09440579 -0.00617262
v -0.11707911 -0.09471375 -0.01024915
v -0.11628275 -0.09517352 -0.01426810
v -0.11522792 -0.09578253 -0.01820687
v -0.11392053 -0.09653735 -0.02204334
v -0.11236794 -0.09743374 -0.02575594
v -0.11057887 -0.09846666 -0.02932383
v -0.10856337 -0.09963031 -0.03272694
v -0.08332316 -0.11420275 0.03940346
v -0.08342334 -0.11414491 0.03944639
v -0.08352603 -0.11408563 0.03948055
v -0.08363063 -0.11402523 0.03950575
v -0.08373658 -0.11396407 0.03952185
v -0.08384327 -0.11390247 0.03952877
v -0.08395011 -0.11384078 0.03952647
v -0.08405650 -0.11377936 0.03951494
v -0.08416185 -0.11371853 0.03949428
v -0.08426557 -0.11365865 0.03946457
v -0.08436708 -0.11360005 0.03942601
v -0.08446580 -0.11354305 0.03937879
v -0.08456120 -0.11348797 0.03932318
v -0.08465272 -0.11343513 0.03925950
v -0.08473987 -0.11338481 0.03918809
v -0.08482216 -0.11333730 0.03910937
v -0.08489912 -0.11329287 0.03902377
v -0.08497033 -0.11325176 0.03893176
v -0.08503538 -0.11321420 0.03883387
v -0.08509391 -0.11318041 0.03873064
v -0.08514560 -0.11315056 0.03862264
v -0.08519016 -0.11312484 0.03851049
v -0.08522733 -0.11310338 0.03839480
v -0.08525691 -0.11308630 0.03827624
v -0.08527874 -0.11307370 0.03815545
v -0.08529269 -0.11306564 0.03803311
v -0.08529868 -0.11306218 0.03790991
v -0.08529668 -0.11306334 0.03778654
v -0.08528671 -0.11306910 0.03766369
v -0.08526881 -0.11307943 0.03754205
v -0.08524308 -0.11309428 0.03742228
v -0.08520968 -0.11311357 0.03730507
v -0.08516879 -0.11313718 0.03719108
v -0.08512063 -0.11316498 0.03708092
v -0.08506548 -0.11319682 0.03697524
v -0.08500364 -0.11323252 0.03687460
v -0.08493547 -0.11327189 0.03677959
v -0.08486133 -0.11331469 0.03669072
v -0.08478165 -0.11336069 0.03660850
v -0.08469688 -0.11340964 0.03653339
v -0.08460747 -0.11346125 0.03646580
v -0.08451395 -0.11351525 0.03640611
v -0.08441682 -0.11357133 0.03635466
v -0.08431664 -0.11362917 0.03631174
v -0.08421395 -0.11368845 0.03627758
v -0.08410935 -0.11374885 0.03625237
v -0.08400340 -0.11381002 0.03623627
v -0.08389671 -0.11387161 0.03622935
v -0.08378987 -0.11393330 0.03623166
v -0.08368347 -0.11399472 0.03624318
v -0.08357812 -0.11405555 0.03626385
v -0.08347441 -0.11411543 0.03629355
v -0.08337290 -0.11417403 0.03633212
v -0.08327418 -0.11423103 0.03637934
v -0.08317878 -0.11428611 0.03643494
v -0.08308725 -0.11433895 0.03649863
v -0.08300010 -0.11438927 0.03657003
v -0.08291782 -0.11443678 0.03664875
v -0.08284086 -0.11448121 0.03673436
v -0.08276965 -0.11452232 0.03682636
v -0.08270460 -0.11455988 0.03692425
v -0.08264606 -0.11459367 0.03702749
v -0.08259437 -0.11462352 0.03713548
v -0.08254982 -0.11464924 0.03724763
v -0.08251265 -0.11467070 0.03736332
v -0.08248306 -0.11468778 0.03748189
v -0.08246124 -0.11470038 0.03760268
v -0.08244729 -0.11470844 0.03772501
v -0.08244130 -0.11471190 0.03784821
v -0.08244329 -0.11471074 0.03797158
v -0.08245327 -0.11470498 0.03809443
v -0.08247117 -0.11469465 0.03821608
v -0.08249689 -0.11467980 0.03833584
v -0.08253030 -0.11466051 0.03845305
v -0.08257119 -0.11463690 0.03856705
v -0.08261935 -0.11460910 0.03867720
v -0.08267450 -0.11457726 0.03878288
v -0.08273633 -0.11454156 0.03888352
v -0.08280451 -0.11450220 0.03897853
v -0.08287864 -0.11445939 0.03906740
v -0.08295832 -0.11441339 0.03914962
v -0.08304310 -0.11436444 0.03922474
v -0.08313250 -0.11431283 0.03929233
v -0.08322603 -0.11425883 0.03935201
v -0.03750211 -0.14065755 -0.03217122
v -0.03750211 -0.14065755 0.03217122
v -0.05614724 -0.12989278 -0.03635466
v -0.05624743 -0.12983493 -0.03631174
v -0.05635011 -0.12977565 -0.03627758
v -0.05645472 -0.12971525 -0.03625237
v -0.05656066 -0.12965409 -0.03623627
v -0.05666736 -0.12959249 -0.03622935
v -0.05677420 -0.12953080 -0.03623166
v -0.05688059 -0.12946938 -0.03624318
v -0.05698594 -0.12940855 -0.03626385
v -0.05708966 -0.12934867 -0.03629355
v -0.05719116 -0.12929007 -0.03633212
v -0.05728989 -0.12923307 -0.03637934
v -0.05738528 -0.12917799 -0.03643494
v -0.05747681 -0.12912515 -0.03649863
v -0.05756396 -0.12907483 -0.03657003
v -0.05764625 -0.12902733 -0.03664875
v -0.05772321 -0.12898289 -0.03673436
v -0.05779441 -0.12894178 -0.03682636
v -0.05785946 -0.12890422 -0.03692425
v -0.05791800 -0.12887043 -0.03702749
v -0.05796969 -0.12884059 -0.03713548
v -0.05801425 -0.12881486 -0.03724763
v -0.05805142 -0.12879340 -0.03736332
v -0.05808100 -0.12877632 -0.03748189
v -0.05810283 -0.12876372 -0.03760268
v -0.05811678 -0.12875566 -0.03772501
v -0.05812277 -0.12875221 -0.03784821
v -0.05812077 -0.12875336 -0.03797158
v -0.05811079 -0.12875912 -0.03809443
v -0.05809289 -0.12876945 -0.03821608
v -0.05806717 -0.12878430 -0.03833584
v -0.05803377 -0.12880359 -0.03845305
v -0.05799288 -0.12882720 -0.03856705
v -0.05794472 -0.12885500 -0.03867720
v -0.05788957 -0.12888684 -0.03878288
v -0.05782773 -0.12892254 -0.03888352
v -0.05775956 -0.12896191 -0.03897853
v -0.05768542 -0.12900471 -0.03906740
v -0.05760574 -0.12905071 -0.03914962
v -0.05752096 -0.12909966 -0.03922474
v -0.05743156 -0.12915127 -0.03929233
v -0.05733804 -0.12920527 -0.03935201
v -0.05724091 -0.12926135 -0.03940346
v -0.05714072 -0.12931919 -0.03944639
v -0.05703804 -0.12937847 -0.03948055
v -0.05693343 -0.12943887 -0.03950575
v -0.05682749 -0.12950004 -0.03952185
v -0.05672080 -0.12956163 -0.03952877
v -0.05661395 -0.12962332 -0.03952647
v -0.05650756 -0.12968475 -0.03951494
v -0.05640221 -0.12974557 -0.03949428
v -0.05629849 -0.12980545 -0.03946457
v -0.05619699 -0.12986405 -0.03942601
v -0.05609826 -0.12992105 -0.03937879
v -0.05600287 -0.12997613 -0.03932318
v -0.05591134 -0.13002897 -0.03925950
v -0.05582419 -0.13007929 -0.03918809
v -0.05574191 -0.13012680 -0.03910937
v -0.05566494 -0.13017123 -0.03902377
v -0.05559374 -0.13021234 -0.03893176
v -0.05552869 -0.13024990 -0.03883387
v -0.05547015 -0.13028369 -0.03873064
v -0.05541846 -0.13031354 -0.03862264
v -0.05537391 -0.13033926 -0.03851049
v -0.05533673 -0.13036072 -0.03839480
v -0.05530715 -0.13037780 -0.03827624
v -0.05528532 -0.13039040 -0.03815545
v -0.05527138 -0.13039846 -0.03803311
v -0.05526538 -0.13040192 -0.03790991
v -0.05526738 -0.13040076 -0.03778654
v -0.05527736 -0.13039500 -0.03766369
v -0.05529526 -0.13038467 -0.03754205
v -0.05532098 -0.13036982 -0.03742228
v -0.05535438 -0.13035053 -0.03730507
v -0.05539528 -0.13032692 -0.03719108
v -0.05544343 -0.13029912 -0.03708092
v -0.05549858 -0.13026728 -0.03697524
v -0.05556042 -0.13023158 -0.03687460
v -0.05562860 -0.13019222 -0.03677959
v -0.05570273 -0.13014941 -0.03669072
v -0.05578241 -0.13010341 -0.03660850
v -0.05586719 -0.13005446 -0.03653339
v -0.05595659 -0.13000285 -0.03646580
v -0.05605012 -0.12994885 -0.03640611
v -0.03693097 -0.14098730 0.01721442
v -0.03703116 -0.14092945 0.01725735
v -0.03713384 -0.14087017 0.01729151
v -0.03723845 -0.14080977 0.01731671
v -0.03734439 -0.14074861 0.01733281
v -0.03745108 -0.14068701 0.01733973
v -0.03755792 -0.14062532 0.01733742
v -0.03766432 -0.14056390 0.01732590
v -0.03776967 -0.14050307 0.01730524
v -0.03787339 -0.14044319 0.01727553
v -0.03797489 -0.14038459 0.01723697
v -0.03807362 -0.14032759 0.01718975
v -0.03816901 -0.14027251 0.01713414
v -0.03826054 -0.14021967 0.01707046
v -0.03834769 -0.14016935 0.01699905
v -0.03842997 -0.14012185 0.01692033
v -0.03850693 -0.14007741 0.01683473
v -0.03857814 -0.14003630 0.01674272
v -0.03864319 -0.13999874 0.01664483
v -0.03870173 -0.13996495 0.01654160
v -0.03875342 -0.13993511 0.01643360
v -0.03879797 -0.13990938 0.01632145
v -0.03883515 -0.13988792 0.01620576
v -0.03886473 -0.13987084 0.01608720
v -0.03888656 -0.13985824 0.01596641
v -0.03890050 -0.13985018 0.01584407
v -0.03890650 -0.13984673 0.01572087
v -0.03890450 -0.13984788 0.01559750
v -0.03889452 -0.13985364 0.01547465
v -0.03887662 -0.13986397 0.01535300
v -0.03885090 -0.13987882 0.01523324
v -0.03881750 -0.13989811 0.01511603
v -0.03877660 -0.13992172 0.01500204
v -0.03872845 -0.13994952 0.01489188
v -0.03867330 -0.13998136 0.01478620
v -0.03861146 -0.14001706 0.01468556
v -0.03854328 -0.14005643 0.01459055
v -0.03846915 -0.14009923 0.01450168
v -0.03838947 -0.14014523 0.01441946
v -0.03830469 -0.14019418 0.01434435
v -0.03821529 -0.14024579 0.01427676
v -0.03812176 -0.14029979 0.01421707
v -0.03802464 -0.14035587 0.01416562
v -0.03792445 -0.14041371 0.01412270
v -0.03782177 -0.14047299 0.01408854
v -0.03771716 -0.14053339 0.01406333
v -0.03761121 -0.14059456 0.01404723
v -0.03750452 -0.14065615 0.01404031
v -0.03739768 -0.14071784 0.01404262
v -0.03729129 -0.14077927 0.01405414
v -0.03718594 -0.14084009 0.01407481
v -0.03708222 -0.14089997 0.01410451
v -0.03698072 -0.14095857 0.01414308
v -0.03688199 -0.14101557 0.01419030
v -0.03678660 -0.14107065 0.01424590
v -0.03669507 -0.14112349 0.01430958
v -0.03660792 -0.14117381 0.01438099
v -0.03652563 -0.14122132 0.01445971
v -0.03644867 -0.14126575 0.01454531
v -0.03637747 -0.14130686 0.01463732
v -0.03631241 -0.14134442 0.01473521
v -0.03625388 -0.14137821 0.01483845
v -0.03620219 -0.14140806 0.01494644
v -0.03615763 -0.14143378 0.01505859
v -0.03612046 -0.14145524 0.01517428
v -0.03609088 -0.14147232 0.01529285
v -0.03606905 -0.14148492 0.01541364
v -0.03605510 -0.14149298 0.01553597
v -0.03604911 -0.14149644 0.01565917
v -0.03605111 -0.14149528 0.01578254
v -0.03606109 -0.14148952 0.01590539
v -0.03607899 -0.14147919 0.01602704
v -0.03610471 -0.14146434 0.01614680
v -0.03613811 -0.14144505 0.01626401
v -0.03617900 -0.14142144 0.01637801
v -0.03622716 -0.14139364 0.01648816
v -0.03628231 -0.14136180 0.01659384
v -0.03634415 -0.14132610 0.01669448
v -0.03641232 -0.14128674 0.01678949
v -0.03648646 -0.14124393 0.01687836
v -0.03656614 -0.14119793 0.01696058
v -0.03665092 -0.14114899 0.01703570
v -0.03674032 -0.14109737 0.01710329
v -0.03683384 -0.14104337 0.01716297
v -0.10253943 -0.10310823 -0.01416562
v -0.10263961 -0.10305039 -0.01412270
v -0.10274230 -0.10299111 -0.01408854
v -0.10284690 -0.10293071 -0.01406333
v -0.10295285 -0.10286955 -0.01404723
v -0.10305954 -0.10280795 -0.01404031
v -0.10316638 -0.10274626 -0.01404262
v -0.10327278 -0.10268484 -0.01405414
v -0.10337813 -0.10262401 -0.01407481
v -0.10348184 -0.10256413 -0.01410451
v -0.10358335 -0.10250553 -0.01414308
v -0.10368207 -0.10244853 -0.01419030
v -0.10377747 -0.10239345 -0.01424590
v -0.10386900 -0.10234061 -0.01430958
v -0.10395615 -0.10229029 -0.01438099
v -0.10403843 -0.10224278 -0.01445971
v -0.10411539 -0.10219835 -0.01454531
v -0.10418660 -0.10215724 -0.01463732
v -0.10425165 -0.10211968 -0.01473521
v -0.10431019 -0.10208589 -0.01483845
v -0.10436188 -0.10205604 -0.01494644
v -0.10440643 -0.10203032 -0.01505859
v -0.10444360 -0.10200886 -0.01517428
v -0.10447319 -0.10199178 -0.01529285
v -0.10449501 -0.10197918 -0.01541364
v -0.10450896 -0.10197112 -0.01553597
v -0.10451495 -0.10196766 -0.01565917
v -0.10451296 -0.10196882 -0.01578254
v -0.10450298 -0.10197458 -0.01590539
v -0.10448508 -0.10198491 -0.01602704
v -0.10445936 -0.10199976 -0.01614680
v -0.10442595 -0.10201905 -0.01626401
v -0.10438506 -0.10204266 -0.01637801
v -0.10433690 -0.10207046 -0.01648816
v -0.10428175 -0.10210230 -0.01659384
v -0.10421992 -0.10213800 -0.01669448
v -0.10415174 -0.10217737 -0.01678949
v -0.10407761 -0.10222017 -0.01687836
v -0.10399793 -0.10226617 -0.01696058
v -0.10391315 -0.10231512 -0.01703570
v -0.10382375 -0.10236673 -0.01710329
v -0.10373022 -0.10242073 -0.01716297
v -0.10363309 -0.10247681 -0.01721442
v -0.10353291 -0.10253465 -0.01725735
v -0.10343022 -0.10259393 -0.01729151
v -0.10332562 -0.10265433 -0.01731671
v -0.10321967 -0.10271550 -0.01733281
v -0.10311298 -0.10277709 -0.01733973
v -0.10300614 -0.10283878 -0.01733742
v -0.10289975 -0.10290020 -0.01732590
v -0.10279440 -0.10296103 -0.01730524
v -0.10269068 -0.10302091 -0.01727553
v -0.10258917 -0.10307951 -0.01723697
v -0.10249045 -0.10313651 -0.01718975
v -0.10239506 -0.10319159 -0.01713414
v -0.10230353 -0.10324443 -0.01707046
v -0.10221638 -0.10329475 -0.01699905
v -0.10213409 -0.10334226 -0.01692033
v -0.10205713 -0.10338669 -0.01683473
v -0.10198592 -0.10342780 -0.01674272
v -0.10192087 -0.10346536 -0.01664483
v -0.10186234 -0.10349915 -0.01654160
v -0.10181065 -0.10352900 -0.01643360
v -0.10176609 -0.10355472 -0.01632145
v -0.10172892 -0.10357618 -0.01620576
v -0.10169934 -0.10359326 -0.01608720
v -0.10167751 -0.10360586 -0.01596641
v -0.10166356 -0.10361392 -0.01584407
v -0.10165757 -0.10361738 -0.01572087
v -0.10165957 -0.10361622 -0.01559750
v -0.10166954 -0.10361046 -0.01547465
v -0.10168744 -0.10360013 -0.01535300
v -0.10171317 -0.10358528 -0.01523324
v -0.10174657 -0.10356599 -0.01511603
v -0.10178746 -0.10354238 -0.01500204
v -0.10183562 -0.10351458 -0.01489188
v -0.10189077 -0.10348274 -0.01478620
v -0.10195261 -0.10344704 -0.01468556
v -0.10202078 -0.10340768 -0.01459055
v -0.10209492 -0.10336487 -0.01450168
v -0.10217460 -0.10331887 -0.01441946
v -0.10225937 -0.10326992 -0.01434435
v -0.10234878 -0.10321831 -0.01427676
v -0.10244230 -0.10316431 -0.01421707
v -0.06829355 -0.12288010 0.00554328
v -0.06865786 -0.12266977 0.00569936
v -0.06903126 -0.12245419 0.00582358
v -0.06941164 -0.12223457 0.00591523
v -0.06979690 -0.12201214 0.00597379
v -0.07018487 -0.12178815 0.00599895
v -0.07057338 -0.12156384 0.00599056
v -0.07096027 -0.12134047 0.00594867
v -0.07134336 -0.12111929 0.00587351
v -0.07172051 -0.12090154 0.00576550
v -0.07208962 -0.12068844 0.00562525
v -0.07244862 -0.12048117 0.00545355
v -0.07279551 -0.12028089 0.00525134
v -0.07312834 -0.12008874 0.00501977
v -0.07344525 -0.11990577 0.00476012
v -0.07374447 -0.11973301 0.00447385
v -0.07402433 -0.11957144 0.00416257
v -0.07428326 -0.11942194 0.00382800
v -0.07451981 -0.11928537 0.00347203
v -0.07473266 -0.11916248 0.00309664
v -0.07492063 -0.11905396 0.00270393
v -0.07508265 -0.11896041 0.00229610
v -0.07521783 -0.11888237 0.00187543
v -0.07532540 -0.11882026 0.00144427
v -0.07540477 -0.11877444 0.00100504
v -0.07545549 -0.11874515 0.00056018
v -0.07547728 -0.11873258 0.00011219
v -0.07547001 -0.11873677 -0.00033642
v -0.07543373 -0.11875772 -0.00078316
v -0.07536864 -0.11879530 -0.00122551
v -0.07527511 -0.11884930 -0.00166101
v -0.07515365 -0.11891942 -0.00208723
v -0.07500494 -0.11900528 -0.00250176
v -0.07482983 -0.11910638 -0.00290231
v -0.07462928 -0.11922217 -0.00328663
v -0.07440442 -0.11935199 -0.00365257
v -0.07415650 -0.11949512 -0.00399808
v -0.07388692 -0.11965077 -0.00432123
v -0.07359718 -0.11981805 -0.00462022
v -0.07328890 -0.11999604 -0.00489337
v -0.07296380 -0.12018373 -0.00513915
v -0.07262370 -0.12038009 -0.00535619
v -0.07227051 -0.12058400 -0.00554328
v -0.07190620 -0.12079434 -0.00569936
v -0.07153281 -0.12100991 -0.00582358
v -0.07115242 -0.12122953 -0.00591523
v -0.07076716 -0.12145196 -0.00597379
v -0.07037919 -0.12167595 -0.00599895
v -0.06999068 -0.12190026 -0.00599056
v -0.06960380 -0.12212363 -0.00594867
v -0.06922071 -0.12234481 -0.00587351
v -0.06884355 -0.12256256 -0.00576550
v -0.06847444 -0.12277566 -0.00562525
v -0.06811544 -0.12298293 -0.00545355
v -0.06776856 -0.12318321 -0.00525134
v -0.06743573 -0.12337537 -0.00501977
v -0.06711882 -0.12355834 -0.00476012
v -0.06681959 -0.12373109 -0.00447385
v -0.06653974 -0.12389267 -0.00416257
v -0.06628081 -0.12404216 -0.00382800
v -0.06604425 -0.12417873 -0.00347203
v -0.06583140 -0.12430162 -0.00309664
v -0.06564344 -0.12441015 -0.00270393
v -0.06548141 -0.12450369 -0.00229610
v -0.06534624 -0.12458173 -0.00187543
v -0.06523866 -0.12464384 -0.00144427
v -0.06515930 -0.12468966 -0.00100504
v -0.06510858 -0.12471895 -0.00056018
v -0.06508679 -0.12473153 -0.00011219
v -0.06509405 -0.12472733 0.00033642
v -0.06513033 -0.12470639 0.00078316
v -0.06519542 -0.12466881 0.00122551
v -0.06528896 -0.12461480 0.00166101
v -0.06541042 -0.12454468 0.00208723
v -0.06555912 -0.12445882 0.00250176
v -0.06573424 -0.12435772 0.00290231
v -0.06593479 -0.12424193 0.00328663
v -0.06615965 -0.12411211 0.00365257
v -0.06640756 -0.12396898 0.00399808
v -0.06667714 -0.12381333 0.00432123
v -0.06696689 -0.12364605 0.00462022
v -0.06727517 -0.12346806 0.00489337
v -0.06760027 -0.12328037 0.00513915
v -0.06794036 -0.12308402 0.00535619
v 0.08741682 -0.11876748 -0.03635466
v 0.08731664 -0.11882532 -0.03631174
v 0.08721395 -0.11888461 -0.03627758
v 0.08710935 -0.11894500 -0.03625237
v 0.08700340 -0.11900617 -0.03623627
v 0.08689671 -0.11906777 -0.03622935
v 0.08678987 -0.11912945 -0.03623166
v 0.08668347 -0.11919088 -0.03624318
v 0.08657812 -0.11925170 -0.03626385
v 0.08647441 -0.11931158 -0.03629355
v 0.08637290 -0.11937019 -0.03633212
v 0.08627418 -0.11942719 -0.03637934
v 0.08617878 -0.11948226 -0.03643494
v 0.08608725 -0.11953510 -0.03649863
v 0.08600010 -0.11958542 -0.03657003
v 0.08591782 -0.11963293 -0.03664875
v 0.08584086 -0.11967736 -0.03673436
v 0.08576965 -0.11971847 -0.03682636
v 0.08570460 -0.11975603 -0.03692425
v 0.08564606 -0.11978983 -0.03702749
v 0.08559437 -0.11981967 -0.03713548
v 0.08554982 -0.11984539 -0.03724763
v 0.08551265 -0.11986686 -0.03736332
v 0.08548306 -0.11988394 -0.03748189
v 0.08546124 -0.11989654 -0.03760268
v 0.08544729 -0.11990459 -0.03772501
v 0.08544130 -0.11990805 -0.03784821
v 0.08544329 -0.11990689 -0.03797158
v 0.08545327 -0.11990113 -0.03809443
v 0.08547117 -0.11989080 -0.03821608
v 0.08549689 -0.11987595 -0.03833584
v 0.08553030 -0.11985667 -0.03845305
v 0.08557119 -0.11983306 -0.03856705
v 0.08561935 -0.11980525 -0.03867720
v 0.08567450 -0.11977341 -0.03878288
v 0.08573633 -0.11973771 -0.03888352
v 0.08580451 -0.11969835 -0.03897853
v 0.08587864 -0.11965555 -0.03906740
v 0.08595832 -0.11960954 -0.03914962
v 0.08604310 -0.11956060 -0.03922474
v 0.08613250 -0.11950898 -0.03929233
v 0.08622603 -0.11945498 -0.03935201
v 0.08632316 -0.11939891 -0.03940346
v 0.08642334 -0.11934106 -0.03944639
v 0.08652603 -0.11928178 -0.03948055
v 0.08663063 -0.11922139 -0.03950575
v 0.08673658 -0.11916022 -0.03952185
v 0.08684327 -0.11909862 -0.03952877
v 0.08695011 -0.11903693 -0.03952647
v 0.08705650 -0.11897551 -0.03951494
v 0.08716185 -0.11891468 -0.03949428
v 0.08726557 -0.11885480 -0.03946457
v 0.08736708 -0.11879620 -0.03942601
v 0.08746580 -0.11873920 -0.03937879
v 0.08756120 -0.11868412 -0.03932318
v 0.08765272 -0.11863128 -0.03925950
v 0.08773987 -0.11858096 -0.03918809
v 0.08782216 -0.11853346 -0.03910937
v 0.08789912 -0.11848902 -0.03902377
v 0.08797033 -0.11844791 -0.03893176
v 0.08803538 -0.11841036 -0.03883387
v 0.08809391 -0.11837656 -0.03873064
v 0.08814560 -0.11834672 -0.03862264
v 0.08819016 -0.11832099 -0.03851049
v 0.08822733 -0.11829953 -0.03839480
v 0.08825691 -0.11828245 -0.03827624
v 0.08827874 -0.11826985 -0.03815545
v 0.08829269 -0.11826180 -0.03803311
v 0.08829868 -0.11825834 -0.03790991
v 0.08829668 -0.11825949 -0.03778654
v 0.08828671 -0.11826525 -0.03766369
v 0.08826881 -0.11827559 -0.03754205
v 0.08824308 -0.11829044 -0.03742228
v 0.08820968 -0.11830972 -0.03730507
v 0.08816879 -0.11833333 -0.03719108
v 0.08812063 -0.11836113 -0.03708092
v 0.08806548 -0.11839297 -0.03697524
v 0.08800364 -0.11842868 -0.03687460
v 0.08793547 -0.11846804 -0.03677959
v 0.08786133 -0.11851084 -0.03669072
v 0.08778165 -0.11855684 -0.03660850
v 0.08769688 -0.11860579 -0.03653339
v 0.08760747 -0.11865741 -0.03646580
v 0.08751395 -0.11871140 -0.03640611
v 0.10663309 -0.10767296 0.01721442
v 0.10653291 -0.10773080 0.01725735
v 0.10643022 -0.10779009 0.01729151
v 0.10632562 -0.10785048 0.01731671
v 0.10621967 -0.10791165 0.01733281
v 0.10611298 -0.10797325 0.01733973
v 0.10600614 -0.10803493 0.01733742
v 0.10589975 -0.10809636 0.01732590
v 0.10579440 -0.10815718 0.01730524
v 0.10569068 -0.10821706 0.01727553
v 0.10558917 -0.10827567 0.01723697
v 0.10549045 -0.10833267 0.01718975
v 0.10539506 -0.10838774 0.01713414
v 0.10530353 -0.10844058 0.01707046
v 0.10521638 -0.10849090 0.01699905
v 0.10513409 -0.10853841 0.01692033
v 0.10505713 -0.10858284 0.01683473
v 0.10498592 -0.10862395 0.01674272
v 0.10492087 -0.10866151 0.01664483
v 0.10486234 -0.10869531 0.01654160
v 0.10481065 -0.10872515 0.01643360
v 0.10476609 -0.10875087 0.01632145
v 0.10472892 -0.10877234 0.01620576
v 0.10469934 -0.10878941 0.01608720
v 0.10467751 -0.10880202 0.01596641
v 0.10466356 -0.10881007 0.01584407
v 0.10465757 -0.10881353 0.01572087
v 0.10465957 -0.10881237 0.01559750
v 0.10466954 -0.10880661 0.01547465
v 0.10468744 -0.10879628 0.01535300
v 0.10471317 -0.10878143 0.01523324
v 0.10474657 -0.10876215 0.01511603
v 0.10478746 -0.10873854 0.01500204
v 0.10483562 -0.10871073 0.01489188
v 0.10489077 -0.10867889 0.01478620
v 0.10495261 -0.10864319 0.01468556
v 0.10502078 -0.10860383 0.01459055
v 0.10509492 -0.10856103 0.01450168
v 0.10517460 -0.10851502 0.01441946
v 0.10525937 -0.10846608 0.01434435
v 0.10534878 -0.10841446 0.01427676
v 0.10544230 -0.10836046 0.01421707
v 0.10553943 -0.10830439 0.01416562
v 0.10563961 -0.10824654 0.01412270
v 0.10574230 -0.10818726 0.01408854
v 0.10584690 -0.10812687 0.01406333
v 0.10595285 -0.10806570 0.01404723
v 0.10605954 -0.10800410 0.01404031
v 0.10616638 -0.10794241 0.01404262
v 0.10627278 -0.10788099 0.01405414
v 0.10637813 -0.10782016 0.01407481
v 0.10648184 -0.10776028 0.01410451
v 0.10658335 -0.10770168 0.01414308
v 0.10668207 -0.10764468 0.01419030
v 0.10677747 -0.10758960 0.01424590
v 0.10686900 -0.10753676 0.01430958
v 0.10695615 -0.10748644 0.01438099
v 0.10703843 -0.10743894 0.01445971
v 0.10711539 -0.10739450 0.01454531
v 0.10718660 -0.10735339 0.01463732
v 0.10725165 -0.10731584 0.01473521
v 0.10731019 -0.10728204 0.01483845
v 0.10736188 -0.10725220 0.01494644
v 0.10740643 -0.10722647 0.01505859
v 0.10744360 -0.10720501 0.01517428
v 0.10747319 -0.10718793 0.01529285
v 0.10749501 -0.10717533 0.01541364
v 0.10750896 -0.10716728 0.01553597
v 0.10751495 -0.10716382 0.01565917
v 0.10751296 -0.10716497 0.01578254
v 0.10750298 -0.10717073 0.01590539
v 0.10748508 -0.10718107 0.01602704
v 0.10745936 -0.10719592 0.01614680
v 0.10742595 -0.10721520 0.01626401
v 0.10738506 -0.10723881 0.01637801
v 0.10733690 -0.10726661 0.01648816
v 0.10728175 -0.10729845 0.01659384
v 0.10721992 -0.10733416 0.01669448
v 0.10715174 -0.10737352 0.01678949
v 0.10707761 -0.10741632 0.01687836
v 0.10699793 -0.10746232 0.01696058
v 0.10691315 -0.10751127 0.01703570
v 0.10682375 -0.10756289 0.01710329
v 0.10673022 -0.10761688 0.01716297
v 0.04102464 -0.14555202 -0.01416562
v 0.04092445 -0.14560986 -0.01412270
v 0.04082177 -0.14566915 -0.01408854
v 0.04071716 -0.14572954 -0.01406333
v 0.04061121 -0.14579071 -0.01404723
v 0.04050452 -0.14585231 -0.01404031
v 0.04039768 -0.14591399 -0.01404262
v 0.04029129 -0.14597542 -0.01405414
v 0.04018594 -0.14603624 -0.01407481
v 0.04008222 -0.14609612 -0.01410451
v 0.03998072 -0.14615473 -0.01414308
v 0.03988199 -0.14621173 -0.01419030
v 0.03978660 -0.14626680 -0.01424590
v 0.03969507 -0.14631965 -0.01430958
v 0.03960792 -0.14636996 -0.01438099
v 0.03952563 -0.14641747 -0.01445971
v 0.03944867 -0.14646190 -0.01454531
v 0.03937747 -0.14650301 -0.01463732
v 0.03931241 -0.14654057 -0.01473521
v 0.03925388 -0.14657437 -0.01483845
v 0.03920219 -0.14660421 -0.01494644
v 0.03915763 -0.14662993 -0.01505859
v 0.03912046 -0.14665140 -0.01517428
v 0.03909088 -0.14666848 -0.01529285
v 0.03906905 -0.14668108 -0.01541364
v 0.03905510 -0.14668913 -0.01553597
v 0.03904911 -0.14669259 -0.01565917
v 0.03905111 -0.14669144 -0.01578254
v 0.03906109 -0.14668568 -0.01590539
v 0.03907899 -0.14667534 -0.01602704
v 0.03910471 -0.14666049 -0.01614680
v 0.03913811 -0.14664121 -0.01626401
v 0.03917900 -0.14661760 -0.01637801
v 0.03922716 -0.14658979 -0.01648816
v 0.03928231 -0.14655795 -0.01659384
v 0.03934415 -0.14652225 -0.01669448
v 0.03941232 -0.14648289 -0.01678949
v 0.03948646 -0.14644009 -0.01687836
v 0.03956614 -0.14639408 -0.01696058
v 0.03965092 -0.14634514 -0.01703570
v 0.03974032 -0.14629352 -0.01710329
v 0.03983384 -0.14623952 -0.01716297
v 0.03993097 -0.14618345 -0.01721442
v 0.04003116 -0.14612561 -0.01725735
v 0.04013384 -0.14606632 -0.01729151
v 0.04023845 -0.14600593 -0.01731671
v 0.04034439 -0.14594476 -0.01733281
v 0.04045108 -0.14588316 -0.01733973
v 0.04055792 -0.14582148 -0.01733742
v 0.04066432 -0.14576005 -0.01732590
v 0.04076967 -0.14569923 -0.01730524
v 0.04087339 -0.14563934 -0.01727553
v 0.04097489 -0.14558074 -0.01723697
v 0.04107362 -0.14552374 -0.01718975
v 0.04116901 -0.14546867 -0.01713414
v 0.04126054 -0.14541582 -0.01707046
v 0.04134769 -0.14536551 -0.01699905
v 0.04142997 -0.14531800 -0.01692033
v 0.04150693 -0.14527356 -0.01683473
v 0.04157814 -0.14523245 -0.01674272
v 0.04164319 -0.14519490 -0.01664483
v 0.04170173 -0.14516110 -0.01654160
v 0.04175342 -0.14513126 -0.01643360
v 0.04179797 -0.14510553 -0.01632145
v 0.04183515 -0.14508407 -0.01620576
v 0.04186473 -0.14506699 -0.01608720
v 0.04188656 -0.14505439 -0.01596641
v 0.04190050 -0.14504634 -0.01584407
v 0.04190650 -0.14504288 -0.01572087
v 0.04190450 -0.14504403 -0.01559750
v 0.04189452 -0.14504979 -0.01547465
v 0.04187662 -0.14506013 -0.01535300
v 0.04185090 -0.14507498 -0.01523324
v 0.04181750 -0.14509426 -0.01511603
v 0.04177660 -0.14511787 -0.01500204
v 0.04172845 -0.14514567 -0.01489188
v 0.04167330 -0.14517752 -0.01478620
v 0.04161146 -0.14521322 -0.01468556
v 0.04154328 -0.14525258 -0.01459055
v 0.04146915 -0.14529538 -0.01450168
v 0.04138947 -0.14534138 -0.01441946
v 0.04130469 -0.14539033 -0.01434435
v 0.04121529 -0.14544195 -0.01427676
v 0.04112176 -0.14549594 -0.01421707
v 0.07527051 -0.12578015 0.00554328
v 0.07490620 -0.12599049 0.00569936
v 0.07453281 -0.12620607 0.00582358
v 0.07415242 -0.12642568 0.00591523
v 0.07376716 -0.12664811 0.00597379
v 0.07337919 -0.12687211 0.00599895
v 0.07299068 -0.12709641 0.00599056
v 0.07260380 -0.12731978 0.00594867
v 0.07222071 -0.12754096 0.00587351
v 0.07184355 -0.12775871 0.00576550
v 0.07147444 -0.12797182 0.00562525
v 0.07111544 -0.12817909 0.00545355
v 0.07076856 -0.12837936 0.00525134
v 0.07043573 -0.12857152 0.00501977
v 0.07011882 -0.12875449 0.00476012
v 0.06981959 -0.12892724 0.00447385
v 0.06953974 -0.12908882 0.00416257
v 0.06928081 -0.12923831 0.00382800
v 0.06904425 -0.12937489 0.00347203
v 0.06883140 -0.12949778 0.00309664
v 0.06864344 -0.12960630 0.00270393
v 0.06848141 -0.12969984 0.00229610
v 0.06834624 -0.12977789 0.00187543
v 0.06823866 -0.12983999 0.00144427
v 0.06815930 -0.12988582 0.00100504
v 0.06810858 -0.12991510 0.00056018
v 0.06808679 -0.12992768 0.00011219
v 0.06809405 -0.12992348 -0.00033642
v 0.06813033 -0.12990254 -0.00078316
v 0.06819542 -0.12986496 -0.00122551
v 0.06828896 -0.12981096 -0.00166101
v 0.06841042 -0.12974083 -0.00208723
v 0.06855912 -0.12965498 -0.00250176
v 0.06873424 -0.12955387 -0.00290231
v 0.06893479 -0.12943809 -0.00328663
v 0.06915965 -0.12930826 -0.00365257
v 0.06940756 -0.12916513 -0.00399808
v 0.06967714 -0.12900949 -0.00432123
v 0.06996689 -0.12884220 -0.00462022
v 0.07027517 -0.12866422 -0.00489337
v 0.07060027 -0.12847652 -0.00513915
v 0.07094036 -0.12828017 -0.00535619
v 0.07129355 -0.12807625 -0.00554328
v 0.07165786 -0.12786592 -0.00569936
v 0.07203126 -0.12765034 -0.00582358
v 0.07241164 -0.12743072 -0.00591523
v 0.07279690 -0.12720829 -0.00597379
v 0.07318487 -0.12698430 -0.00599895
v 0.07357338 -0.12675999 -0.00599056
v 0.07396027 -0.12653662 -0.00594867
v 0.07434336 -0.12631545 -0.00587351
v 0.07472051 -0.12609770 -0.00576550
v 0.07508962 -0.12588459 -0.00562525
v 0.07544862 -0.12567732 -0.00545355
v 0.07579551 -0.12547705 -0.00525134
v 0.07612834 -0.12528489 -0.00501977
v 0.07644525 -0.12510192 -0.00476012
v 0.07674447 -0.12492916 -0.00447385
v 0.07702433 -0.12476759 -0.00416257
v 0.07728326 -0.12461809 -0.00382800
v 0.07751981 -0.12448152 -0.00347203
v 0.07773266 -0.12435863 -0.00309664
v 0.07792063 -0.12425011 -0.00270393
v 0.07808265 -0.12415656 -0.00229610
v 0.07821783 -0.12407852 -0.00187543
v 0.07832540 -0.12401641 -0.00144427
v 0.07840477 -0.12397059 -0.00100504
v 0.07845549 -0.12394131 -0.00056018
v 0.07847728 -0.12392873 -0.00011219
v 0.07847001 -0.12393292 0.00033642
v 0.07843373 -0.12395387 0.00078316
v 0.07836864 -0.12399145 0.00122551
v 0.07827511 -0.12404545 0.00166101
v 0.07815365 -0.12411558 0.00208723
v 0.07800494 -0.12420143 0.00250176
v 0.07782983 -0.12430253 0.00290231
v 0.07762928 -0.12441832 0.00328663
v 0.07740442 -0.12454814 0.00365257
v 0.07715650 -0.12469128 0.00399808
v 0.07688692 -0.12484692 0.00432123
v 0.07659718 -0.12501420 0.00462022
v 0.07628890 -0.12519219 0.00489337
v 0.07596380 -0.12537988 0.00513915
v 0.07562370 -0.12557624 0.00535619
v 0.06024091 -0.13445750 0.03940346
v 0.06014072 -0.13451534 0.03944639
v 0.06003804 -0.13457463 0.03948055
v 0.05993343 -0.13463502 0.03950575
v 0.05982749 -0.13469619 0.03952185
v 0.05972080 -0.13475779 0.03952877
v 0.05961395 -0.13481947 0.03952647
v 0.05950756 -0.13488090 0.03951494
v 0.05940221 -0.13494172 0.03949428
v 0.05929849 -0.13500160 0.03946457
v 0.05919699 -0.13506021 0.03942601
v 0.05909826 -0.13511721 0.03937879
v 0.05900287 -0.13517228 0.03932318
v 0.05891134 -0.13522513 0.03925950
v 0.05882419 -0.13527544 0.03918809
v 0.05874191 -0.13532295 0.03910937
v 0.05866494 -0.13536738 0.03902377
v 0.05859374 -0.13540849 0.03893176
v 0.05852869 -0.13544605 0.03883387
v 0.05847015 -0.13547985 0.03873064
v 0.05841846 -0.13550969 0.03862264
v 0.05837391 -0.13553541 0.03851049
v 0.05833673 -0.13555688 0.03839480
v 0.05830715 -0.13557396 0.03827624
v 0.05828532 -0.13558656 0.03815545
v 0.05827138 -0.13559461 0.03803311
v 0.05826538 -0.13559807 0.03790991
v 0.05826738 -0.13559692 0.03778654
v 0.05827736 -0.13559116 0.03766369
v 0.05829526 -0.13558082 0.03754205
v 0.05832098 -0.13556597 0.03742228
v 0.05835438 -0.13554669 0.03730507
v 0.05839528 -0.13552308 0.03719108
v 0.05844343 -0.13549527 0.03708092
v 0.05849858 -0.13546343 0.03697524
v 0.05856042 -0.13542773 0.03687460
v 0.05862860 -0.13538837 0.03677959
v 0.05870273 -0.13534557 0.03669072
v 0.05878241 -0.13529956 0.03660850
v 0.05886719 -0.13525062 0.03653339
v 0.05895659 -0.13519900 0.03646580
v 0.05905012 -0.13514500 0.03640611
v 0.05914724 -0.13508893 0.03635466
v 0.05924743 -0.13503109 0.03631174
v 0.05935011 -0.13497180 0.03627758
v 0.05945472 -0.13491141 0.03625237
v 0.05956066 -0.13485024 0.03623627
v 0.05966736 -0.13478864 0.03622935
v 0.05977420 -0.13472696 0.03623166
v 0.05988059 -0.13466553 0.03624318
v 0.05998594 -0.13460471 0.03626385
v 0.06008966 -0.13454482 0.03629355
v 0.06019116 -0.13448622 0.03633212
v 0.06028989 -0.13442922 0.03637934
v 0.06038528 -0.13437415 0.03643494
v 0.06047681 -0.13432130 0.03649863
v 0.06056396 -0.13427099 0.03657003
v 0.06064625 -0.13422348 0.03664875
v 0.06072321 -0.13417904 0.03673436
v 0.06079441 -0.13413793 0.03682636
v 0.06085946 -0.13410038 0.03692425
v 0.06091800 -0.13406658 0.03702749
v 0.06096969 -0.13403674 0.03713548
v 0.06101425 -0.13401101 0.03724763
v 0.06105142 -0.13398955 0.03736332
v 0.06108100 -0.13397247 0.03748189
v 0.06110283 -0.13395987 0.03760268
v 0.06111678 -0.13395182 0.03772501
v 0.06112277 -0.13394836 0.03784821
v 0.06112077 -0.13394951 0.03797158
v 0.06111079 -0.13395527 0.03809443
v 0.06109289 -0.13396561 0.03821608
v 0.06106717 -0.13398046 0.03833584
v 0.06103377 -0.13399974 0.03845305
v 0.06099288 -0.13402335 0.03856705
v 0.06094472 -0.13405115 0.03867720
v 0.06088957 -0.13408300 0.03878288
v 0.06082773 -0.13411870 0.03888352
v 0.06075956 -0.13415806 0.03897853
v 0.06068542 -0.13420086 0.03906740
v 0.06060574 -0.13424686 0.03914962
v 0.06052096 -0.13429581 0.03922474
v 0.06043156 -0.13434743 0.03929233
v 0.06033804 -0.13440142 0.03935201
v -0.05914724 -0.13508893 -0.03635466
v -0.05924743 -0.13503109 -0.03631174
v -0.05935011 -0.13497180 -0.03627758
v -0.05945472 -0.13491141 -0.03625237
v -0.05956066 -0.13485024 -0.03623627
v -0.05966736 -0.13478864 -0.03622935
v -0.05977420 -0.13472696 -0.03623166
v -0.05988059 -0.13466553 -0.03624318
v -0.05998594 -0.13460471 -0.03626385
v -0.06008966 -0.13454482 -0.03629355
v -0.06019116 -0.13448622 -0.03633212
v -0.06028989 -0.13442922 -0.03637934
v -0.06038528 -0.13437415 -0.03643494
v -0.06047681 -0.13432130 -0.03649863
v -0.06056396 -0.13427099 -0.03657003
v -0.06064625 -0.13422348 -0.03664875
v -0.06072321 -0.13417904 -0.03673436
v -0.06079441 -0.13413793 -0.03682636
v -0.06085946 -0.13410038 -0.03692425
v -0.06091800 -0.13406658 -0.03702749
v -0.06096969 -0.13403674 -0.03713548
v -0.06101425 -0.13401101 -0.03724763
v -0.06105142 -0.13398955 -0.03736332
v -0.06108100 -0.13397247 -0.03748189
v -0.06110283 -0.13395987 -0.03760268
v -0.06111678 -0.13395182 -0.03772501
v -0.06112277 -0.13394836 -0.03784821
v -0.06112077 -0.13394951 -0.03797158
v -0.06111079 -0.13395527 -0.03809443
v -0.06109289 -0.13396561 -0.03821608
v -0.06106717 -0.13398046 -0.03833584
v -0.06103377 -0.13399974 -0.03845305
v -0.06099288 -0.13402335 -0.03856705
v -0.06094472 -0.13405115 -0.03867720
v -0.06088957 -0.13408300 -0.03878288
v -0.06082773 -0.13411870 -0.03888352
v -0.06075956 -0.13415806 -0.03897853
v -0.06068542 -0.13420086 -0.03906740
v -0.06060574 -0.13424686 -0.03914962
v -0.06052096 -0.13429581 -0.03922474
v -0.06043156 -0.13434743 -0.03929233
v -0.06033804 -0.13440142 -0.03935201
v -0.06024091 -0.13445750 -0.03940346
v -0.06014072 -0.13451534 -0.03944639
v -0.06003804 -0.13457463 -0.03948055
v -0.05993343 -0.13463502 -0.03950575
v -0.05982749 -0.13469619 -0.03952185
v -0.05972080 -0.13475779 -0.03952877
v -0.05961395 -0.13481947 -0.03952647
v -0.05950756 -0.13488090 -0.03951494
v -0.05940221 -0.13494172 -0.03949428
v -0.05929849 -0.13500160 -0.03946457
v -0.05919699 -0.13506021 -0.03942601
v -0.05909826 -0.13511721 -0.03937879
v -0.05900287 -0.13517228 -0.03932318
v -0.05891134 -0.13522513 -0.03925950
v -0.05882419 -0.13527544 -0.03918809
v -0.05874191 -0.13532295 -0.03910937
v -0.05866494 -0.13536738 -0.03902377
v -0.05859374 -0.13540849 -0.03893176
v -0.05852869 -0.13544605 -0.03883387
v -0.05847015 -0.13547985 -0.03873064
v -0.05841846 -0.13550969 -0.03862264
v -0.05837391 -0.13553541 -0.03851049
v -0.05833673 -0.13555688 -0.03839480
v -0.05830715 -0.13557396 -0.03827624
v -0.05828532 -0.13558656 -0.03815545
v -0.05827138 -0.13559461 -0.03803311
v -0.05826538 -0.13559807 -0.03790991
v -0.05826738 -0.13559692 -0.03778654
v -0.05827736 -0.13559116 -0.03766369
v -0.05829526 -0.13558082 -0.03754205
v -0.05832098 -0.13556597 -0.03742228
v -0.05835438 -0.13554669 -0.03730507
v -0.05839528 -0.13552308 -0.03719108
v -0.05844343 -0.13549527 -0.03708092
v -0.05849858 -0.13546343 -0.03697524
v -0.05856042 -0.13542773 -0.03687460
v -0.05862860 -0.13538837 -0.03677959
v -0.05870273 -0.13534557 -0.03669072
v -0.05878241 -0.13529956 -0.03660850
v -0.05886719 -0.13525062 -0.03653339
v -0.05895659 -0.13519900 -0.03646580
v -0.05905012 -0.13514500 -0.03640611
v -0.03993097 -0.14618345 0.01721442
v -0.04003116 -0.14612561 0.01725735
v -0.04013384 -0.14606632 0.01729151
v -0.04023845 -0.14600593 0.01731671
v -0.04034439 -0.14594476 0.01733281
v -0.04045108 -0.14588316 0.01733973
v -0.04055792 -0.14582148 0.01733742
v -0.04066432 -0.14576005 0.01732590
v -0.04076967 -0.14569923 0.01730524
v -0.04087339 -0.14563934 0.01727553
v -0.04097489 -0.14558074 0.01723697
v -0.04107362 -0.14552374 0.01718975
v -0.04116901 -0.14546867 0.01713414
v -0.04126054 -0.14541582 0.01707046
v -0.04134769 -0.14536551 0.01699905
v -0.04142997 -0.14531800 0.01692033
v -0.04150693 -0.14527356 0.01683473
v -0.04157814 -0.14523245 0.01674272
v -0.04164319 -0.14519490 0.01664483
v -0.04170173 -0.14516110 0.01654160
v -0.04175342 -0.14513126 0.01643360
v -0.04179797 -0.14510553 0.01632145
v -0.04183515 -0.14508407 0.01620576
v -0.04186473 -0.14506699 0.01608720
v -0.04188656 -0.14505439 0.01596641
v -0.04190050 -0.14504634 0.01584407
v -0.04190650 -0.14504288 0.01572087
v -0.04190450 -0.14504403 0.01559750
v -0.04189452 -0.14504979 0.01547465
v -0.04187662 -0.14506013 0.01535300
v -0.04185090 -0.14507498 0.01523324
v -0.04181750 -0.14509426 0.01511603
v -0.04177660 -0.14511787 0.01500204
v -0.04172845 -0.14514567 0.01489188
v -0.04167330 -0.14517752 0.01478620
v -0.04161146 -0.14521322 0.01468556
v -0.04154328 -0.14525258 0.01459055
v -0.04146915 -0.14529538 0.01450168
v -0.04138947 -0.14534138 0.01441946
v -0.04130469 -0.14539033 0.01434435
v -0.04121529 -0.14544195 0.01427676
v -0.04112176 -0.14549594 0.01421707
v -0.04102464 -0.14555202 0.01416562
v -0.04092445 -0.14560986 0.01412270
v -0.04082177 -0.14566915 0.01408854
v -0.04071716 -0.14572954 0.01406333
v -0.04061121 -0.14579071 0.01404723
v -0.04050452 -0.14585231 0.01404031
v -0.04039768 -0.14591399 0.01404262
v -0.04029129 -0.14597542 0.01405414
v -0.04018594 -0.14603624 0.01407481
v -0.04008222 -0.14609612 0.01410451
v -0.03998072 -0.14615473 0.01414308
v -0.03988199 -0.14621173 0.01419030
v -0.03978660 -0.14626680 0.01424590
v -0.03969507 -0.14631965 0.01430958
v -0.03960792 -0.14636996 0.01438099
v -0.03952563 -0.14641747 0.01445971
v -0.03944867 -0.14646190 0.01454531
v -0.03937747 -0.14650301 0.01463732
v -0.03931241 -0.14654057 0.01473521
v -0.03925388 -0.14657437 0.01483845
v -0.03920219 -0.14660421 0.01494644
v -0.03915763 -0.14662993 0.01505859
v -0.03912046 -0.14665140 0.01517428
v -0.03909088 -0.14666848 0.01529285
v -0.03906905 -0.14668108 0.01541364
v -0.03905510 -0.14668913 0.01553597
v -0.03904911 -0.14669259 0.01565917
v -0.03905111 -0.14669144 0.01578254
v -0.03906109 -0.14668568 0.01590539
v -0.03907899 -0.14667534 0.01602704
v -0.03910471 -0.14666049 0.01614680
v -0.03913811 -0.14664121 0.01626401
v -0.03917900 -0.14661760 0.01637801
v -0.03922716 -0.14658979 0.01648816
v -0.03928231 -0.14655795 0.01659384
v -0.03934415 -0.14652225 0.01669448
v -0.03941232 -0.14648289 0.01678949
v -0.03948646 -0.14644009 0.01687836
v -0.03956614 -0.14639408 0.01696058
v -0.03965092 -0.14634514 0.01703570
v -0.03974032 -0.14629352 0.01710329
v -0.03983384 -0.14623952 0.01716297
v -0.10553943 -0.10830439 -0.01416562
v -0.10563961 -0.10824654 -0.01412270
v -0.10574230 -0.10818726 -0.01408854
v -0.10584690 -0.10812687 -0.01406333
v -0.10595285 -0.10806570 -0.01404723
v -0.10605954 -0.10800410 -0.01404031
v -0.10616638 -0.10794241 -0.01404262
v -0.10627278 -0.10788099 -0.01405414
v -0.10637813 -0.10782016 -0.01407481
v -0.10648184 -0.10776028 -0.01410451
v -0.10658335 -0.10770168 -0.01414308
v -0.10668207 -0.10764468 -0.01419030
v -0.10677747 -0.10758960 -0.01424590
v -0.10686900 -0.10753676 -0.01430958
v -0.10695615 -0.10748644 -0.01438099
v -0.10703843 -0.10743894 -0.01445971
v -0.10711539 -0.10739450 -0.01454531
v -0.10718660 -0.10735339 -0.01463732
v -0.10725165 -0.10731584 -0.01473521
v -0.10731019 -0.10728204 -0.01483845
v -0.10736188 -0.10725220 -0.01494644
v -0.10740643 -0.10722647 -0.01505859
v -0.10744360 -0.10720501 -0.01517428
v -0.10747319 -0.10718793 -0.01529285
v -0.10749501 -0.10717533 -0.01541364
v -0.10750896 -0.10716728 -0.01553597
v -0.10751495 -0.10716382 -0.01565917
v -0.10751296 -0.10716497 -0.01578254
v -0.10750298 -0.10717073 -0.01590539
v -0.10748508 -0.10718107 -0.01602704
v -0.10745936 -0.10719592 -0.01614680
v -0.10742595 -0.10721520 -0.01626401
v -0.10738506 -0.10723881 -0.01637801
v -0.10733690 -0.10726661 -0.01648816
v -0.10728175 -0.10729845 -0.01659384
v -0.10721992 -0.10733416 -0.01669448
v -0.10715174 -0.10737352 -0.01678949
v -0.10707761 -0.10741632 -0.01687836
v -0.10699793 -0.10746232 -0.01696058
v -0.10691315 -0.10751127 -0.01703570
v -0.10682375 -0.10756289 -0.01710329
v -0.10673022 -0.10761688 -0.01716297
v -0.10663309 -0.10767296 -0.01721442
v -0.10653291 -0.10773080 -0.01725735
v -0.10643022 -0.10779009 -0.01729151
v -0.10632562 -0.10785048 -0.01731671
v -0.10621967 -0.10791165 -0.01733281
v -0.10611298 -0.10797325 -0.01733973
v -0.10600614 -0.10803493 -0.01733742
v -0.10589975 -0.10809636 -0.01732590
v -0.10579440 -0.10815718 -0.01730524
v -0.10569068 -0.10821706 -0.01727553
v -0.10558917 -0.10827567 -0.01723697
v -0.10549045 -0.10833267 -0.01718975
v -0.10539506 -0.10838774 -0.01713414
v -0.10530353 -0.10844058 -0.01707046
v -0.10521638 -0.10849090 -0.01699905
v -0.10513409 -0.10853841 -0.01692033
v -0.10505713 -0.10858284 -0.01683473
v -0.10498592 -0.10862395 -0.01674272
v -0.10492087 -0.10866151 -0.01664483
v -0.10486234 -0.10869531 -0.01654160
v -0.10481065 -0.10872515 -0.01643360
v -0.10476609 -0.10875087 -0.01632145
v -0.10472892 -0.10877234 -0.01620576
v -0.10469934 -0.10878941 -0.01608720
v -0.10467751 -0.10880202 -0.01596641
v -0.10466356 -0.10881007 -0.01584407
v -0.10465757 -0.10881353 -0.01572087
v -0.10465957 -0.10881237 -0.01559750
v -0.10466954 -0.10880661 -0.01547465
v -0.10468744 -0.10879628 -0.01535300
v -0.10471317 -0.10878143 -0.01523324
v -0.10474657 -0.10876215 -0.01511603
v -0.10478746 -0.10873854 -0.01500204
v -0.10483562 -0.10871073 -0.01489188
v -0.10489077 -0.10867889 -0.01478620
v -0.10495261 -0.10864319 -0.01468556
v -0.10502078 -0.10860383 -0.01459055
v -0.10509492 -0.10856103 -0.01450168
v -0.10517460 -0.10851502 -0.01441946
v -0.10525937 -0.10846608 -0.01434435
v -0.10534878 -0.10841446 -0.01427676
v -0.10544230 -0.10836046 -0.01421707
v -0.07129355 -0.12807625 0.00554328
v -0.07165786 -0.12786592 0.00569936
v -0.07203126 -0.12765034 0.00582358
v -0.07241164 -0.12743072 0.00591523
v -0.07279690 -0.12720829 0.00597379
v -0.07318487 -0.12698430 0.00599895
v -0.07357338 -0.12675999 0.00599056
v -0.07396027 -0.12653662 0.00594867
v -0.07434336 -0.12631545 0.00587351
v -0.07472051 -0.12609770 0.00576550
v -0.07508962 -0.12588459 0.00562525
v -0.07544862 -0.12567732 0.00545355
v -0.07579551 -0.12547705 0.00525134
v -0.07612834 -0.12528489 0.00501977
v -0.07644525 -0.12510192 0.00476012
v -0.07674447 -0.12492916 0.00447385
v -0.07702433 -0.12476759 0.00416257
v -0.07728326 -0.12461809 0.00382800
v -0.07751981 -0.12448152 0.00347203
v -0.07773266 -0.12435863 0.00309664
v -0.07792063 -0.12425011 0.00270393
v -0.07808265 -0.12415656 0.00229610
v -0.07821783 -0.12407852 0.00187543
v -0.07832540 -0.12401641 0.00144427
v -0.07840477 -0.12397059 0.00100504
v -0.07845549 -0.12394131 0.00056018
v -0.07847728 -0.12392873 0.00011219
v -0.07847001 -0.12393292 -0.00033642
v -0.07843373 -0.12395387 -0.00078316
v -0.07836864 -0.12399145 -0.00122551
v -0.07827511 -0.12404545 -0.00166101
v -0.07815365 -0.12411558 -0.00208723
v -0.07800494 -0.12420143 -0.00250176
v -0.07782983 -0.12430253 -0.00290231
v -0.07762928 -0.12441832 -0.00328663
v -0.07740442 -0.12454814 -0.00365257
v -0.07715650 -0.12469128 -0.00399808
v -0.07688692 -0.12484692 -0.00432123
v -0.07659718 -0.12501420 -0.00462022
v -0.07628890 -0.12519219 -0.00489337
v -0.07596380 -0.12537988 -0.00513915
v -0.07562370 -0.12557624 -0.00535619
v -0.07527051 -0.12578015 -0.00554328
v -0.07490620 -0.12599049 -0.00569936
v -0.07453281 -0.12620607 -0.00582358
v -0.07415242 -0.12642568 -0.00591523
v -0.07376716 -0.12664811 -0.00597379
v -0.07337919 -0.12687211 -0.00599895
v -0.07299068 -0.12709641 -0.00599056
v -0.07260380 -0.12731978 -0.00594867
v -0.07222071 -0.12754096 -0.00587351
v -0.07184355 -0.12775871 -0.00576550
v -0.07147444 -0.12797182 -0.00562525
v -0.07111544 -0.12817909 -0.00545355
v -0.07076856 -0.12837936 -0.00525134
v -0.07043573 -0.12857152 -0.00501977
v -0.07011882 -0.12875449 -0.00476012
v -0.06981959 -0.12892724 -0.00447385
v -0.06953974 -0.12908882 -0.00416257
v -0.06928081 -0.12923831 -0.00382800
v -0.06904425 -0.12937489 -0.00347203
v -0.06883140 -0.12949778 -0.00309664
v -0.06864344 -0.12960630 -0.00270393
v -0.06848141 -0.12969984 -0.00229610
v -0.06834624 -0.12977789 -0.00187543
v -0.06823866 -0.12983999 -0.00144427
v -0.06815930 -0.12988582 -0.00100504
v -0.06810858 -0.12991510 -0.00056018
v -0.06808679 -0.12992768 -0.00011219
v -0.06809405 -0.12992348 0.00033642
v -0.06813033 -0.12990254 0.00078316
v -0.06819542 -0.12986496 0.00122551
v -0.06828896 -0.12981096 0.00166101
v -0.06841042 -0.12974083 0.00208723
v -0.06855912 -0.12965498 0.00250176
v -0.06873424 -0.12955387 0.00290231
v -0.06893479 -0.12943809 0.00328663
v -0.06915965 -0.12930826 0.00365257
v -0.06940756 -0.12916513 0.00399808
v -0.06967714 -0.12900949 0.00432123
v -0.06996689 -0.12884220 0.00462022
v -0.07027517 -0.12866422 0.00489337
v -0.07060027 -0.12847652 0.00513915
v -0.07094036 -0.12828017 0.00535619
v -0.08632316 -0.11939891 0.03940346
v -0.08642334 -0.11934106 0.03944639
v -0.08652603 -0.11928178 0.03948055
v -0.08663063 -0.11922139 0.03950575
v -0.08673658 -0.11916022 0.03952185
v -0.08684327 -0.11909862 0.03952877
v -0.08695011 -0.11903693 0.03952647
v -0.08705650 -0.11897551 0.03951494
v -0.08716185 -0.11891468 0.03949428
v -0.08726557 -0.11885480 0.03946457
v -0.08736708 -0.11879620 0.03942601
v -0.08746580 -0.11873920 0.03937879
v -0.08756120 -0.11868412 0.03932318
v -0.08765272 -0.11863128 0.03925950
v -0.08773987 -0.11858096 0.03918809
v -0.08782216 -0.11853346 0.03910937
v -0.08789912 -0.11848902 0.03902377
v -0.08797033 -0.11844791 0.03893176
v -0.08803538 -0.11841036 0.03883387
v -0.08809391 -0.11837656 0.03873064
v -0.08814560 -0.11834672 0.03862264
v -0.08819016 -0.11832099 0.03851049
v -0.08822733 -0.11829953 0.03839480
v -0.08825691 -0.11828245 0.03827624
v -0.08827874 -0.11826985 0.03815545
v -0.08829269 -0.11826180 0.03803311
v -0.08829868 -0.11825834 0.03790991
v -0.08829668 -0.11825949 0.03778654
v -0.08828671 -0.11826525 0.03766369
v -0.08826881 -0.11827559 0.03754205
v -0.08824308 -0.11829044 0.03742228
v -0.08820968 -0.11830972 0.03730507
v -0.08816879 -0.11833333 0.03719108
v -0.08812063 -0.11836113 0.03708092
v -0.08806548 -0.11839297 0.03697524
v -0.08800364 -0.11842868 0.03687460
v -0.08793547 -0.11846804 0.03677959
v -0.08786133 -0.11851084 0.03669072
v -0.08778165 -0.11855684 0.03660850
v -0.08769688 -0.11860579 0.03653339
v -0.08760747 -0.11865741 0.03646580
v -0.08751395 -0.11871140 0.03640611
v -0.08741682 -0.11876748 0.03635466
v -0.08731664 -0.11882532 0.03631174
v -0.08721395 -0.11888461 0.03627758
v -0.08710935 -0.11894500 0.03625237
v -0.08700340 -0.11900617 0.03623627
v -0.08689671 -0.11906777 0.03622935
v -0.08678987 -0.11912945 0.03623166
v -0.08668347 -0.11919088 0.03624318
v -0.08657812 -0.11925170 0.03626385
v -0.08647441 -0.11931158 0.03629355
v -0.08637290 -0.11937019 0.03633212
v -0.08627418 -0.11942719 0.03637934
v -0.08617878 -0.11948226 0.03643494
v -0.08608725 -0.11953510 0.03649863
v -0.08600010 -0.11958542 0.03657003
v -0.08591782 -0.11963293 0.03664875
v -0.08584086 -0.11967736 0.03673436
v -0.08576965 -0.11971847 0.03682636
v -0.08570460 -0.11975603 0.03692425
v -0.08564606 -0.11978983 0.03702749
v -0.08559437 -0.11981967 0.03713548
v -0.08554982 -0.11984539 0.03724763
v -0.08551265 -0.11986686 0.03736332
v -0.08548306 -0.11988394 0.03748189
v -0.08546124 -0.11989654 0.03760268
v -0.08544729 -0.11990459 0.03772501
v -0.08544130 -0.11990805 0.03784821
v -0.08544329 -0.11990689 0.03797158
v -0.08545327 -0.11990113 0.03809443
v -0.08547117 -0.11989080 0.03821608
v -0.08549689 -0.11987595 0.03833584
v -0.08553030 -0.11985667 0.03845305
v -0.08557119 -0.11983306 0.03856705
v -0.08561935 -0.11980525 0.03867720
v -0.08567450 -0.11977341 0.03878288
v -0.08573633 -0.11973771 0.03888352
v -0.08580451 -0.11969835 0.03897853
v -0.08587864 -0.11965555 0.03906740
v -0.08595832 -0.11960954 0.03914962
v -0.08604310 -0.11956060 0.03922474
v -0.08613250 -0.11950898 0.03929233
v -0.08622603 -0.11945498 0.03935201
vn -0.21132487 0.78867513 -0.57735027
vn -0.11036081 0.41187216 -0.90453403
vn 0.78867513 0.21132487 -0.57735027
vn 0.41187216 0.11036081 -0.90453403
vn 0.38339150 0.91964789 -0.08519811
vn 0.12779717 0.98813418 0.08519811
vn 0.95454545 0.23618875 0.18181818
vn 0.68181818 0.70856624 -0.18181818
vn -0.00000000 0.28734789 -0.95782629
vn -0.00000000 0.83191205 -0.55490751
vn -0.78095187 0.59757392 -0.18171296
vn -0.21984852 0.78547591 -0.57852764
vn 0.57735027 0.57735027 -0.57735027
vn -0.57735027 0.57735027 -0.57735027
vn -0.68181818 0.70856624 -0.18181818
vn 0.11036081 0.41187216 -0.90453403
vn 0.21984852 0.78547591 -0.57852764
vn 0.09976635 0.20448131 -0.97377311
vn -0.09976635 0.20448131 -0.97377311
vn 0.57735027 0.57735027 0.57735027
vn 0.68181818 0.70856624 0.18181818
vn 0.95454545 0.23618875 -0.18181818
vn 0.68285539 0.40442717 -0.60839722
vn 0.89102081 0.43812376 -0.11886754
vn -0.28895369 -0.15771844 -0.94426196
vn -0.28895369 -0.15771844 0.94426196
vn 0.89102081 0.43812376 0.11886754
vn 0.68285539 0.40442717 0.60839722
vn 0.20455696 0.73084213 0.65117296
vn 0.47390280 0.34478483 0.81027129
vn -0.03569054 -0.58496720 0.81027129
vn -0.18738626 -0.73175704 0.65529995
vn 0.18738626 -0.73175704 0.65529995
vn 0.03569054 -0.58496720 0.81027129
vn -0.47390280 0.34478483 0.81027129
vn -0.68285539 0.40442717 0.60839722
vn -0.95454545 0.23618875 0.18181818
vn -0.12779717 0.98813418 0.08519811
vn -0.20455696 0.73084213 0.65117296
vn -0.06164102 0.58280428 0.81027129
vn 0.48875119 -0.32339252 0.81027129
vn 0.68951606 -0.38794358 0.61161048
vn 0.95454545 -0.23618875 0.18181818
vn 0.00000000 -0.54470478 0.83862787
vn -0.95454545 -0.23618875 0.18181818
vn -0.68951606 -0.38794358 0.61161048
vn -0.48875119 -0.32339252 0.81027129
vn 0.06164102 0.58280428 0.81027129
vn 0.26487036 0.11783719 0.95705699
vn 0.26487036 0.11783719 -0.95705699
vn 0.24237257 0.96902652 0.04736179
vn 0.57735027 0.57735027 -0.57735027
vn 0.57735027 0.57735027 0.57735027
vn 0.38339150 0.91964789 0.08519811
vn 0.12779717 0.98813418 -0.08519811
vn 0.20455696 0.73084213 -0.65117296
vn 0.24237257 0.96902652 -0.04736179
vn 0.79016635 0.20234355 -0.57852764
vn 0.22696919 0.01584046 -0.97377311
vn 0.72045697 0.41595602 -0.55490751
vn 0.12720284 0.18864085 -0.97377311
vn 0.57031783 0.58313236 -0.57852764
vn 0.90453403 0.30151134 -0.30151134
vn 0.24885057 0.14367394 -0.95782629
vn 0.90799013 -0.37753720 -0.18171296
vn 0.21132487 0.78867513 -0.57735027
vn -0.78867513 0.21132487 -0.57735027
vn -0.24885057 0.14367394 -0.95782629
vn -0.57735027 0.57735027 -0.57735027
vn -0.57735027 -0.57735027 -0.57735027
vn -0.24885057 -0.14367394 -0.95782629
vn -0.78867513 -0.21132487 -0.57735027
vn 0.21132487 -0.78867513 -0.57735027
vn 0.00000000 -0.28734789 -0.95782629
vn -0.21132487 -0.78867513 -0.57735027
vn 0.78867513 -0.21132487 -0.57735027
vn 0.24885057 -0.14367394 -0.95782629
vn 0.57735027 -0.57735027 -0.57735027
vn 0.57735027 0.57735027 -0.57735027
vn -0.47172818 -0.27235239 -0.83862787
vn 0.00000000 -0.54470478 -0.83862787
vn -0.47172818 0.27235239 -0.83862787
vn 0.00000000 0.54470478 -0.83862787
vn 0.47172818 0.27235239 -0.83862787
vn 0.47172818 -0.27235239 -0.83862787
vn 0.78095187 0.59757392 -0.18171296
vn -0.41187216 0.11036081 -0.90453403
vn -0.38339150 0.91964789 -0.08519811
vn -0.57735027 0.57735027 0.57735027
vn -0.68181818 0.70856624 0.18181818
vn -0.95454545 0.23618875 -0.18181818
vn -0.68285539 0.40442717 -0.60839722
vn -0.89102081 0.43812376 -0.11886754
vn 0.28895369 -0.15771844 -0.94426196
vn 0.28895369 -0.15771844 0.94426196
vn -0.89102081 0.43812376 0.11886754
vn -0.17407050 0.43529222 -0.88330071
vn -0.62991358 0.68934443 -0.35778925
vn -0.07592215 0.86128399 -0.50241986
vn -0.09761054 0.87280683 -0.47820541
vn -0.22348622 -0.97376167 0.04291991
vn -0.27740714 -0.50633845 0.81649657
vn -0.45591408 -0.78124379 0.42638069
vn -0.87968778 0.17638122 0.44163229
vn -0.87011211 0.48973725 0.05533847
vn -0.87011345 0.48973494 0.05533785
vn 0.22348622 -0.97376167 0.04291991
vn -0.22348622 -0.97376167 -0.04291991
vn -0.18738626 -0.73175704 -0.65529995
vn 0.18738626 -0.73175704 -0.65529995
vn 0.22348622 -0.97376167 -0.04291991
vn -0.27740714 -0.50633845 -0.81649657
vn -0.45591408 -0.78124379 -0.42638069
vn -0.87968778 0.17638122 -0.44163229
vn -0.63085282 0.68725420 0.36014771
vn -0.87011211 0.48973725 -0.05533847
vn -0.87011345 0.48973494 -0.05533785
vn 0.47390280 0.34478483 -0.81027129
vn -0.17101054 0.43669876 0.88320416
vn -0.09570540 0.87237026 0.47938565
vn -0.07587358 0.86041690 0.50391066
vn -0.03569054 -0.58496720 -0.81027129
vn 0.03569054 -0.58496720 -0.81027129
vn -0.47390280 0.34478483 -0.81027129
vn -0.12779717 0.98813418 -0.08519811
vn -0.20455696 0.73084213 -0.65117296
vn -0.06164102 0.58280428 -0.81027129
vn 0.48875119 -0.32339252 -0.81027129
vn 0.68951606 -0.38794358 -0.61161048
vn 0.95454545 -0.23618875 -0.18181818
vn 0.00000000 -0.54470478 -0.83862787
vn -0.95454545 -0.23618875 -0.18181818
vn -0.68951606 -0.38794358 -0.61161048
vn -0.48875119 -0.32339252 -0.81027129
vn 0.06164102 0.58280428 -0.81027129
vn 0.41187216 0.11036081 0.90453403
vn 0.78867513 0.21132487 0.57735027
vn -0.21132487 0.78867513 0.57735027
vn -0.11036081 0.41187216 0.90453403
vn 0.11036081 0.41187216 0.90453403
vn 0.21984852 0.78547591 0.57852764
vn 0.09976635 0.20448131 0.97377311
vn -0.00000000 0.83191205 0.55490751
vn -0.09976635 0.20448131 0.97377311
vn -0.21984852 0.78547591 0.57852764
vn 0.46287676 0.07008734 -0.88364748
vn 0.91060597 -0.20270777 -0.36014766
vn 0.78307968 0.36450001 -0.50391066
vn 0.80334751 0.35330182 -0.47938565
vn -0.51113689 -0.00633611 -0.85947596
vn -0.04117927 0.03639629 -0.99848865
vn -0.04117859 0.03639946 -0.99848856
vn -0.82600596 -0.56366138 -0.00005405
vn -0.99757455 -0.06960604 -0.00010078
vn -0.89875817 -0.42419096 0.11088637
vn -0.29979839 -0.49341085 0.81649657
vn -0.89875817 -0.42419096 -0.11088637
vn -0.47172818 -0.27235239 0.83862787
vn -0.47172818 0.27235239 0.83862787
vn -0.95454545 0.23618875 -0.18181818
vn -0.68951606 0.38794358 -0.61161048
vn -0.89875817 0.42419096 -0.11088637
vn 0.26487036 -0.11783719 -0.95705699
vn 0.26487036 -0.11783719 0.95705699
vn -0.89875817 0.42419096 0.11088637
vn -0.68951606 0.38794358 0.61161048
vn -0.95454545 0.23618875 0.18181818
vn -0.90453403 -0.30151134 0.30151134
vn -0.90453403 -0.30151134 -0.30151134
vn -0.90453403 0.30151134 0.30151134
vn -0.90453403 0.30151134 -0.30151134
vn 0.43850668 -0.89872793 -0.00010078
vn -0.07514209 -0.99717284 -0.00005405
vn 0.25008164 -0.44582521 -0.85947603
vn 0.05211334 -0.01746074 -0.99848852
vn 0.05211131 -0.01746280 -0.99848859
vn 0.91194653 -0.20084924 0.35778920
vn 0.59259419 -0.67364175 -0.44163211
vn 0.85917872 -0.50867447 -0.05533725
vn 0.85918015 -0.50867195 -0.05533813
vn -0.44861993 -0.78545507 -0.42638069
vn -0.29979839 -0.49341085 -0.81649657
vn 0.46361505 0.06688973 0.88350826
vn 0.80467816 0.35187021 0.47820541
vn 0.78385489 0.36489148 0.50241986
vn 0.79016635 0.20234355 0.57852764
vn 0.22696919 0.01584046 0.97377311
vn 0.72045697 0.41595602 0.55490751
vn 0.12720284 0.18864085 0.97377311
vn 0.57031783 0.58313236 0.57852764
vn 0.90453403 0.30151134 0.30151134
vn 0.57735027 0.57735027 0.57735027
vn 0.57735027 -0.57735027 0.57735027
vn 0.90453403 -0.30151134 0.30151134
vn 0.57735027 -0.57735027 0.57735027
vn 0.57735027 -0.57735027 -0.57735027
vn 0.90453403 -0.30151134 -0.30151134
vn 0.90453403 -0.30151134 0.30151134
vn 0.90453403 -0.30151134 -0.30151134
vn 0.90453403 0.30151134 0.30151134
vn 0.90453403 0.30151134 -0.30151134
vn 0.59259419 -0.67364175 0.44163211
vn 0.85917872 -0.50867447 0.05533725
vn 0.85918015 -0.50867195 0.05533813
vn -0.44861993 -0.78545507 0.42638069
vn 0.12703826 0.97511111 -0.18171296
vn -0.72045697 0.41595602 -0.55490751
vn -0.90799013 -0.37753720 -0.18171296
vn -0.79016635 0.20234355 -0.57852764
vn -0.57735027 0.57735027 -0.57735027
vn -0.90453403 0.30151134 -0.30151134
vn -0.57031783 0.58313236 -0.57852764
vn -0.12720284 0.18864085 -0.97377311
vn -0.22696919 0.01584046 -0.97377311
vn -0.57735027 0.57735027 0.57735027
vn -0.38339150 0.91964789 0.08519811
vn -0.24237257 0.96902652 0.04736179
vn -0.26487036 0.11783719 0.95705699
vn -0.26487036 0.11783719 -0.95705699
vn -0.24237257 0.96902652 -0.04736179
vn 0.17074097 0.43590670 -0.88364748
vn 0.63085306 0.68725402 -0.36014766
vn 0.07587358 0.86041690 -0.50391066
vn 0.09570540 0.87237026 -0.47938565
vn 0.87968796 0.17638075 0.44163211
vn 0.87011437 0.48973336 0.05533725
vn 0.87011291 0.48973586 0.05533813
vn 0.45591408 -0.78124379 0.42638069
vn 0.27740714 -0.50633845 0.81649657
vn 0.62991381 0.68934424 0.35778920
vn 0.87968796 0.17638075 -0.44163211
vn 0.87011437 0.48973336 -0.05533725
vn 0.87011291 0.48973586 -0.05533813
vn 0.45591408 -0.78124379 -0.42638069
vn 0.27740714 -0.50633845 -0.81649657
vn 0.17387932 0.43494728 0.88350826
vn 0.09761054 0.87280683 0.47820541
vn 0.07592215 0.86128399 0.50241986
vn 0.21132487 0.78867513 0.57735027
vn -0.78867513 0.21132487 0.57735027
vn -0.41187216 0.11036081 0.90453403
vn -0.58519577 -0.46977936 0.66094876
vn -0.54378629 -0.49311796 0.67906638
vn -0.49998814 -0.51849360 0.69366869
vn -0.45538030 -0.54433341 0.70450686
vn -0.41020468 -0.57049778 0.71152260
vn -0.36470621 -0.59684534 0.71467826
vn -0.31913161 -0.62323370 0.71395712
vn -0.27372795 -0.64952025 0.70936341
vn -0.22874141 -0.67556291 0.70092233
vn -0.18441589 -0.70122091 0.68867991
vn -0.14099173 -0.72635554 0.67270273
vn -0.09870434 -0.75083090 0.65307764
vn -0.05778303 -0.77451467 0.62991122
vn -0.01844967 -0.79727878 0.60332922
vn 0.01984508 -0.81911680 0.57328338
vn -0.51113269 -0.00599217 0.85948093
vn 0.11312316 0.74205291 0.66072735
vn 0.15580671 0.71707441 0.67935893
vn 0.20038646 0.69142581 0.69410058
vn 0.24578802 0.66529940 0.70495742
vn 0.29175789 0.63884158 0.71186991
vn 0.33803947 0.61220054 0.71480055
vn 0.38437450 0.58552544 0.71373399
vn 0.43050448 0.55896556 0.70867722
vn 0.47617211 0.53266951 0.69965943
vn 0.52112277 0.50678433 0.68673190
vn 0.56510584 0.48145476 0.66996769
vn 0.60787618 0.45682237 0.64946122
vn 0.64919547 0.43302480 0.62532773
vn 0.68883350 0.41019500 0.59770267
vn 0.72631856 0.38855290 0.56699912
vn 0.76165210 0.36973946 0.53214547
vn 0.79560190 0.35005543 0.49444798
vn 0.82984423 0.32527920 0.45337842
vn 0.85330508 0.31425008 0.41607371
vn 0.87983747 0.30011480 0.36853376
vn 0.90220821 0.28719259 0.32177751
vn 0.92149052 0.27605341 0.27322103
vn 0.93757653 0.26675954 0.22313583
vn 0.95037620 0.25936297 0.17180198
vn 0.95981790 0.25390506 0.11950654
vn 0.96584876 0.25041633 0.06654194
vn 0.96843499 0.24891628 0.01320438
vn 0.96756205 0.24941332 -0.04020787
vn 0.96323476 0.25190465 -0.09339613
vn 0.95547726 0.25637635 -0.14606294
vn 0.94433284 0.26280341 -0.19791376
vn 0.92986377 0.27114989 -0.24865862
vn 0.91215089 0.28136911 -0.29801372
vn 0.89129318 0.29340393 -0.34570304
vn 0.86740723 0.30718703 -0.39145986
vn 0.84087751 0.32252737 -0.43462756
vn 0.81128783 0.34112931 -0.47480822
vn 0.77882287 0.35976754 -0.51381150
vn 0.74040541 0.37612471 -0.55707274
vn 0.71003269 0.39717237 -0.58147029
vn 0.66918895 0.42207921 -0.61158425
vn 0.62872570 0.44548526 -0.63737499
vn 0.58670680 0.46976273 -0.65961967
vn 0.54336180 0.49477923 -0.67819722
vn 0.49892712 0.52039818 -0.69300610
vn 0.45364489 0.54647952 -0.70396481
vn 0.40776169 0.57288038 -0.71101229
vn 0.36152728 0.59945586 -0.71410832
vn 0.31519339 0.62605977 -0.71323369
vn 0.26901236 0.65254536 -0.70839036
vn 0.22323590 0.67876613 -0.69960151
vn 0.17811375 0.70457659 -0.68691144
vn 0.13399042 0.72982616 -0.67037328
vn 0.09148449 0.75441505 -0.64999117
vn 0.05029836 0.77845688 -0.62567959
vn 0.01079787 0.80149206 -0.59790793
vn -0.02653393 0.82323788 -0.56707614
vn -0.06062229 0.84447980 -0.53214547
vn -0.09464406 0.86403917 -0.49444798
vn -0.13322207 0.88130579 -0.45337842
vn -0.15450399 0.89610892 -0.41607371
vn -0.18001169 0.91201900 -0.36853376
vn -0.20238802 0.92493152 -0.32177751
vn -0.22167600 0.93606091 -0.27322103
vn -0.23776772 0.94534486 -0.22313583
vn -0.25057318 0.95273142 -0.17180198
vn -0.26002072 0.95817922 -0.11950654
vn -0.26605748 0.96165773 -0.06654194
vn -0.26864967 0.96314744 -0.01320438
vn -0.26778276 0.96263998 0.04020787
vn -0.26346156 0.96013810 0.09339613
vn -0.25571020 0.95565575 0.14606294
vn -0.24457199 0.94921793 0.19791376
vn -0.23010919 0.94086059 0.24865862
vn -0.21240264 0.93063040 0.29801372
vn -0.19155134 0.91858450 0.34570304
vn -0.16767184 0.90479021 0.39145986
vn -0.14112186 0.88948497 0.43462756
vn -0.11021726 0.87316053 0.47480822
vn -0.07784360 0.85436416 0.51381150
vn -0.04446915 0.82927225 0.55707274
vn -0.01074919 0.81366792 0.58123056
vn 0.03109305 0.79055351 0.61160311
vn 0.07139304 0.76685242 0.63784042
vn 0.24919495 -0.44635356 0.85945935
vn -0.72494606 -0.38871775 0.56864024
vn -0.69133615 -0.41000777 0.59493525
vn -0.65742627 -0.42937665 0.61921433
vn -0.62226774 -0.44923387 0.64107081
vn 0.05053592 -0.01657371 0.99858472
vn 0.05053378 -0.01657571 0.99858479
vn -0.84648428 -0.31794426 -0.42705481
vn -0.87320690 -0.30393705 -0.38096192
vn -0.89645152 -0.29051030 -0.33463179
vn -0.91662553 -0.27885630 -0.28642068
vn -0.93361550 -0.26904053 -0.23659943
vn -0.94732590 -0.26111815 -0.18544795
vn -0.95767963 -0.25513368 -0.13325362
vn -0.96461844 -0.25112075 -0.08030968
vn -0.96810325 -0.24910190 -0.02691361
vn -0.96811441 -0.24908850 0.02663460
vn -0.96465179 -0.25108062 0.08003406
vn -0.95773475 -0.25506707 0.13298474
vn -0.94740207 -0.26102547 0.18518912
vn -0.93371175 -0.26892235 0.23635386
vn -0.91674060 -0.27871332 0.28619145
vn -0.89658393 -0.29034340 0.33442185
vn -0.87335489 -0.30374723 0.38077403
vn -0.84693081 -0.31873510 0.42557741
vn 0.02274447 -0.81993432 -0.57200560
vn -0.01620497 -0.79921331 -0.60082900
vn -0.05419975 -0.77732936 -0.62675470
vn -0.09368141 -0.75456270 -0.64950668
vn -0.13445099 -0.73102846 -0.66896960
vn -0.17630268 -0.70684551 -0.68504510
vn -0.21902491 -0.68213581 -0.69765237
vn -0.26240163 -0.65702368 -0.70672857
vn -0.30621353 -0.63163512 -0.71222914
vn -0.35023928 -0.60609711 -0.71412796
vn -0.39425678 -0.58053685 -0.71241740
vn -0.43804439 -0.55508115 -0.70710821
vn -0.48138213 -0.52985571 -0.69822931
vn -0.52405281 -0.50498449 -0.68582747
vn -0.56578562 -0.48067512 -0.66995378
vn -0.60622384 -0.45737055 -0.65061881
vn -0.64570759 -0.43483105 -0.62768118
vn -0.68367578 -0.41313467 -0.60158721
vn -0.72036335 -0.39185466 -0.57229937
vn 0.14789434 -0.89204902 0.42705481
vn 0.17338625 -0.90818788 0.38096192
vn 0.19663646 -0.92160494 0.33463179
vn 0.21681613 -0.93324914 0.28642068
vn 0.23381182 -0.94305501 0.23659943
vn 0.24752800 -0.95096737 0.18544795
vn 0.25788757 -0.95694173 0.13325362
vn 0.26483227 -0.96094444 0.08030968
vn 0.26832305 -0.96295296 0.02691361
vn 0.26834024 -0.96295593 -0.02663460
vn 0.26488370 -0.96095326 -0.08003406
vn 0.25797281 -0.95695616 -0.13298474
vn 0.24764635 -0.95098700 -0.18518912
vn 0.23396229 -0.94307927 -0.23635386
vn 0.21699748 -0.93327731 -0.28619145
vn 0.19684720 -0.92163616 -0.33442185
vn 0.17362462 -0.90822114 -0.38077403
vn 0.14743272 -0.89283115 -0.42557741
vn -0.04169826 0.03670383 0.99845585
vn -0.04169756 0.03670697 0.99845576
vn -0.12632138 -0.75339565 -0.64532000
vn -0.16873260 -0.72890952 -0.66349093
vn -0.21220121 -0.70381291 -0.67795135
vn -0.25648412 -0.67824616 -0.68862039
vn -0.30133370 -0.65235224 -0.69543839
vn -0.34649911 -0.62627598 -0.69836721
vn -0.39172778 -0.60016320 -0.69739048
vn -0.43676677 -0.57415992 -0.69251366
vn -0.48136420 -0.54841159 -0.68376402
vn -0.52527067 -0.52306217 -0.67119050
vn -0.56824063 -0.49825346 -0.65486341
vn -0.61003377 -0.47412417 -0.63487405
vn -0.65041639 -0.45080926 -0.61133423
vn -0.68916263 -0.42843911 -0.58437557
vn -0.72605581 -0.40713882 -0.55414885
vn -0.76088961 -0.38702751 -0.52082310
vn -0.79346923 -0.36821766 -0.48458470
vn -0.82361247 -0.35081445 -0.44563630
vn -0.85115076 -0.33491522 -0.40419573
vn -0.87593008 -0.32060887 -0.36049473
vn -0.89781187 -0.30797541 -0.31477769
vn -0.91667375 -0.29708550 -0.26730030
vn -0.93241023 -0.28800004 -0.21832805
vn -0.94493332 -0.28076983 -0.16813482
vn -0.95417299 -0.27543530 -0.11700131
vn -0.96007754 -0.27202631 -0.06521348
vn -0.96261398 -0.27056190 -0.01306096
vn -0.96176811 -0.27105026 0.03916461
vn -0.95754466 -0.27348867 0.09117115
vn -0.94996725 -0.27786349 0.14266783
vn -0.93907826 -0.28415025 0.19336665
vn -0.92493858 -0.29231380 0.24298409
vn -0.90762729 -0.30230847 0.29124266
vn -0.88724120 -0.31407839 0.33787248
vn -0.86389432 -0.32755772 0.38261279
vn -0.83771721 -0.34267108 0.42521337
vn -0.80885627 -0.35933395 0.46543598
vn -0.77747289 -0.37745315 0.50305568
vn -0.74374259 -0.39692735 0.53786210
vn -0.70785400 -0.41764764 0.56966057
vn -0.67000782 -0.43949814 0.59827327
vn -0.63041571 -0.46235665 0.62354018
vn -0.58929908 -0.48609535 0.64532000
vn -0.54688787 -0.51058148 0.66349093
vn -0.50341926 -0.53567809 0.67795135
vn -0.45913634 -0.56124485 0.68862039
vn -0.41428677 -0.58713876 0.69543839
vn -0.36912135 -0.61321502 0.69836721
vn -0.32389269 -0.63932781 0.69739048
vn -0.27885370 -0.66533108 0.69251366
vn -0.23425627 -0.69107942 0.68376402
vn -0.19034980 -0.71642883 0.67119050
vn -0.14737984 -0.74123755 0.65486341
vn -0.10558669 -0.76536683 0.63487405
vn -0.06520408 -0.78868174 0.61133423
vn -0.02645784 -0.81105190 0.58437557
vn 0.01043535 -0.83235218 0.55414885
vn 0.04526915 -0.85246349 0.52082310
vn 0.07784877 -0.87127334 0.48458470
vn 0.10799201 -0.88867655 0.44563630
vn 0.13553029 -0.90457579 0.40419573
vn 0.16030962 -0.91888213 0.36049473
vn 0.18219140 -0.93151559 0.31477769
vn 0.20105328 -0.94240550 0.26730030
vn 0.21678977 -0.95149097 0.21832805
vn 0.22931286 -0.95872118 0.16813482
vn 0.23855252 -0.96405570 0.11700131
vn 0.24445708 -0.96746470 0.06521348
vn 0.24699352 -0.96892911 0.01306096
vn 0.24614764 -0.96844074 -0.03916461
vn 0.24192419 -0.96600233 -0.09117115
vn 0.23434678 -0.96162751 -0.14266783
vn 0.22345779 -0.95534075 -0.19336665
vn 0.20931812 -0.94717721 -0.24298409
vn 0.19200683 -0.93718253 -0.29124266
vn 0.17162074 -0.92541261 -0.33787248
vn 0.14827386 -0.91193329 -0.38261279
vn 0.12209675 -0.89681992 -0.42521337
vn 0.09323580 -0.88015705 -0.46543598
vn 0.06185243 -0.86203785 -0.50305568
vn 0.02812213 -0.84256365 -0.53786210
vn -0.00776646 -0.82184337 -0.56966057
vn -0.04561264 -0.79999287 -0.59827327
vn -0.08520475 -0.77713435 -0.62354018
vn -0.82600596 -0.56366138 0.00005405
vn -0.07514209 -0.99717284 0.00005405
vn -0.12632138 -0.75339565 -0.64532000
vn -0.16873260 -0.72890952 -0.66349093
vn -0.21220121 -0.70381291 -0.67795135
vn -0.25648412 -0.67824616 -0.68862039
vn -0.30133370 -0.65235224 -0.69543839
vn -0.34649911 -0.62627598 -0.69836721
vn -0.39172778 -0.60016320 -0.69739048
vn -0.43676677 -0.57415992 -0.69251366
vn -0.48136420 -0.54841159 -0.68376402
vn -0.52527067 -0.52306217 -0.67119050
vn -0.56824063 -0.49825346 -0.65486341
vn -0.61003377 -0.47412417 -0.63487405
vn -0.65041639 -0.45080926 -0.61133423
vn -0.68916263 -0.42843911 -0.58437557
vn -0.72605581 -0.40713882 -0.55414885
vn -0.76088961 -0.38702751 -0.52082310
vn -0.79346923 -0.36821766 -0.48458470
vn -0.82361247 -0.35081445 -0.44563630
vn -0.85115076 -0.33491522 -0.40419573
vn -0.87593008 -0.32060887 -0.36049473
vn -0.89781187 -0.30797541 -0.31477769
vn -0.91667375 -0.29708550 -0.26730030
vn -0.93241023 -0.28800004 -0.21832805
vn -0.94493332 -0.28076983 -0.16813482
vn -0.95417299 -0.27543530 -0.11700131
vn -0.96007754 -0.27202631 -0.06521348
vn -0.96261398 -0.27056190 -0.01306096
vn -0.96176811 -0.27105026 0.03916461
vn -0.95754466 -0.27348867 0.09117115
vn -0.94996725 -0.27786349 0.14266783
vn -0.93907826 -0.28415025 0.19336665
vn -0.92493858 -0.29231380 0.24298409
vn -0.90762729 -0.30230847 0.29124266
vn -0.88724120 -0.31407839 0.33787248
vn -0.86389432 -0.32755772 0.38261279
vn -0.83771721 -0.34267108 0.42521337
vn -0.80885627 -0.35933395 0.46543598
vn -0.77747289 -0.37745315 0.50305568
vn -0.74374259 -0.39692735 0.53786210
vn -0.70785400 -0.41764764 0.56966057
vn -0.67000782 -0.43949814 0.59827327
vn -0.63041571 -0.46235665 0.62354018
vn -0.58929908 -0.48609535 0.64532000
vn -0.54688787 -0.51058148 0.66349093
vn -0.50341926 -0.53567809 0.67795135
vn -0.45913634 -0.56124485 0.68862039
vn -0.41428677 -0.58713876 0.69543839
vn -0.36912135 -0.61321502 0.69836721
vn -0.32389269 -0.63932781 0.69739048
vn -0.27885370 -0.66533108 0.69251366
vn -0.23425627 -0.69107942 0.68376402
vn -0.19034980 -0.71642883 0.67119050
vn -0.14737984 -0.74123755 0.65486341
vn -0.10558669 -0.76536683 0.63487405
vn -0.06520408 -0.78868174 0.61133423
vn -0.02645784 -0.81105190 0.58437557
vn 0.01043535 -0.83235218 0.55414885
vn 0.04526915 -0.85246349 0.52082310
vn 0.07784877 -0.87127334 0.48458470
vn 0.10799201 -0.88867655 0.44563630
vn 0.13553029 -0.90457579 0.40419573
vn 0.16030962 -0.91888213 0.36049473
vn 0.18219140 -0.93151559 0.31477769
vn 0.20105328 -0.94240550 0.26730030
vn 0.21678977 -0.95149097 0.21832805
vn 0.22931286 -0.95872118 0.16813482
vn 0.23855252 -0.96405570 0.11700131
vn 0.24445708 -0.96746470 0.06521348
vn 0.24699352 -0.96892911 0.01306096
vn 0.24614764 -0.96844074 -0.03916461
vn 0.24192419 -0.96600233 -0.09117115
vn 0.23434678 -0.96162751 -0.14266783
vn 0.22345779 -0.95534075 -0.19336665
vn 0.20931812 -0.94717721 -0.24298409
vn 0.19200683 -0.93718253 -0.29124266
vn 0.17162074 -0.92541261 -0.33787248
vn 0.14827386 -0.91193329 -0.38261279
vn 0.12209675 -0.89681992 -0.42521337
vn 0.09323580 -0.88015705 -0.46543598
vn 0.06185243 -0.86203785 -0.50305568
vn 0.02812213 -0.84256365 -0.53786210
vn -0.00776646 -0.82184337 -0.56966057
vn -0.04561264 -0.79999287 -0.59827327
vn -0.08520475 -0.77713435 -0.62354018
vn -0.12632138 -0.75339565 -0.64532000
vn -0.16873260 -0.72890952 -0.66349093
vn -0.21220121 -0.70381291 -0.67795135
vn -0.25648412 -0.67824616 -0.68862039
vn -0.30133370 -0.65235224 -0.69543839
vn -0.34649911 -0.62627598 -0.69836721
vn -0.39172778 -0.60016320 -0.69739048
vn -0.43676677 -0.57415992 -0.69251366
vn -0.48136420 -0.54841159 -0.68376402
vn -0.52527067 -0.52306217 -0.67119050
vn -0.56824063 -0.49825346 -0.65486341
vn -0.61003377 -0.47412417 -0.63487405
vn -0.65041639 -0.45080926 -0.61133423
vn -0.68916263 -0.42843911 -0.58437557
vn -0.72605581 -0.40713882 -0.55414885
vn -0.76088961 -0.38702751 -0.52082310
vn -0.79346923 -0.36821766 -0.48458470
vn -0.82361247 -0.35081445 -0.44563630
vn -0.85115076 -0.33491522 -0.40419573
vn -0.87593008 -0.32060887 -0.36049473
vn -0.89781187 -0.30797541 -0.31477769
vn -0.91667375 -0.29708550 -0.26730030
vn -0.93241023 -0.28800004 -0.21832805
vn -0.94493332 -0.28076983 -0.16813482
vn -0.95417299 -0.27543530 -0.11700131
vn -0.96007754 -0.27202631 -0.06521348
vn -0.96261398 -0.27056190 -0.01306096
vn -0.96176811 -0.27105026 0.03916461
vn -0.95754466 -0.27348867 0.09117115
vn -0.94996725 -0.27786349 0.14266783
vn -0.93907826 -0.28415025 0.19336665
vn -0.92493858 -0.29231380 0.24298409
vn -0.90762729 -0.30230847 0.29124266
vn -0.88724120 -0.31407839 0.33787248
vn -0.86389432 -0.32755772 0.38261279
vn -0.83771721 -0.34267108 0.42521337
vn -0.80885627 -0.35933395 0.46543598
vn -0.77747289 -0.37745315 0.50305568
vn -0.74374259 -0.39692735 0.53786210
vn -0.70785400 -0.41764764 0.56966057
vn -0.67000782 -0.43949814 0.59827327
vn -0.63041571 -0.46235665 0.62354018
vn -0.58929908 -0.48609535 0.64532000
vn -0.54688787 -0.51058148 0.66349093
vn -0.50341926 -0.53567809 0.67795135
vn -0.45913634 -0.56124485 0.68862039
vn -0.41428677 -0.58713876 0.69543839
vn -0.36912135 -0.61321502 0.69836721
vn -0.32389269 -0.63932781 0.69739048
vn -0.27885370 -0.66533108 0.69251366
vn -0.23425627 -0.69107942 0.68376402
vn -0.19034980 -0.71642883 0.67119050
vn -0.14737984 -0.74123755 0.65486341
vn -0.10558669 -0.76536683 0.63487405
vn -0.06520408 -0.78868174 0.61133423
vn -0.02645784 -0.81105190 0.58437557
vn 0.01043535 -0.83235218 0.55414885
vn 0.04526915 -0.85246349 0.52082310
vn 0.07784877 -0.87127334 0.48458470
vn 0.10799201 -0.88867655 0.44563630
vn 0.13553029 -0.90457579 0.40419573
vn 0.16030962 -0.91888213 0.36049473
vn 0.18219140 -0.93151559 0.31477769
vn 0.20105328 -0.94240550 0.26730030
vn 0.21678977 -0.95149097 0.21832805
vn 0.22931286 -0.95872118 0.16813482
vn 0.23855252 -0.96405570 0.11700131
vn 0.24445708 -0.96746470 0.06521348
vn 0.24699352 -0.96892911 0.01306096
vn 0.24614764 -0.96844074 -0.03916461
vn 0.24192419 -0.96600233 -0.09117115
vn 0.23434678 -0.96162751 -0.14266783
vn 0.22345779 -0.95534075 -0.19336665
vn 0.20931812 -0.94717721 -0.24298409
vn 0.19200683 -0.93718253 -0.29124266
vn 0.17162074 -0.92541261 -0.33787248
vn 0.14827386 -0.91193329 -0.38261279
vn 0.12209675 -0.89681992 -0.42521337
vn 0.09323580 -0.88015705 -0.46543598
vn 0.06185243 -0.86203785 -0.50305568
vn 0.02812213 -0.84256365 -0.53786210
vn -0.00776646 -0.82184337 -0.56966057
vn -0.04561264 -0.79999287 -0.59827327
vn -0.08520475 -0.77713435 -0.62354018
vn -0.12632138 -0.75339565 -0.64532000
vn -0.16873260 -0.72890952 -0.66349093
vn -0.21220121 -0.70381291 -0.67795135
vn -0.25648412 -0.67824616 -0.68862039
vn -0.30133370 -0.65235224 -0.69543839
vn -0.34649911 -0.62627598 -0.69836721
vn -0.39172778 -0.60016320 -0.69739048
vn -0.43676677 -0.57415992 -0.69251366
vn -0.48136420 -0.54841159 -0.68376402
vn -0.52527067 -0.52306217 -0.67119050
vn -0.56824063 -0.49825346 -0.65486341
vn -0.61003377 -0.47412417 -0.63487405
vn -0.65041639 -0.45080926 -0.61133423
vn -0.68916263 -0.42843911 -0.58437557
vn -0.72605581 -0.40713882 -0.55414885
vn -0.76088961 -0.38702751 -0.52082310
vn -0.79346923 -0.36821766 -0.48458470
vn -0.82361247 -0.35081445 -0.44563630
vn -0.85115076 -0.33491522 -0.40419573
vn -0.87593008 -0.32060887 -0.36049473
vn -0.89781187 -0.30797541 -0.31477769
vn -0.91667375 -0.29708550 -0.26730030
vn -0.93241023 -0.28800004 -0.21832805
vn -0.94493332 -0.28076983 -0.16813482
vn -0.95417299 -0.27543530 -0.11700131
vn -0.96007754 -0.27202631 -0.06521348
vn -0.96261398 -0.27056190 -0.01306096
vn -0.96176811 -0.27105026 0.03916461
vn -0.95754466 -0.27348867 0.09117115
vn -0.94996725 -0.27786349 0.14266783
vn -0.93907826 -0.28415025 0.19336665
vn -0.92493858 -0.29231380 0.24298409
vn -0.90762729 -0.30230847 0.29124266
vn -0.88724120 -0.31407839 0.33787248
vn -0.86389432 -0.32755772 0.38261279
vn -0.83771721 -0.34267108 0.42521337
vn -0.80885627 -0.35933395 0.46543598
vn -0.77747289 -0.37745315 0.50305568
vn -0.74374259 -0.39692735 0.53786210
vn -0.70785400 -0.41764764 0.56966057
vn -0.67000782 -0.43949814 0.59827327
vn -0.63041571 -0.46235665 0.62354018
vn -0.58929908 -0.48609535 0.64532000
vn -0.54688787 -0.51058148 0.66349093
vn -0.50341926 -0.53567809 0.67795135
vn -0.45913634 -0.56124485 0.68862039
vn -0.41428677 -0.58713876 0.69543839
vn -0.36912135 -0.61321502 0.69836721
vn -0.32389269 -0.63932781 0.69739048
vn -0.27885370 -0.66533108 0.69251366
vn -0.23425627 -0.69107942 0.68376402
vn -0.19034980 -0.71642883 0.67119050
vn -0.14737984 -0.74123755 0.65486341
vn -0.10558669 -0.76536683 0.63487405
vn -0.06520408 -0.78868174 0.61133423
vn -0.02645784 -0.81105190 0.58437557
vn 0.01043535 -0.83235218 0.55414885
vn 0.04526915 -0.85246349 0.52082310
vn 0.07784877 -0.87127334 0.48458470
vn 0.10799201 -0.88867655 0.44563630
vn 0.13553029 -0.90457579 0.40419573
vn 0.16030962 -0.91888213 0.36049473
vn 0.18219140 -0.93151559 0.31477769
vn 0.20105328 -0.94240550 0.26730030
vn 0.21678977 -0.95149097 0.21832805
vn 0.22931286 -0.95872118 0.16813482
vn 0.23855252 -0.96405570 0.11700131
vn 0.24445708 -0.96746470 0.06521348
vn 0.24699352 -0.96892911 0.01306096
vn 0.24614764 -0.96844074 -0.03916461
vn 0.24192419 -0.96600233 -0.09117115
vn 0.23434678 -0.96162751 -0.14266783
vn 0.22345779 -0.95534075 -0.19336665
vn 0.20931812 -0.94717721 -0.24298409
vn 0.19200683 -0.93718253 -0.29124266
vn 0.17162074 -0.92541261 -0.33787248
vn 0.14827386 -0.91193329 -0.38261279
vn 0.12209675 -0.89681992 -0.42521337
vn 0.09323580 -0.88015705 -0.46543598
vn 0.06185243 -0.86203785 -0.50305568
vn 0.02812213 -0.84256365 -0.53786210
vn -0.00776646 -0.82184337 -0.56966057
vn -0.04561264 -0.79999287 -0.59827327
vn -0.08520475 -0.77713435 -0.62354018
vn -0.12632138 -0.75339565 -0.64532000
vn -0.16873260 -0.72890952 -0.66349093
vn -0.21220121 -0.70381291 -0.67795135
vn -0.25648412 -0.67824616 -0.68862039
vn -0.30133370 -0.65235224 -0.69543839
vn -0.34649911 -0.62627598 -0.69836721
vn -0.39172778 -0.60016320 -0.69739048
vn -0.43676677 -0.57415992 -0.69251366
vn -0.48136420 -0.54841159 -0.68376402
vn -0.52527067 -0.52306217 -0.67119050
vn -0.56824063 -0.49825346 -0.65486341
vn -0.61003377 -0.47412417 -0.63487405
vn -0.65041639 -0.45080926 -0.61133423
vn -0.68916263 -0.42843911 -0.58437557
vn -0.72605581 -0.40713882 -0.55414885
vn -0.76088961 -0.38702751 -0.52082310
vn -0.79346923 -0.36821766 -0.48458470
vn -0.82361247 -0.35081445 -0.44563630
vn -0.85115076 -0.33491522 -0.40419573
vn -0.87593008 -0.32060887 -0.36049473
vn -0.89781187 -0.30797541 -0.31477769
vn -0.91667375 -0.29708550 -0.26730030
vn -0.93241023 -0.28800004 -0.21832805
vn -0.94493332 -0.28076983 -0.16813482
vn -0.95417299 -0.27543530 -0.11700131
vn -0.96007754 -0.27202631 -0.06521348
vn -0.96261398 -0.27056190 -0.01306096
vn -0.96176811 -0.27105026 0.03916461
vn -0.95754466 -0.27348867 0.09117115
vn -0.94996725 -0.27786349 0.14266783
vn -0.93907826 -0.28415025 0.19336665
vn -0.92493858 -0.29231380 0.24298409
vn -0.90762729 -0.30230847 0.29124266
vn -0.88724120 -0.31407839 0.33787248
vn -0.86389432 -0.32755772 0.38261279
vn -0.83771721 -0.34267108 0.42521337
vn -0.80885627 -0.35933395 0.46543598
vn -0.77747289 -0.37745315 0.50305568
vn -0.74374259 -0.39692735 0.53786210
vn -0.70785400 -0.41764764 0.56966057
vn -0.67000782 -0.43949814 0.59827327
vn -0.63041571 -0.46235665 0.62354018
vn -0.58929908 -0.48609535 0.64532000
vn -0.54688787 -0.51058148 0.66349093
vn -0.50341926 -0.53567809 0.67795135
vn -0.45913634 -0.56124485 0.68862039
vn -0.41428677 -0.58713876 0.69543839
vn -0.36912135 -0.61321502 0.69836721
vn -0.32389269 -0.63932781 0.69739048
vn -0.27885370 -0.66533108 0.69251366
vn -0.23425627 -0.69107942 0.68376402
vn -0.19034980 -0.71642883 0.67119050
vn -0.14737984 -0.74123755 0.65486341
vn -0.10558669 -0.76536683 0.63487405
vn -0.06520408 -0.78868174 0.61133423
vn -0.02645784 -0.81105190 0.58437557
vn 0.01043535 -0.83235218 0.55414885
vn 0.04526915 -0.85246349 0.52082310
vn 0.07784877 -0.87127334 0.48458470
vn 0.10799201 -0.88867655 0.44563630
vn 0.13553029 -0.90457579 0.40419573
vn 0.16030962 -0.91888213 0.36049473
vn 0.18219140 -0.93151559 0.31477769
vn 0.20105328 -0.94240550 0.26730030
vn 0.21678977 -0.95149097 0.21832805
vn 0.22931286 -0.95872118 0.16813482
vn 0.23855252 -0.96405570 0.11700131
vn 0.24445708 -0.96746470 0.06521348
vn 0.24699352 -0.96892911 0.01306096
vn 0.24614764 -0.96844074 -0.03916461
vn 0.24192419 -0.96600233 -0.09117115
vn 0.23434678 -0.96162751 -0.14266783
vn 0.22345779 -0.95534075 -0.19336665
vn 0.20931812 -0.94717721 -0.24298409
vn 0.19200683 -0.93718253 -0.29124266
vn 0.17162074 -0.92541261 -0.33787248
vn 0.14827386 -0.91193329 -0.38261279
vn 0.12209675 -0.89681992 -0.42521337
vn 0.09323580 -0.88015705 -0.46543598
vn 0.06185243 -0.86203785 -0.50305568
vn 0.02812213 -0.84256365 -0.53786210
vn -0.00776646 -0.82184337 -0.56966057
vn -0.04561264 -0.79999287 -0.59827327
vn -0.08520475 -0.77713435 -0.62354018
vn -0.43850668 -0.89872793 0.00010078
vn 0.43850668 -0.89872793 0.00010078
vn -0.43850668 -0.89872793 -0.00010078
vn -0.99757455 -0.06960604 0.00010078
vn 0.00000000 -0.54470478 0.83862787
vn -0.78095187 0.59757392 0.18171296
vn 0.00000000 0.28734789 0.95782629
vn 0.24885057 0.14367394 0.95782629
vn -0.24885057 0.14367394 0.95782629
vn -0.57735027 0.57735027 0.57735027
vn -0.57735027 -0.57735027 0.57735027
vn -0.24885057 -0.14367394 0.95782629
vn -0.78867513 -0.21132487 0.57735027
vn 0.21132487 -0.78867513 0.57735027
vn 0.00000000 -0.28734789 0.95782629
vn -0.21132487 -0.78867513 0.57735027
vn 0.78867513 -0.21132487 0.57735027
vn 0.24885057 -0.14367394 0.95782629
vn 0.00000000 0.54470478 0.83862787
vn 0.47172818 0.27235239 0.83862787
vn 0.47172818 -0.27235239 0.83862787
vn 0.90799013 -0.37753720 0.18171296
vn 0.78095187 0.59757392 0.18171296
vn -0.57031783 -0.58313236 0.57852764
vn -0.52943342 -0.81304231 0.24220334
vn 0.53023668 -0.80770011 0.25781698
vn 0.58431367 -0.57147318 0.57619090
vn 0.58431367 -0.57147318 -0.57619090
vn 0.53023668 -0.80770011 -0.25781698
vn -0.52943342 -0.81304231 -0.24220334
vn -0.57031783 -0.58313236 -0.57852764
vn 0.12703826 0.97511111 0.18171296
vn -0.12703826 0.97511111 -0.18171296
vn -0.90453403 0.30151134 0.30151134
vn -0.90453403 -0.30151134 0.30151134
vn -0.57735027 -0.57735027 0.57735027
vn -0.57735027 -0.57735027 -0.57735027
vn -0.90453403 -0.30151134 -0.30151134
vn -0.90453403 -0.30151134 0.30151134
vn -0.90453403 -0.30151134 -0.30151134
vn -0.90453403 0.30151134 0.30151134
vn -0.90453403 0.30151134 -0.30151134
vn -0.57031783 0.58313236 0.57852764
vn -0.12720284 0.18864085 0.97377311
vn -0.72045697 0.41595602 0.55490751
vn -0.22696919 0.01584046 0.97377311
vn -0.79016635 0.20234355 0.57852764
vn -0.91060601 -0.20270747 0.36014771
vn -0.46369749 0.07024991 0.88320416
vn -0.80334751 0.35330182 0.47938565
vn -0.78307968 0.36450001 0.50391066
vn 0.89875817 -0.42419096 -0.11088637
vn 0.29979839 -0.49341085 -0.81649657
vn 0.44861993 -0.78545507 -0.42638069
vn -0.59259450 -0.67364135 -0.44163229
vn -0.85918095 -0.50867056 -0.05533847
vn -0.85917962 -0.50867288 -0.05533785
vn 0.89875817 -0.42419096 0.11088637
vn 0.95454545 0.23618875 -0.18181818
vn 0.68951606 0.38794358 -0.61161048
vn 0.89875817 0.42419096 -0.11088637
vn -0.26487036 -0.11783719 -0.95705699
vn -0.26487036 -0.11783719 0.95705699
vn 0.89875817 0.42419096 0.11088637
vn 0.68951606 0.38794358 0.61161048
vn 0.95454545 0.23618875 0.18181818
vn 0.90453403 -0.30151134 0.30151134
vn 0.90453403 -0.30151134 -0.30151134
vn 0.90453403 0.30151134 0.30151134
vn 0.90453403 0.30151134 -0.30151134
vn 0.29979839 -0.49341085 0.81649657
vn 0.44861993 -0.78545507 0.42638069
vn -0.59259450 -0.67364135 0.44163229
vn -0.91194657 -0.20084895 -0.35778925
vn -0.85918095 -0.50867056 0.05533847
vn -0.85917962 -0.50867288 0.05533785
vn -0.46400937 0.06689664 -0.88330071
vn -0.78385489 0.36489148 -0.50241986
vn -0.80467816 0.35187021 -0.47820541
vn -0.25008121 -0.44582559 -0.85947596
vn -0.05210975 -0.01746415 -0.99848865
vn -0.05211215 -0.01746198 -0.99848856
vn 0.07514209 -0.99717284 -0.00005405
vn 0.99757455 -0.06960604 -0.00010078
vn 0.82600596 -0.56366138 -0.00005405
vn 0.51113678 -0.00633555 -0.85947603
vn 0.04117812 0.03640111 -0.99848852
vn 0.04117888 0.03639832 -0.99848859
vn 0.11424298 -0.74168408 0.66094876
vn 0.15515954 -0.71749172 0.67906638
vn 0.19903456 -0.69224923 0.69366869
vn 0.24371641 -0.66653761 0.70450686
vn 0.28896323 -0.64049656 0.71152260
vn 0.33453012 -0.61426752 0.71467826
vn 0.38017041 -0.58799293 0.71395712
vn 0.42563706 -0.56181548 0.70936341
vn 0.47068394 -0.53587733 0.70092233
vn 0.51506717 -0.51031930 0.68867991
vn 0.55854648 -0.48528018 0.67270273
vn 0.60088646 -0.46089592 0.65307764
vn 0.64185786 -0.43729891 0.62991122
vn 0.68123884 -0.41461728 0.60332922
vn 0.71929850 -0.39237205 0.57328338
vn -0.25037698 -0.44564998 0.85948093
vn -0.58607509 0.46899399 0.66072735
vn -0.54310130 0.49346978 0.67935893
vn -0.49859909 0.51925267 0.69410058
vn -0.45327217 0.54550837 0.70495742
vn -0.40737409 0.57209053 0.71186991
vn -0.36116148 0.59885104 0.71480055
vn -0.31489265 0.62564080 0.71373399
vn -0.26882614 0.65231059 0.70867722
vn -0.22321927 0.67871190 0.69965943
vn -0.17832672 0.70469772 0.68673190
vn -0.13439914 0.73012339 0.66996769
vn -0.09168169 0.75484740 0.64946122
vn -0.05041274 0.77873217 0.62532773
vn -0.01082254 0.80164480 0.59770267
vn 0.02666260 0.82328677 0.56699912
vn 0.06062229 0.84447980 0.53214547
vn 0.09464406 0.86403917 0.49444798
vn 0.13322207 0.88130579 0.45337842
vn 0.15450399 0.89610892 0.41607371
vn 0.18001169 0.91201900 0.36853376
vn 0.20238802 0.92493152 0.32177751
vn 0.22167600 0.93606091 0.27322103
vn 0.23776772 0.94534486 0.22313583
vn 0.25057318 0.95273142 0.17180198
vn 0.26002072 0.95817922 0.11950654
vn 0.26605748 0.96165773 0.06654194
vn 0.26864967 0.96314744 0.01320438
vn 0.26778276 0.96263998 -0.04020787
vn 0.26346156 0.96013810 -0.09339613
vn 0.25571020 0.95565575 -0.14606294
vn 0.24457199 0.94921793 -0.19791376
vn 0.23010919 0.94086059 -0.24865862
vn 0.21240264 0.93063040 -0.29801372
vn 0.19155134 0.91858450 -0.34570304
vn 0.16767184 0.90479021 -0.39145986
vn 0.14112186 0.88948497 -0.43462756
vn 0.11021726 0.87316053 -0.47480822
vn 0.07784360 0.85436416 -0.51381150
vn 0.04446915 0.82927225 -0.55707274
vn 0.01105498 0.81349253 -0.58147029
vn -0.03093684 0.79057424 -0.61158425
vn -0.07143870 0.76723506 -0.63737499
vn -0.11347306 0.74298436 -0.65961967
vn -0.15681048 0.71795473 -0.67819722
vn -0.20121449 0.69228265 -0.69300610
vn -0.24644270 0.66610776 -0.70396481
vn -0.29224812 0.63957217 -0.71101229
vn -0.33838036 0.61281974 -0.71410832
vn -0.38458697 0.58599537 -0.71323369
vn -0.43061468 0.55924422 -0.70839036
vn -0.47621076 0.53271102 -0.69960151
vn -0.52112435 0.50653932 -0.68691144
vn -0.56505279 0.48095219 -0.67037328
vn -0.60760035 0.45643542 -0.64999117
vn -0.64901426 0.43278810 -0.62567959
vn -0.68871355 0.41009726 -0.59790793
vn -0.72621188 0.38863988 -0.56707614
vn -0.76165210 0.36973946 -0.53214547
vn -0.79560190 0.35005543 -0.49444798
vn -0.82984423 0.32527920 -0.45337842
vn -0.85330508 0.31425008 -0.41607371
vn -0.87983747 0.30011480 -0.36853376
vn -0.90220821 0.28719259 -0.32177751
vn -0.92149052 0.27605341 -0.27322103
vn -0.93757653 0.26675954 -0.22313583
vn -0.95037620 0.25936297 -0.17180198
vn -0.95981790 0.25390506 -0.11950654
vn -0.96584876 0.25041633 -0.06654194
vn -0.96843499 0.24891628 -0.01320438
vn -0.96756205 0.24941332 0.04020787
vn -0.96323476 0.25190465 0.09339613
vn -0.95547726 0.25637635 0.14606294
vn -0.94433284 0.26280341 0.19791376
vn -0.92986377 0.27114989 0.24865862
vn -0.91215089 0.28136911 0.29801372
vn -0.89129318 0.29340393 0.34570304
vn -0.86740723 0.30718703 0.39145986
vn -0.84087751 0.32252737 0.43462756
vn -0.81128783 0.34112931 0.47480822
vn -0.77882287 0.35976754 0.51381150
vn -0.74040541 0.37612471 0.55707274
vn -0.71003168 0.39752489 0.58123056
vn -0.66909290 0.42220413 0.61160311
vn -0.62841716 0.44525439 0.63784042
vn 0.51115100 -0.00736762 0.85945935
vn -0.02583359 -0.82218058 0.56864024
vn 0.00940907 -0.80371855 0.59493525
vn 0.04313795 -0.78403618 0.61921433
vn 0.07791407 -0.76351661 0.64107081
vn 0.03962121 0.03547853 0.99858472
vn 0.03962188 0.03547569 0.99858479
vn -0.14789433 -0.89204902 -0.42705481
vn -0.17338625 -0.90818788 -0.38096192
vn -0.19663646 -0.92160494 -0.33463179
vn -0.21681613 -0.93324914 -0.28642068
vn -0.23381182 -0.94305501 -0.23659943
vn -0.24752800 -0.95096737 -0.18544795
vn -0.25788757 -0.95694173 -0.13325362
vn -0.26483227 -0.96094444 -0.08030968
vn -0.26832305 -0.96295296 -0.02691361
vn -0.26834024 -0.96295593 0.02663460
vn -0.26488370 -0.96095326 0.08003406
vn -0.25797281 -0.95695616 0.13298474
vn -0.24764635 -0.95098700 0.18518912
vn -0.23396229 -0.94307927 0.23635386
vn -0.21699748 -0.93327731 0.28619145
vn -0.19684720 -0.92163616 0.33442185
vn -0.17362462 -0.90822114 0.38077403
vn -0.14743271 -0.89283115 0.42557741
vn 0.72145619 -0.39026987 -0.57200560
vn 0.68403654 -0.41364057 -0.60082900
vn 0.64608710 -0.43560304 -0.62675470
vn 0.60662976 -0.45841183 -0.64950668
vn 0.56586372 -0.48195221 -0.66896960
vn 0.52399483 -0.50610535 -0.68504510
vn 0.48123448 -0.53074904 -0.69765237
vn 0.43779838 -0.55575832 -0.70672857
vn 0.39390530 -0.58100626 -0.71222914
vn 0.34977585 -0.60636467 -0.71412796
vn 0.30563127 -0.63170482 -0.71241740
vn 0.26169218 -0.65689815 -0.70710821
vn 0.21817744 -0.68181701 -0.69822931
vn 0.17530299 -0.70633529 -0.68582747
vn 0.13338405 -0.73032228 -0.66995378
vn 0.09298259 -0.75369052 -0.65061881
vn 0.05372094 -0.77661470 -0.62768118
vn 0.01594724 -0.79864793 -0.60158721
vn -0.02082558 -0.81978029 -0.57229937
vn 0.84648428 -0.31794426 0.42705481
vn 0.87320690 -0.30393705 0.38096192
vn 0.89645152 -0.29051030 0.33463179
vn 0.91662553 -0.27885630 0.28642068
vn 0.93361550 -0.26904053 0.23659943
vn 0.94732590 -0.26111815 0.18544795
vn 0.95767963 -0.25513368 0.13325362
vn 0.96461844 -0.25112075 0.08030968
vn 0.96810325 -0.24910190 0.02691361
vn 0.96811441 -0.24908850 -0.02663460
vn 0.96465179 -0.25108062 -0.08003406
vn 0.95773475 -0.25506707 -0.13298474
vn 0.94740207 -0.26102547 -0.18518912
vn 0.93371175 -0.26892235 -0.23635386
vn 0.91674060 -0.27871332 -0.28619145
vn 0.89658393 -0.29034340 -0.33442185
vn 0.87335489 -0.30374723 -0.38077403
vn 0.84693082 -0.31873510 -0.42557741
vn -0.05263558 -0.01775983 0.99845585
vn -0.05263795 -0.01775766 0.99845576
vn 0.58929908 -0.48609535 -0.64532000
vn 0.54688787 -0.51058148 -0.66349093
vn 0.50341926 -0.53567809 -0.67795135
vn 0.45913634 -0.56124485 -0.68862039
vn 0.41428677 -0.58713876 -0.69543839
vn 0.36912135 -0.61321502 -0.69836721
vn 0.32389269 -0.63932781 -0.69739048
vn 0.27885370 -0.66533108 -0.69251366
vn 0.23425627 -0.69107942 -0.68376402
vn 0.19034980 -0.71642883 -0.67119050
vn 0.14737984 -0.74123755 -0.65486341
vn 0.10558669 -0.76536683 -0.63487405
vn 0.06520408 -0.78868174 -0.61133423
vn 0.02645784 -0.81105190 -0.58437557
vn -0.01043535 -0.83235218 -0.55414885
vn -0.04526915 -0.85246349 -0.52082310
vn -0.07784877 -0.87127334 -0.48458470
vn -0.10799201 -0.88867655 -0.44563630
vn -0.13553029 -0.90457579 -0.40419573
vn -0.16030962 -0.91888213 -0.36049473
vn -0.18219140 -0.93151559 -0.31477769
vn -0.20105328 -0.94240550 -0.26730030
vn -0.21678977 -0.95149097 -0.21832805
vn -0.22931286 -0.95872118 -0.16813482
vn -0.23855252 -0.96405570 -0.11700131
vn -0.24445708 -0.96746470 -0.06521348
vn -0.24699352 -0.96892911 -0.01306096
vn -0.24614764 -0.96844074 0.03916461
vn -0.24192419 -0.96600233 0.09117115
vn -0.23434678 -0.96162751 0.14266783
vn -0.22345779 -0.95534075 0.19336665
vn -0.20931812 -0.94717721 0.24298409
vn -0.19200683 -0.93718253 0.29124266
vn -0.17162074 -0.92541261 0.33787248
vn -0.14827386 -0.91193329 0.38261279
vn -0.12209675 -0.89681992 0.42521337
vn -0.09323580 -0.88015705 0.46543598
vn -0.06185243 -0.86203785 0.50305568
vn -0.02812213 -0.84256365 0.53786210
vn 0.00776646 -0.82184337 0.56966057
vn 0.04561264 -0.79999287 0.59827327
vn 0.08520475 -0.77713435 0.62354018
vn 0.12632138 -0.75339565 0.64532000
vn 0.16873260 -0.72890952 0.66349093
vn 0.21220121 -0.70381291 0.67795135
vn 0.25648412 -0.67824616 0.68862039
vn 0.30133370 -0.65235224 0.69543839
vn 0.34649911 -0.62627598 0.69836721
vn 0.39172778 -0.60016320 0.69739048
vn 0.43676677 -0.57415992 0.69251366
vn 0.48136420 -0.54841159 0.68376402
vn 0.52527067 -0.52306217 0.67119050
vn 0.56824063 -0.49825346 0.65486341
vn 0.61003377 -0.47412417 0.63487405
vn 0.65041639 -0.45080926 0.61133423
vn 0.68916263 -0.42843911 0.58437557
vn 0.72605581 -0.40713882 0.55414885
vn 0.76088961 -0.38702751 0.52082310
vn 0.79346923 -0.36821766 0.48458470
vn 0.82361247 -0.35081445 0.44563630
vn 0.85115076 -0.33491522 0.40419573
vn 0.87593008 -0.32060887 0.36049473
vn 0.89781187 -0.30797541 0.31477769
vn 0.91667375 -0.29708550 0.26730030
vn 0.93241023 -0.28800004 0.21832805
vn 0.94493332 -0.28076983 0.16813482
vn 0.95417299 -0.27543530 0.11700131
vn 0.96007754 -0.27202631 0.06521348
vn 0.96261398 -0.27056190 0.01306096
vn 0.96176811 -0.27105026 -0.03916461
vn 0.95754466 -0.27348867 -0.09117115
vn 0.94996725 -0.27786349 -0.14266783
vn 0.93907826 -0.28415025 -0.19336665
vn 0.92493858 -0.29231380 -0.24298409
vn 0.90762729 -0.30230847 -0.29124266
vn 0.88724120 -0.31407839 -0.33787248
vn 0.86389432 -0.32755772 -0.38261279
vn 0.83771721 -0.34267108 -0.42521337
vn 0.80885627 -0.35933395 -0.46543598
vn 0.77747289 -0.37745315 -0.50305568
vn 0.74374259 -0.39692735 -0.53786210
vn 0.70785400 -0.41764764 -0.56966057
vn 0.67000782 -0.43949814 -0.59827327
vn 0.63041571 -0.46235665 -0.62354018
vn 0.07514209 -0.99717284 0.00005405
vn 0.82600596 -0.56366138 0.00005405
vn 0.58929908 -0.48609535 -0.64532000
vn 0.54688787 -0.51058148 -0.66349093
vn 0.50341926 -0.53567809 -0.67795135
vn 0.45913634 -0.56124485 -0.68862039
vn 0.41428677 -0.58713876 -0.69543839
vn 0.36912135 -0.61321502 -0.69836721
vn 0.32389269 -0.63932781 -0.69739048
vn 0.27885370 -0.66533108 -0.69251366
vn 0.23425627 -0.69107942 -0.68376402
vn 0.19034980 -0.71642883 -0.67119050
vn 0.14737984 -0.74123755 -0.65486341
vn 0.10558669 -0.76536683 -0.63487405
vn 0.06520408 -0.78868174 -0.61133423
vn 0.02645784 -0.81105190 -0.58437557
vn -0.01043535 -0.83235218 -0.55414885
vn -0.04526915 -0.85246349 -0.52082310
vn -0.07784877 -0.87127334 -0.48458470
vn -0.10799201 -0.88867655 -0.44563630
vn -0.13553029 -0.90457579 -0.40419573
vn -0.16030962 -0.91888213 -0.36049473
vn -0.18219140 -0.93151559 -0.31477769
vn -0.20105328 -0.94240550 -0.26730030
vn -0.21678977 -0.95149097 -0.21832805
vn -0.22931286 -0.95872118 -0.16813482
vn -0.23855252 -0.96405570 -0.11700131
vn -0.24445708 -0.96746470 -0.06521348
vn -0.24699352 -0.96892911 -0.01306096
vn -0.24614764 -0.96844074 0.03916461
vn -0.24192419 -0.96600233 0.09117115
vn -0.23434678 -0.96162751 0.14266783
vn -0.22345779 -0.95534075 0.19336665
vn -0.20931812 -0.94717721 0.24298409
vn -0.19200683 -0.93718253 0.29124266
vn -0.17162074 -0.92541261 0.33787248
vn -0.14827386 -0.91193329 0.38261279
vn -0.12209675 -0.89681992 0.42521337
vn -0.09323580 -0.88015705 0.46543598
vn -0.06185243 -0.86203785 0.50305568
vn -0.02812213 -0.84256365 0.53786210
vn 0.00776646 -0.82184337 0.56966057
vn 0.04561264 -0.79999287 0.59827327
vn 0.08520475 -0.77713435 0.62354018
vn 0.12632138 -0.75339565 0.64532000
vn 0.16873260 -0.72890952 0.66349093
vn 0.21220121 -0.70381291 0.67795135
vn 0.25648412 -0.67824616 0.68862039
vn 0.30133370 -0.65235224 0.69543839
vn 0.34649911 -0.62627598 0.69836721
vn 0.39172778 -0.60016320 0.69739048
vn 0.43676677 -0.57415992 0.69251366
vn 0.48136420 -0.54841159 0.68376402
vn 0.52527067 -0.52306217 0.67119050
vn 0.56824063 -0.49825346 0.65486341
vn 0.61003377 -0.47412417 0.63487405
vn 0.65041639 -0.45080926 0.61133423
vn 0.68916263 -0.42843911 0.58437557
vn 0.72605581 -0.40713882 0.55414885
vn 0.76088961 -0.38702751 0.52082310
vn 0.79346923 -0.36821766 0.48458470
vn 0.82361247 -0.35081445 0.44563630
vn 0.85115076 -0.33491522 0.40419573
vn 0.87593008 -0.32060887 0.36049473
vn 0.89781187 -0.30797541 0.31477769
vn 0.91667375 -0.29708550 0.26730030
vn 0.93241023 -0.28800004 0.21832805
vn 0.94493332 -0.28076983 0.16813482
vn 0.95417299 -0.27543530 0.11700131
vn 0.96007754 -0.27202631 0.06521348
vn 0.96261398 -0.27056190 0.01306096
vn 0.96176811 -0.27105026 -0.03916461
vn 0.95754466 -0.27348867 -0.09117115
vn 0.94996725 -0.27786349 -0.14266783
vn 0.93907826 -0.28415025 -0.19336665
vn 0.92493858 -0.29231380 -0.24298409
vn 0.90762729 -0.30230847 -0.29124266
vn 0.88724120 -0.31407839 -0.33787248
vn 0.86389432 -0.32755772 -0.38261279
vn 0.83771721 -0.34267108 -0.42521337
vn 0.80885627 -0.35933395 -0.46543598
vn 0.77747289 -0.37745315 -0.50305568
vn 0.74374259 -0.39692735 -0.53786210
vn 0.70785400 -0.41764764 -0.56966057
vn 0.67000782 -0.43949814 -0.59827327
vn 0.63041571 -0.46235665 -0.62354018
vn 0.58929908 -0.48609535 -0.64532000
vn 0.54688787 -0.51058148 -0.66349093
vn 0.50341926 -0.53567809 -0.67795135
vn 0.45913634 -0.56124485 -0.68862039
vn 0.41428677 -0.58713876 -0.69543839
vn 0.36912135 -0.61321502 -0.69836721
vn 0.32389269 -0.63932781 -0.69739048
vn 0.27885370 -0.66533108 -0.69251366
vn 0.23425627 -0.69107942 -0.68376402
vn 0.19034980 -0.71642883 -0.67119050
vn 0.14737984 -0.74123755 -0.65486341
vn 0.10558669 -0.76536683 -0.63487405
vn 0.06520408 -0.78868174 -0.61133423
vn 0.02645784 -0.81105190 -0.58437557
vn -0.01043535 -0.83235218 -0.55414885
vn -0.04526915 -0.85246349 -0.52082310
vn -0.07784877 -0.87127334 -0.48458470
vn -0.10799201 -0.88867655 -0.44563630
vn -0.13553029 -0.90457579 -0.40419573
vn -0.16030962 -0.91888213 -0.36049473
vn -0.18219140 -0.93151559 -0.31477769
vn -0.20105328 -0.94240550 -0.26730030
vn -0.21678977 -0.95149097 -0.21832805
vn -0.22931286 -0.95872118 -0.16813482
vn -0.23855252 -0.96405570 -0.11700131
vn -0.24445708 -0.96746470 -0.06521348
vn -0.24699352 -0.96892911 -0.01306096
vn -0.24614764 -0.96844074 0.03916461
vn -0.24192419 -0.96600233 0.09117115
vn -0.23434678 -0.96162751 0.14266783
vn -0.22345779 -0.95534075 0.19336665
vn -0.20931812 -0.94717721 0.24298409
vn -0.19200683 -0.93718253 0.29124266
vn -0.17162074 -0.92541261 0.33787248
vn -0.14827386 -0.91193329 0.38261279
vn -0.12209675 -0.89681992 0.42521337
vn -0.09323580 -0.88015705 0.46543598
vn -0.06185243 -0.86203785 0.50305568
vn -0.02812213 -0.84256365 0.53786210
vn 0.00776646 -0.82184337 0.56966057
vn 0.04561264 -0.79999287 0.59827327
vn 0.08520475 -0.77713435 0.62354018
vn 0.12632138 -0.75339565 0.64532000
vn 0.16873260 -0.72890952 0.66349093
vn 0.21220121 -0.70381291 0.67795135
vn 0.25648412 -0.67824616 0.68862039
vn 0.30133370 -0.65235224 0.69543839
vn 0.34649911 -0.62627598 0.69836721
vn 0.39172778 -0.60016320 0.69739048
vn 0.43676677 -0.57415992 0.69251366
vn 0.48136420 -0.54841159 0.68376402
vn 0.52527067 -0.52306217 0.67119050
vn 0.56824063 -0.49825346 0.65486341
vn 0.61003377 -0.47412417 0.63487405
vn 0.65041639 -0.45080926 0.61133423
vn 0.68916263 -0.42843911 0.58437557
vn 0.72605581 -0.40713882 0.55414885
vn 0.76088961 -0.38702751 0.52082310
vn 0.79346923 -0.36821766 0.48458470
vn 0.82361247 -0.35081445 0.44563630
vn 0.85115076 -0.33491522 0.40419573
vn 0.87593008 -0.32060887 0.36049473
vn 0.89781187 -0.30797541 0.31477769
vn 0.91667375 -0.29708550 0.26730030
vn 0.93241023 -0.28800004 0.21832805
vn 0.94493332 -0.28076983 0.16813482
vn 0.95417299 -0.27543530 0.11700131
vn 0.96007754 -0.27202631 0.06521348
vn 0.96261398 -0.27056190 0.01306096
vn 0.96176811 -0.27105026 -0.03916461
vn 0.95754466 -0.27348867 -0.09117115
vn 0.94996725 -0.27786349 -0.14266783
vn 0.93907826 -0.28415025 -0.19336665
vn 0.92493858 -0.29231380 -0.24298409
vn 0.90762729 -0.30230847 -0.29124266
vn 0.88724120 -0.31407839 -0.33787248
vn 0.86389432 -0.32755772 -0.38261279
vn 0.83771721 -0.34267108 -0.42521337
vn 0.80885627 -0.35933395 -0.46543598
vn 0.77747289 -0.37745315 -0.50305568
vn 0.74374259 -0.39692735 -0.53786210
vn 0.70785400 -0.41764764 -0.56966057
vn 0.67000782 -0.43949814 -0.59827327
vn 0.63041571 -0.46235665 -0.62354018
vn 0.58929908 -0.48609535 -0.64532000
vn 0.54688787 -0.51058148 -0.66349093
vn 0.50341926 -0.53567809 -0.67795135
vn 0.45913634 -0.56124485 -0.68862039
vn 0.41428677 -0.58713876 -0.69543839
vn 0.36912135 -0.61321502 -0.69836721
vn 0.32389269 -0.63932781 -0.69739048
vn 0.27885370 -0.66533108 -0.69251366
vn 0.23425627 -0.69107942 -0.68376402
vn 0.19034980 -0.71642883 -0.67119050
vn 0.14737984 -0.74123755 -0.65486341
vn 0.10558669 -0.76536683 -0.63487405
vn 0.06520408 -0.78868174 -0.61133423
vn 0.02645784 -0.81105190 -0.58437557
vn -0.01043535 -0.83235218 -0.55414885
vn -0.04526915 -0.85246349 -0.52082310
vn -0.07784877 -0.87127334 -0.48458470
vn -0.10799201 -0.88867655 -0.44563630
vn -0.13553029 -0.90457579 -0.40419573
vn -0.16030962 -0.91888213 -0.36049473
vn -0.18219140 -0.93151559 -0.31477769
vn -0.20105328 -0.94240550 -0.26730030
vn -0.21678977 -0.95149097 -0.21832805
vn -0.22931286 -0.95872118 -0.16813482
vn -0.23855252 -0.96405570 -0.11700131
vn -0.24445708 -0.96746470 -0.06521348
vn -0.24699352 -0.96892911 -0.01306096
vn -0.24614764 -0.96844074 0.03916461
vn -0.24192419 -0.96600233 0.09117115
vn -0.23434678 -0.96162751 0.14266783
vn -0.22345779 -0.95534075 0.19336665
vn -0.20931812 -0.94717721 0.24298409
vn -0.19200683 -0.93718253 0.29124266
vn -0.17162074 -0.92541261 0.33787248
vn -0.14827386 -0.91193329 0.38261279
vn -0.12209675 -0.89681992 0.42521337
vn -0.09323580 -0.88015705 0.46543598
vn -0.06185243 -0.86203785 0.50305568
vn -0.02812213 -0.84256365 0.53786210
vn 0.00776646 -0.82184337 0.56966057
vn 0.04561264 -0.79999287 0.59827327
vn 0.08520475 -0.77713435 0.62354018
vn 0.12632138 -0.75339565 0.64532000
vn 0.16873260 -0.72890952 0.66349093
vn 0.21220121 -0.70381291 0.67795135
vn 0.25648412 -0.67824616 0.68862039
vn 0.30133370 -0.65235224 0.69543839
vn 0.34649911 -0.62627598 0.69836721
vn 0.39172778 -0.60016320 0.69739048
vn 0.43676677 -0.57415992 0.69251366
vn 0.48136420 -0.54841159 0.68376402
vn 0.52527067 -0.52306217 0.67119050
vn 0.56824063 -0.49825346 0.65486341
vn 0.61003377 -0.47412417 0.63487405
vn 0.65041639 -0.45080926 0.61133423
vn 0.68916263 -0.42843911 0.58437557
vn 0.72605581 -0.40713882 0.55414885
vn 0.76088961 -0.38702751 0.52082310
vn 0.79346923 -0.36821766 0.48458470
vn 0.82361247 -0.35081445 0.44563630
vn 0.85115076 -0.33491522 0.40419573
vn 0.87593008 -0.32060887 0.36049473
vn 0.89781187 -0.30797541 0.31477769
vn 0.91667375 -0.29708550 0.26730030
vn 0.93241023 -0.28800004 0.21832805
vn 0.94493332 -0.28076983 0.16813482
vn 0.95417299 -0.27543530 0.11700131
vn 0.96007754 -0.27202631 0.06521348
vn 0.96261398 -0.27056190 0.01306096
vn 0.96176811 -0.27105026 -0.03916461
vn 0.95754466 -0.27348867 -0.09117115
vn 0.94996725 -0.27786349 -0.14266783
vn 0.93907826 -0.28415025 -0.19336665
vn 0.92493858 -0.29231380 -0.24298409
vn 0.90762729 -0.30230847 -0.29124266
vn 0.88724120 -0.31407839 -0.33787248
vn 0.86389432 -0.32755772 -0.38261279
vn 0.83771721 -0.34267108 -0.42521337
vn 0.80885627 -0.35933395 -0.46543598
vn 0.77747289 -0.37745315 -0.50305568
vn 0.74374259 -0.39692735 -0.53786210
vn 0.70785400 -0.41764764 -0.56966057
vn 0.67000782 -0.43949814 -0.59827327
vn 0.63041571 -0.46235665 -0.62354018
vn 0.58929908 -0.48609535 -0.64532000
vn 0.54688787 -0.51058148 -0.66349093
vn 0.50341926 -0.53567809 -0.67795135
vn 0.45913634 -0.56124485 -0.68862039
vn 0.41428677 -0.58713876 -0.69543839
vn 0.36912135 -0.61321502 -0.69836721
vn 0.32389269 -0.63932781 -0.69739048
vn 0.27885370 -0.66533108 -0.69251366
vn 0.23425627 -0.69107942 -0.68376402
vn 0.19034980 -0.71642883 -0.67119050
vn 0.14737984 -0.74123755 -0.65486341
vn 0.10558669 -0.76536683 -0.63487405
vn 0.06520408 -0.78868174 -0.61133423
vn 0.02645784 -0.81105190 -0.58437557
vn -0.01043535 -0.83235218 -0.55414885
vn -0.04526915 -0.85246349 -0.52082310
vn -0.07784877 -0.87127334 -0.48458470
vn -0.10799201 -0.88867655 -0.44563630
vn -0.13553029 -0.90457579 -0.40419573
vn -0.16030962 -0.91888213 -0.36049473
vn -0.18219140 -0.93151559 -0.31477769
vn -0.20105328 -0.94240550 -0.26730030
vn -0.21678977 -0.95149097 -0.21832805
vn -0.22931286 -0.95872118 -0.16813482
vn -0.23855252 -0.96405570 -0.11700131
vn -0.24445708 -0.96746470 -0.06521348
vn -0.24699352 -0.96892911 -0.01306096
vn -0.24614764 -0.96844074 0.03916461
vn -0.24192419 -0.96600233 0.09117115
vn -0.23434678 -0.96162751 0.14266783
vn -0.22345779 -0.95534075 0.19336665
vn -0.20931812 -0.94717721 0.24298409
vn -0.19200683 -0.93718253 0.29124266
vn -0.17162074 -0.92541261 0.33787248
vn -0.14827386 -0.91193329 0.38261279
vn -0.12209675 -0.89681992 0.42521337
vn -0.09323580 -0.88015705 0.46543598
vn -0.06185243 -0.86203785 0.50305568
vn -0.02812213 -0.84256365 0.53786210
vn 0.00776646 -0.82184337 0.56966057
vn 0.04561264 -0.79999287 0.59827327
vn 0.08520475 -0.77713435 0.62354018
vn 0.12632138 -0.75339565 0.64532000
vn 0.16873260 -0.72890952 0.66349093
vn 0.21220121 -0.70381291 0.67795135
vn 0.25648412 -0.67824616 0.68862039
vn 0.30133370 -0.65235224 0.69543839
vn 0.34649911 -0.62627598 0.69836721
vn 0.39172778 -0.60016320 0.69739048
vn 0.43676677 -0.57415992 0.69251366
vn 0.48136420 -0.54841159 0.68376402
vn 0.52527067 -0.52306217 0.67119050
vn 0.56824063 -0.49825346 0.65486341
vn 0.61003377 -0.47412417 0.63487405
vn 0.65041639 -0.45080926 0.61133423
vn 0.68916263 -0.42843911 0.58437557
vn 0.72605581 -0.40713882 0.55414885
vn 0.76088961 -0.38702751 0.52082310
vn 0.79346923 -0.36821766 0.48458470
vn 0.82361247 -0.35081445 0.44563630
vn 0.85115076 -0.33491522 0.40419573
vn 0.87593008 -0.32060887 0.36049473
vn 0.89781187 -0.30797541 0.31477769
vn 0.91667375 -0.29708550 0.26730030
vn 0.93241023 -0.28800004 0.21832805
vn 0.94493332 -0.28076983 0.16813482
vn 0.95417299 -0.27543530 0.11700131
vn 0.96007754 -0.27202631 0.06521348
vn 0.96261398 -0.27056190 0.01306096
vn 0.96176811 -0.27105026 -0.03916461
vn 0.95754466 -0.27348867 -0.09117115
vn 0.94996725 -0.27786349 -0.14266783
vn 0.93907826 -0.28415025 -0.19336665
vn 0.92493858 -0.29231380 -0.24298409
vn 0.90762729 -0.30230847 -0.29124266
vn 0.88724120 -0.31407839 -0.33787248
vn 0.86389432 -0.32755772 -0.38261279
vn 0.83771721 -0.34267108 -0.42521337
vn 0.80885627 -0.35933395 -0.46543598
vn 0.77747289 -0.37745315 -0.50305568
vn 0.74374259 -0.39692735 -0.53786210
vn 0.70785400 -0.41764764 -0.56966057
vn 0.67000782 -0.43949814 -0.59827327
vn 0.63041571 -0.46235665 -0.62354018
vn 0.99757455 -0.06960604 0.00010078
vn -0.90799013 -0.37753720 0.18171296
vn 0.58929908 0.48609535 -0.64532000
vn 0.54688787 0.51058148 -0.66349093
vn 0.50341926 0.53567809 -0.67795135
vn 0.45913634 0.56124485 -0.68862039
vn 0.41428677 0.58713876 -0.69543839
vn 0.36912135 0.61321502 -0.69836721
vn 0.32389269 0.63932781 -0.69739048
vn 0.27885370 0.66533108 -0.69251366
vn 0.23425627 0.69107942 -0.68376402
vn 0.19034980 0.71642883 -0.67119050
vn 0.14737984 0.74123755 -0.65486341
vn 0.10558669 0.76536683 -0.63487405
vn 0.06520408 0.78868174 -0.61133423
vn 0.02645784 0.81105190 -0.58437557
vn -0.01043535 0.83235218 -0.55414885
vn -0.04526915 0.85246349 -0.52082310
vn -0.07784877 0.87127334 -0.48458470
vn -0.10799201 0.88867655 -0.44563630
vn -0.13553029 0.90457579 -0.40419573
vn -0.16030962 0.91888213 -0.36049473
vn -0.18219140 0.93151559 -0.31477769
vn -0.20105328 0.94240550 -0.26730030
vn -0.21678977 0.95149097 -0.21832805
vn -0.22931286 0.95872118 -0.16813482
vn -0.23855252 0.96405570 -0.11700131
vn -0.24445708 0.96746470 -0.06521348
vn -0.24699352 0.96892911 -0.01306096
vn -0.24614764 0.96844074 0.03916461
vn -0.24192419 0.96600233 0.09117115
vn -0.23434678 0.96162751 0.14266783
vn -0.22345779 0.95534075 0.19336665
vn -0.20931812 0.94717721 0.24298409
vn -0.19200683 0.93718253 0.29124266
vn -0.17162074 0.92541261 0.33787248
vn -0.14827386 0.91193329 0.38261279
vn -0.12209675 0.89681992 0.42521337
vn -0.09323580 0.88015705 0.46543598
vn -0.06185243 0.86203785 0.50305568
vn -0.02812213 0.84256365 0.53786210
vn 0.00776646 0.82184337 0.56966057
vn 0.04561264 0.79999287 0.59827327
vn 0.08520475 0.77713435 0.62354018
vn 0.12632138 0.75339565 0.64532000
vn 0.16873260 0.72890952 0.66349093
vn 0.21220121 0.70381291 0.67795135
vn 0.25648412 0.67824616 0.68862039
vn 0.30133370 0.65235224 0.69543839
vn 0.34649911 0.62627598 0.69836721
vn 0.39172778 0.60016320 0.69739048
vn 0.43676677 0.57415992 0.69251366
vn 0.48136420 0.54841159 0.68376402
vn 0.52527067 0.52306217 0.67119050
vn 0.56824063 0.49825346 0.65486341
vn 0.61003377 0.47412417 0.63487405
vn 0.65041639 0.45080926 0.61133423
vn 0.68916263 0.42843911 0.58437557
vn 0.72605581 0.40713882 0.55414885
vn 0.76088961 0.38702751 0.52082310
vn 0.79346923 0.36821766 0.48458470
vn 0.82361247 0.35081445 0.44563630
vn 0.85115076 0.33491522 0.40419573
vn 0.87593008 0.32060887 0.36049473
vn 0.89781187 0.30797541 0.31477769
vn 0.91667375 0.29708550 0.26730030
vn 0.93241023 0.28800004 0.21832805
vn 0.94493332 0.28076983 0.16813482
vn 0.95417299 0.27543530 0.11700131
vn 0.96007754 0.27202631 0.06521348
vn 0.96261398 0.27056190 0.01306096
vn 0.96176811 0.27105026 -0.03916461
vn 0.95754466 0.27348867 -0.09117115
vn 0.94996725 0.27786349 -0.14266783
vn 0.93907826 0.28415025 -0.19336665
vn 0.92493858 0.29231380 -0.24298409
vn 0.90762729 0.30230847 -0.29124266
vn 0.88724120 0.31407839 -0.33787248
vn 0.86389432 0.32755772 -0.38261279
vn 0.83771721 0.34267108 -0.42521337
vn 0.80885627 0.35933395 -0.46543598
vn 0.77747289 0.37745315 -0.50305568
vn 0.74374259 0.39692735 -0.53786210
vn 0.70785400 0.41764764 -0.56966057
vn 0.67000782 0.43949814 -0.59827327
vn 0.63041571 0.46235665 -0.62354018
vn 0.58929908 0.48609535 -0.64532000
vn 0.54688787 0.51058148 -0.66349093
vn 0.50341926 0.53567809 -0.67795135
vn 0.45913634 0.56124485 -0.68862039
vn 0.41428677 0.58713876 -0.69543839
vn 0.36912135 0.61321502 -0.69836721
vn 0.32389269 0.63932781 -0.69739048
vn 0.27885370 0.66533108 -0.69251366
vn 0.23425627 0.69107942 -0.68376402
vn 0.19034980 0.71642883 -0.67119050
vn 0.14737984 0.74123755 -0.65486341
vn 0.10558669 0.76536683 -0.63487405
vn 0.06520408 0.78868174 -0.61133423
vn 0.02645784 0.81105190 -0.58437557
vn -0.01043535 0.83235218 -0.55414885
vn -0.04526915 0.85246349 -0.52082310
vn -0.07784877 0.87127334 -0.48458470
vn -0.10799201 0.88867655 -0.44563630
vn -0.13553029 0.90457579 -0.40419573
vn -0.16030962 0.91888213 -0.36049473
vn -0.18219140 0.93151559 -0.31477769
vn -0.20105328 0.94240550 -0.26730030
vn -0.21678977 0.95149097 -0.21832805
vn -0.22931286 0.95872118 -0.16813482
vn -0.23855252 0.96405570 -0.11700131
vn -0.24445708 0.96746470 -0.06521348
vn -0.24699352 0.96892911 -0.01306096
vn -0.24614764 0.96844074 0.03916461
vn -0.24192419 0.96600233 0.09117115
vn -0.23434678 0.96162751 0.14266783
vn -0.22345779 0.95534075 0.19336665
vn -0.20931812 0.94717721 0.24298409
vn -0.19200683 0.93718253 0.29124266
vn -0.17162074 0.92541261 0.33787248
vn -0.14827386 0.91193329 0.38261279
vn -0.12209675 0.89681992 0.42521337
vn -0.09323580 0.88015705 0.46543598
vn -0.06185243 0.86203785 0.50305568
vn -0.02812213 0.84256365 0.53786210
vn 0.00776646 0.82184337 0.56966057
vn 0.04561264 0.79999287 0.59827327
vn 0.08520475 0.77713435 0.62354018
vn 0.12632138 0.75339565 0.64532000
vn 0.16873260 0.72890952 0.66349093
vn 0.21220121 0.70381291 0.67795135
vn 0.25648412 0.67824616 0.68862039
vn 0.30133370 0.65235224 0.69543839
vn 0.34649911 0.62627598 0.69836721
vn 0.39172778 0.60016320 0.69739048
vn 0.43676677 0.57415992 0.69251366
vn 0.48136420 0.54841159 0.68376402
vn 0.52527067 0.52306217 0.67119050
vn 0.56824063 0.49825346 0.65486341
vn 0.61003377 0.47412417 0.63487405
vn 0.65041639 0.45080926 0.61133423
vn 0.68916263 0.42843911 0.58437557
vn 0.72605581 0.40713882 0.55414885
vn 0.76088961 0.38702751 0.52082310
vn 0.79346923 0.36821766 0.48458470
vn 0.82361247 0.35081445 0.44563630
vn 0.85115076 0.33491522 0.40419573
vn 0.87593008 0.32060887 0.36049473
vn 0.89781187 0.30797541 0.31477769
vn 0.91667375 0.29708550 0.26730030
vn 0.93241023 0.28800004 0.21832805
vn 0.94493332 0.28076983 0.16813482
vn 0.95417299 0.27543530 0.11700131
vn 0.96007754 0.27202631 0.06521348
vn 0.96261398 0.27056190 0.01306096
vn 0.96176811 0.27105026 -0.03916461
vn 0.95754466 0.27348867 -0.09117115
vn 0.94996725 0.27786349 -0.14266783
vn 0.93907826 0.28415025 -0.19336665
vn 0.92493858 0.29231380 -0.24298409
vn 0.90762729 0.30230847 -0.29124266
vn 0.88724120 0.31407839 -0.33787248
vn 0.86389432 0.32755772 -0.38261279
vn 0.83771721 0.34267108 -0.42521337
vn 0.80885627 0.35933395 -0.46543598
vn 0.77747289 0.37745315 -0.50305568
vn 0.74374259 0.39692735 -0.53786210
vn 0.70785400 0.41764764 -0.56966057
vn 0.67000782 0.43949814 -0.59827327
vn 0.63041571 0.46235665 -0.62354018
vn 0.58929908 0.48609535 -0.64532000
vn 0.54688787 0.51058148 -0.66349093
vn 0.50341926 0.53567809 -0.67795135
vn 0.45913634 0.56124485 -0.68862039
vn 0.41428677 0.58713876 -0.69543839
vn 0.36912135 0.61321502 -0.69836721
vn 0.32389269 0.63932781 -0.69739048
vn 0.27885370 0.66533108 -0.69251366
vn 0.23425627 0.69107942 -0.68376402
vn 0.19034980 0.71642883 -0.67119050
vn 0.14737984 0.74123755 -0.65486341
vn 0.10558669 0.76536683 -0.63487405
vn 0.06520408 0.78868174 -0.61133423
vn 0.02645784 0.81105190 -0.58437557
vn -0.01043535 0.83235218 -0.55414885
vn -0.04526915 0.85246349 -0.52082310
vn -0.07784877 0.87127334 -0.48458470
vn -0.10799201 0.88867655 -0.44563630
vn -0.13553029 0.90457579 -0.40419573
vn -0.16030962 0.91888213 -0.36049473
vn -0.18219140 0.93151559 -0.31477769
vn -0.20105328 0.94240550 -0.26730030
vn -0.21678977 0.95149097 -0.21832805
vn -0.22931286 0.95872118 -0.16813482
vn -0.23855252 0.96405570 -0.11700131
vn -0.24445708 0.96746470 -0.06521348
vn -0.24699352 0.96892911 -0.01306096
vn -0.24614764 0.96844074 0.03916461
vn -0.24192419 0.96600233 0.09117115
vn -0.23434678 0.96162751 0.14266783
vn -0.22345779 0.95534075 0.19336665
vn -0.20931812 0.94717721 0.24298409
vn -0.19200683 0.93718253 0.29124266
vn -0.17162074 0.92541261 0.33787248
vn -0.14827386 0.91193329 0.38261279
vn -0.12209675 0.89681992 0.42521337
vn -0.09323580 0.88015705 0.46543598
vn -0.06185243 0.86203785 0.50305568
vn -0.02812213 0.84256365 0.53786210
vn 0.00776646 0.82184337 0.56966057
vn 0.04561264 0.79999287 0.59827327
vn 0.08520475 0.77713435 0.62354018
vn 0.12632138 0.75339565 0.64532000
vn 0.16873260 0.72890952 0.66349093
vn 0.21220121 0.70381291 0.67795135
vn 0.25648412 0.67824616 0.68862039
vn 0.30133370 0.65235224 0.69543839
vn 0.34649911 0.62627598 0.69836721
vn 0.39172778 0.60016320 0.69739048
vn 0.43676677 0.57415992 0.69251366
vn 0.48136420 0.54841159 0.68376402
vn 0.52527067 0.52306217 0.67119050
vn 0.56824063 0.49825346 0.65486341
vn 0.61003377 0.47412417 0.63487405
vn 0.65041639 0.45080926 0.61133423
vn 0.68916263 0.42843911 0.58437557
vn 0.72605581 0.40713882 0.55414885
vn 0.76088961 0.38702751 0.52082310
vn 0.79346923 0.36821766 0.48458470
vn 0.82361247 0.35081445 0.44563630
vn 0.85115076 0.33491522 0.40419573
vn 0.87593008 0.32060887 0.36049473
vn 0.89781187 0.30797541 0.31477769
vn 0.91667375 0.29708550 0.26730030
vn 0.93241023 0.28800004 0.21832805
vn 0.94493332 0.28076983 0.16813482
vn 0.95417299 0.27543530 0.11700131
vn 0.96007754 0.27202631 0.06521348
vn 0.96261398 0.27056190 0.01306096
vn 0.96176811 0.27105026 -0.03916461
vn 0.95754466 0.27348867 -0.09117115
vn 0.94996725 0.27786349 -0.14266783
vn 0.93907826 0.28415025 -0.19336665
vn 0.92493858 0.29231380 -0.24298409
vn 0.90762729 0.30230847 -0.29124266
vn 0.88724120 0.31407839 -0.33787248
vn 0.86389432 0.32755772 -0.38261279
vn 0.83771721 0.34267108 -0.42521337
vn 0.80885627 0.35933395 -0.46543598
vn 0.77747289 0.37745315 -0.50305568
vn 0.74374259 0.39692735 -0.53786210
vn 0.70785400 0.41764764 -0.56966057
vn 0.67000782 0.43949814 -0.59827327
vn 0.63041571 0.46235665 -0.62354018
vn 0.58929908 0.48609535 -0.64532000
vn 0.54688787 0.51058148 -0.66349093
vn 0.50341926 0.53567809 -0.67795135
vn 0.45913634 0.56124485 -0.68862039
vn 0.41428677 0.58713876 -0.69543839
vn 0.36912135 0.61321502 -0.69836721
vn 0.32389269 0.63932781 -0.69739048
vn 0.27885370 0.66533108 -0.69251366
vn 0.23425627 0.69107942 -0.68376402
vn 0.19034980 0.71642883 -0.67119050
vn 0.14737984 0.74123755 -0.65486341
vn 0.10558669 0.76536683 -0.63487405
vn 0.06520408 0.78868174 -0.61133423
vn 0.02645784 0.81105190 -0.58437557
vn -0.01043535 0.83235218 -0.55414885
vn -0.04526915 0.85246349 -0.52082310
vn -0.07784877 0.87127334 -0.48458470
vn -0.10799201 0.88867655 -0.44563630
vn -0.13553029 0.90457579 -0.40419573
vn -0.16030962 0.91888213 -0.36049473
vn -0.18219140 0.93151559 -0.31477769
vn -0.20105328 0.94240550 -0.26730030
vn -0.21678977 0.95149097 -0.21832805
vn -0.22931286 0.95872118 -0.16813482
vn -0.23855252 0.96405570 -0.11700131
vn -0.24445708 0.96746470 -0.06521348
vn -0.24699352 0.96892911 -0.01306096
vn -0.24614764 0.96844074 0.03916461
vn -0.24192419 0.96600233 0.09117115
vn -0.23434678 0.96162751 0.14266783
vn -0.22345779 0.95534075 0.19336665
vn -0.20931812 0.94717721 0.24298409
vn -0.19200683 0.93718253 0.29124266
vn -0.17162074 0.92541261 0.33787248
vn -0.14827386 0.91193329 0.38261279
vn -0.12209675 0.89681992 0.42521337
vn -0.09323580 0.88015705 0.46543598
vn -0.06185243 0.86203785 0.50305568
vn -0.02812213 0.84256365 0.53786210
vn 0.00776646 0.82184337 0.56966057
vn 0.04561264 0.79999287 0.59827327
vn 0.08520475 0.77713435 0.62354018
vn 0.12632138 0.75339565 0.64532000
vn 0.16873260 0.72890952 0.66349093
vn 0.21220121 0.70381291 0.67795135
vn 0.25648412 0.67824616 0.68862039
vn 0.30133370 0.65235224 0.69543839
vn 0.34649911 0.62627598 0.69836721
vn 0.39172778 0.60016320 0.69739048
vn 0.43676677 0.57415992 0.69251366
vn 0.48136420 0.54841159 0.68376402
vn 0.52527067 0.52306217 0.67119050
vn 0.56824063 0.49825346 0.65486341
vn 0.61003377 0.47412417 0.63487405
vn 0.65041639 0.45080926 0.61133423
vn 0.68916263 0.42843911 0.58437557
vn 0.72605581 0.40713882 0.55414885
vn 0.76088961 0.38702751 0.52082310
vn 0.79346923 0.36821766 0.48458470
vn 0.82361247 0.35081445 0.44563630
vn 0.85115076 0.33491522 0.40419573
vn 0.87593008 0.32060887 0.36049473
vn 0.89781187 0.30797541 0.31477769
vn 0.91667375 0.29708550 0.26730030
vn 0.93241023 0.28800004 0.21832805
vn 0.94493332 0.28076983 0.16813482
vn 0.95417299 0.27543530 0.11700131
vn 0.96007754 0.27202631 0.06521348
vn 0.96261398 0.27056190 0.01306096
vn 0.96176811 0.27105026 -0.03916461
vn 0.95754466 0.27348867 -0.09117115
vn 0.94996725 0.27786349 -0.14266783
vn 0.93907826 0.28415025 -0.19336665
vn 0.92493858 0.29231380 -0.24298409
vn 0.90762729 0.30230847 -0.29124266
vn 0.88724120 0.31407839 -0.33787248
vn 0.86389432 0.32755772 -0.38261279
vn 0.83771721 0.34267108 -0.42521337
vn 0.80885627 0.35933395 -0.46543598
vn 0.77747289 0.37745315 -0.50305568
vn 0.74374259 0.39692735 -0.53786210
vn 0.70785400 0.41764764 -0.56966057
vn 0.67000782 0.43949814 -0.59827327
vn 0.63041571 0.46235665 -0.62354018
vn 0.58929908 0.48609535 -0.64532000
vn 0.54688787 0.51058148 -0.66349093
vn 0.50341926 0.53567809 -0.67795135
vn 0.45913634 0.56124485 -0.68862039
vn 0.41428677 0.58713876 -0.69543839
vn 0.36912135 0.61321502 -0.69836721
vn 0.32389269 0.63932781 -0.69739048
vn 0.27885370 0.66533108 -0.69251366
vn 0.23425627 0.69107942 -0.68376402
vn 0.19034980 0.71642883 -0.67119050
vn 0.14737984 0.74123755 -0.65486341
vn 0.10558669 0.76536683 -0.63487405
vn 0.06520408 0.78868174 -0.61133423
vn 0.02645784 0.81105190 -0.58437557
vn -0.01043535 0.83235218 -0.55414885
vn -0.04526915 0.85246349 -0.52082310
vn -0.07784877 0.87127334 -0.48458470
vn -0.10799201 0.88867655 -0.44563630
vn -0.13553029 0.90457579 -0.40419573
vn -0.16030962 0.91888213 -0.36049473
vn -0.18219140 0.93151559 -0.31477769
vn -0.20105328 0.94240550 -0.26730030
vn -0.21678977 0.95149097 -0.21832805
vn -0.22931286 0.95872118 -0.16813482
vn -0.23855252 0.96405570 -0.11700131
vn -0.24445708 0.96746470 -0.06521348
vn -0.24699352 0.96892911 -0.01306096
vn -0.24614764 0.96844074 0.03916461
vn -0.24192419 0.96600233 0.09117115
vn -0.23434678 0.96162751 0.14266783
vn -0.22345779 0.95534075 0.19336665
vn -0.20931812 0.94717721 0.24298409
vn -0.19200683 0.93718253 0.29124266
vn -0.17162074 0.92541261 0.33787248
vn -0.14827386 0.91193329 0.38261279
vn -0.12209675 0.89681992 0.42521337
vn -0.09323580 0.88015705 0.46543598
vn -0.06185243 0.86203785 0.50305568
vn -0.02812213 0.84256365 0.53786210
vn 0.00776646 0.82184337 0.56966057
vn 0.04561264 0.79999287 0.59827327
vn 0.08520475 0.77713435 0.62354018
vn 0.12632138 0.75339565 0.64532000
vn 0.16873260 0.72890952 0.66349093
vn 0.21220121 0.70381291 0.67795135
vn 0.25648412 0.67824616 0.68862039
vn 0.30133370 0.65235224 0.69543839
vn 0.34649911 0.62627598 0.69836721
vn 0.39172778 0.60016320 0.69739048
vn 0.43676677 0.57415992 0.69251366
vn 0.48136420 0.54841159 0.68376402
vn 0.52527067 0.52306217 0.67119050
vn 0.56824063 0.49825346 0.65486341
vn 0.61003377 0.47412417 0.63487405
vn 0.65041639 0.45080926 0.61133423
vn 0.68916263 0.42843911 0.58437557
vn 0.72605581 0.40713882 0.55414885
vn 0.76088961 0.38702751 0.52082310
vn 0.79346923 0.36821766 0.48458470
vn 0.82361247 0.35081445 0.44563630
vn 0.85115076 0.33491522 0.40419573
vn 0.87593008 0.32060887 0.36049473
vn 0.89781187 0.30797541 0.31477769
vn 0.91667375 0.29708550 0.26730030
vn 0.93241023 0.28800004 0.21832805
vn 0.94493332 0.28076983 0.16813482
vn 0.95417299 0.27543530 0.11700131
vn 0.96007754 0.27202631 0.06521348
vn 0.96261398 0.27056190 0.01306096
vn 0.96176811 0.27105026 -0.03916461
vn 0.95754466 0.27348867 -0.09117115
vn 0.94996725 0.27786349 -0.14266783
vn 0.93907826 0.28415025 -0.19336665
vn 0.92493858 0.29231380 -0.24298409
vn 0.90762729 0.30230847 -0.29124266
vn 0.88724120 0.31407839 -0.33787248
vn 0.86389432 0.32755772 -0.38261279
vn 0.83771721 0.34267108 -0.42521337
vn 0.80885627 0.35933395 -0.46543598
vn 0.77747289 0.37745315 -0.50305568
vn 0.74374259 0.39692735 -0.53786210
vn 0.70785400 0.41764764 -0.56966057
vn 0.67000782 0.43949814 -0.59827327
vn 0.63041571 0.46235665 -0.62354018
vn 0.58431367 0.57147318 -0.57619090
vn 0.53554382 -0.23801945 -0.81027129
vn -0.52444173 -0.26157468 -0.81027129
vn -0.57031783 0.58313236 -0.57852764
vn -0.52444173 0.26157468 -0.81027129
vn 0.53554382 0.23801945 -0.81027129
vn -0.57720553 -0.01292759 -0.81649657
vn -0.55906788 -0.82912188 0.00010078
vn -0.90453401 0.00421128 -0.42638069
vn -0.28709327 0.85002257 -0.44163229
vn 0.27975319 0.88996167 0.36014771
vn -0.01093115 0.99840781 -0.05533847
vn -0.01093383 0.99840782 -0.05533785
vn 0.29268695 0.36644885 0.88320416
vn 0.70764211 0.51906844 0.47938565
vn 0.70720611 0.49591690 0.50391066
vn 0.58431367 0.57147318 0.57619090
vn 0.53554382 -0.23801945 0.81027129
vn -0.52444173 -0.26157468 0.81027129
vn -0.57031783 0.58313236 0.57852764
vn -0.52444173 0.26157468 0.81027129
vn 0.53554382 0.23801945 0.81027129
vn 0.28993887 0.36839558 -0.88330071
vn 0.28203300 0.89019337 -0.35778925
vn 0.70793274 0.49639251 -0.50241986
vn 0.70706762 0.52093663 -0.47820541
vn -0.57720553 -0.01292759 0.81649657
vn -0.90453401 0.00421128 0.42638069
vn -0.28709327 0.85002257 0.44163229
vn -0.01093115 0.99840781 0.05533847
vn -0.01093383 0.99840782 0.05533785
vn -0.55906788 -0.82912188 -0.00010078
vn 0.00000000 0.54470478 0.83862787
vn 0.72045697 -0.41595602 -0.55490751
vn 0.12703826 -0.97511111 -0.18171296
vn 0.57031783 -0.58313236 -0.57852764
vn -0.58431367 -0.57147318 0.57619090
vn -0.53023668 -0.80770011 0.25781698
vn 0.52943342 -0.81304231 0.24220334
vn 0.57031783 -0.58313236 0.57852764
vn 0.57031783 -0.58313236 -0.57852764
vn 0.52943342 -0.81304231 -0.24220334
vn -0.53023668 -0.80770011 -0.25781698
vn -0.58431367 -0.57147318 -0.57619090
vn -0.12703826 0.97511111 0.18171296
vn -0.12632138 0.75339565 -0.64532000
vn -0.16873260 0.72890952 -0.66349093
vn -0.21220121 0.70381291 -0.67795135
vn -0.25648412 0.67824616 -0.68862039
vn -0.30133370 0.65235224 -0.69543839
vn -0.34649911 0.62627598 -0.69836721
vn -0.39172778 0.60016320 -0.69739048
vn -0.43676677 0.57415992 -0.69251366
vn -0.48136420 0.54841159 -0.68376402
vn -0.52527067 0.52306217 -0.67119050
vn -0.56824063 0.49825346 -0.65486341
vn -0.61003377 0.47412417 -0.63487405
vn -0.65041639 0.45080926 -0.61133423
vn -0.68916263 0.42843911 -0.58437557
vn -0.72605581 0.40713882 -0.55414885
vn -0.76088961 0.38702751 -0.52082310
vn -0.79346923 0.36821766 -0.48458470
vn -0.82361247 0.35081445 -0.44563630
vn -0.85115076 0.33491522 -0.40419573
vn -0.87593008 0.32060887 -0.36049473
vn -0.89781187 0.30797541 -0.31477769
vn -0.91667375 0.29708550 -0.26730030
vn -0.93241023 0.28800004 -0.21832805
vn -0.94493332 0.28076983 -0.16813482
vn -0.95417299 0.27543530 -0.11700131
vn -0.96007754 0.27202631 -0.06521348
vn -0.96261398 0.27056190 -0.01306096
vn -0.96176811 0.27105026 0.03916461
vn -0.95754466 0.27348867 0.09117115
vn -0.94996725 0.27786349 0.14266783
vn -0.93907826 0.28415025 0.19336665
vn -0.92493858 0.29231380 0.24298409
vn -0.90762729 0.30230847 0.29124266
vn -0.88724120 0.31407839 0.33787248
vn -0.86389432 0.32755772 0.38261279
vn -0.83771721 0.34267108 0.42521337
vn -0.80885627 0.35933395 0.46543598
vn -0.77747289 0.37745315 0.50305568
vn -0.74374259 0.39692735 0.53786210
vn -0.70785400 0.41764764 0.56966057
vn -0.67000782 0.43949814 0.59827327
vn -0.63041571 0.46235665 0.62354018
vn -0.58929908 0.48609535 0.64532000
vn -0.54688787 0.51058148 0.66349093
vn -0.50341926 0.53567809 0.67795135
vn -0.45913634 0.56124485 0.68862039
vn -0.41428677 0.58713876 0.69543839
vn -0.36912135 0.61321502 0.69836721
vn -0.32389269 0.63932781 0.69739048
vn -0.27885370 0.66533108 0.69251366
vn -0.23425627 0.69107942 0.68376402
vn -0.19034980 0.71642883 0.67119050
vn -0.14737984 0.74123755 0.65486341
vn -0.10558669 0.76536683 0.63487405
vn -0.06520408 0.78868174 0.61133423
vn -0.02645784 0.81105190 0.58437557
vn 0.01043535 0.83235218 0.55414885
vn 0.04526915 0.85246349 0.52082310
vn 0.07784877 0.87127334 0.48458470
vn 0.10799201 0.88867655 0.44563630
vn 0.13553029 0.90457579 0.40419573
vn 0.16030962 0.91888213 0.36049473
vn 0.18219140 0.93151559 0.31477769
vn 0.20105328 0.94240550 0.26730030
vn 0.21678977 0.95149097 0.21832805
vn 0.22931286 0.95872118 0.16813482
vn 0.23855252 0.96405570 0.11700131
vn 0.24445708 0.96746470 0.06521348
vn 0.24699352 0.96892911 0.01306096
vn 0.24614764 0.96844074 -0.03916461
vn 0.24192419 0.96600233 -0.09117115
vn 0.23434678 0.96162751 -0.14266783
vn 0.22345779 0.95534075 -0.19336665
vn 0.20931812 0.94717721 -0.24298409
vn 0.19200683 0.93718253 -0.29124266
vn 0.17162074 0.92541261 -0.33787248
vn 0.14827386 0.91193329 -0.38261279
vn 0.12209675 0.89681992 -0.42521337
vn 0.09323580 0.88015705 -0.46543598
vn 0.06185243 0.86203785 -0.50305568
vn 0.02812213 0.84256365 -0.53786210
vn -0.00776646 0.82184337 -0.56966057
vn -0.04561264 0.79999287 -0.59827327
vn -0.08520475 0.77713435 -0.62354018
vn -0.12632138 0.75339565 -0.64532000
vn -0.16873260 0.72890952 -0.66349093
vn -0.21220121 0.70381291 -0.67795135
vn -0.25648412 0.67824616 -0.68862039
vn -0.30133370 0.65235224 -0.69543839
vn -0.34649911 0.62627598 -0.69836721
vn -0.39172778 0.60016320 -0.69739048
vn -0.43676677 0.57415992 -0.69251366
vn -0.48136420 0.54841159 -0.68376402
vn -0.52527067 0.52306217 -0.67119050
vn -0.56824063 0.49825346 -0.65486341
vn -0.61003377 0.47412417 -0.63487405
vn -0.65041639 0.45080926 -0.61133423
vn -0.68916263 0.42843911 -0.58437557
vn -0.72605581 0.40713882 -0.55414885
vn -0.76088961 0.38702751 -0.52082310
vn -0.79346923 0.36821766 -0.48458470
vn -0.82361247 0.35081445 -0.44563630
vn -0.85115076 0.33491522 -0.40419573
vn -0.87593008 0.32060887 -0.36049473
vn -0.89781187 0.30797541 -0.31477769
vn -0.91667375 0.29708550 -0.26730030
vn -0.93241023 0.28800004 -0.21832805
vn -0.94493332 0.28076983 -0.16813482
vn -0.95417299 0.27543530 -0.11700131
vn -0.96007754 0.27202631 -0.06521348
vn -0.96261398 0.27056190 -0.01306096
vn -0.96176811 0.27105026 0.03916461
vn -0.95754466 0.27348867 0.09117115
vn -0.94996725 0.27786349 0.14266783
vn -0.93907826 0.28415025 0.19336665
vn -0.92493858 0.29231380 0.24298409
vn -0.90762729 0.30230847 0.29124266
vn -0.88724120 0.31407839 0.33787248
vn -0.86389432 0.32755772 0.38261279
vn -0.83771721 0.34267108 0.42521337
vn -0.80885627 0.35933395 0.46543598
vn -0.77747289 0.37745315 0.50305568
vn -0.74374259 0.39692735 0.53786210
vn -0.70785400 0.41764764 0.56966057
vn -0.67000782 0.43949814 0.59827327
vn -0.63041571 0.46235665 0.62354018
vn -0.58929908 0.48609535 0.64532000
vn -0.54688787 0.51058148 0.66349093
vn -0.50341926 0.53567809 0.67795135
vn -0.45913634 0.56124485 0.68862039
vn -0.41428677 0.58713876 0.69543839
vn -0.36912135 0.61321502 0.69836721
vn -0.32389269 0.63932781 0.69739048
vn -0.27885370 0.66533108 0.69251366
vn -0.23425627 0.69107942 0.68376402
vn -0.19034980 0.71642883 0.67119050
vn -0.14737984 0.74123755 0.65486341
vn -0.10558669 0.76536683 0.63487405
vn -0.06520408 0.78868174 0.61133423
vn -0.02645784 0.81105190 0.58437557
vn 0.01043535 0.83235218 0.55414885
vn 0.04526915 0.85246349 0.52082310
vn 0.07784877 0.87127334 0.48458470
vn 0.10799201 0.88867655 0.44563630
vn 0.13553029 0.90457579 0.40419573
vn 0.16030962 0.91888213 0.36049473
vn 0.18219140 0.93151559 0.31477769
vn 0.20105328 0.94240550 0.26730030
vn 0.21678977 0.95149097 0.21832805
vn 0.22931286 0.95872118 0.16813482
vn 0.23855252 0.96405570 0.11700131
vn 0.24445708 0.96746470 0.06521348
vn 0.24699352 0.96892911 0.01306096
vn 0.24614764 0.96844074 -0.03916461
vn 0.24192419 0.96600233 -0.09117115
vn 0.23434678 0.96162751 -0.14266783
vn 0.22345779 0.95534075 -0.19336665
vn 0.20931812 0.94717721 -0.24298409
vn 0.19200683 0.93718253 -0.29124266
vn 0.17162074 0.92541261 -0.33787248
vn 0.14827386 0.91193329 -0.38261279
vn 0.12209675 0.89681992 -0.42521337
vn 0.09323580 0.88015705 -0.46543598
vn 0.06185243 0.86203785 -0.50305568
vn 0.02812213 0.84256365 -0.53786210
vn -0.00776646 0.82184337 -0.56966057
vn -0.04561264 0.79999287 -0.59827327
vn -0.08520475 0.77713435 -0.62354018
vn -0.12632138 0.75339565 -0.64532000
vn -0.16873260 0.72890952 -0.66349093
vn -0.21220121 0.70381291 -0.67795135
vn -0.25648412 0.67824616 -0.68862039
vn -0.30133370 0.65235224 -0.69543839
vn -0.34649911 0.62627598 -0.69836721
vn -0.39172778 0.60016320 -0.69739048
vn -0.43676677 0.57415992 -0.69251366
vn -0.48136420 0.54841159 -0.68376402
vn -0.52527067 0.52306217 -0.67119050
vn -0.56824063 0.49825346 -0.65486341
vn -0.61003377 0.47412417 -0.63487405
vn -0.65041639 0.45080926 -0.61133423
vn -0.68916263 0.42843911 -0.58437557
vn -0.72605581 0.40713882 -0.55414885
vn -0.76088961 0.38702751 -0.52082310
vn -0.79346923 0.36821766 -0.48458470
vn -0.82361247 0.35081445 -0.44563630
vn -0.85115076 0.33491522 -0.40419573
vn -0.87593008 0.32060887 -0.36049473
vn -0.89781187 0.30797541 -0.31477769
vn -0.91667375 0.29708550 -0.26730030
vn -0.93241023 0.28800004 -0.21832805
vn -0.94493332 0.28076983 -0.16813482
vn -0.95417299 0.27543530 -0.11700131
vn -0.96007754 0.27202631 -0.06521348
vn -0.96261398 0.27056190 -0.01306096
vn -0.96176811 0.27105026 0.03916461
vn -0.95754466 0.27348867 0.09117115
vn -0.94996725 0.27786349 0.14266783
vn -0.93907826 0.28415025 0.19336665
vn -0.92493858 0.29231380 0.24298409
vn -0.90762729 0.30230847 0.29124266
vn -0.88724120 0.31407839 0.33787248
vn -0.86389432 0.32755772 0.38261279
vn -0.83771721 0.34267108 0.42521337
vn -0.80885627 0.35933395 0.46543598
vn -0.77747289 0.37745315 0.50305568
vn -0.74374259 0.39692735 0.53786210
vn -0.70785400 0.41764764 0.56966057
vn -0.67000782 0.43949814 0.59827327
vn -0.63041571 0.46235665 0.62354018
vn -0.58929908 0.48609535 0.64532000
vn -0.54688787 0.51058148 0.66349093
vn -0.50341926 0.53567809 0.67795135
vn -0.45913634 0.56124485 0.68862039
vn -0.41428677 0.58713876 0.69543839
vn -0.36912135 0.61321502 0.69836721
vn -0.32389269 0.63932781 0.69739048
vn -0.27885370 0.66533108 0.69251366
vn -0.23425627 0.69107942 0.68376402
vn -0.19034980 0.71642883 0.67119050
vn -0.14737984 0.74123755 0.65486341
vn -0.10558669 0.76536683 0.63487405
vn -0.06520408 0.78868174 0.61133423
vn -0.02645784 0.81105190 0.58437557
vn 0.01043535 0.83235218 0.55414885
vn 0.04526915 0.85246349 0.52082310
vn 0.07784877 0.87127334 0.48458470
vn 0.10799201 0.88867655 0.44563630
vn 0.13553029 0.90457579 0.40419573
vn 0.16030962 0.91888213 0.36049473
vn 0.18219140 0.93151559 0.31477769
vn 0.20105328 0.94240550 0.26730030
vn 0.21678977 0.95149097 0.21832805
vn 0.22931286 0.95872118 0.16813482
vn 0.23855252 0.96405570 0.11700131
vn 0.24445708 0.96746470 0.06521348
vn 0.24699352 0.96892911 0.01306096
vn 0.24614764 0.96844074 -0.03916461
vn 0.24192419 0.96600233 -0.09117115
vn 0.23434678 0.96162751 -0.14266783
vn 0.22345779 0.95534075 -0.19336665
vn 0.20931812 0.94717721 -0.24298409
vn 0.19200683 0.93718253 -0.29124266
vn 0.17162074 0.92541261 -0.33787248
vn 0.14827386 0.91193329 -0.38261279
vn 0.12209675 0.89681992 -0.42521337
vn 0.09323580 0.88015705 -0.46543598
vn 0.06185243 0.86203785 -0.50305568
vn 0.02812213 0.84256365 -0.53786210
vn -0.00776646 0.82184337 -0.56966057
vn -0.04561264 0.79999287 -0.59827327
vn -0.08520475 0.77713435 -0.62354018
vn -0.12632138 0.75339565 -0.64532000
vn -0.16873260 0.72890952 -0.66349093
vn -0.21220121 0.70381291 -0.67795135
vn -0.25648412 0.67824616 -0.68862039
vn -0.30133370 0.65235224 -0.69543839
vn -0.34649911 0.62627598 -0.69836721
vn -0.39172778 0.60016320 -0.69739048
vn -0.43676677 0.57415992 -0.69251366
vn -0.48136420 0.54841159 -0.68376402
vn -0.52527067 0.52306217 -0.67119050
vn -0.56824063 0.49825346 -0.65486341
vn -0.61003377 0.47412417 -0.63487405
vn -0.65041639 0.45080926 -0.61133423
vn -0.68916263 0.42843911 -0.58437557
vn -0.72605581 0.40713882 -0.55414885
vn -0.76088961 0.38702751 -0.52082310
vn -0.79346923 0.36821766 -0.48458470
vn -0.82361247 0.35081445 -0.44563630
vn -0.85115076 0.33491522 -0.40419573
vn -0.87593008 0.32060887 -0.36049473
vn -0.89781187 0.30797541 -0.31477769
vn -0.91667375 0.29708550 -0.26730030
vn -0.93241023 0.28800004 -0.21832805
vn -0.94493332 0.28076983 -0.16813482
vn -0.95417299 0.27543530 -0.11700131
vn -0.96007754 0.27202631 -0.06521348
vn -0.96261398 0.27056190 -0.01306096
vn -0.96176811 0.27105026 0.03916461
vn -0.95754466 0.27348867 0.09117115
vn -0.94996725 0.27786349 0.14266783
vn -0.93907826 0.28415025 0.19336665
vn -0.92493858 0.29231380 0.24298409
vn -0.90762729 0.30230847 0.29124266
vn -0.88724120 0.31407839 0.33787248
vn -0.86389432 0.32755772 0.38261279
vn -0.83771721 0.34267108 0.42521337
vn -0.80885627 0.35933395 0.46543598
vn -0.77747289 0.37745315 0.50305568
vn -0.74374259 0.39692735 0.53786210
vn -0.70785400 0.41764764 0.56966057
vn -0.67000782 0.43949814 0.59827327
vn -0.63041571 0.46235665 0.62354018
vn -0.58929908 0.48609535 0.64532000
vn -0.54688787 0.51058148 0.66349093
vn -0.50341926 0.53567809 0.67795135
vn -0.45913634 0.56124485 0.68862039
vn -0.41428677 0.58713876 0.69543839
vn -0.36912135 0.61321502 0.69836721
vn -0.32389269 0.63932781 0.69739048
vn -0.27885370 0.66533108 0.69251366
vn -0.23425627 0.69107942 0.68376402
vn -0.19034980 0.71642883 0.67119050
vn -0.14737984 0.74123755 0.65486341
vn -0.10558669 0.76536683 0.63487405
vn -0.06520408 0.78868174 0.61133423
vn -0.02645784 0.81105190 0.58437557
vn 0.01043535 0.83235218 0.55414885
vn 0.04526915 0.85246349 0.52082310
vn 0.07784877 0.87127334 0.48458470
vn 0.10799201 0.88867655 0.44563630
vn 0.13553029 0.90457579 0.40419573
vn 0.16030962 0.91888213 0.36049473
vn 0.18219140 0.93151559 0.31477769
vn 0.20105328 0.94240550 0.26730030
vn 0.21678977 0.95149097 0.21832805
vn 0.22931286 0.95872118 0.16813482
vn 0.23855252 0.96405570 0.11700131
vn 0.24445708 0.96746470 0.06521348
vn 0.24699352 0.96892911 0.01306096
vn 0.24614764 0.96844074 -0.03916461
vn 0.24192419 0.96600233 -0.09117115
vn 0.23434678 0.96162751 -0.14266783
vn 0.22345779 0.95534075 -0.19336665
vn 0.20931812 0.94717721 -0.24298409
vn 0.19200683 0.93718253 -0.29124266
vn 0.17162074 0.92541261 -0.33787248
vn 0.14827386 0.91193329 -0.38261279
vn 0.12209675 0.89681992 -0.42521337
vn 0.09323580 0.88015705 -0.46543598
vn 0.06185243 0.86203785 -0.50305568
vn 0.02812213 0.84256365 -0.53786210
vn -0.00776646 0.82184337 -0.56966057
vn -0.04561264 0.79999287 -0.59827327
vn -0.08520475 0.77713435 -0.62354018
vn -0.12632138 0.75339565 -0.64532000
vn -0.16873260 0.72890952 -0.66349093
vn -0.21220121 0.70381291 -0.67795135
vn -0.25648412 0.67824616 -0.68862039
vn -0.30133370 0.65235224 -0.69543839
vn -0.34649911 0.62627598 -0.69836721
vn -0.39172778 0.60016320 -0.69739048
vn -0.43676677 0.57415992 -0.69251366
vn -0.48136420 0.54841159 -0.68376402
vn -0.52527067 0.52306217 -0.67119050
vn -0.56824063 0.49825346 -0.65486341
vn -0.61003377 0.47412417 -0.63487405
vn -0.65041639 0.45080926 -0.61133423
vn -0.68916263 0.42843911 -0.58437557
vn -0.72605581 0.40713882 -0.55414885
vn -0.76088961 0.38702751 -0.52082310
vn -0.79346923 0.36821766 -0.48458470
vn -0.82361247 0.35081445 -0.44563630
vn -0.85115076 0.33491522 -0.40419573
vn -0.87593008 0.32060887 -0.36049473
vn -0.89781187 0.30797541 -0.31477769
vn -0.91667375 0.29708550 -0.26730030
vn -0.93241023 0.28800004 -0.21832805
vn -0.94493332 0.28076983 -0.16813482
vn -0.95417299 0.27543530 -0.11700131
vn -0.96007754 0.27202631 -0.06521348
vn -0.96261398 0.27056190 -0.01306096
vn -0.96176811 0.27105026 0.03916461
vn -0.95754466 0.27348867 0.09117115
vn -0.94996725 0.27786349 0.14266783
vn -0.93907826 0.28415025 0.19336665
vn -0.92493858 0.29231380 0.24298409
vn -0.90762729 0.30230847 0.29124266
vn -0.88724120 0.31407839 0.33787248
vn -0.86389432 0.32755772 0.38261279
vn -0.83771721 0.34267108 0.42521337
vn -0.80885627 0.35933395 0.46543598
vn -0.77747289 0.37745315 0.50305568
vn -0.74374259 0.39692735 0.53786210
vn -0.70785400 0.41764764 0.56966057
vn -0.67000782 0.43949814 0.59827327
vn -0.63041571 0.46235665 0.62354018
vn -0.58929908 0.48609535 0.64532000
vn -0.54688787 0.51058148 0.66349093
vn -0.50341926 0.53567809 0.67795135
vn -0.45913634 0.56124485 0.68862039
vn -0.41428677 0.58713876 0.69543839
vn -0.36912135 0.61321502 0.69836721
vn -0.32389269 0.63932781 0.69739048
vn -0.27885370 0.66533108 0.69251366
vn -0.23425627 0.69107942 0.68376402
vn -0.19034980 0.71642883 0.67119050
vn -0.14737984 0.74123755 0.65486341
vn -0.10558669 0.76536683 0.63487405
vn -0.06520408 0.78868174 0.61133423
vn -0.02645784 0.81105190 0.58437557
vn 0.01043535 0.83235218 0.55414885
vn 0.04526915 0.85246349 0.52082310
vn 0.07784877 0.87127334 0.48458470
vn 0.10799201 0.88867655 0.44563630
vn 0.13553029 0.90457579 0.40419573
vn 0.16030962 0.91888213 0.36049473
vn 0.18219140 0.93151559 0.31477769
vn 0.20105328 0.94240550 0.26730030
vn 0.21678977 0.95149097 0.21832805
vn 0.22931286 0.95872118 0.16813482
vn 0.23855252 0.96405570 0.11700131
vn 0.24445708 0.96746470 0.06521348
vn 0.24699352 0.96892911 0.01306096
vn 0.24614764 0.96844074 -0.03916461
vn 0.24192419 0.96600233 -0.09117115
vn 0.23434678 0.96162751 -0.14266783
vn 0.22345779 0.95534075 -0.19336665
vn 0.20931812 0.94717721 -0.24298409
vn 0.19200683 0.93718253 -0.29124266
vn 0.17162074 0.92541261 -0.33787248
vn 0.14827386 0.91193329 -0.38261279
vn 0.12209675 0.89681992 -0.42521337
vn 0.09323580 0.88015705 -0.46543598
vn 0.06185243 0.86203785 -0.50305568
vn 0.02812213 0.84256365 -0.53786210
vn -0.00776646 0.82184337 -0.56966057
vn -0.04561264 0.79999287 -0.59827327
vn -0.08520475 0.77713435 -0.62354018
vn 0.00000000 0.54470478 -0.83862787
vn -0.52943342 0.81304231 0.24220334
vn 0.53023668 0.80770011 0.25781698
vn 0.53023668 0.80770011 -0.25781698
vn -0.52943342 0.81304231 -0.24220334
vn 0.28203272 -0.89019348 0.35778920
vn 0.28973573 -0.36805754 0.88350826
vn 0.70706762 -0.52093663 0.47820541
vn 0.70793274 -0.49639251 0.50241986
vn -0.26075572 0.43965781 0.85948093
vn 0.01093732 0.05446366 0.99845585
vn 0.01094039 0.05446463 0.99845576
vn -0.90114805 0.43351146 0.00005405
vn -0.55906788 0.82912188 0.00010078
vn -0.57720553 0.01292759 -0.81649657
vn -0.90114805 -0.43351146 0.00005405
vn -0.26195604 -0.43898594 0.85945935
vn 0.01091470 -0.05205224 0.99858472
vn 0.01091191 -0.05205140 0.99858479
vn -0.69943874 0.27190472 0.66094876
vn -0.69894583 0.22437376 0.67906638
vn -0.69902270 0.17375563 0.69366869
vn -0.69909671 0.12220420 0.70450686
vn -0.69916791 0.06999878 0.71152260
vn -0.69923633 0.01742218 0.71467826
vn -0.69930202 -0.03524077 0.71395712
vn -0.69936501 -0.08770477 0.70936341
vn -0.69942535 -0.13968559 0.70092233
vn -0.69948307 -0.19090161 0.68867991
vn -0.69953821 -0.24107535 0.67270273
vn -0.69959081 -0.28993498 0.65307764
vn -0.69964090 -0.33721576 0.62991122
vn -0.69968852 -0.38266150 0.60332922
vn -0.69945342 -0.42674475 0.57328338
vn 0.69919825 0.27305892 0.66072735
vn 0.69890801 0.22360464 0.67935893
vn 0.69898555 0.17217314 0.69410058
vn 0.69906019 0.11979103 0.70495742
vn 0.69913198 0.06675105 0.71186991
vn 0.69920095 0.01334950 0.71480055
vn 0.69926715 -0.04011536 0.71373399
vn 0.69933061 -0.09334503 0.70867722
vn 0.69939138 -0.14604240 0.69965943
vn 0.69944949 -0.19791339 0.68673190
vn 0.69950497 -0.24866863 0.66996769
vn 0.69955787 -0.29802503 0.64946122
vn 0.69960821 -0.34570737 0.62532773
vn 0.69965603 -0.39144981 0.59770267
vn 0.69965596 -0.43473387 0.56699912
vn 0.70102982 -0.47474034 0.53214547
vn 0.70095785 -0.51398374 0.49444798
vn 0.69662216 -0.55602659 0.45337842
vn 0.69880109 -0.58185884 0.41607371
vn 0.69982578 -0.61190420 0.36853376
vn 0.69982018 -0.63773893 0.32177751
vn 0.69981452 -0.66000750 0.27322103
vn 0.69980881 -0.67858532 0.22313583
vn 0.69980303 -0.69336845 0.17180198
vn 0.69979718 -0.70427416 0.11950654
vn 0.69979128 -0.71124140 0.06654194
vn 0.69978532 -0.71423116 0.01320438
vn 0.69977929 -0.71322666 -0.04020787
vn 0.69977321 -0.70823345 -0.09339613
vn 0.69976706 -0.69927940 -0.14606294
vn 0.69976085 -0.68641452 -0.19791376
vn 0.69975458 -0.66971070 -0.24865862
vn 0.69974824 -0.64926128 -0.29801372
vn 0.69974185 -0.62518058 -0.34570304
vn 0.69973539 -0.59760318 -0.39145986
vn 0.69975565 -0.56695760 -0.43462756
vn 0.70107057 -0.53203121 -0.47480822
vn 0.70097927 -0.49459661 -0.51381150
vn 0.69593626 -0.45314754 -0.55707274
vn 0.69897770 -0.41632016 -0.58147029
vn 0.70012579 -0.36849503 -0.61158425
vn 0.70016440 -0.32174980 -0.63737499
vn 0.70017986 -0.27322163 -0.65961967
vn 0.70017228 -0.22317551 -0.67819722
vn 0.70014161 -0.17188447 -0.69300610
vn 0.70008759 -0.11962824 -0.70396481
vn 0.70000980 -0.06669179 -0.71101229
vn 0.69990765 -0.01336388 -0.71410832
vn 0.69978036 0.04006440 -0.71323369
vn 0.69962704 0.09330114 -0.70839036
vn 0.69944666 0.14605511 -0.69960151
vn 0.69923810 0.19803726 -0.68691144
vn 0.69904321 0.24887397 -0.67037328
vn 0.69908485 0.29797963 -0.64999117
vn 0.69931262 0.34566878 -0.62567959
vn 0.69951142 0.39139480 -0.59790793
vn 0.69967795 0.43459799 -0.56707614
vn 0.70102982 0.47474034 -0.53214547
vn 0.70095785 0.51398374 -0.49444798
vn 0.69662216 0.55602659 -0.45337842
vn 0.69880109 0.58185884 -0.41607371
vn 0.69982578 0.61190420 -0.36853376
vn 0.69982018 0.63773893 -0.32177751
vn 0.69981452 0.66000750 -0.27322103
vn 0.69980881 0.67858532 -0.22313583
vn 0.69980303 0.69336845 -0.17180198
vn 0.69979718 0.70427416 -0.11950654
vn 0.69979128 0.71124140 -0.06654194
vn 0.69978532 0.71423116 -0.01320438
vn 0.69977929 0.71322666 0.04020787
vn 0.69977321 0.70823345 0.09339613
vn 0.69976706 0.69927940 0.14606294
vn 0.69976085 0.68641452 0.19791376
vn 0.69975458 0.66971070 0.24865862
vn 0.69974824 0.64926128 0.29801372
vn 0.69974185 0.62518058 0.34570304
vn 0.69973539 0.59760318 0.39145986
vn 0.69975565 0.56695760 0.43462756
vn 0.70107057 0.53203121 0.47480822
vn 0.70097927 0.49459661 0.51381150
vn 0.69593626 0.45314754 0.55707274
vn 0.69928250 0.41614303 0.58123056
vn 0.70018595 0.36834939 0.61160311
vn 0.69981019 0.32159802 0.63784042
vn -0.69911247 0.43346283 0.56864024
vn -0.70074522 0.39371078 0.59493525
vn -0.70056423 0.35465953 0.61921433
vn -0.70018182 0.31428274 0.64107081
vn -0.69858995 0.57410476 -0.42705481
vn -0.69982065 0.60425083 -0.38096192
vn -0.69981506 0.63109464 -0.33463179
vn -0.69980940 0.65439285 -0.28642068
vn -0.69980368 0.67401448 -0.23659943
vn -0.69979790 0.68984922 -0.18544795
vn -0.69979206 0.70180805 -0.13325362
vn -0.69978616 0.70982370 -0.08030968
vn -0.69978020 0.71385106 -0.02691361
vn -0.69977418 0.71386743 0.02663460
vn -0.69976809 0.70987264 0.08003406
vn -0.69976194 0.70188908 0.13298474
vn -0.69975573 0.68996153 0.18518912
vn -0.69974946 0.67415692 0.23635386
vn -0.69974312 0.65456399 0.28619145
vn -0.69973672 0.63129276 0.33442185
vn -0.69973026 0.60447390 0.38077403
vn -0.69949810 0.57409605 0.42557741
vn 0.01093523 -0.05386185 -0.99848852
vn 0.01093243 -0.05386112 -0.99848859
vn -0.26105514 -0.43948966 -0.85947603
vn -0.26105568 0.43948948 -0.85947596
vn -0.69871171 -0.42966445 -0.57200560
vn -0.70024151 -0.38557273 -0.60082900
vn -0.70028685 -0.34172632 -0.62675470
vn -0.70031117 -0.29615087 -0.64950668
vn -0.70031471 -0.24907625 -0.66896960
vn -0.70029751 -0.20074016 -0.68504510
vn -0.70025939 -0.15138677 -0.69765237
vn -0.70020001 -0.10126536 -0.70672857
vn -0.70011883 -0.05062886 -0.71222914
vn -0.70001513 0.00026756 -0.71412796
vn -0.69988805 0.05116797 -0.71241740
vn -0.69973658 0.10181700 -0.70710821
vn -0.69955957 0.15196129 -0.69822931
vn -0.69935580 0.20135081 -0.68582747
vn -0.69916967 0.24964716 -0.66995378
vn -0.69920643 0.29631998 -0.65061881
vn -0.69942853 0.34178365 -0.62768118
vn -0.69962301 0.38551325 -0.60158721
vn -0.69953777 0.42792563 -0.57229937
vn 0.01093048 0.05386044 -0.99848865
vn 0.01093356 0.05386144 -0.99848856
vn 0.29213579 -0.36581936 -0.88364748
vn 0.70720611 -0.49591690 -0.50391066
vn 0.70764211 -0.51906844 -0.47938565
vn 0.27975291 -0.88996178 -0.36014766
vn -0.28709377 -0.85002250 0.44163211
vn -0.01093565 -0.99840783 0.05533725
vn -0.01093275 -0.99840782 0.05533813
vn -0.28709377 -0.85002250 -0.44163211
vn -0.69858995 -0.57410476 0.42705481
vn -0.69982065 -0.60425083 0.38096192
vn -0.69981506 -0.63109464 0.33463179
vn -0.69980940 -0.65439285 0.28642068
vn -0.69980368 -0.67401448 0.23659943
vn -0.69979790 -0.68984922 0.18544795
vn -0.69979206 -0.70180805 0.13325362
vn -0.69978616 -0.70982370 0.08030968
vn -0.69978020 -0.71385106 0.02691361
vn -0.69977418 -0.71386743 -0.02663460
vn -0.69976809 -0.70987264 -0.08003406
vn -0.69976194 -0.70188908 -0.13298474
vn -0.69975573 -0.68996153 -0.18518912
vn -0.69974946 -0.67415692 -0.23635386
vn -0.69974312 -0.65456399 -0.28619145
vn -0.69973672 -0.63129276 -0.33442185
vn -0.69973026 -0.60447390 -0.38077403
vn -0.69949810 -0.57409605 -0.42557741
vn -0.01093565 -0.99840783 -0.05533725
vn -0.01093275 -0.99840782 -0.05533813
vn -0.71562046 -0.26730030 -0.64532000
vn -0.71562046 -0.21832805 -0.66349093
vn -0.71562046 -0.16813482 -0.67795135
vn -0.71562046 -0.11700131 -0.68862039
vn -0.71562046 -0.06521348 -0.69543839
vn -0.71562046 -0.01306096 -0.69836721
vn -0.71562046 0.03916461 -0.69739048
vn -0.71562046 0.09117115 -0.69251366
vn -0.71562046 0.14266783 -0.68376402
vn -0.71562046 0.19336665 -0.67119050
vn -0.71562046 0.24298409 -0.65486341
vn -0.71562046 0.29124266 -0.63487405
vn -0.71562046 0.33787248 -0.61133423
vn -0.71562046 0.38261279 -0.58437557
vn -0.71562046 0.42521337 -0.55414885
vn -0.71562046 0.46543598 -0.52082310
vn -0.71562046 0.50305568 -0.48458470
vn -0.71562046 0.53786210 -0.44563630
vn -0.71562046 0.56966057 -0.40419573
vn -0.71562046 0.59827327 -0.36049473
vn -0.71562046 0.62354018 -0.31477769
vn -0.71562046 0.64532000 -0.26730030
vn -0.71562046 0.66349093 -0.21832805
vn -0.71562046 0.67795135 -0.16813482
vn -0.71562046 0.68862039 -0.11700131
vn -0.71562046 0.69543839 -0.06521348
vn -0.71562046 0.69836721 -0.01306096
vn -0.71562046 0.69739048 0.03916461
vn -0.71562046 0.69251366 0.09117115
vn -0.71562046 0.68376402 0.14266783
vn -0.71562046 0.67119050 0.19336665
vn -0.71562046 0.65486341 0.24298409
vn -0.71562046 0.63487405 0.29124266
vn -0.71562046 0.61133423 0.33787248
vn -0.71562046 0.58437557 0.38261279
vn -0.71562046 0.55414885 0.42521337
vn -0.71562046 0.52082310 0.46543598
vn -0.71562046 0.48458470 0.50305568
vn -0.71562046 0.44563630 0.53786210
vn -0.71562046 0.40419573 0.56966057
vn -0.71562046 0.36049473 0.59827327
vn -0.71562046 0.31477769 0.62354018
vn -0.71562046 0.26730030 0.64532000
vn -0.71562046 0.21832805 0.66349093
vn -0.71562046 0.16813482 0.67795135
vn -0.71562046 0.11700131 0.68862039
vn -0.71562046 0.06521348 0.69543839
vn -0.71562046 0.01306096 0.69836721
vn -0.71562046 -0.03916461 0.69739048
vn -0.71562046 -0.09117115 0.69251366
vn -0.71562046 -0.14266783 0.68376402
vn -0.71562046 -0.19336665 0.67119050
vn -0.71562046 -0.24298409 0.65486341
vn -0.71562046 -0.29124266 0.63487405
vn -0.71562046 -0.33787248 0.61133423
vn -0.71562046 -0.38261279 0.58437557
vn -0.71562046 -0.42521337 0.55414885
vn -0.71562046 -0.46543598 0.52082310
vn -0.71562046 -0.50305568 0.48458470
vn -0.71562046 -0.53786210 0.44563630
vn -0.71562046 -0.56966057 0.40419573
vn -0.71562046 -0.59827327 0.36049473
vn -0.71562046 -0.62354018 0.31477769
vn -0.71562046 -0.64532000 0.26730030
vn -0.71562046 -0.66349093 0.21832805
vn -0.71562046 -0.67795135 0.16813482
vn -0.71562046 -0.68862039 0.11700131
vn -0.71562046 -0.69543839 0.06521348
vn -0.71562046 -0.69836721 0.01306096
vn -0.71562046 -0.69739048 -0.03916461
vn -0.71562046 -0.69251366 -0.09117115
vn -0.71562046 -0.68376402 -0.14266783
vn -0.71562046 -0.67119050 -0.19336665
vn -0.71562046 -0.65486341 -0.24298409
vn -0.71562046 -0.63487405 -0.29124266
vn -0.71562046 -0.61133423 -0.33787248
vn -0.71562046 -0.58437557 -0.38261279
vn -0.71562046 -0.55414885 -0.42521337
vn -0.71562046 -0.52082310 -0.46543598
vn -0.71562046 -0.48458470 -0.50305568
vn -0.71562046 -0.44563630 -0.53786210
vn -0.71562046 -0.40419573 -0.56966057
vn -0.71562046 -0.36049473 -0.59827327
vn -0.71562046 -0.31477769 -0.62354018
vn -0.90453401 -0.00421128 -0.42638069
vn -0.90453401 -0.00421128 0.42638069
vn -0.90114805 0.43351146 -0.00005405
vn -0.90114805 -0.43351146 -0.00005405
vn -0.71562046 -0.26730030 -0.64532000
vn -0.71562046 -0.21832805 -0.66349093
vn -0.71562046 -0.16813482 -0.67795135
vn -0.71562046 -0.11700131 -0.68862039
vn -0.71562046 -0.06521348 -0.69543839
vn -0.71562046 -0.01306096 -0.69836721
vn -0.71562046 0.03916461 -0.69739048
vn -0.71562046 0.09117115 -0.69251366
vn -0.71562046 0.14266783 -0.68376402
vn -0.71562046 0.19336665 -0.67119050
vn -0.71562046 0.24298409 -0.65486341
vn -0.71562046 0.29124266 -0.63487405
vn -0.71562046 0.33787248 -0.61133423
vn -0.71562046 0.38261279 -0.58437557
vn -0.71562046 0.42521337 -0.55414885
vn -0.71562046 0.46543598 -0.52082310
vn -0.71562046 0.50305568 -0.48458470
vn -0.71562046 0.53786210 -0.44563630
vn -0.71562046 0.56966057 -0.40419573
vn -0.71562046 0.59827327 -0.36049473
vn -0.71562046 0.62354018 -0.31477769
vn -0.71562046 0.64532000 -0.26730030
vn -0.71562046 0.66349093 -0.21832805
vn -0.71562046 0.67795135 -0.16813482
vn -0.71562046 0.68862039 -0.11700131
vn -0.71562046 0.69543839 -0.06521348
vn -0.71562046 0.69836721 -0.01306096
vn -0.71562046 0.69739048 0.03916461
vn -0.71562046 0.69251366 0.09117115
vn -0.71562046 0.68376402 0.14266783
vn -0.71562046 0.67119050 0.19336665
vn -0.71562046 0.65486341 0.24298409
vn -0.71562046 0.63487405 0.29124266
vn -0.71562046 0.61133423 0.33787248
vn -0.71562046 0.58437557 0.38261279
vn -0.71562046 0.55414885 0.42521337
vn -0.71562046 0.52082310 0.46543598
vn -0.71562046 0.48458470 0.50305568
vn -0.71562046 0.44563630 0.53786210
vn -0.71562046 0.40419573 0.56966057
vn -0.71562046 0.36049473 0.59827327
vn -0.71562046 0.31477769 0.62354018
vn -0.71562046 0.26730030 0.64532000
vn -0.71562046 0.21832805 0.66349093
vn -0.71562046 0.16813482 0.67795135
vn -0.71562046 0.11700131 0.68862039
vn -0.71562046 0.06521348 0.69543839
vn -0.71562046 0.01306096 0.69836721
vn -0.71562046 -0.03916461 0.69739048
vn -0.71562046 -0.09117115 0.69251366
vn -0.71562046 -0.14266783 0.68376402
vn -0.71562046 -0.19336665 0.67119050
vn -0.71562046 -0.24298409 0.65486341
vn -0.71562046 -0.29124266 0.63487405
vn -0.71562046 -0.33787248 0.61133423
vn -0.71562046 -0.38261279 0.58437557
vn -0.71562046 -0.42521337 0.55414885
vn -0.71562046 -0.46543598 0.52082310
vn -0.71562046 -0.50305568 0.48458470
vn -0.71562046 -0.53786210 0.44563630
vn -0.71562046 -0.56966057 0.40419573
vn -0.71562046 -0.59827327 0.36049473
vn -0.71562046 -0.62354018 0.31477769
vn -0.71562046 -0.64532000 0.26730030
vn -0.71562046 -0.66349093 0.21832805
vn -0.71562046 -0.67795135 0.16813482
vn -0.71562046 -0.68862039 0.11700131
vn -0.71562046 -0.69543839 0.06521348
vn -0.71562046 -0.69836721 0.01306096
vn -0.71562046 -0.69739048 -0.03916461
vn -0.71562046 -0.69251366 -0.09117115
vn -0.71562046 -0.68376402 -0.14266783
vn -0.71562046 -0.67119050 -0.19336665
vn -0.71562046 -0.65486341 -0.24298409
vn -0.71562046 -0.63487405 -0.29124266
vn -0.71562046 -0.61133423 -0.33787248
vn -0.71562046 -0.58437557 -0.38261279
vn -0.71562046 -0.55414885 -0.42521337
vn -0.71562046 -0.52082310 -0.46543598
vn -0.71562046 -0.48458470 -0.50305568
vn -0.71562046 -0.44563630 -0.53786210
vn -0.71562046 -0.40419573 -0.56966057
vn -0.71562046 -0.36049473 -0.59827327
vn -0.71562046 -0.31477769 -0.62354018
vn -0.71562046 -0.26730030 -0.64532000
vn -0.71562046 -0.21832805 -0.66349093
vn -0.71562046 -0.16813482 -0.67795135
vn -0.71562046 -0.11700131 -0.68862039
vn -0.71562046 -0.06521348 -0.69543839
vn -0.71562046 -0.01306096 -0.69836721
vn -0.71562046 0.03916461 -0.69739048
vn -0.71562046 0.09117115 -0.69251366
vn -0.71562046 0.14266783 -0.68376402
vn -0.71562046 0.19336665 -0.67119050
vn -0.71562046 0.24298409 -0.65486341
vn -0.71562046 0.29124266 -0.63487405
vn -0.71562046 0.33787248 -0.61133423
vn -0.71562046 0.38261279 -0.58437557
vn -0.71562046 0.42521337 -0.55414885
vn -0.71562046 0.46543598 -0.52082310
vn -0.71562046 0.50305568 -0.48458470
vn -0.71562046 0.53786210 -0.44563630
vn -0.71562046 0.56966057 -0.40419573
vn -0.71562046 0.59827327 -0.36049473
vn -0.71562046 0.62354018 -0.31477769
vn -0.71562046 0.64532000 -0.26730030
vn -0.71562046 0.66349093 -0.21832805
vn -0.71562046 0.67795135 -0.16813482
vn -0.71562046 0.68862039 -0.11700131
vn -0.71562046 0.69543839 -0.06521348
vn -0.71562046 0.69836721 -0.01306096
vn -0.71562046 0.69739048 0.03916461
vn -0.71562046 0.69251366 0.09117115
vn -0.71562046 0.68376402 0.14266783
vn -0.71562046 0.67119050 0.19336665
vn -0.71562046 0.65486341 0.24298409
vn -0.71562046 0.63487405 0.29124266
vn -0.71562046 0.61133423 0.33787248
vn -0.71562046 0.58437557 0.38261279
vn -0.71562046 0.55414885 0.42521337
vn -0.71562046 0.52082310 0.46543598
vn -0.71562046 0.48458470 0.50305568
vn -0.71562046 0.44563630 0.53786210
vn -0.71562046 0.40419573 0.56966057
vn -0.71562046 0.36049473 0.59827327
vn -0.71562046 0.31477769 0.62354018
vn -0.71562046 0.26730030 0.64532000
vn -0.71562046 0.21832805 0.66349093
vn -0.71562046 0.16813482 0.67795135
vn -0.71562046 0.11700131 0.68862039
vn -0.71562046 0.06521348 0.69543839
vn -0.71562046 0.01306096 0.69836721
vn -0.71562046 -0.03916461 0.69739048
vn -0.71562046 -0.09117115 0.69251366
vn -0.71562046 -0.14266783 0.68376402
vn -0.71562046 -0.19336665 0.67119050
vn -0.71562046 -0.24298409 0.65486341
vn -0.71562046 -0.29124266 0.63487405
vn -0.71562046 -0.33787248 0.61133423
vn -0.71562046 -0.38261279 0.58437557
vn -0.71562046 -0.42521337 0.55414885
vn -0.71562046 -0.46543598 0.52082310
vn -0.71562046 -0.50305568 0.48458470
vn -0.71562046 -0.53786210 0.44563630
vn -0.71562046 -0.56966057 0.40419573
vn -0.71562046 -0.59827327 0.36049473
vn -0.71562046 -0.62354018 0.31477769
vn -0.71562046 -0.64532000 0.26730030
vn -0.71562046 -0.66349093 0.21832805
vn -0.71562046 -0.67795135 0.16813482
vn -0.71562046 -0.68862039 0.11700131
vn -0.71562046 -0.69543839 0.06521348
vn -0.71562046 -0.69836721 0.01306096
vn -0.71562046 -0.69739048 -0.03916461
vn -0.71562046 -0.69251366 -0.09117115
vn -0.71562046 -0.68376402 -0.14266783
vn -0.71562046 -0.67119050 -0.19336665
vn -0.71562046 -0.65486341 -0.24298409
vn -0.71562046 -0.63487405 -0.29124266
vn -0.71562046 -0.61133423 -0.33787248
vn -0.71562046 -0.58437557 -0.38261279
vn -0.71562046 -0.55414885 -0.42521337
vn -0.71562046 -0.52082310 -0.46543598
vn -0.71562046 -0.48458470 -0.50305568
vn -0.71562046 -0.44563630 -0.53786210
vn -0.71562046 -0.40419573 -0.56966057
vn -0.71562046 -0.36049473 -0.59827327
vn -0.71562046 -0.31477769 -0.62354018
vn -0.71562046 -0.26730030 -0.64532000
vn -0.71562046 -0.21832805 -0.66349093
vn -0.71562046 -0.16813482 -0.67795135
vn -0.71562046 -0.11700131 -0.68862039
vn -0.71562046 -0.06521348 -0.69543839
vn -0.71562046 -0.01306096 -0.69836721
vn -0.71562046 0.03916461 -0.69739048
vn -0.71562046 0.09117115 -0.69251366
vn -0.71562046 0.14266783 -0.68376402
vn -0.71562046 0.19336665 -0.67119050
vn -0.71562046 0.24298409 -0.65486341
vn -0.71562046 0.29124266 -0.63487405
vn -0.71562046 0.33787248 -0.61133423
vn -0.71562046 0.38261279 -0.58437557
vn -0.71562046 0.42521337 -0.55414885
vn -0.71562046 0.46543598 -0.52082310
vn -0.71562046 0.50305568 -0.48458470
vn -0.71562046 0.53786210 -0.44563630
vn -0.71562046 0.56966057 -0.40419573
vn -0.71562046 0.59827327 -0.36049473
vn -0.71562046 0.62354018 -0.31477769
vn -0.71562046 0.64532000 -0.26730030
vn -0.71562046 0.66349093 -0.21832805
vn -0.71562046 0.67795135 -0.16813482
vn -0.71562046 0.68862039 -0.11700131
vn -0.71562046 0.69543839 -0.06521348
vn -0.71562046 0.69836721 -0.01306096
vn -0.71562046 0.69739048 0.03916461
vn -0.71562046 0.69251366 0.09117115
vn -0.71562046 0.68376402 0.14266783
vn -0.71562046 0.67119050 0.19336665
vn -0.71562046 0.65486341 0.24298409
vn -0.71562046 0.63487405 0.29124266
vn -0.71562046 0.61133423 0.33787248
vn -0.71562046 0.58437557 0.38261279
vn -0.71562046 0.55414885 0.42521337
vn -0.71562046 0.52082310 0.46543598
vn -0.71562046 0.48458470 0.50305568
vn -0.71562046 0.44563630 0.53786210
vn -0.71562046 0.40419573 0.56966057
vn -0.71562046 0.36049473 0.59827327
vn -0.71562046 0.31477769 0.62354018
vn -0.71562046 0.26730030 0.64532000
vn -0.71562046 0.21832805 0.66349093
vn -0.71562046 0.16813482 0.67795135
vn -0.71562046 0.11700131 0.68862039
vn -0.71562046 0.06521348 0.69543839
vn -0.71562046 0.01306096 0.69836721
vn -0.71562046 -0.03916461 0.69739048
vn -0.71562046 -0.09117115 0.69251366
vn -0.71562046 -0.14266783 0.68376402
vn -0.71562046 -0.19336665 0.67119050
vn -0.71562046 -0.24298409 0.65486341
vn -0.71562046 -0.29124266 0.63487405
vn -0.71562046 -0.33787248 0.61133423
vn -0.71562046 -0.38261279 0.58437557
vn -0.71562046 -0.42521337 0.55414885
vn -0.71562046 -0.46543598 0.52082310
vn -0.71562046 -0.50305568 0.48458470
vn -0.71562046 -0.53786210 0.44563630
vn -0.71562046 -0.56966057 0.40419573
vn -0.71562046 -0.59827327 0.36049473
vn -0.71562046 -0.62354018 0.31477769
vn -0.71562046 -0.64532000 0.26730030
vn -0.71562046 -0.66349093 0.21832805
vn -0.71562046 -0.67795135 0.16813482
vn -0.71562046 -0.68862039 0.11700131
vn -0.71562046 -0.69543839 0.06521348
vn -0.71562046 -0.69836721 0.01306096
vn -0.71562046 -0.69739048 -0.03916461
vn -0.71562046 -0.69251366 -0.09117115
vn -0.71562046 -0.68376402 -0.14266783
vn -0.71562046 -0.67119050 -0.19336665
vn -0.71562046 -0.65486341 -0.24298409
vn -0.71562046 -0.63487405 -0.29124266
vn -0.71562046 -0.61133423 -0.33787248
vn -0.71562046 -0.58437557 -0.38261279
vn -0.71562046 -0.55414885 -0.42521337
vn -0.71562046 -0.52082310 -0.46543598
vn -0.71562046 -0.48458470 -0.50305568
vn -0.71562046 -0.44563630 -0.53786210
vn -0.71562046 -0.40419573 -0.56966057
vn -0.71562046 -0.36049473 -0.59827327
vn -0.71562046 -0.31477769 -0.62354018
vn -0.71562046 -0.26730030 -0.64532000
vn -0.71562046 -0.21832805 -0.66349093
vn -0.71562046 -0.16813482 -0.67795135
vn -0.71562046 -0.11700131 -0.68862039
vn -0.71562046 -0.06521348 -0.69543839
vn -0.71562046 -0.01306096 -0.69836721
vn -0.71562046 0.03916461 -0.69739048
vn -0.71562046 0.09117115 -0.69251366
vn -0.71562046 0.14266783 -0.68376402
vn -0.71562046 0.19336665 -0.67119050
vn -0.71562046 0.24298409 -0.65486341
vn -0.71562046 0.29124266 -0.63487405
vn -0.71562046 0.33787248 -0.61133423
vn -0.71562046 0.38261279 -0.58437557
vn -0.71562046 0.42521337 -0.55414885
vn -0.71562046 0.46543598 -0.52082310
vn -0.71562046 0.50305568 -0.48458470
vn -0.71562046 0.53786210 -0.44563630
vn -0.71562046 0.56966057 -0.40419573
vn -0.71562046 0.59827327 -0.36049473
vn -0.71562046 0.62354018 -0.31477769
vn -0.71562046 0.64532000 -0.26730030
vn -0.71562046 0.66349093 -0.21832805
vn -0.71562046 0.67795135 -0.16813482
vn -0.71562046 0.68862039 -0.11700131
vn -0.71562046 0.69543839 -0.06521348
vn -0.71562046 0.69836721 -0.01306096
vn -0.71562046 0.69739048 0.03916461
vn -0.71562046 0.69251366 0.09117115
vn -0.71562046 0.68376402 0.14266783
vn -0.71562046 0.67119050 0.19336665
vn -0.71562046 0.65486341 0.24298409
vn -0.71562046 0.63487405 0.29124266
vn -0.71562046 0.61133423 0.33787248
vn -0.71562046 0.58437557 0.38261279
vn -0.71562046 0.55414885 0.42521337
vn -0.71562046 0.52082310 0.46543598
vn -0.71562046 0.48458470 0.50305568
vn -0.71562046 0.44563630 0.53786210
vn -0.71562046 0.40419573 0.56966057
vn -0.71562046 0.36049473 0.59827327
vn -0.71562046 0.31477769 0.62354018
vn -0.71562046 0.26730030 0.64532000
vn -0.71562046 0.21832805 0.66349093
vn -0.71562046 0.16813482 0.67795135
vn -0.71562046 0.11700131 0.68862039
vn -0.71562046 0.06521348 0.69543839
vn -0.71562046 0.01306096 0.69836721
vn -0.71562046 -0.03916461 0.69739048
vn -0.71562046 -0.09117115 0.69251366
vn -0.71562046 -0.14266783 0.68376402
vn -0.71562046 -0.19336665 0.67119050
vn -0.71562046 -0.24298409 0.65486341
vn -0.71562046 -0.29124266 0.63487405
vn -0.71562046 -0.33787248 0.61133423
vn -0.71562046 -0.38261279 0.58437557
vn -0.71562046 -0.42521337 0.55414885
vn -0.71562046 -0.46543598 0.52082310
vn -0.71562046 -0.50305568 0.48458470
vn -0.71562046 -0.53786210 0.44563630
vn -0.71562046 -0.56966057 0.40419573
vn -0.71562046 -0.59827327 0.36049473
vn -0.71562046 -0.62354018 0.31477769
vn -0.71562046 -0.64532000 0.26730030
vn -0.71562046 -0.66349093 0.21832805
vn -0.71562046 -0.67795135 0.16813482
vn -0.71562046 -0.68862039 0.11700131
vn -0.71562046 -0.69543839 0.06521348
vn -0.71562046 -0.69836721 0.01306096
vn -0.71562046 -0.69739048 -0.03916461
vn -0.71562046 -0.69251366 -0.09117115
vn -0.71562046 -0.68376402 -0.14266783
vn -0.71562046 -0.67119050 -0.19336665
vn -0.71562046 -0.65486341 -0.24298409
vn -0.71562046 -0.63487405 -0.29124266
vn -0.71562046 -0.61133423 -0.33787248
vn -0.71562046 -0.58437557 -0.38261279
vn -0.71562046 -0.55414885 -0.42521337
vn -0.71562046 -0.52082310 -0.46543598
vn -0.71562046 -0.48458470 -0.50305568
vn -0.71562046 -0.44563630 -0.53786210
vn -0.71562046 -0.40419573 -0.56966057
vn -0.71562046 -0.36049473 -0.59827327
vn -0.71562046 -0.31477769 -0.62354018
vn -0.55906788 0.82912188 -0.00010078
vn -0.57720553 0.01292759 0.81649657
vn -0.58431367 0.57147318 0.57619090
vn -0.53554382 0.23801945 0.81027129
vn 0.52444173 0.26157468 0.81027129
vn 0.57031783 0.58313236 0.57852764
vn 0.52444173 -0.26157468 0.81027129
vn -0.53554382 -0.23801945 0.81027129
vn 0.95454545 -0.23618875 0.18181818
vn 0.68285539 -0.40442717 0.60839722
vn 0.12779717 -0.98813418 0.08519811
vn 0.20455696 -0.73084213 0.65117296
vn 0.06164102 -0.58280428 0.81027129
vn -0.48875119 0.32339252 0.81027129
vn 0.48875119 0.32339252 0.81027129
vn -0.06164102 -0.58280428 0.81027129
vn -0.20455696 -0.73084213 0.65117296
vn -0.12779717 -0.98813418 0.08519811
vn -0.95454545 -0.23618875 0.18181818
vn -0.68285539 -0.40442717 0.60839722
vn -0.47390280 -0.34478483 0.81027129
vn 0.03569054 0.58496720 0.81027129
vn 0.18738626 0.73175704 0.65529995
vn -0.18738626 0.73175704 0.65529995
vn -0.03569054 0.58496720 0.81027129
vn 0.47390280 -0.34478483 0.81027129
vn 0.57031783 -0.58313236 0.57852764
vn 0.12703826 -0.97511111 0.18171296
vn 0.72045697 -0.41595602 0.55490751
vn 0.12720284 -0.18864085 -0.97377311
vn 0.22696919 -0.01584046 -0.97377311
vn 0.79016635 -0.20234355 -0.57852764
vn 0.41187216 -0.11036081 -0.90453403
vn 0.38339150 -0.91964789 -0.08519811
vn 0.90799013 0.37753720 -0.18171296
vn -0.72045697 -0.41595602 -0.55490751
vn -0.12703826 -0.97511111 -0.18171296
vn -0.57031783 -0.58313236 -0.57852764
vn -0.58431367 0.57147318 -0.57619090
vn -0.53554382 0.23801945 -0.81027129
vn 0.52444173 0.26157468 -0.81027129
vn 0.57031783 0.58313236 -0.57852764
vn 0.52444173 -0.26157468 -0.81027129
vn -0.53554382 -0.23801945 -0.81027129
vn -0.28203272 0.89019348 0.35778920
vn -0.28973573 0.36805754 0.88350826
vn -0.70706762 0.52093663 0.47820541
vn -0.70793274 0.49639251 0.50241986
vn 0.28709377 0.85002250 -0.44163211
vn 0.01093565 0.99840783 -0.05533725
vn 0.01093275 0.99840782 -0.05533813
vn 0.90453401 0.00421128 -0.42638069
vn 0.57720553 -0.01292759 -0.81649657
vn 0.55906788 -0.82912188 0.00010078
vn 0.55906788 -0.82912188 -0.00010078
vn 0.57720553 -0.01292759 0.81649657
vn -0.27975291 0.88996178 -0.36014766
vn 0.28709377 0.85002250 0.44163211
vn 0.01093565 0.99840783 0.05533725
vn 0.01093275 0.99840782 0.05533813
vn 0.90453401 0.00421128 0.42638069
vn -0.29213579 0.36581936 -0.88364748
vn -0.70720611 0.49591690 -0.50391066
vn -0.70764211 0.51906844 -0.47938565
vn 0.95454545 -0.23618875 -0.18181818
vn 0.68285539 -0.40442717 -0.60839722
vn 0.12779717 -0.98813418 -0.08519811
vn 0.20455696 -0.73084213 -0.65117296
vn 0.06164102 -0.58280428 -0.81027129
vn -0.48875119 0.32339252 -0.81027129
vn 0.48875119 0.32339252 -0.81027129
vn -0.06164102 -0.58280428 -0.81027129
vn -0.20455696 -0.73084213 -0.65117296
vn -0.12779717 -0.98813418 -0.08519811
vn -0.95454545 -0.23618875 -0.18181818
vn -0.68285539 -0.40442717 -0.60839722
vn -0.47390280 -0.34478483 -0.81027129
vn 0.03569054 0.58496720 -0.81027129
vn 0.18738626 0.73175704 -0.65529995
vn -0.18738626 0.73175704 -0.65529995
vn -0.03569054 0.58496720 -0.81027129
vn 0.47390280 -0.34478483 -0.81027129
vn 0.71562046 -0.26730030 -0.64532000
vn 0.71562046 -0.21832805 -0.66349093
vn 0.71562046 -0.16813482 -0.67795135
vn 0.71562046 -0.11700131 -0.68862039
vn 0.71562046 -0.06521348 -0.69543839
vn 0.71562046 -0.01306096 -0.69836721
vn 0.71562046 0.03916461 -0.69739048
vn 0.71562046 0.09117115 -0.69251366
vn 0.71562046 0.14266783 -0.68376402
vn 0.71562046 0.19336665 -0.67119050
vn 0.71562046 0.24298409 -0.65486341
vn 0.71562046 0.29124266 -0.63487405
vn 0.71562046 0.33787248 -0.61133423
vn 0.71562046 0.38261279 -0.58437557
vn 0.71562046 0.42521337 -0.55414885
vn 0.71562046 0.46543598 -0.52082310
vn 0.71562046 0.50305568 -0.48458470
vn 0.71562046 0.53786210 -0.44563630
vn 0.71562046 0.56966057 -0.40419573
vn 0.71562046 0.59827327 -0.36049473
vn 0.71562046 0.62354018 -0.31477769
vn 0.71562046 0.64532000 -0.26730030
vn 0.71562046 0.66349093 -0.21832805
vn 0.71562046 0.67795135 -0.16813482
vn 0.71562046 0.68862039 -0.11700131
vn 0.71562046 0.69543839 -0.06521348
vn 0.71562046 0.69836721 -0.01306096
vn 0.71562046 0.69739048 0.03916461
vn 0.71562046 0.69251366 0.09117115
vn 0.71562046 0.68376402 0.14266783
vn 0.71562046 0.67119050 0.19336665
vn 0.71562046 0.65486341 0.24298409
vn 0.71562046 0.63487405 0.29124266
vn 0.71562046 0.61133423 0.33787248
vn 0.71562046 0.58437557 0.38261279
vn 0.71562046 0.55414885 0.42521337
vn 0.71562046 0.52082310 0.46543598
vn 0.71562046 0.48458470 0.50305568
vn 0.71562046 0.44563630 0.53786210
vn 0.71562046 0.40419573 0.56966057
vn 0.71562046 0.36049473 0.59827327
vn 0.71562046 0.31477769 0.62354018
vn 0.71562046 0.26730030 0.64532000
vn 0.71562046 0.21832805 0.66349093
vn 0.71562046 0.16813482 0.67795135
vn 0.71562046 0.11700131 0.68862039
vn 0.71562046 0.06521348 0.69543839
vn 0.71562046 0.01306096 0.69836721
vn 0.71562046 -0.03916461 0.69739048
vn 0.71562046 -0.09117115 0.69251366
vn 0.71562046 -0.14266783 0.68376402
vn 0.71562046 -0.19336665 0.67119050
vn 0.71562046 -0.24298409 0.65486341
vn 0.71562046 -0.29124266 0.63487405
vn 0.71562046 -0.33787248 0.61133423
vn 0.71562046 -0.38261279 0.58437557
vn 0.71562046 -0.42521337 0.55414885
vn 0.71562046 -0.46543598 0.52082310
vn 0.71562046 -0.50305568 0.48458470
vn 0.71562046 -0.53786210 0.44563630
vn 0.71562046 -0.56966057 0.40419573
vn 0.71562046 -0.59827327 0.36049473
vn 0.71562046 -0.62354018 0.31477769
vn 0.71562046 -0.64532000 0.26730030
vn 0.71562046 -0.66349093 0.21832805
vn 0.71562046 -0.67795135 0.16813482
vn 0.71562046 -0.68862039 0.11700131
vn 0.71562046 -0.69543839 0.06521348
vn 0.71562046 -0.69836721 0.01306096
vn 0.71562046 -0.69739048 -0.03916461
vn 0.71562046 -0.69251366 -0.09117115
vn 0.71562046 -0.68376402 -0.14266783
vn 0.71562046 -0.67119050 -0.19336665
vn 0.71562046 -0.65486341 -0.24298409
vn 0.71562046 -0.63487405 -0.29124266
vn 0.71562046 -0.61133423 -0.33787248
vn 0.71562046 -0.58437557 -0.38261279
vn 0.71562046 -0.55414885 -0.42521337
vn 0.71562046 -0.52082310 -0.46543598
vn 0.71562046 -0.48458470 -0.50305568
vn 0.71562046 -0.44563630 -0.53786210
vn 0.71562046 -0.40419573 -0.56966057
vn 0.71562046 -0.36049473 -0.59827327
vn 0.71562046 -0.31477769 -0.62354018
vn 0.71562046 -0.26730030 -0.64532000
vn 0.71562046 -0.21832805 -0.66349093
vn 0.71562046 -0.16813482 -0.67795135
vn 0.71562046 -0.11700131 -0.68862039
vn 0.71562046 -0.06521348 -0.69543839
vn 0.71562046 -0.01306096 -0.69836721
vn 0.71562046 0.03916461 -0.69739048
vn 0.71562046 0.09117115 -0.69251366
vn 0.71562046 0.14266783 -0.68376402
vn 0.71562046 0.19336665 -0.67119050
vn 0.71562046 0.24298409 -0.65486341
vn 0.71562046 0.29124266 -0.63487405
vn 0.71562046 0.33787248 -0.61133423
vn 0.71562046 0.38261279 -0.58437557
vn 0.71562046 0.42521337 -0.55414885
vn 0.71562046 0.46543598 -0.52082310
vn 0.71562046 0.50305568 -0.48458470
vn 0.71562046 0.53786210 -0.44563630
vn 0.71562046 0.56966057 -0.40419573
vn 0.71562046 0.59827327 -0.36049473
vn 0.71562046 0.62354018 -0.31477769
vn 0.71562046 0.64532000 -0.26730030
vn 0.71562046 0.66349093 -0.21832805
vn 0.71562046 0.67795135 -0.16813482
vn 0.71562046 0.68862039 -0.11700131
vn 0.71562046 0.69543839 -0.06521348
vn 0.71562046 0.69836721 -0.01306096
vn 0.71562046 0.69739048 0.03916461
vn 0.71562046 0.69251366 0.09117115
vn 0.71562046 0.68376402 0.14266783
vn 0.71562046 0.67119050 0.19336665
vn 0.71562046 0.65486341 0.24298409
vn 0.71562046 0.63487405 0.29124266
vn 0.71562046 0.61133423 0.33787248
vn 0.71562046 0.58437557 0.38261279
vn 0.71562046 0.55414885 0.42521337
vn 0.71562046 0.52082310 0.46543598
vn 0.71562046 0.48458470 0.50305568
vn 0.71562046 0.44563630 0.53786210
vn 0.71562046 0.40419573 0.56966057
vn 0.71562046 0.36049473 0.59827327
vn 0.71562046 0.31477769 0.62354018
vn 0.71562046 0.26730030 0.64532000
vn 0.71562046 0.21832805 0.66349093
vn 0.71562046 0.16813482 0.67795135
vn 0.71562046 0.11700131 0.68862039
vn 0.71562046 0.06521348 0.69543839
vn 0.71562046 0.01306096 0.69836721
vn 0.71562046 -0.03916461 0.69739048
vn 0.71562046 -0.09117115 0.69251366
vn 0.71562046 -0.14266783 0.68376402
vn 0.71562046 -0.19336665 0.67119050
vn 0.71562046 -0.24298409 0.65486341
vn 0.71562046 -0.29124266 0.63487405
vn 0.71562046 -0.33787248 0.61133423
vn 0.71562046 -0.38261279 0.58437557
vn 0.71562046 -0.42521337 0.55414885
vn 0.71562046 -0.46543598 0.52082310
vn 0.71562046 -0.50305568 0.48458470
vn 0.71562046 -0.53786210 0.44563630
vn 0.71562046 -0.56966057 0.40419573
vn 0.71562046 -0.59827327 0.36049473
vn 0.71562046 -0.62354018 0.31477769
vn 0.71562046 -0.64532000 0.26730030
vn 0.71562046 -0.66349093 0.21832805
vn 0.71562046 -0.67795135 0.16813482
vn 0.71562046 -0.68862039 0.11700131
vn 0.71562046 -0.69543839 0.06521348
vn 0.71562046 -0.69836721 0.01306096
vn 0.71562046 -0.69739048 -0.03916461
vn 0.71562046 -0.69251366 -0.09117115
vn 0.71562046 -0.68376402 -0.14266783
vn 0.71562046 -0.67119050 -0.19336665
vn 0.71562046 -0.65486341 -0.24298409
vn 0.71562046 -0.63487405 -0.29124266
vn 0.71562046 -0.61133423 -0.33787248
vn 0.71562046 -0.58437557 -0.38261279
vn 0.71562046 -0.55414885 -0.42521337
vn 0.71562046 -0.52082310 -0.46543598
vn 0.71562046 -0.48458470 -0.50305568
vn 0.71562046 -0.44563630 -0.53786210
vn 0.71562046 -0.40419573 -0.56966057
vn 0.71562046 -0.36049473 -0.59827327
vn 0.71562046 -0.31477769 -0.62354018
vn 0.71562046 -0.26730030 -0.64532000
vn 0.71562046 -0.21832805 -0.66349093
vn 0.71562046 -0.16813482 -0.67795135
vn 0.71562046 -0.11700131 -0.68862039
vn 0.71562046 -0.06521348 -0.69543839
vn 0.71562046 -0.01306096 -0.69836721
vn 0.71562046 0.03916461 -0.69739048
vn 0.71562046 0.09117115 -0.69251366
vn 0.71562046 0.14266783 -0.68376402
vn 0.71562046 0.19336665 -0.67119050
vn 0.71562046 0.24298409 -0.65486341
vn 0.71562046 0.29124266 -0.63487405
vn 0.71562046 0.33787248 -0.61133423
vn 0.71562046 0.38261279 -0.58437557
vn 0.71562046 0.42521337 -0.55414885
vn 0.71562046 0.46543598 -0.52082310
vn 0.71562046 0.50305568 -0.48458470
vn 0.71562046 0.53786210 -0.44563630
vn 0.71562046 0.56966057 -0.40419573
vn 0.71562046 0.59827327 -0.36049473
vn 0.71562046 0.62354018 -0.31477769
vn 0.71562046 0.64532000 -0.26730030
vn 0.71562046 0.66349093 -0.21832805
vn 0.71562046 0.67795135 -0.16813482
vn 0.71562046 0.68862039 -0.11700131
vn 0.71562046 0.69543839 -0.06521348
vn 0.71562046 0.69836721 -0.01306096
vn 0.71562046 0.69739048 0.03916461
vn 0.71562046 0.69251366 0.09117115
vn 0.71562046 0.68376402 0.14266783
vn 0.71562046 0.67119050 0.19336665
vn 0.71562046 0.65486341 0.24298409
vn 0.71562046 0.63487405 0.29124266
vn 0.71562046 0.61133423 0.33787248
vn 0.71562046 0.58437557 0.38261279
vn 0.71562046 0.55414885 0.42521337
vn 0.71562046 0.52082310 0.46543598
vn 0.71562046 0.48458470 0.50305568
vn 0.71562046 0.44563630 0.53786210
vn 0.71562046 0.40419573 0.56966057
vn 0.71562046 0.36049473 0.59827327
vn 0.71562046 0.31477769 0.62354018
vn 0.71562046 0.26730030 0.64532000
vn 0.71562046 0.21832805 0.66349093
vn 0.71562046 0.16813482 0.67795135
vn 0.71562046 0.11700131 0.68862039
vn 0.71562046 0.06521348 0.69543839
vn 0.71562046 0.01306096 0.69836721
vn 0.71562046 -0.03916461 0.69739048
vn 0.71562046 -0.09117115 0.69251366
vn 0.71562046 -0.14266783 0.68376402
vn 0.71562046 -0.19336665 0.67119050
vn 0.71562046 -0.24298409 0.65486341
vn 0.71562046 -0.29124266 0.63487405
vn 0.71562046 -0.33787248 0.61133423
vn 0.71562046 -0.38261279 0.58437557
vn 0.71562046 -0.42521337 0.55414885
vn 0.71562046 -0.46543598 0.52082310
vn 0.71562046 -0.50305568 0.48458470
vn 0.71562046 -0.53786210 0.44563630
vn 0.71562046 -0.56966057 0.40419573
vn 0.71562046 -0.59827327 0.36049473
vn 0.71562046 -0.62354018 0.31477769
vn 0.71562046 -0.64532000 0.26730030
vn 0.71562046 -0.66349093 0.21832805
vn 0.71562046 -0.67795135 0.16813482
vn 0.71562046 -0.68862039 0.11700131
vn 0.71562046 -0.69543839 0.06521348
vn 0.71562046 -0.69836721 0.01306096
vn 0.71562046 -0.69739048 -0.03916461
vn 0.71562046 -0.69251366 -0.09117115
vn 0.71562046 -0.68376402 -0.14266783
vn 0.71562046 -0.67119050 -0.19336665
vn 0.71562046 -0.65486341 -0.24298409
vn 0.71562046 -0.63487405 -0.29124266
vn 0.71562046 -0.61133423 -0.33787248
vn 0.71562046 -0.58437557 -0.38261279
vn 0.71562046 -0.55414885 -0.42521337
vn 0.71562046 -0.52082310 -0.46543598
vn 0.71562046 -0.48458470 -0.50305568
vn 0.71562046 -0.44563630 -0.53786210
vn 0.71562046 -0.40419573 -0.56966057
vn 0.71562046 -0.36049473 -0.59827327
vn 0.71562046 -0.31477769 -0.62354018
vn 0.71562046 -0.26730030 -0.64532000
vn 0.71562046 -0.21832805 -0.66349093
vn 0.71562046 -0.16813482 -0.67795135
vn 0.71562046 -0.11700131 -0.68862039
vn 0.71562046 -0.06521348 -0.69543839
vn 0.71562046 -0.01306096 -0.69836721
vn 0.71562046 0.03916461 -0.69739048
vn 0.71562046 0.09117115 -0.69251366
vn 0.71562046 0.14266783 -0.68376402
vn 0.71562046 0.19336665 -0.67119050
vn 0.71562046 0.24298409 -0.65486341
vn 0.71562046 0.29124266 -0.63487405
vn 0.71562046 0.33787248 -0.61133423
vn 0.71562046 0.38261279 -0.58437557
vn 0.71562046 0.42521337 -0.55414885
vn 0.71562046 0.46543598 -0.52082310
vn 0.71562046 0.50305568 -0.48458470
vn 0.71562046 0.53786210 -0.44563630
vn 0.71562046 0.56966057 -0.40419573
vn 0.71562046 0.59827327 -0.36049473
vn 0.71562046 0.62354018 -0.31477769
vn 0.71562046 0.64532000 -0.26730030
vn 0.71562046 0.66349093 -0.21832805
vn 0.71562046 0.67795135 -0.16813482
vn 0.71562046 0.68862039 -0.11700131
vn 0.71562046 0.69543839 -0.06521348
vn 0.71562046 0.69836721 -0.01306096
vn 0.71562046 0.69739048 0.03916461
vn 0.71562046 0.69251366 0.09117115
vn 0.71562046 0.68376402 0.14266783
vn 0.71562046 0.67119050 0.19336665
vn 0.71562046 0.65486341 0.24298409
vn 0.71562046 0.63487405 0.29124266
vn 0.71562046 0.61133423 0.33787248
vn 0.71562046 0.58437557 0.38261279
vn 0.71562046 0.55414885 0.42521337
vn 0.71562046 0.52082310 0.46543598
vn 0.71562046 0.48458470 0.50305568
vn 0.71562046 0.44563630 0.53786210
vn 0.71562046 0.40419573 0.56966057
vn 0.71562046 0.36049473 0.59827327
vn 0.71562046 0.31477769 0.62354018
vn 0.71562046 0.26730030 0.64532000
vn 0.71562046 0.21832805 0.66349093
vn 0.71562046 0.16813482 0.67795135
vn 0.71562046 0.11700131 0.68862039
vn 0.71562046 0.06521348 0.69543839
vn 0.71562046 0.01306096 0.69836721
vn 0.71562046 -0.03916461 0.69739048
vn 0.71562046 -0.09117115 0.69251366
vn 0.71562046 -0.14266783 0.68376402
vn 0.71562046 -0.19336665 0.67119050
vn 0.71562046 -0.24298409 0.65486341
vn 0.71562046 -0.29124266 0.63487405
vn 0.71562046 -0.33787248 0.61133423
vn 0.71562046 -0.38261279 0.58437557
vn 0.71562046 -0.42521337 0.55414885
vn 0.71562046 -0.46543598 0.52082310
vn 0.71562046 -0.50305568 0.48458470
vn 0.71562046 -0.53786210 0.44563630
vn 0.71562046 -0.56966057 0.40419573
vn 0.71562046 -0.59827327 0.36049473
vn 0.71562046 -0.62354018 0.31477769
vn 0.71562046 -0.64532000 0.26730030
vn 0.71562046 -0.66349093 0.21832805
vn 0.71562046 -0.67795135 0.16813482
vn 0.71562046 -0.68862039 0.11700131
vn 0.71562046 -0.69543839 0.06521348
vn 0.71562046 -0.69836721 0.01306096
vn 0.71562046 -0.69739048 -0.03916461
vn 0.71562046 -0.69251366 -0.09117115
vn 0.71562046 -0.68376402 -0.14266783
vn 0.71562046 -0.67119050 -0.19336665
vn 0.71562046 -0.65486341 -0.24298409
vn 0.71562046 -0.63487405 -0.29124266
vn 0.71562046 -0.61133423 -0.33787248
vn 0.71562046 -0.58437557 -0.38261279
vn 0.71562046 -0.55414885 -0.42521337
vn 0.71562046 -0.52082310 -0.46543598
vn 0.71562046 -0.48458470 -0.50305568
vn 0.71562046 -0.44563630 -0.53786210
vn 0.71562046 -0.40419573 -0.56966057
vn 0.71562046 -0.36049473 -0.59827327
vn 0.71562046 -0.31477769 -0.62354018
vn 0.71562046 -0.26730030 -0.64532000
vn 0.71562046 -0.21832805 -0.66349093
vn 0.71562046 -0.16813482 -0.67795135
vn 0.71562046 -0.11700131 -0.68862039
vn 0.71562046 -0.06521348 -0.69543839
vn 0.71562046 -0.01306096 -0.69836721
vn 0.71562046 0.03916461 -0.69739048
vn 0.71562046 0.09117115 -0.69251366
vn 0.71562046 0.14266783 -0.68376402
vn 0.71562046 0.19336665 -0.67119050
vn 0.71562046 0.24298409 -0.65486341
vn 0.71562046 0.29124266 -0.63487405
vn 0.71562046 0.33787248 -0.61133423
vn 0.71562046 0.38261279 -0.58437557
vn 0.71562046 0.42521337 -0.55414885
vn 0.71562046 0.46543598 -0.52082310
vn 0.71562046 0.50305568 -0.48458470
vn 0.71562046 0.53786210 -0.44563630
vn 0.71562046 0.56966057 -0.40419573
vn 0.71562046 0.59827327 -0.36049473
vn 0.71562046 0.62354018 -0.31477769
vn 0.71562046 0.64532000 -0.26730030
vn 0.71562046 0.66349093 -0.21832805
vn 0.71562046 0.67795135 -0.16813482
vn 0.71562046 0.68862039 -0.11700131
vn 0.71562046 0.69543839 -0.06521348
vn 0.71562046 0.69836721 -0.01306096
vn 0.71562046 0.69739048 0.03916461
vn 0.71562046 0.69251366 0.09117115
vn 0.71562046 0.68376402 0.14266783
vn 0.71562046 0.67119050 0.19336665
vn 0.71562046 0.65486341 0.24298409
vn 0.71562046 0.63487405 0.29124266
vn 0.71562046 0.61133423 0.33787248
vn 0.71562046 0.58437557 0.38261279
vn 0.71562046 0.55414885 0.42521337
vn 0.71562046 0.52082310 0.46543598
vn 0.71562046 0.48458470 0.50305568
vn 0.71562046 0.44563630 0.53786210
vn 0.71562046 0.40419573 0.56966057
vn 0.71562046 0.36049473 0.59827327
vn 0.71562046 0.31477769 0.62354018
vn 0.71562046 0.26730030 0.64532000
vn 0.71562046 0.21832805 0.66349093
vn 0.71562046 0.16813482 0.67795135
vn 0.71562046 0.11700131 0.68862039
vn 0.71562046 0.06521348 0.69543839
vn 0.71562046 0.01306096 0.69836721
vn 0.71562046 -0.03916461 0.69739048
vn 0.71562046 -0.09117115 0.69251366
vn 0.71562046 -0.14266783 0.68376402
vn 0.71562046 -0.19336665 0.67119050
vn 0.71562046 -0.24298409 0.65486341
vn 0.71562046 -0.29124266 0.63487405
vn 0.71562046 -0.33787248 0.61133423
vn 0.71562046 -0.38261279 0.58437557
vn 0.71562046 -0.42521337 0.55414885
vn 0.71562046 -0.46543598 0.52082310
vn 0.71562046 -0.50305568 0.48458470
vn 0.71562046 -0.53786210 0.44563630
vn 0.71562046 -0.56966057 0.40419573
vn 0.71562046 -0.59827327 0.36049473
vn 0.71562046 -0.62354018 0.31477769
vn 0.71562046 -0.64532000 0.26730030
vn 0.71562046 -0.66349093 0.21832805
vn 0.71562046 -0.67795135 0.16813482
vn 0.71562046 -0.68862039 0.11700131
vn 0.71562046 -0.69543839 0.06521348
vn 0.71562046 -0.69836721 0.01306096
vn 0.71562046 -0.69739048 -0.03916461
vn 0.71562046 -0.69251366 -0.09117115
vn 0.71562046 -0.68376402 -0.14266783
vn 0.71562046 -0.67119050 -0.19336665
vn 0.71562046 -0.65486341 -0.24298409
vn 0.71562046 -0.63487405 -0.29124266
vn 0.71562046 -0.61133423 -0.33787248
vn 0.71562046 -0.58437557 -0.38261279
vn 0.71562046 -0.55414885 -0.42521337
vn 0.71562046 -0.52082310 -0.46543598
vn 0.71562046 -0.48458470 -0.50305568
vn 0.71562046 -0.44563630 -0.53786210
vn 0.71562046 -0.40419573 -0.56966057
vn 0.71562046 -0.36049473 -0.59827327
vn 0.71562046 -0.31477769 -0.62354018
vn 0.26105568 -0.43948948 -0.85947596
vn -0.01093048 -0.05386044 -0.99848865
vn -0.01093356 -0.05386144 -0.99848856
vn 0.90114805 -0.43351146 -0.00005405
vn -0.53023668 0.80770011 0.25781698
vn 0.52943342 0.81304231 0.24220334
vn 0.52943342 0.81304231 -0.24220334
vn -0.53023668 0.80770011 -0.25781698
vn 0.55906788 0.82912188 -0.00010078
vn 0.57720553 0.01292759 0.81649657
vn 0.90114805 0.43351146 -0.00005405
vn 0.26105514 0.43948966 -0.85947603
vn -0.28993887 -0.36839558 -0.88330071
vn -0.01093523 0.05386185 -0.99848852
vn -0.01093243 0.05386112 -0.99848859
vn -0.28203300 -0.89019337 -0.35778925
vn -0.70793274 -0.49639251 -0.50241986
vn -0.70706762 -0.52093663 -0.47820541
vn -0.99757455 0.06960604 -0.00010078
vn -0.29979839 0.49341085 0.81649657
vn -0.44861993 0.78545507 0.42638069
vn 0.59259450 0.67364135 0.44163229
vn 0.91194657 0.20084895 -0.35778925
vn 0.85918095 0.50867056 0.05533847
vn 0.85917962 0.50867288 0.05533785
vn 0.24237257 -0.96902652 0.04736179
vn 0.38339150 -0.91964789 0.08519811
vn 0.24237257 -0.96902652 -0.04736179
vn -0.29979839 0.49341085 -0.81649657
vn -0.44861993 0.78545507 -0.42638069
vn 0.59259450 0.67364135 -0.44163229
vn 0.91060601 0.20270747 0.36014771
vn 0.85918095 0.50867056 -0.05533847
vn 0.85917962 0.50867288 -0.05533785
vn -0.99757455 0.06960604 0.00010078
vn -0.11036081 -0.41187216 -0.90453403
vn 0.00000000 -0.83191205 -0.55490751
vn -0.78095187 -0.59757392 -0.18171296
vn -0.21984852 -0.78547591 -0.57852764
vn 0.68181818 -0.70856624 -0.18181818
vn 0.57735027 -0.57735027 -0.57735027
vn 0.89102081 -0.43812376 0.11886754
vn -0.28895369 0.15771844 0.94426196
vn -0.28895369 0.15771844 -0.94426196
vn 0.89102081 -0.43812376 -0.11886754
vn 0.68181818 -0.70856624 0.18181818
vn 0.57735027 -0.57735027 0.57735027
vn -0.17074097 -0.43590670 -0.88364748
vn -0.63085306 -0.68725402 -0.36014766
vn -0.07587358 -0.86041690 -0.50391066
vn -0.09570540 -0.87237026 -0.47938565
vn 0.25008121 0.44582559 -0.85947596
vn 0.05210975 0.01746415 -0.99848865
vn 0.05211215 0.01746198 -0.99848856
vn -0.07514209 0.99717284 -0.00005405
vn 0.43850668 0.89872793 -0.00010078
vn -0.22348622 0.97376167 0.04291991
vn -0.27740714 0.50633845 0.81649657
vn -0.82600596 0.56366138 -0.00005405
vn -0.51113678 0.00633555 -0.85947603
vn 0.46400937 -0.06689664 -0.88330071
vn -0.04117812 -0.03640111 -0.99848852
vn -0.04117888 -0.03639832 -0.99848859
vn 0.78385489 -0.36489148 -0.50241986
vn 0.80467816 -0.35187021 -0.47820541
vn 0.41187216 -0.11036081 0.90453403
vn 0.79016635 -0.20234355 0.57852764
vn 0.90799013 0.37753720 0.18171296
vn 0.12720284 -0.18864085 0.97377311
vn 0.22696919 -0.01584046 0.97377311
vn -0.38339150 -0.91964789 -0.08519811
vn -0.41187216 -0.11036081 -0.90453403
vn -0.79016635 -0.20234355 -0.57852764
vn -0.22696919 -0.01584046 -0.97377311
vn -0.12720284 -0.18864085 -0.97377311
vn -0.90799013 0.37753720 -0.18171296
vn 0.26075572 -0.43965781 0.85948093
vn -0.01093732 -0.05446366 0.99845585
vn -0.01094039 -0.05446463 0.99845576
vn 0.90114805 -0.43351146 0.00005405
vn 0.57720553 0.01292759 -0.81649657
vn 0.55906788 0.82912188 0.00010078
vn 0.90114805 0.43351146 0.00005405
vn 0.26195604 0.43898594 0.85945935
vn -0.29268695 -0.36644885 0.88320416
vn -0.01091470 0.05205224 0.99858472
vn -0.01091191 0.05205140 0.99858479
vn -0.27975319 -0.88996167 0.36014771
vn -0.70764211 -0.51906844 0.47938565
vn -0.70720611 -0.49591690 0.50391066
vn 0.69943874 -0.27190472 0.66094876
vn 0.69894583 -0.22437376 0.67906638
vn 0.69902270 -0.17375563 0.69366869
vn 0.69909671 -0.12220420 0.70450686
vn 0.69916791 -0.06999878 0.71152260
vn 0.69923633 -0.01742218 0.71467826
vn 0.69930202 0.03524077 0.71395712
vn 0.69936501 0.08770477 0.70936341
vn 0.69942535 0.13968559 0.70092233
vn 0.69948307 0.19090161 0.68867991
vn 0.69953821 0.24107535 0.67270273
vn 0.69959081 0.28993498 0.65307764
vn 0.69964090 0.33721576 0.62991122
vn 0.69968852 0.38266150 0.60332922
vn 0.69945342 0.42674475 0.57328338
vn -0.69919825 -0.27305892 0.66072735
vn -0.69890801 -0.22360464 0.67935893
vn -0.69898555 -0.17217314 0.69410058
vn -0.69906019 -0.11979103 0.70495742
vn -0.69913198 -0.06675105 0.71186991
vn -0.69920095 -0.01334950 0.71480055
vn -0.69926715 0.04011536 0.71373399
vn -0.69933061 0.09334503 0.70867722
vn -0.69939138 0.14604240 0.69965943
vn -0.69944949 0.19791339 0.68673190
vn -0.69950497 0.24866863 0.66996769
vn -0.69955787 0.29802503 0.64946122
vn -0.69960821 0.34570737 0.62532773
vn -0.69965603 0.39144981 0.59770267
vn -0.69965596 0.43473387 0.56699912
vn -0.70102982 0.47474034 0.53214547
vn -0.70095785 0.51398374 0.49444798
vn -0.69662216 0.55602659 0.45337842
vn -0.69880109 0.58185884 0.41607371
vn -0.69982578 0.61190420 0.36853376
vn -0.69982018 0.63773893 0.32177751
vn -0.69981452 0.66000750 0.27322103
vn -0.69980881 0.67858532 0.22313583
vn -0.69980303 0.69336845 0.17180198
vn -0.69979718 0.70427416 0.11950654
vn -0.69979128 0.71124140 0.06654194
vn -0.69978532 0.71423116 0.01320438
vn -0.69977929 0.71322666 -0.04020787
vn -0.69977321 0.70823345 -0.09339613
vn -0.69976706 0.69927940 -0.14606294
vn -0.69976085 0.68641452 -0.19791376
vn -0.69975458 0.66971070 -0.24865862
vn -0.69974824 0.64926128 -0.29801372
vn -0.69974185 0.62518058 -0.34570304
vn -0.69973539 0.59760318 -0.39145986
vn -0.69975565 0.56695760 -0.43462756
vn -0.70107057 0.53203121 -0.47480822
vn -0.70097927 0.49459661 -0.51381150
vn -0.69593626 0.45314754 -0.55707274
vn -0.69897770 0.41632016 -0.58147029
vn -0.70012579 0.36849503 -0.61158425
vn -0.70016440 0.32174980 -0.63737499
vn -0.70017986 0.27322163 -0.65961967
vn -0.70017228 0.22317551 -0.67819722
vn -0.70014161 0.17188447 -0.69300610
vn -0.70008759 0.11962824 -0.70396481
vn -0.70000980 0.06669179 -0.71101229
vn -0.69990765 0.01336388 -0.71410832
vn -0.69978036 -0.04006440 -0.71323369
vn -0.69962704 -0.09330114 -0.70839036
vn -0.69944666 -0.14605511 -0.69960151
vn -0.69923810 -0.19803726 -0.68691144
vn -0.69904321 -0.24887397 -0.67037328
vn -0.69908485 -0.29797963 -0.64999117
vn -0.69931262 -0.34566878 -0.62567959
vn -0.69951142 -0.39139480 -0.59790793
vn -0.69967795 -0.43459799 -0.56707614
vn -0.70102982 -0.47474034 -0.53214547
vn -0.70095785 -0.51398374 -0.49444798
vn -0.69662216 -0.55602659 -0.45337842
vn -0.69880109 -0.58185884 -0.41607371
vn -0.69982578 -0.61190420 -0.36853376
vn -0.69982018 -0.63773893 -0.32177751
vn -0.69981452 -0.66000750 -0.27322103
vn -0.69980881 -0.67858532 -0.22313583
vn -0.69980303 -0.69336845 -0.17180198
vn -0.69979718 -0.70427416 -0.11950654
vn -0.69979128 -0.71124140 -0.06654194
vn -0.69978532 -0.71423116 -0.01320438
vn -0.69977929 -0.71322666 0.04020787
vn -0.69977321 -0.70823345 0.09339613
vn -0.69976706 -0.69927940 0.14606294
vn -0.69976085 -0.68641452 0.19791376
vn -0.69975458 -0.66971070 0.24865862
vn -0.69974824 -0.64926128 0.29801372
vn -0.69974185 -0.62518058 0.34570304
vn -0.69973539 -0.59760318 0.39145986
vn -0.69975565 -0.56695760 0.43462756
vn -0.70107057 -0.53203121 0.47480822
vn -0.70097927 -0.49459661 0.51381150
vn -0.69593626 -0.45314754 0.55707274
vn -0.69928250 -0.41614303 0.58123056
vn -0.70018595 -0.36834939 0.61160311
vn -0.69981019 -0.32159802 0.63784042
vn 0.69911247 -0.43346283 0.56864024
vn 0.70074522 -0.39371078 0.59493525
vn 0.70056423 -0.35465953 0.61921433
vn 0.70018182 -0.31428274 0.64107081
vn 0.01093115 -0.99840781 -0.05533847
vn 0.01093383 -0.99840782 -0.05533785
vn 0.28709327 -0.85002257 -0.44163229
vn 0.28709327 -0.85002257 0.44163229
vn 0.69858995 -0.57410476 -0.42705481
vn 0.69982065 -0.60425083 -0.38096192
vn 0.69981506 -0.63109464 -0.33463179
vn 0.69980940 -0.65439285 -0.28642068
vn 0.69980368 -0.67401448 -0.23659943
vn 0.69979790 -0.68984922 -0.18544795
vn 0.69979206 -0.70180805 -0.13325362
vn 0.69978616 -0.70982370 -0.08030968
vn 0.69978020 -0.71385106 -0.02691361
vn 0.69977418 -0.71386743 0.02663460
vn 0.69976809 -0.70987264 0.08003406
vn 0.69976194 -0.70188908 0.13298474
vn 0.69975573 -0.68996153 0.18518912
vn 0.69974946 -0.67415692 0.23635386
vn 0.69974312 -0.65456399 0.28619145
vn 0.69973672 -0.63129276 0.33442185
vn 0.69973026 -0.60447390 0.38077403
vn 0.69949810 -0.57409605 0.42557741
vn 0.01093115 -0.99840781 0.05533847
vn 0.01093383 -0.99840782 0.05533785
vn 0.69871171 0.42966445 -0.57200560
vn 0.70024151 0.38557273 -0.60082900
vn 0.70028685 0.34172632 -0.62675470
vn 0.70031117 0.29615087 -0.64950668
vn 0.70031471 0.24907625 -0.66896960
vn 0.70029751 0.20074016 -0.68504510
vn 0.70025939 0.15138677 -0.69765237
vn 0.70020001 0.10126536 -0.70672857
vn 0.70011883 0.05062886 -0.71222914
vn 0.70001513 -0.00026756 -0.71412796
vn 0.69988805 -0.05116797 -0.71241740
vn 0.69973658 -0.10181700 -0.70710821
vn 0.69955957 -0.15196129 -0.69822931
vn 0.69935580 -0.20135081 -0.68582747
vn 0.69916967 -0.24964716 -0.66995378
vn 0.69920643 -0.29631998 -0.65061881
vn 0.69942853 -0.34178365 -0.62768118
vn 0.69962301 -0.38551325 -0.60158721
vn 0.69953777 -0.42792563 -0.57229937
vn 0.69858995 0.57410476 0.42705481
vn 0.69982065 0.60425083 0.38096192
vn 0.69981506 0.63109464 0.33463179
vn 0.69980940 0.65439285 0.28642068
vn 0.69980368 0.67401448 0.23659943
vn 0.69979790 0.68984922 0.18544795
vn 0.69979206 0.70180805 0.13325362
vn 0.69978616 0.70982370 0.08030968
vn 0.69978020 0.71385106 0.02691361
vn 0.69977418 0.71386743 -0.02663460
vn 0.69976809 0.70987264 -0.08003406
vn 0.69976194 0.70188908 -0.13298474
vn 0.69975573 0.68996153 -0.18518912
vn 0.69974946 0.67415692 -0.23635386
vn 0.69974312 0.65456399 -0.28619145
vn 0.69973672 0.63129276 -0.33442185
vn 0.69973026 0.60447390 -0.38077403
vn 0.69949810 0.57409605 -0.42557741
vn 0.71562046 0.26730030 -0.64532000
vn 0.71562046 0.21832805 -0.66349093
vn 0.71562046 0.16813482 -0.67795135
vn 0.71562046 0.11700131 -0.68862039
vn 0.71562046 0.06521348 -0.69543839
vn 0.71562046 0.01306096 -0.69836721
vn 0.71562046 -0.03916461 -0.69739048
vn 0.71562046 -0.09117115 -0.69251366
vn 0.71562046 -0.14266783 -0.68376402
vn 0.71562046 -0.19336665 -0.67119050
vn 0.71562046 -0.24298409 -0.65486341
vn 0.71562046 -0.29124266 -0.63487405
vn 0.71562046 -0.33787248 -0.61133423
vn 0.71562046 -0.38261279 -0.58437557
vn 0.71562046 -0.42521337 -0.55414885
vn 0.71562046 -0.46543598 -0.52082310
vn 0.71562046 -0.50305568 -0.48458470
vn 0.71562046 -0.53786210 -0.44563630
vn 0.71562046 -0.56966057 -0.40419573
vn 0.71562046 -0.59827327 -0.36049473
vn 0.71562046 -0.62354018 -0.31477769
vn 0.71562046 -0.64532000 -0.26730030
vn 0.71562046 -0.66349093 -0.21832805
vn 0.71562046 -0.67795135 -0.16813482
vn 0.71562046 -0.68862039 -0.11700131
vn 0.71562046 -0.69543839 -0.06521348
vn 0.71562046 -0.69836721 -0.01306096
vn 0.71562046 -0.69739048 0.03916461
vn 0.71562046 -0.69251366 0.09117115
vn 0.71562046 -0.68376402 0.14266783
vn 0.71562046 -0.67119050 0.19336665
vn 0.71562046 -0.65486341 0.24298409
vn 0.71562046 -0.63487405 0.29124266
vn 0.71562046 -0.61133423 0.33787248
vn 0.71562046 -0.58437557 0.38261279
vn 0.71562046 -0.55414885 0.42521337
vn 0.71562046 -0.52082310 0.46543598
vn 0.71562046 -0.48458470 0.50305568
vn 0.71562046 -0.44563630 0.53786210
vn 0.71562046 -0.40419573 0.56966057
vn 0.71562046 -0.36049473 0.59827327
vn 0.71562046 -0.31477769 0.62354018
vn 0.71562046 -0.26730030 0.64532000
vn 0.71562046 -0.21832805 0.66349093
vn 0.71562046 -0.16813482 0.67795135
vn 0.71562046 -0.11700131 0.68862039
vn 0.71562046 -0.06521348 0.69543839
vn 0.71562046 -0.01306096 0.69836721
vn 0.71562046 0.03916461 0.69739048
vn 0.71562046 0.09117115 0.69251366
vn 0.71562046 0.14266783 0.68376402
vn 0.71562046 0.19336665 0.67119050
vn 0.71562046 0.24298409 0.65486341
vn 0.71562046 0.29124266 0.63487405
vn 0.71562046 0.33787248 0.61133423
vn 0.71562046 0.38261279 0.58437557
vn 0.71562046 0.42521337 0.55414885
vn 0.71562046 0.46543598 0.52082310
vn 0.71562046 0.50305568 0.48458470
vn 0.71562046 0.53786210 0.44563630
vn 0.71562046 0.56966057 0.40419573
vn 0.71562046 0.59827327 0.36049473
vn 0.71562046 0.62354018 0.31477769
vn 0.71562046 0.64532000 0.26730030
vn 0.71562046 0.66349093 0.21832805
vn 0.71562046 0.67795135 0.16813482
vn 0.71562046 0.68862039 0.11700131
vn 0.71562046 0.69543839 0.06521348
vn 0.71562046 0.69836721 0.01306096
vn 0.71562046 0.69739048 -0.03916461
vn 0.71562046 0.69251366 -0.09117115
vn 0.71562046 0.68376402 -0.14266783
vn 0.71562046 0.67119050 -0.19336665
vn 0.71562046 0.65486341 -0.24298409
vn 0.71562046 0.63487405 -0.29124266
vn 0.71562046 0.61133423 -0.33787248
vn 0.71562046 0.58437557 -0.38261279
vn 0.71562046 0.55414885 -0.42521337
vn 0.71562046 0.52082310 -0.46543598
vn 0.71562046 0.48458470 -0.50305568
vn 0.71562046 0.44563630 -0.53786210
vn 0.71562046 0.40419573 -0.56966057
vn 0.71562046 0.36049473 -0.59827327
vn 0.71562046 0.31477769 -0.62354018
vn 0.90453401 -0.00421128 0.42638069
vn 0.90453401 -0.00421128 -0.42638069
vn 0.71562046 0.26730030 -0.64532000
vn 0.71562046 0.21832805 -0.66349093
vn 0.71562046 0.16813482 -0.67795135
vn 0.71562046 0.11700131 -0.68862039
vn 0.71562046 0.06521348 -0.69543839
vn 0.71562046 0.01306096 -0.69836721
vn 0.71562046 -0.03916461 -0.69739048
vn 0.71562046 -0.09117115 -0.69251366
vn 0.71562046 -0.14266783 -0.68376402
vn 0.71562046 -0.19336665 -0.67119050
vn 0.71562046 -0.24298409 -0.65486341
vn 0.71562046 -0.29124266 -0.63487405
vn 0.71562046 -0.33787248 -0.61133423
vn 0.71562046 -0.38261279 -0.58437557
vn 0.71562046 -0.42521337 -0.55414885
vn 0.71562046 -0.46543598 -0.52082310
vn 0.71562046 -0.50305568 -0.48458470
vn 0.71562046 -0.53786210 -0.44563630
vn 0.71562046 -0.56966057 -0.40419573
vn 0.71562046 -0.59827327 -0.36049473
vn 0.71562046 -0.62354018 -0.31477769
vn 0.71562046 -0.64532000 -0.26730030
vn 0.71562046 -0.66349093 -0.21832805
vn 0.71562046 -0.67795135 -0.16813482
vn 0.71562046 -0.68862039 -0.11700131
vn 0.71562046 -0.69543839 -0.06521348
vn 0.71562046 -0.69836721 -0.01306096
vn 0.71562046 -0.69739048 0.03916461
vn 0.71562046 -0.69251366 0.09117115
vn 0.71562046 -0.68376402 0.14266783
vn 0.71562046 -0.67119050 0.19336665
vn 0.71562046 -0.65486341 0.24298409
vn 0.71562046 -0.63487405 0.29124266
vn 0.71562046 -0.61133423 0.33787248
vn 0.71562046 -0.58437557 0.38261279
vn 0.71562046 -0.55414885 0.42521337
vn 0.71562046 -0.52082310 0.46543598
vn 0.71562046 -0.48458470 0.50305568
vn 0.71562046 -0.44563630 0.53786210
vn 0.71562046 -0.40419573 0.56966057
vn 0.71562046 -0.36049473 0.59827327
vn 0.71562046 -0.31477769 0.62354018
vn 0.71562046 -0.26730030 0.64532000
vn 0.71562046 -0.21832805 0.66349093
vn 0.71562046 -0.16813482 0.67795135
vn 0.71562046 -0.11700131 0.68862039
vn 0.71562046 -0.06521348 0.69543839
vn 0.71562046 -0.01306096 0.69836721
vn 0.71562046 0.03916461 0.69739048
vn 0.71562046 0.09117115 0.69251366
vn 0.71562046 0.14266783 0.68376402
vn 0.71562046 0.19336665 0.67119050
vn 0.71562046 0.24298409 0.65486341
vn 0.71562046 0.29124266 0.63487405
vn 0.71562046 0.33787248 0.61133423
vn 0.71562046 0.38261279 0.58437557
vn 0.71562046 0.42521337 0.55414885
vn 0.71562046 0.46543598 0.52082310
vn 0.71562046 0.50305568 0.48458470
vn 0.71562046 0.53786210 0.44563630
vn 0.71562046 0.56966057 0.40419573
vn 0.71562046 0.59827327 0.36049473
vn 0.71562046 0.62354018 0.31477769
vn 0.71562046 0.64532000 0.26730030
vn 0.71562046 0.66349093 0.21832805
vn 0.71562046 0.67795135 0.16813482
vn 0.71562046 0.68862039 0.11700131
vn 0.71562046 0.69543839 0.06521348
vn 0.71562046 0.69836721 0.01306096
vn 0.71562046 0.69739048 -0.03916461
vn 0.71562046 0.69251366 -0.09117115
vn 0.71562046 0.68376402 -0.14266783
vn 0.71562046 0.67119050 -0.19336665
vn 0.71562046 0.65486341 -0.24298409
vn 0.71562046 0.63487405 -0.29124266
vn 0.71562046 0.61133423 -0.33787248
vn 0.71562046 0.58437557 -0.38261279
vn 0.71562046 0.55414885 -0.42521337
vn 0.71562046 0.52082310 -0.46543598
vn 0.71562046 0.48458470 -0.50305568
vn 0.71562046 0.44563630 -0.53786210
vn 0.71562046 0.40419573 -0.56966057
vn 0.71562046 0.36049473 -0.59827327
vn 0.71562046 0.31477769 -0.62354018
vn 0.71562046 0.26730030 -0.64532000
vn 0.71562046 0.21832805 -0.66349093
vn 0.71562046 0.16813482 -0.67795135
vn 0.71562046 0.11700131 -0.68862039
vn 0.71562046 0.06521348 -0.69543839
vn 0.71562046 0.01306096 -0.69836721
vn 0.71562046 -0.03916461 -0.69739048
vn 0.71562046 -0.09117115 -0.69251366
vn 0.71562046 -0.14266783 -0.68376402
vn 0.71562046 -0.19336665 -0.67119050
vn 0.71562046 -0.24298409 -0.65486341
vn 0.71562046 -0.29124266 -0.63487405
vn 0.71562046 -0.33787248 -0.61133423
vn 0.71562046 -0.38261279 -0.58437557
vn 0.71562046 -0.42521337 -0.55414885
vn 0.71562046 -0.46543598 -0.52082310
vn 0.71562046 -0.50305568 -0.48458470
vn 0.71562046 -0.53786210 -0.44563630
vn 0.71562046 -0.56966057 -0.40419573
vn 0.71562046 -0.59827327 -0.36049473
vn 0.71562046 -0.62354018 -0.31477769
vn 0.71562046 -0.64532000 -0.26730030
vn 0.71562046 -0.66349093 -0.21832805
vn 0.71562046 -0.67795135 -0.16813482
vn 0.71562046 -0.68862039 -0.11700131
vn 0.71562046 -0.69543839 -0.06521348
vn 0.71562046 -0.69836721 -0.01306096
vn 0.71562046 -0.69739048 0.03916461
vn 0.71562046 -0.69251366 0.09117115
vn 0.71562046 -0.68376402 0.14266783
vn 0.71562046 -0.67119050 0.19336665
vn 0.71562046 -0.65486341 0.24298409
vn 0.71562046 -0.63487405 0.29124266
vn 0.71562046 -0.61133423 0.33787248
vn 0.71562046 -0.58437557 0.38261279
vn 0.71562046 -0.55414885 0.42521337
vn 0.71562046 -0.52082310 0.46543598
vn 0.71562046 -0.48458470 0.50305568
vn 0.71562046 -0.44563630 0.53786210
vn 0.71562046 -0.40419573 0.56966057
vn 0.71562046 -0.36049473 0.59827327
vn 0.71562046 -0.31477769 0.62354018
vn 0.71562046 -0.26730030 0.64532000
vn 0.71562046 -0.21832805 0.66349093
vn 0.71562046 -0.16813482 0.67795135
vn 0.71562046 -0.11700131 0.68862039
vn 0.71562046 -0.06521348 0.69543839
vn 0.71562046 -0.01306096 0.69836721
vn 0.71562046 0.03916461 0.69739048
vn 0.71562046 0.09117115 0.69251366
vn 0.71562046 0.14266783 0.68376402
vn 0.71562046 0.19336665 0.67119050
vn 0.71562046 0.24298409 0.65486341
vn 0.71562046 0.29124266 0.63487405
vn 0.71562046 0.33787248 0.61133423
vn 0.71562046 0.38261279 0.58437557
vn 0.71562046 0.42521337 0.55414885
vn 0.71562046 0.46543598 0.52082310
vn 0.71562046 0.50305568 0.48458470
vn 0.71562046 0.53786210 0.44563630
vn 0.71562046 0.56966057 0.40419573
vn 0.71562046 0.59827327 0.36049473
vn 0.71562046 0.62354018 0.31477769
vn 0.71562046 0.64532000 0.26730030
vn 0.71562046 0.66349093 0.21832805
vn 0.71562046 0.67795135 0.16813482
vn 0.71562046 0.68862039 0.11700131
vn 0.71562046 0.69543839 0.06521348
vn 0.71562046 0.69836721 0.01306096
vn 0.71562046 0.69739048 -0.03916461
vn 0.71562046 0.69251366 -0.09117115
vn 0.71562046 0.68376402 -0.14266783
vn 0.71562046 0.67119050 -0.19336665
vn 0.71562046 0.65486341 -0.24298409
vn 0.71562046 0.63487405 -0.29124266
vn 0.71562046 0.61133423 -0.33787248
vn 0.71562046 0.58437557 -0.38261279
vn 0.71562046 0.55414885 -0.42521337
vn 0.71562046 0.52082310 -0.46543598
vn 0.71562046 0.48458470 -0.50305568
vn 0.71562046 0.44563630 -0.53786210
vn 0.71562046 0.40419573 -0.56966057
vn 0.71562046 0.36049473 -0.59827327
vn 0.71562046 0.31477769 -0.62354018
vn 0.71562046 0.26730030 -0.64532000
vn 0.71562046 0.21832805 -0.66349093
vn 0.71562046 0.16813482 -0.67795135
vn 0.71562046 0.11700131 -0.68862039
vn 0.71562046 0.06521348 -0.69543839
vn 0.71562046 0.01306096 -0.69836721
vn 0.71562046 -0.03916461 -0.69739048
vn 0.71562046 -0.09117115 -0.69251366
vn 0.71562046 -0.14266783 -0.68376402
vn 0.71562046 -0.19336665 -0.67119050
vn 0.71562046 -0.24298409 -0.65486341
vn 0.71562046 -0.29124266 -0.63487405
vn 0.71562046 -0.33787248 -0.61133423
vn 0.71562046 -0.38261279 -0.58437557
vn 0.71562046 -0.42521337 -0.55414885
vn 0.71562046 -0.46543598 -0.52082310
vn 0.71562046 -0.50305568 -0.48458470
vn 0.71562046 -0.53786210 -0.44563630
vn 0.71562046 -0.56966057 -0.40419573
vn 0.71562046 -0.59827327 -0.36049473
vn 0.71562046 -0.62354018 -0.31477769
vn 0.71562046 -0.64532000 -0.26730030
vn 0.71562046 -0.66349093 -0.21832805
vn 0.71562046 -0.67795135 -0.16813482
vn 0.71562046 -0.68862039 -0.11700131
vn 0.71562046 -0.69543839 -0.06521348
vn 0.71562046 -0.69836721 -0.01306096
vn 0.71562046 -0.69739048 0.03916461
vn 0.71562046 -0.69251366 0.09117115
vn 0.71562046 -0.68376402 0.14266783
vn 0.71562046 -0.67119050 0.19336665
vn 0.71562046 -0.65486341 0.24298409
vn 0.71562046 -0.63487405 0.29124266
vn 0.71562046 -0.61133423 0.33787248
vn 0.71562046 -0.58437557 0.38261279
vn 0.71562046 -0.55414885 0.42521337
vn 0.71562046 -0.52082310 0.46543598
vn 0.71562046 -0.48458470 0.50305568
vn 0.71562046 -0.44563630 0.53786210
vn 0.71562046 -0.40419573 0.56966057
vn 0.71562046 -0.36049473 0.59827327
vn 0.71562046 -0.31477769 0.62354018
vn 0.71562046 -0.26730030 0.64532000
vn 0.71562046 -0.21832805 0.66349093
vn 0.71562046 -0.16813482 0.67795135
vn 0.71562046 -0.11700131 0.68862039
vn 0.71562046 -0.06521348 0.69543839
vn 0.71562046 -0.01306096 0.69836721
vn 0.71562046 0.03916461 0.69739048
vn 0.71562046 0.09117115 0.69251366
vn 0.71562046 0.14266783 0.68376402
vn 0.71562046 0.19336665 0.67119050
vn 0.71562046 0.24298409 0.65486341
vn 0.71562046 0.29124266 0.63487405
vn 0.71562046 0.33787248 0.61133423
vn 0.71562046 0.38261279 0.58437557
vn 0.71562046 0.42521337 0.55414885
vn 0.71562046 0.46543598 0.52082310
vn 0.71562046 0.50305568 0.48458470
vn 0.71562046 0.53786210 0.44563630
vn 0.71562046 0.56966057 0.40419573
vn 0.71562046 0.59827327 0.36049473
vn 0.71562046 0.62354018 0.31477769
vn 0.71562046 0.64532000 0.26730030
vn 0.71562046 0.66349093 0.21832805
vn 0.71562046 0.67795135 0.16813482
vn 0.71562046 0.68862039 0.11700131
vn 0.71562046 0.69543839 0.06521348
vn 0.71562046 0.69836721 0.01306096
vn 0.71562046 0.69739048 -0.03916461
vn 0.71562046 0.69251366 -0.09117115
vn 0.71562046 0.68376402 -0.14266783
vn 0.71562046 0.67119050 -0.19336665
vn 0.71562046 0.65486341 -0.24298409
vn 0.71562046 0.63487405 -0.29124266
vn 0.71562046 0.61133423 -0.33787248
vn 0.71562046 0.58437557 -0.38261279
vn 0.71562046 0.55414885 -0.42521337
vn 0.71562046 0.52082310 -0.46543598
vn 0.71562046 0.48458470 -0.50305568
vn 0.71562046 0.44563630 -0.53786210
vn 0.71562046 0.40419573 -0.56966057
vn 0.71562046 0.36049473 -0.59827327
vn 0.71562046 0.31477769 -0.62354018
vn 0.71562046 0.26730030 -0.64532000
vn 0.71562046 0.21832805 -0.66349093
vn 0.71562046 0.16813482 -0.67795135
vn 0.71562046 0.11700131 -0.68862039
vn 0.71562046 0.06521348 -0.69543839
vn 0.71562046 0.01306096 -0.69836721
vn 0.71562046 -0.03916461 -0.69739048
vn 0.71562046 -0.09117115 -0.69251366
vn 0.71562046 -0.14266783 -0.68376402
vn 0.71562046 -0.19336665 -0.67119050
vn 0.71562046 -0.24298409 -0.65486341
vn 0.71562046 -0.29124266 -0.63487405
vn 0.71562046 -0.33787248 -0.61133423
vn 0.71562046 -0.38261279 -0.58437557
vn 0.71562046 -0.42521337 -0.55414885
vn 0.71562046 -0.46543598 -0.52082310
vn 0.71562046 -0.50305568 -0.48458470
vn 0.71562046 -0.53786210 -0.44563630
vn 0.71562046 -0.56966057 -0.40419573
vn 0.71562046 -0.59827327 -0.36049473
vn 0.71562046 -0.62354018 -0.31477769
vn 0.71562046 -0.64532000 -0.26730030
vn 0.71562046 -0.66349093 -0.21832805
vn 0.71562046 -0.67795135 -0.16813482
vn 0.71562046 -0.68862039 -0.11700131
vn 0.71562046 -0.69543839 -0.06521348
vn 0.71562046 -0.69836721 -0.01306096
vn 0.71562046 -0.69739048 0.03916461
vn 0.71562046 -0.69251366 0.09117115
vn 0.71562046 -0.68376402 0.14266783
vn 0.71562046 -0.67119050 0.19336665
vn 0.71562046 -0.65486341 0.24298409
vn 0.71562046 -0.63487405 0.29124266
vn 0.71562046 -0.61133423 0.33787248
vn 0.71562046 -0.58437557 0.38261279
vn 0.71562046 -0.55414885 0.42521337
vn 0.71562046 -0.52082310 0.46543598
vn 0.71562046 -0.48458470 0.50305568
vn 0.71562046 -0.44563630 0.53786210
vn 0.71562046 -0.40419573 0.56966057
vn 0.71562046 -0.36049473 0.59827327
vn 0.71562046 -0.31477769 0.62354018
vn 0.71562046 -0.26730030 0.64532000
vn 0.71562046 -0.21832805 0.66349093
vn 0.71562046 -0.16813482 0.67795135
vn 0.71562046 -0.11700131 0.68862039
vn 0.71562046 -0.06521348 0.69543839
vn 0.71562046 -0.01306096 0.69836721
vn 0.71562046 0.03916461 0.69739048
vn 0.71562046 0.09117115 0.69251366
vn 0.71562046 0.14266783 0.68376402
vn 0.71562046 0.19336665 0.67119050
vn 0.71562046 0.24298409 0.65486341
vn 0.71562046 0.29124266 0.63487405
vn 0.71562046 0.33787248 0.61133423
vn 0.71562046 0.38261279 0.58437557
vn 0.71562046 0.42521337 0.55414885
vn 0.71562046 0.46543598 0.52082310
vn 0.71562046 0.50305568 0.48458470
vn 0.71562046 0.53786210 0.44563630
vn 0.71562046 0.56966057 0.40419573
vn 0.71562046 0.59827327 0.36049473
vn 0.71562046 0.62354018 0.31477769
vn 0.71562046 0.64532000 0.26730030
vn 0.71562046 0.66349093 0.21832805
vn 0.71562046 0.67795135 0.16813482
vn 0.71562046 0.68862039 0.11700131
vn 0.71562046 0.69543839 0.06521348
vn 0.71562046 0.69836721 0.01306096
vn 0.71562046 0.69739048 -0.03916461
vn 0.71562046 0.69251366 -0.09117115
vn 0.71562046 0.68376402 -0.14266783
vn 0.71562046 0.67119050 -0.19336665
vn 0.71562046 0.65486341 -0.24298409
vn 0.71562046 0.63487405 -0.29124266
vn 0.71562046 0.61133423 -0.33787248
vn 0.71562046 0.58437557 -0.38261279
vn 0.71562046 0.55414885 -0.42521337
vn 0.71562046 0.52082310 -0.46543598
vn 0.71562046 0.48458470 -0.50305568
vn 0.71562046 0.44563630 -0.53786210
vn 0.71562046 0.40419573 -0.56966057
vn 0.71562046 0.36049473 -0.59827327
vn 0.71562046 0.31477769 -0.62354018
vn -0.57031783 -0.58313236 0.57852764
vn -0.12703826 -0.97511111 0.18171296
vn -0.72045697 -0.41595602 0.55490751
vn -0.62991381 -0.68934424 0.35778920
vn -0.17387932 -0.43494728 0.88350826
vn -0.09761054 -0.87280683 0.47820541
vn -0.07592215 -0.86128399 0.50241986
vn 0.25037698 0.44564998 0.85948093
vn 0.05263558 0.01775983 0.99845585
vn 0.05263795 0.01775766 0.99845576
vn -0.07514209 0.99717284 0.00005405
vn 0.43850668 0.89872793 0.00010078
vn -0.22348622 0.97376167 -0.04291991
vn -0.27740714 0.50633845 -0.81649657
vn -0.82600596 0.56366138 0.00005405
vn -0.51115100 0.00736762 0.85945935
vn 0.46369749 -0.07024991 0.88320416
vn -0.03962121 -0.03547853 0.99858472
vn -0.03962188 -0.03547569 0.99858479
vn 0.80334751 -0.35330182 0.47938565
vn 0.78307968 -0.36450001 0.50391066
vn -0.11036081 -0.41187216 0.90453403
vn -0.21984852 -0.78547591 0.57852764
vn -0.78095187 -0.59757392 0.18171296
vn 0.00000000 -0.83191205 0.55490751
vn 0.11036081 -0.41187216 -0.90453403
vn 0.78095187 -0.59757392 -0.18171296
vn 0.21984852 -0.78547591 -0.57852764
vn -0.68181818 -0.70856624 -0.18181818
vn -0.38339150 -0.91964789 0.08519811
vn -0.24237257 -0.96902652 0.04736179
vn -0.24237257 -0.96902652 -0.04736179
vn -0.46287676 -0.07008734 -0.88364748
vn -0.91060597 0.20270777 -0.36014766
vn -0.78307968 -0.36450001 -0.50391066
vn -0.80334751 -0.35330182 -0.47938565
vn 0.51113689 0.00633611 -0.85947596
vn 0.04117927 -0.03639629 -0.99848865
vn 0.04117859 -0.03639946 -0.99848856
vn 0.82600596 0.56366138 -0.00005405
vn 0.99757455 0.06960604 -0.00010078
vn 0.29979839 0.49341085 0.81649657
vn -0.43850668 0.89872793 -0.00010078
vn 0.22348622 0.97376167 0.04291991
vn 0.27740714 0.50633845 0.81649657
vn 0.07514209 0.99717284 -0.00005405
vn -0.25008164 0.44582521 -0.85947603
vn 0.17407050 -0.43529222 -0.88330071
vn -0.05211334 0.01746074 -0.99848852
vn -0.05211131 0.01746280 -0.99848859
vn -0.89102081 -0.43812376 0.11886754
vn 0.62991358 -0.68934443 -0.35778925
vn 0.07592215 -0.86128399 -0.50241986
vn 0.09761054 -0.87280683 -0.47820541
vn -0.57735027 -0.57735027 -0.57735027
vn 0.28895369 0.15771844 0.94426196
vn 0.28895369 0.15771844 -0.94426196
vn -0.89102081 -0.43812376 -0.11886754
vn -0.68181818 -0.70856624 0.18181818
vn -0.57735027 -0.57735027 0.57735027
vn -0.59259419 0.67364175 0.44163211
vn -0.85917872 0.50867447 0.05533725
vn -0.85918015 0.50867195 0.05533813
vn 0.44861993 0.78545507 0.42638069
vn -0.91194653 0.20084924 0.35778920
vn -0.59259419 0.67364175 -0.44163211
vn -0.85917872 0.50867447 -0.05533725
vn -0.85918015 0.50867195 -0.05533813
vn 0.44861993 0.78545507 -0.42638069
vn 0.29979839 0.49341085 -0.81649657
vn 0.99757455 0.06960604 0.00010078
vn -0.11424298 0.74168408 0.66094876
vn -0.15515954 0.71749172 0.67906638
vn -0.19903456 0.69224923 0.69366869
vn -0.24371641 0.66653761 0.70450686
vn -0.28896323 0.64049656 0.71152260
vn -0.33453012 0.61426752 0.71467826
vn -0.38017041 0.58799293 0.71395712
vn -0.42563706 0.56181548 0.70936341
vn -0.47068394 0.53587733 0.70092233
vn -0.51506717 0.51031930 0.68867991
vn -0.55854648 0.48528018 0.67270273
vn -0.60088646 0.46089592 0.65307764
vn -0.64185786 0.43729891 0.62991122
vn -0.68123884 0.41461728 0.60332922
vn -0.71929850 0.39237205 0.57328338
vn 0.58607509 -0.46899399 0.66072735
vn 0.54310130 -0.49346978 0.67935893
vn 0.49859909 -0.51925267 0.69410058
vn 0.45327217 -0.54550837 0.70495742
vn 0.40737409 -0.57209053 0.71186991
vn 0.36116148 -0.59885104 0.71480055
vn 0.31489265 -0.62564080 0.71373399
vn 0.26882614 -0.65231059 0.70867722
vn 0.22321927 -0.67871190 0.69965943
vn 0.17832672 -0.70469772 0.68673190
vn 0.13439914 -0.73012339 0.66996769
vn 0.09168169 -0.75484740 0.64946122
vn 0.05041274 -0.77873217 0.62532773
vn 0.01082254 -0.80164480 0.59770267
vn -0.02666260 -0.82328677 0.56699912
vn -0.06062229 -0.84447980 0.53214547
vn -0.09464406 -0.86403917 0.49444798
vn -0.13322207 -0.88130579 0.45337842
vn -0.15450399 -0.89610892 0.41607371
vn -0.18001169 -0.91201900 0.36853376
vn -0.20238802 -0.92493152 0.32177751
vn -0.22167600 -0.93606091 0.27322103
vn -0.23776772 -0.94534486 0.22313583
vn -0.25057318 -0.95273142 0.17180198
vn -0.26002072 -0.95817922 0.11950654
vn -0.26605748 -0.96165773 0.06654194
vn -0.26864967 -0.96314744 0.01320438
vn -0.26778276 -0.96263998 -0.04020787
vn -0.26346156 -0.96013810 -0.09339613
vn -0.25571020 -0.95565575 -0.14606294
vn -0.24457199 -0.94921793 -0.19791376
vn -0.23010919 -0.94086059 -0.24865862
vn -0.21240264 -0.93063040 -0.29801372
vn -0.19155134 -0.91858450 -0.34570304
vn -0.16767184 -0.90479021 -0.39145986
vn -0.14112186 -0.88948497 -0.43462756
vn -0.11021726 -0.87316053 -0.47480822
vn -0.07784360 -0.85436416 -0.51381150
vn -0.04446915 -0.82927225 -0.55707274
vn -0.01105498 -0.81349253 -0.58147029
vn 0.03093684 -0.79057424 -0.61158425
vn 0.07143870 -0.76723506 -0.63737499
vn 0.11347306 -0.74298436 -0.65961967
vn 0.15681048 -0.71795473 -0.67819722
vn 0.20121449 -0.69228265 -0.69300610
vn 0.24644270 -0.66610776 -0.70396481
vn 0.29224812 -0.63957217 -0.71101229
vn 0.33838036 -0.61281974 -0.71410832
vn 0.38458697 -0.58599537 -0.71323369
vn 0.43061468 -0.55924422 -0.70839036
vn 0.47621076 -0.53271102 -0.69960151
vn 0.52112435 -0.50653932 -0.68691144
vn 0.56505279 -0.48095219 -0.67037328
vn 0.60760035 -0.45643542 -0.64999117
vn 0.64901426 -0.43278810 -0.62567959
vn 0.68871355 -0.41009726 -0.59790793
vn 0.72621188 -0.38863988 -0.56707614
vn 0.76165210 -0.36973946 -0.53214547
vn 0.79560190 -0.35005543 -0.49444798
vn 0.82984423 -0.32527920 -0.45337842
vn 0.85330508 -0.31425008 -0.41607371
vn 0.87983747 -0.30011480 -0.36853376
vn 0.90220821 -0.28719259 -0.32177751
vn 0.92149052 -0.27605341 -0.27322103
vn 0.93757653 -0.26675954 -0.22313583
vn 0.95037620 -0.25936297 -0.17180198
vn 0.95981790 -0.25390506 -0.11950654
vn 0.96584876 -0.25041633 -0.06654194
vn 0.96843499 -0.24891628 -0.01320438
vn 0.96756205 -0.24941332 0.04020787
vn 0.96323476 -0.25190465 0.09339613
vn 0.95547726 -0.25637635 0.14606294
vn 0.94433284 -0.26280341 0.19791376
vn 0.92986377 -0.27114989 0.24865862
vn 0.91215089 -0.28136911 0.29801372
vn 0.89129318 -0.29340393 0.34570304
vn 0.86740723 -0.30718703 0.39145986
vn 0.84087751 -0.32252737 0.43462756
vn 0.81128783 -0.34112931 0.47480822
vn 0.77882287 -0.35976754 0.51381150
vn 0.74040541 -0.37612471 0.55707274
vn 0.71003168 -0.39752489 0.58123056
vn 0.66909290 -0.42220413 0.61160311
vn 0.62841716 -0.44525439 0.63784042
vn 0.02583359 0.82218058 0.56864024
vn -0.00940907 0.80371855 0.59493525
vn -0.04313795 0.78403618 0.61921433
vn -0.07791407 0.76351661 0.64107081
vn 0.14789433 0.89204902 -0.42705481
vn 0.17338625 0.90818788 -0.38096192
vn 0.19663646 0.92160494 -0.33463179
vn 0.21681613 0.93324914 -0.28642068
vn 0.23381182 0.94305501 -0.23659943
vn 0.24752800 0.95096737 -0.18544795
vn 0.25788757 0.95694173 -0.13325362
vn 0.26483227 0.96094444 -0.08030968
vn 0.26832305 0.96295296 -0.02691361
vn 0.26834024 0.96295593 0.02663460
vn 0.26488370 0.96095326 0.08003406
vn 0.25797281 0.95695616 0.13298474
vn 0.24764635 0.95098700 0.18518912
vn 0.23396229 0.94307927 0.23635386
vn 0.21699748 0.93327731 0.28619145
vn 0.19684720 0.92163616 0.33442185
vn 0.17362462 0.90822114 0.38077403
vn 0.14743271 0.89283115 0.42557741
vn -0.72145619 0.39026987 -0.57200560
vn -0.68403654 0.41364057 -0.60082900
vn -0.64608710 0.43560304 -0.62675470
vn -0.60662976 0.45841183 -0.64950668
vn -0.56586372 0.48195221 -0.66896960
vn -0.52399483 0.50610535 -0.68504510
vn -0.48123448 0.53074904 -0.69765237
vn -0.43779838 0.55575832 -0.70672857
vn -0.39390530 0.58100626 -0.71222914
vn -0.34977585 0.60636467 -0.71412796
vn -0.30563127 0.63170482 -0.71241740
vn -0.26169218 0.65689815 -0.70710821
vn -0.21817744 0.68181701 -0.69822931
vn -0.17530299 0.70633529 -0.68582747
vn -0.13338405 0.73032228 -0.66995378
vn -0.09298259 0.75369052 -0.65061881
vn -0.05372094 0.77661470 -0.62768118
vn -0.01594724 0.79864793 -0.60158721
vn 0.02082558 0.81978029 -0.57229937
vn -0.87968796 -0.17638075 0.44163211
vn -0.87011437 -0.48973336 0.05533725
vn -0.87011291 -0.48973586 0.05533813
vn -0.87968796 -0.17638075 -0.44163211
vn -0.84648428 0.31794426 0.42705481
vn -0.87320690 0.30393705 0.38096192
vn -0.89645152 0.29051030 0.33463179
vn -0.91662553 0.27885630 0.28642068
vn -0.93361550 0.26904053 0.23659943
vn -0.94732590 0.26111815 0.18544795
vn -0.95767963 0.25513368 0.13325362
vn -0.96461844 0.25112075 0.08030968
vn -0.96810325 0.24910190 0.02691361
vn -0.96811441 0.24908850 -0.02663460
vn -0.96465179 0.25108062 -0.08003406
vn -0.95773475 0.25506707 -0.13298474
vn -0.94740207 0.26102547 -0.18518912
vn -0.93371175 0.26892235 -0.23635386
vn -0.91674060 0.27871332 -0.28619145
vn -0.89658393 0.29034340 -0.33442185
vn -0.87335489 0.30374723 -0.38077403
vn -0.84693082 0.31873510 -0.42557741
vn -0.87011437 -0.48973336 -0.05533725
vn -0.87011291 -0.48973586 -0.05533813
vn -0.58929908 0.48609535 -0.64532000
vn -0.54688787 0.51058148 -0.66349093
vn -0.50341926 0.53567809 -0.67795135
vn -0.45913634 0.56124485 -0.68862039
vn -0.41428677 0.58713876 -0.69543839
vn -0.36912135 0.61321502 -0.69836721
vn -0.32389269 0.63932781 -0.69739048
vn -0.27885370 0.66533108 -0.69251366
vn -0.23425627 0.69107942 -0.68376402
vn -0.19034980 0.71642883 -0.67119050
vn -0.14737984 0.74123755 -0.65486341
vn -0.10558669 0.76536683 -0.63487405
vn -0.06520408 0.78868174 -0.61133423
vn -0.02645784 0.81105190 -0.58437557
vn 0.01043535 0.83235218 -0.55414885
vn 0.04526915 0.85246349 -0.52082310
vn 0.07784877 0.87127334 -0.48458470
vn 0.10799201 0.88867655 -0.44563630
vn 0.13553029 0.90457579 -0.40419573
vn 0.16030962 0.91888213 -0.36049473
vn 0.18219140 0.93151559 -0.31477769
vn 0.20105328 0.94240550 -0.26730030
vn 0.21678977 0.95149097 -0.21832805
vn 0.22931286 0.95872118 -0.16813482
vn 0.23855252 0.96405570 -0.11700131
vn 0.24445708 0.96746470 -0.06521348
vn 0.24699352 0.96892911 -0.01306096
vn 0.24614764 0.96844074 0.03916461
vn 0.24192419 0.96600233 0.09117115
vn 0.23434678 0.96162751 0.14266783
vn 0.22345779 0.95534075 0.19336665
vn 0.20931812 0.94717721 0.24298409
vn 0.19200683 0.93718253 0.29124266
vn 0.17162074 0.92541261 0.33787248
vn 0.14827386 0.91193329 0.38261279
vn 0.12209675 0.89681992 0.42521337
vn 0.09323580 0.88015705 0.46543598
vn 0.06185243 0.86203785 0.50305568
vn 0.02812213 0.84256365 0.53786210
vn -0.00776646 0.82184337 0.56966057
vn -0.04561264 0.79999287 0.59827327
vn -0.08520475 0.77713435 0.62354018
vn -0.12632138 0.75339565 0.64532000
vn -0.16873260 0.72890952 0.66349093
vn -0.21220121 0.70381291 0.67795135
vn -0.25648412 0.67824616 0.68862039
vn -0.30133370 0.65235224 0.69543839
vn -0.34649911 0.62627598 0.69836721
vn -0.39172778 0.60016320 0.69739048
vn -0.43676677 0.57415992 0.69251366
vn -0.48136420 0.54841159 0.68376402
vn -0.52527067 0.52306217 0.67119050
vn -0.56824063 0.49825346 0.65486341
vn -0.61003377 0.47412417 0.63487405
vn -0.65041639 0.45080926 0.61133423
vn -0.68916263 0.42843911 0.58437557
vn -0.72605581 0.40713882 0.55414885
vn -0.76088961 0.38702751 0.52082310
vn -0.79346923 0.36821766 0.48458470
vn -0.82361247 0.35081445 0.44563630
vn -0.85115076 0.33491522 0.40419573
vn -0.87593008 0.32060887 0.36049473
vn -0.89781187 0.30797541 0.31477769
vn -0.91667375 0.29708550 0.26730030
vn -0.93241023 0.28800004 0.21832805
vn -0.94493332 0.28076983 0.16813482
vn -0.95417299 0.27543530 0.11700131
vn -0.96007754 0.27202631 0.06521348
vn -0.96261398 0.27056190 0.01306096
vn -0.96176811 0.27105026 -0.03916461
vn -0.95754466 0.27348867 -0.09117115
vn -0.94996725 0.27786349 -0.14266783
vn -0.93907826 0.28415025 -0.19336665
vn -0.92493858 0.29231380 -0.24298409
vn -0.90762729 0.30230847 -0.29124266
vn -0.88724120 0.31407839 -0.33787248
vn -0.86389432 0.32755772 -0.38261279
vn -0.83771721 0.34267108 -0.42521337
vn -0.80885627 0.35933395 -0.46543598
vn -0.77747289 0.37745315 -0.50305568
vn -0.74374259 0.39692735 -0.53786210
vn -0.70785400 0.41764764 -0.56966057
vn -0.67000782 0.43949814 -0.59827327
vn -0.63041571 0.46235665 -0.62354018
vn -0.45591408 0.78124379 -0.42638069
vn -0.45591408 0.78124379 0.42638069
vn -0.58929908 0.48609535 -0.64532000
vn -0.54688787 0.51058148 -0.66349093
vn -0.50341926 0.53567809 -0.67795135
vn -0.45913634 0.56124485 -0.68862039
vn -0.41428677 0.58713876 -0.69543839
vn -0.36912135 0.61321502 -0.69836721
vn -0.32389269 0.63932781 -0.69739048
vn -0.27885370 0.66533108 -0.69251366
vn -0.23425627 0.69107942 -0.68376402
vn -0.19034980 0.71642883 -0.67119050
vn -0.14737984 0.74123755 -0.65486341
vn -0.10558669 0.76536683 -0.63487405
vn -0.06520408 0.78868174 -0.61133423
vn -0.02645784 0.81105190 -0.58437557
vn 0.01043535 0.83235218 -0.55414885
vn 0.04526915 0.85246349 -0.52082310
vn 0.07784877 0.87127334 -0.48458470
vn 0.10799201 0.88867655 -0.44563630
vn 0.13553029 0.90457579 -0.40419573
vn 0.16030962 0.91888213 -0.36049473
vn 0.18219140 0.93151559 -0.31477769
vn 0.20105328 0.94240550 -0.26730030
vn 0.21678977 0.95149097 -0.21832805
vn 0.22931286 0.95872118 -0.16813482
vn 0.23855252 0.96405570 -0.11700131
vn 0.24445708 0.96746470 -0.06521348
vn 0.24699352 0.96892911 -0.01306096
vn 0.24614764 0.96844074 0.03916461
vn 0.24192419 0.96600233 0.09117115
vn 0.23434678 0.96162751 0.14266783
vn 0.22345779 0.95534075 0.19336665
vn 0.20931812 0.94717721 0.24298409
vn 0.19200683 0.93718253 0.29124266
vn 0.17162074 0.92541261 0.33787248
vn 0.14827386 0.91193329 0.38261279
vn 0.12209675 0.89681992 0.42521337
vn 0.09323580 0.88015705 0.46543598
vn 0.06185243 0.86203785 0.50305568
vn 0.02812213 0.84256365 0.53786210
vn -0.00776646 0.82184337 0.56966057
vn -0.04561264 0.79999287 0.59827327
vn -0.08520475 0.77713435 0.62354018
vn -0.12632138 0.75339565 0.64532000
vn -0.16873260 0.72890952 0.66349093
vn -0.21220121 0.70381291 0.67795135
vn -0.25648412 0.67824616 0.68862039
vn -0.30133370 0.65235224 0.69543839
vn -0.34649911 0.62627598 0.69836721
vn -0.39172778 0.60016320 0.69739048
vn -0.43676677 0.57415992 0.69251366
vn -0.48136420 0.54841159 0.68376402
vn -0.52527067 0.52306217 0.67119050
vn -0.56824063 0.49825346 0.65486341
vn -0.61003377 0.47412417 0.63487405
vn -0.65041639 0.45080926 0.61133423
vn -0.68916263 0.42843911 0.58437557
vn -0.72605581 0.40713882 0.55414885
vn -0.76088961 0.38702751 0.52082310
vn -0.79346923 0.36821766 0.48458470
vn -0.82361247 0.35081445 0.44563630
vn -0.85115076 0.33491522 0.40419573
vn -0.87593008 0.32060887 0.36049473
vn -0.89781187 0.30797541 0.31477769
vn -0.91667375 0.29708550 0.26730030
vn -0.93241023 0.28800004 0.21832805
vn -0.94493332 0.28076983 0.16813482
vn -0.95417299 0.27543530 0.11700131
vn -0.96007754 0.27202631 0.06521348
vn -0.96261398 0.27056190 0.01306096
vn -0.96176811 0.27105026 -0.03916461
vn -0.95754466 0.27348867 -0.09117115
vn -0.94996725 0.27786349 -0.14266783
vn -0.93907826 0.28415025 -0.19336665
vn -0.92493858 0.29231380 -0.24298409
vn -0.90762729 0.30230847 -0.29124266
vn -0.88724120 0.31407839 -0.33787248
vn -0.86389432 0.32755772 -0.38261279
vn -0.83771721 0.34267108 -0.42521337
vn -0.80885627 0.35933395 -0.46543598
vn -0.77747289 0.37745315 -0.50305568
vn -0.74374259 0.39692735 -0.53786210
vn -0.70785400 0.41764764 -0.56966057
vn -0.67000782 0.43949814 -0.59827327
vn -0.63041571 0.46235665 -0.62354018
vn -0.58929908 0.48609535 -0.64532000
vn -0.54688787 0.51058148 -0.66349093
vn -0.50341926 0.53567809 -0.67795135
vn -0.45913634 0.56124485 -0.68862039
vn -0.41428677 0.58713876 -0.69543839
vn -0.36912135 0.61321502 -0.69836721
vn -0.32389269 0.63932781 -0.69739048
vn -0.27885370 0.66533108 -0.69251366
vn -0.23425627 0.69107942 -0.68376402
vn -0.19034980 0.71642883 -0.67119050
vn -0.14737984 0.74123755 -0.65486341
vn -0.10558669 0.76536683 -0.63487405
vn -0.06520408 0.78868174 -0.61133423
vn -0.02645784 0.81105190 -0.58437557
vn 0.01043535 0.83235218 -0.55414885
vn 0.04526915 0.85246349 -0.52082310
vn 0.07784877 0.87127334 -0.48458470
vn 0.10799201 0.88867655 -0.44563630
vn 0.13553029 0.90457579 -0.40419573
vn 0.16030962 0.91888213 -0.36049473
vn 0.18219140 0.93151559 -0.31477769
vn 0.20105328 0.94240550 -0.26730030
vn 0.21678977 0.95149097 -0.21832805
vn 0.22931286 0.95872118 -0.16813482
vn 0.23855252 0.96405570 -0.11700131
vn 0.24445708 0.96746470 -0.06521348
vn 0.24699352 0.96892911 -0.01306096
vn 0.24614764 0.96844074 0.03916461
vn 0.24192419 0.96600233 0.09117115
vn 0.23434678 0.96162751 0.14266783
vn 0.22345779 0.95534075 0.19336665
vn 0.20931812 0.94717721 0.24298409
vn 0.19200683 0.93718253 0.29124266
vn 0.17162074 0.92541261 0.33787248
vn 0.14827386 0.91193329 0.38261279
vn 0.12209675 0.89681992 0.42521337
vn 0.09323580 0.88015705 0.46543598
vn 0.06185243 0.86203785 0.50305568
vn 0.02812213 0.84256365 0.53786210
vn -0.00776646 0.82184337 0.56966057
vn -0.04561264 0.79999287 0.59827327
vn -0.08520475 0.77713435 0.62354018
vn -0.12632138 0.75339565 0.64532000
vn -0.16873260 0.72890952 0.66349093
vn -0.21220121 0.70381291 0.67795135
vn -0.25648412 0.67824616 0.68862039
vn -0.30133370 0.65235224 0.69543839
vn -0.34649911 0.62627598 0.69836721
vn -0.39172778 0.60016320 0.69739048
vn -0.43676677 0.57415992 0.69251366
vn -0.48136420 0.54841159 0.68376402
vn -0.52527067 0.52306217 0.67119050
vn -0.56824063 0.49825346 0.65486341
vn -0.61003377 0.47412417 0.63487405
vn -0.65041639 0.45080926 0.61133423
vn -0.68916263 0.42843911 0.58437557
vn -0.72605581 0.40713882 0.55414885
vn -0.76088961 0.38702751 0.52082310
vn -0.79346923 0.36821766 0.48458470
vn -0.82361247 0.35081445 0.44563630
vn -0.85115076 0.33491522 0.40419573
vn -0.87593008 0.32060887 0.36049473
vn -0.89781187 0.30797541 0.31477769
vn -0.91667375 0.29708550 0.26730030
vn -0.93241023 0.28800004 0.21832805
vn -0.94493332 0.28076983 0.16813482
vn -0.95417299 0.27543530 0.11700131
vn -0.96007754 0.27202631 0.06521348
vn -0.96261398 0.27056190 0.01306096
vn -0.96176811 0.27105026 -0.03916461
vn -0.95754466 0.27348867 -0.09117115
vn -0.94996725 0.27786349 -0.14266783
vn -0.93907826 0.28415025 -0.19336665
vn -0.92493858 0.29231380 -0.24298409
vn -0.90762729 0.30230847 -0.29124266
vn -0.88724120 0.31407839 -0.33787248
vn -0.86389432 0.32755772 -0.38261279
vn -0.83771721 0.34267108 -0.42521337
vn -0.80885627 0.35933395 -0.46543598
vn -0.77747289 0.37745315 -0.50305568
vn -0.74374259 0.39692735 -0.53786210
vn -0.70785400 0.41764764 -0.56966057
vn -0.67000782 0.43949814 -0.59827327
vn -0.63041571 0.46235665 -0.62354018
vn -0.58929908 0.48609535 -0.64532000
vn -0.54688787 0.51058148 -0.66349093
vn -0.50341926 0.53567809 -0.67795135
vn -0.45913634 0.56124485 -0.68862039
vn -0.41428677 0.58713876 -0.69543839
vn -0.36912135 0.61321502 -0.69836721
vn -0.32389269 0.63932781 -0.69739048
vn -0.27885370 0.66533108 -0.69251366
vn -0.23425627 0.69107942 -0.68376402
vn -0.19034980 0.71642883 -0.67119050
vn -0.14737984 0.74123755 -0.65486341
vn -0.10558669 0.76536683 -0.63487405
vn -0.06520408 0.78868174 -0.61133423
vn -0.02645784 0.81105190 -0.58437557
vn 0.01043535 0.83235218 -0.55414885
vn 0.04526915 0.85246349 -0.52082310
vn 0.07784877 0.87127334 -0.48458470
vn 0.10799201 0.88867655 -0.44563630
vn 0.13553029 0.90457579 -0.40419573
vn 0.16030962 0.91888213 -0.36049473
vn 0.18219140 0.93151559 -0.31477769
vn 0.20105328 0.94240550 -0.26730030
vn 0.21678977 0.95149097 -0.21832805
vn 0.22931286 0.95872118 -0.16813482
vn 0.23855252 0.96405570 -0.11700131
vn 0.24445708 0.96746470 -0.06521348
vn 0.24699352 0.96892911 -0.01306096
vn 0.24614764 0.96844074 0.03916461
vn 0.24192419 0.96600233 0.09117115
vn 0.23434678 0.96162751 0.14266783
vn 0.22345779 0.95534075 0.19336665
vn 0.20931812 0.94717721 0.24298409
vn 0.19200683 0.93718253 0.29124266
vn 0.17162074 0.92541261 0.33787248
vn 0.14827386 0.91193329 0.38261279
vn 0.12209675 0.89681992 0.42521337
vn 0.09323580 0.88015705 0.46543598
vn 0.06185243 0.86203785 0.50305568
vn 0.02812213 0.84256365 0.53786210
vn -0.00776646 0.82184337 0.56966057
vn -0.04561264 0.79999287 0.59827327
vn -0.08520475 0.77713435 0.62354018
vn -0.12632138 0.75339565 0.64532000
vn -0.16873260 0.72890952 0.66349093
vn -0.21220121 0.70381291 0.67795135
vn -0.25648412 0.67824616 0.68862039
vn -0.30133370 0.65235224 0.69543839
vn -0.34649911 0.62627598 0.69836721
vn -0.39172778 0.60016320 0.69739048
vn -0.43676677 0.57415992 0.69251366
vn -0.48136420 0.54841159 0.68376402
vn -0.52527067 0.52306217 0.67119050
vn -0.56824063 0.49825346 0.65486341
vn -0.61003377 0.47412417 0.63487405
vn -0.65041639 0.45080926 0.61133423
vn -0.68916263 0.42843911 0.58437557
vn -0.72605581 0.40713882 0.55414885
vn -0.76088961 0.38702751 0.52082310
vn -0.79346923 0.36821766 0.48458470
vn -0.82361247 0.35081445 0.44563630
vn -0.85115076 0.33491522 0.40419573
vn -0.87593008 0.32060887 0.36049473
vn -0.89781187 0.30797541 0.31477769
vn -0.91667375 0.29708550 0.26730030
vn -0.93241023 0.28800004 0.21832805
vn -0.94493332 0.28076983 0.16813482
vn -0.95417299 0.27543530 0.11700131
vn -0.96007754 0.27202631 0.06521348
vn -0.96261398 0.27056190 0.01306096
vn -0.96176811 0.27105026 -0.03916461
vn -0.95754466 0.27348867 -0.09117115
vn -0.94996725 0.27786349 -0.14266783
vn -0.93907826 0.28415025 -0.19336665
vn -0.92493858 0.29231380 -0.24298409
vn -0.90762729 0.30230847 -0.29124266
vn -0.88724120 0.31407839 -0.33787248
vn -0.86389432 0.32755772 -0.38261279
vn -0.83771721 0.34267108 -0.42521337
vn -0.80885627 0.35933395 -0.46543598
vn -0.77747289 0.37745315 -0.50305568
vn -0.74374259 0.39692735 -0.53786210
vn -0.70785400 0.41764764 -0.56966057
vn -0.67000782 0.43949814 -0.59827327
vn -0.63041571 0.46235665 -0.62354018
vn -0.58929908 0.48609535 -0.64532000
vn -0.54688787 0.51058148 -0.66349093
vn -0.50341926 0.53567809 -0.67795135
vn -0.45913634 0.56124485 -0.68862039
vn -0.41428677 0.58713876 -0.69543839
vn -0.36912135 0.61321502 -0.69836721
vn -0.32389269 0.63932781 -0.69739048
vn -0.27885370 0.66533108 -0.69251366
vn -0.23425627 0.69107942 -0.68376402
vn -0.19034980 0.71642883 -0.67119050
vn -0.14737984 0.74123755 -0.65486341
vn -0.10558669 0.76536683 -0.63487405
vn -0.06520408 0.78868174 -0.61133423
vn -0.02645784 0.81105190 -0.58437557
vn 0.01043535 0.83235218 -0.55414885
vn 0.04526915 0.85246349 -0.52082310
vn 0.07784877 0.87127334 -0.48458470
vn 0.10799201 0.88867655 -0.44563630
vn 0.13553029 0.90457579 -0.40419573
vn 0.16030962 0.91888213 -0.36049473
vn 0.18219140 0.93151559 -0.31477769
vn 0.20105328 0.94240550 -0.26730030
vn 0.21678977 0.95149097 -0.21832805
vn 0.22931286 0.95872118 -0.16813482
vn 0.23855252 0.96405570 -0.11700131
vn 0.24445708 0.96746470 -0.06521348
vn 0.24699352 0.96892911 -0.01306096
vn 0.24614764 0.96844074 0.03916461
vn 0.24192419 0.96600233 0.09117115
vn 0.23434678 0.96162751 0.14266783
vn 0.22345779 0.95534075 0.19336665
vn 0.20931812 0.94717721 0.24298409
vn 0.19200683 0.93718253 0.29124266
vn 0.17162074 0.92541261 0.33787248
vn 0.14827386 0.91193329 0.38261279
vn 0.12209675 0.89681992 0.42521337
vn 0.09323580 0.88015705 0.46543598
vn 0.06185243 0.86203785 0.50305568
vn 0.02812213 0.84256365 0.53786210
vn -0.00776646 0.82184337 0.56966057
vn -0.04561264 0.79999287 0.59827327
vn -0.08520475 0.77713435 0.62354018
vn -0.12632138 0.75339565 0.64532000
vn -0.16873260 0.72890952 0.66349093
vn -0.21220121 0.70381291 0.67795135
vn -0.25648412 0.67824616 0.68862039
vn -0.30133370 0.65235224 0.69543839
vn -0.34649911 0.62627598 0.69836721
vn -0.39172778 0.60016320 0.69739048
vn -0.43676677 0.57415992 0.69251366
vn -0.48136420 0.54841159 0.68376402
vn -0.52527067 0.52306217 0.67119050
vn -0.56824063 0.49825346 0.65486341
vn -0.61003377 0.47412417 0.63487405
vn -0.65041639 0.45080926 0.61133423
vn -0.68916263 0.42843911 0.58437557
vn -0.72605581 0.40713882 0.55414885
vn -0.76088961 0.38702751 0.52082310
vn -0.79346923 0.36821766 0.48458470
vn -0.82361247 0.35081445 0.44563630
vn -0.85115076 0.33491522 0.40419573
vn -0.87593008 0.32060887 0.36049473
vn -0.89781187 0.30797541 0.31477769
vn -0.91667375 0.29708550 0.26730030
vn -0.93241023 0.28800004 0.21832805
vn -0.94493332 0.28076983 0.16813482
vn -0.95417299 0.27543530 0.11700131
vn -0.96007754 0.27202631 0.06521348
vn -0.96261398 0.27056190 0.01306096
vn -0.96176811 0.27105026 -0.03916461
vn -0.95754466 0.27348867 -0.09117115
vn -0.94996725 0.27786349 -0.14266783
vn -0.93907826 0.28415025 -0.19336665
vn -0.92493858 0.29231380 -0.24298409
vn -0.90762729 0.30230847 -0.29124266
vn -0.88724120 0.31407839 -0.33787248
vn -0.86389432 0.32755772 -0.38261279
vn -0.83771721 0.34267108 -0.42521337
vn -0.80885627 0.35933395 -0.46543598
vn -0.77747289 0.37745315 -0.50305568
vn -0.74374259 0.39692735 -0.53786210
vn -0.70785400 0.41764764 -0.56966057
vn -0.67000782 0.43949814 -0.59827327
vn -0.63041571 0.46235665 -0.62354018
vn -0.09976635 -0.20448131 -0.97377311
vn 0.09976635 -0.20448131 -0.97377311
vn 0.11036081 -0.41187216 0.90453403
vn -0.09976635 -0.20448131 0.97377311
vn 0.09976635 -0.20448131 0.97377311
vn 0.21984852 -0.78547591 0.57852764
vn 0.22348622 0.97376167 -0.04291991
vn -0.41187216 -0.11036081 0.90453403
vn -0.79016635 -0.20234355 0.57852764
vn -0.22696919 -0.01584046 0.97377311
vn -0.12720284 -0.18864085 0.97377311
vn -0.71562046 0.26730030 -0.64532000
vn -0.71562046 0.21832805 -0.66349093
vn -0.71562046 0.16813482 -0.67795135
vn -0.71562046 0.11700131 -0.68862039
vn -0.71562046 0.06521348 -0.69543839
vn -0.71562046 0.01306096 -0.69836721
vn -0.71562046 -0.03916461 -0.69739048
vn -0.71562046 -0.09117115 -0.69251366
vn -0.71562046 -0.14266783 -0.68376402
vn -0.71562046 -0.19336665 -0.67119050
vn -0.71562046 -0.24298409 -0.65486341
vn -0.71562046 -0.29124266 -0.63487405
vn -0.71562046 -0.33787248 -0.61133423
vn -0.71562046 -0.38261279 -0.58437557
vn -0.71562046 -0.42521337 -0.55414885
vn -0.71562046 -0.46543598 -0.52082310
vn -0.71562046 -0.50305568 -0.48458470
vn -0.71562046 -0.53786210 -0.44563630
vn -0.71562046 -0.56966057 -0.40419573
vn -0.71562046 -0.59827327 -0.36049473
vn -0.71562046 -0.62354018 -0.31477769
vn -0.71562046 -0.64532000 -0.26730030
vn -0.71562046 -0.66349093 -0.21832805
vn -0.71562046 -0.67795135 -0.16813482
vn -0.71562046 -0.68862039 -0.11700131
vn -0.71562046 -0.69543839 -0.06521348
vn -0.71562046 -0.69836721 -0.01306096
vn -0.71562046 -0.69739048 0.03916461
vn -0.71562046 -0.69251366 0.09117115
vn -0.71562046 -0.68376402 0.14266783
vn -0.71562046 -0.67119050 0.19336665
vn -0.71562046 -0.65486341 0.24298409
vn -0.71562046 -0.63487405 0.29124266
vn -0.71562046 -0.61133423 0.33787248
vn -0.71562046 -0.58437557 0.38261279
vn -0.71562046 -0.55414885 0.42521337
vn -0.71562046 -0.52082310 0.46543598
vn -0.71562046 -0.48458470 0.50305568
vn -0.71562046 -0.44563630 0.53786210
vn -0.71562046 -0.40419573 0.56966057
vn -0.71562046 -0.36049473 0.59827327
vn -0.71562046 -0.31477769 0.62354018
vn -0.71562046 -0.26730030 0.64532000
vn -0.71562046 -0.21832805 0.66349093
vn -0.71562046 -0.16813482 0.67795135
vn -0.71562046 -0.11700131 0.68862039
vn -0.71562046 -0.06521348 0.69543839
vn -0.71562046 -0.01306096 0.69836721
vn -0.71562046 0.03916461 0.69739048
vn -0.71562046 0.09117115 0.69251366
vn -0.71562046 0.14266783 0.68376402
vn -0.71562046 0.19336665 0.67119050
vn -0.71562046 0.24298409 0.65486341
vn -0.71562046 0.29124266 0.63487405
vn -0.71562046 0.33787248 0.61133423
vn -0.71562046 0.38261279 0.58437557
vn -0.71562046 0.42521337 0.55414885
vn -0.71562046 0.46543598 0.52082310
vn -0.71562046 0.50305568 0.48458470
vn -0.71562046 0.53786210 0.44563630
vn -0.71562046 0.56966057 0.40419573
vn -0.71562046 0.59827327 0.36049473
vn -0.71562046 0.62354018 0.31477769
vn -0.71562046 0.64532000 0.26730030
vn -0.71562046 0.66349093 0.21832805
vn -0.71562046 0.67795135 0.16813482
vn -0.71562046 0.68862039 0.11700131
vn -0.71562046 0.69543839 0.06521348
vn -0.71562046 0.69836721 0.01306096
vn -0.71562046 0.69739048 -0.03916461
vn -0.71562046 0.69251366 -0.09117115
vn -0.71562046 0.68376402 -0.14266783
vn -0.71562046 0.67119050 -0.19336665
vn -0.71562046 0.65486341 -0.24298409
vn -0.71562046 0.63487405 -0.29124266
vn -0.71562046 0.61133423 -0.33787248
vn -0.71562046 0.58437557 -0.38261279
vn -0.71562046 0.55414885 -0.42521337
vn -0.71562046 0.52082310 -0.46543598
vn -0.71562046 0.48458470 -0.50305568
vn -0.71562046 0.44563630 -0.53786210
vn -0.71562046 0.40419573 -0.56966057
vn -0.71562046 0.36049473 -0.59827327
vn -0.71562046 0.31477769 -0.62354018
vn -0.71562046 0.26730030 -0.64532000
vn -0.71562046 0.21832805 -0.66349093
vn -0.71562046 0.16813482 -0.67795135
vn -0.71562046 0.11700131 -0.68862039
vn -0.71562046 0.06521348 -0.69543839
vn -0.71562046 0.01306096 -0.69836721
vn -0.71562046 -0.03916461 -0.69739048
vn -0.71562046 -0.09117115 -0.69251366
vn -0.71562046 -0.14266783 -0.68376402
vn -0.71562046 -0.19336665 -0.67119050
vn -0.71562046 -0.24298409 -0.65486341
vn -0.71562046 -0.29124266 -0.63487405
vn -0.71562046 -0.33787248 -0.61133423
vn -0.71562046 -0.38261279 -0.58437557
vn -0.71562046 -0.42521337 -0.55414885
vn -0.71562046 -0.46543598 -0.52082310
vn -0.71562046 -0.50305568 -0.48458470
vn -0.71562046 -0.53786210 -0.44563630
vn -0.71562046 -0.56966057 -0.40419573
vn -0.71562046 -0.59827327 -0.36049473
vn -0.71562046 -0.62354018 -0.31477769
vn -0.71562046 -0.64532000 -0.26730030
vn -0.71562046 -0.66349093 -0.21832805
vn -0.71562046 -0.67795135 -0.16813482
vn -0.71562046 -0.68862039 -0.11700131
vn -0.71562046 -0.69543839 -0.06521348
vn -0.71562046 -0.69836721 -0.01306096
vn -0.71562046 -0.69739048 0.03916461
vn -0.71562046 -0.69251366 0.09117115
vn -0.71562046 -0.68376402 0.14266783
vn -0.71562046 -0.67119050 0.19336665
vn -0.71562046 -0.65486341 0.24298409
vn -0.71562046 -0.63487405 0.29124266
vn -0.71562046 -0.61133423 0.33787248
vn -0.71562046 -0.58437557 0.38261279
vn -0.71562046 -0.55414885 0.42521337
vn -0.71562046 -0.52082310 0.46543598
vn -0.71562046 -0.48458470 0.50305568
vn -0.71562046 -0.44563630 0.53786210
vn -0.71562046 -0.40419573 0.56966057
vn -0.71562046 -0.36049473 0.59827327
vn -0.71562046 -0.31477769 0.62354018
vn -0.71562046 -0.26730030 0.64532000
vn -0.71562046 -0.21832805 0.66349093
vn -0.71562046 -0.16813482 0.67795135
vn -0.71562046 -0.11700131 0.68862039
vn -0.71562046 -0.06521348 0.69543839
vn -0.71562046 -0.01306096 0.69836721
vn -0.71562046 0.03916461 0.69739048
vn -0.71562046 0.09117115 0.69251366
vn -0.71562046 0.14266783 0.68376402
vn -0.71562046 0.19336665 0.67119050
vn -0.71562046 0.24298409 0.65486341
vn -0.71562046 0.29124266 0.63487405
vn -0.71562046 0.33787248 0.61133423
vn -0.71562046 0.38261279 0.58437557
vn -0.71562046 0.42521337 0.55414885
vn -0.71562046 0.46543598 0.52082310
vn -0.71562046 0.50305568 0.48458470
vn -0.71562046 0.53786210 0.44563630
vn -0.71562046 0.56966057 0.40419573
vn -0.71562046 0.59827327 0.36049473
vn -0.71562046 0.62354018 0.31477769
vn -0.71562046 0.64532000 0.26730030
vn -0.71562046 0.66349093 0.21832805
vn -0.71562046 0.67795135 0.16813482
vn -0.71562046 0.68862039 0.11700131
vn -0.71562046 0.69543839 0.06521348
vn -0.71562046 0.69836721 0.01306096
vn -0.71562046 0.69739048 -0.03916461
vn -0.71562046 0.69251366 -0.09117115
vn -0.71562046 0.68376402 -0.14266783
vn -0.71562046 0.67119050 -0.19336665
vn -0.71562046 0.65486341 -0.24298409
vn -0.71562046 0.63487405 -0.29124266
vn -0.71562046 0.61133423 -0.33787248
vn -0.71562046 0.58437557 -0.38261279
vn -0.71562046 0.55414885 -0.42521337
vn -0.71562046 0.52082310 -0.46543598
vn -0.71562046 0.48458470 -0.50305568
vn -0.71562046 0.44563630 -0.53786210
vn -0.71562046 0.40419573 -0.56966057
vn -0.71562046 0.36049473 -0.59827327
vn -0.71562046 0.31477769 -0.62354018
vn -0.71562046 0.26730030 -0.64532000
vn -0.71562046 0.21832805 -0.66349093
vn -0.71562046 0.16813482 -0.67795135
vn -0.71562046 0.11700131 -0.68862039
vn -0.71562046 0.06521348 -0.69543839
vn -0.71562046 0.01306096 -0.69836721
vn -0.71562046 -0.03916461 -0.69739048
vn -0.71562046 -0.09117115 -0.69251366
vn -0.71562046 -0.14266783 -0.68376402
vn -0.71562046 -0.19336665 -0.67119050
vn -0.71562046 -0.24298409 -0.65486341
vn -0.71562046 -0.29124266 -0.63487405
vn -0.71562046 -0.33787248 -0.61133423
vn -0.71562046 -0.38261279 -0.58437557
vn -0.71562046 -0.42521337 -0.55414885
vn -0.71562046 -0.46543598 -0.52082310
vn -0.71562046 -0.50305568 -0.48458470
vn -0.71562046 -0.53786210 -0.44563630
vn -0.71562046 -0.56966057 -0.40419573
vn -0.71562046 -0.59827327 -0.36049473
vn -0.71562046 -0.62354018 -0.31477769
vn -0.71562046 -0.64532000 -0.26730030
vn -0.71562046 -0.66349093 -0.21832805
vn -0.71562046 -0.67795135 -0.16813482
vn -0.71562046 -0.68862039 -0.11700131
vn -0.71562046 -0.69543839 -0.06521348
vn -0.71562046 -0.69836721 -0.01306096
vn -0.71562046 -0.69739048 0.03916461
vn -0.71562046 -0.69251366 0.09117115
vn -0.71562046 -0.68376402 0.14266783
vn -0.71562046 -0.67119050 0.19336665
vn -0.71562046 -0.65486341 0.24298409
vn -0.71562046 -0.63487405 0.29124266
vn -0.71562046 -0.61133423 0.33787248
vn -0.71562046 -0.58437557 0.38261279
vn -0.71562046 -0.55414885 0.42521337
vn -0.71562046 -0.52082310 0.46543598
vn -0.71562046 -0.48458470 0.50305568
vn -0.71562046 -0.44563630 0.53786210
vn -0.71562046 -0.40419573 0.56966057
vn -0.71562046 -0.36049473 0.59827327
vn -0.71562046 -0.31477769 0.62354018
vn -0.71562046 -0.26730030 0.64532000
vn -0.71562046 -0.21832805 0.66349093
vn -0.71562046 -0.16813482 0.67795135
vn -0.71562046 -0.11700131 0.68862039
vn -0.71562046 -0.06521348 0.69543839
vn -0.71562046 -0.01306096 0.69836721
vn -0.71562046 0.03916461 0.69739048
vn -0.71562046 0.09117115 0.69251366
vn -0.71562046 0.14266783 0.68376402
vn -0.71562046 0.19336665 0.67119050
vn -0.71562046 0.24298409 0.65486341
vn -0.71562046 0.29124266 0.63487405
vn -0.71562046 0.33787248 0.61133423
vn -0.71562046 0.38261279 0.58437557
vn -0.71562046 0.42521337 0.55414885
vn -0.71562046 0.46543598 0.52082310
vn -0.71562046 0.50305568 0.48458470
vn -0.71562046 0.53786210 0.44563630
vn -0.71562046 0.56966057 0.40419573
vn -0.71562046 0.59827327 0.36049473
vn -0.71562046 0.62354018 0.31477769
vn -0.71562046 0.64532000 0.26730030
vn -0.71562046 0.66349093 0.21832805
vn -0.71562046 0.67795135 0.16813482
vn -0.71562046 0.68862039 0.11700131
vn -0.71562046 0.69543839 0.06521348
vn -0.71562046 0.69836721 0.01306096
vn -0.71562046 0.69739048 -0.03916461
vn -0.71562046 0.69251366 -0.09117115
vn -0.71562046 0.68376402 -0.14266783
vn -0.71562046 0.67119050 -0.19336665
vn -0.71562046 0.65486341 -0.24298409
vn -0.71562046 0.63487405 -0.29124266
vn -0.71562046 0.61133423 -0.33787248
vn -0.71562046 0.58437557 -0.38261279
vn -0.71562046 0.55414885 -0.42521337
vn -0.71562046 0.52082310 -0.46543598
vn -0.71562046 0.48458470 -0.50305568
vn -0.71562046 0.44563630 -0.53786210
vn -0.71562046 0.40419573 -0.56966057
vn -0.71562046 0.36049473 -0.59827327
vn -0.71562046 0.31477769 -0.62354018
vn -0.71562046 0.26730030 -0.64532000
vn -0.71562046 0.21832805 -0.66349093
vn -0.71562046 0.16813482 -0.67795135
vn -0.71562046 0.11700131 -0.68862039
vn -0.71562046 0.06521348 -0.69543839
vn -0.71562046 0.01306096 -0.69836721
vn -0.71562046 -0.03916461 -0.69739048
vn -0.71562046 -0.09117115 -0.69251366
vn -0.71562046 -0.14266783 -0.68376402
vn -0.71562046 -0.19336665 -0.67119050
vn -0.71562046 -0.24298409 -0.65486341
vn -0.71562046 -0.29124266 -0.63487405
vn -0.71562046 -0.33787248 -0.61133423
vn -0.71562046 -0.38261279 -0.58437557
vn -0.71562046 -0.42521337 -0.55414885
vn -0.71562046 -0.46543598 -0.52082310
vn -0.71562046 -0.50305568 -0.48458470
vn -0.71562046 -0.53786210 -0.44563630
vn -0.71562046 -0.56966057 -0.40419573
vn -0.71562046 -0.59827327 -0.36049473
vn -0.71562046 -0.62354018 -0.31477769
vn -0.71562046 -0.64532000 -0.26730030
vn -0.71562046 -0.66349093 -0.21832805
vn -0.71562046 -0.67795135 -0.16813482
vn -0.71562046 -0.68862039 -0.11700131
vn -0.71562046 -0.69543839 -0.06521348
vn -0.71562046 -0.69836721 -0.01306096
vn -0.71562046 -0.69739048 0.03916461
vn -0.71562046 -0.69251366 0.09117115
vn -0.71562046 -0.68376402 0.14266783
vn -0.71562046 -0.67119050 0.19336665
vn -0.71562046 -0.65486341 0.24298409
vn -0.71562046 -0.63487405 0.29124266
vn -0.71562046 -0.61133423 0.33787248
vn -0.71562046 -0.58437557 0.38261279
vn -0.71562046 -0.55414885 0.42521337
vn -0.71562046 -0.52082310 0.46543598
vn -0.71562046 -0.48458470 0.50305568
vn -0.71562046 -0.44563630 0.53786210
vn -0.71562046 -0.40419573 0.56966057
vn -0.71562046 -0.36049473 0.59827327
vn -0.71562046 -0.31477769 0.62354018
vn -0.71562046 -0.26730030 0.64532000
vn -0.71562046 -0.21832805 0.66349093
vn -0.71562046 -0.16813482 0.67795135
vn -0.71562046 -0.11700131 0.68862039
vn -0.71562046 -0.06521348 0.69543839
vn -0.71562046 -0.01306096 0.69836721
vn -0.71562046 0.03916461 0.69739048
vn -0.71562046 0.09117115 0.69251366
vn -0.71562046 0.14266783 0.68376402
vn -0.71562046 0.19336665 0.67119050
vn -0.71562046 0.24298409 0.65486341
vn -0.71562046 0.29124266 0.63487405
vn -0.71562046 0.33787248 0.61133423
vn -0.71562046 0.38261279 0.58437557
vn -0.71562046 0.42521337 0.55414885
vn -0.71562046 0.46543598 0.52082310
vn -0.71562046 0.50305568 0.48458470
vn -0.71562046 0.53786210 0.44563630
vn -0.71562046 0.56966057 0.40419573
vn -0.71562046 0.59827327 0.36049473
vn -0.71562046 0.62354018 0.31477769
vn -0.71562046 0.64532000 0.26730030
vn -0.71562046 0.66349093 0.21832805
vn -0.71562046 0.67795135 0.16813482
vn -0.71562046 0.68862039 0.11700131
vn -0.71562046 0.69543839 0.06521348
vn -0.71562046 0.69836721 0.01306096
vn -0.71562046 0.69739048 -0.03916461
vn -0.71562046 0.69251366 -0.09117115
vn -0.71562046 0.68376402 -0.14266783
vn -0.71562046 0.67119050 -0.19336665
vn -0.71562046 0.65486341 -0.24298409
vn -0.71562046 0.63487405 -0.29124266
vn -0.71562046 0.61133423 -0.33787248
vn -0.71562046 0.58437557 -0.38261279
vn -0.71562046 0.55414885 -0.42521337
vn -0.71562046 0.52082310 -0.46543598
vn -0.71562046 0.48458470 -0.50305568
vn -0.71562046 0.44563630 -0.53786210
vn -0.71562046 0.40419573 -0.56966057
vn -0.71562046 0.36049473 -0.59827327
vn -0.71562046 0.31477769 -0.62354018
vn -0.71562046 0.26730030 -0.64532000
vn -0.71562046 0.21832805 -0.66349093
vn -0.71562046 0.16813482 -0.67795135
vn -0.71562046 0.11700131 -0.68862039
vn -0.71562046 0.06521348 -0.69543839
vn -0.71562046 0.01306096 -0.69836721
vn -0.71562046 -0.03916461 -0.69739048
vn -0.71562046 -0.09117115 -0.69251366
vn -0.71562046 -0.14266783 -0.68376402
vn -0.71562046 -0.19336665 -0.67119050
vn -0.71562046 -0.24298409 -0.65486341
vn -0.71562046 -0.29124266 -0.63487405
vn -0.71562046 -0.33787248 -0.61133423
vn -0.71562046 -0.38261279 -0.58437557
vn -0.71562046 -0.42521337 -0.55414885
vn -0.71562046 -0.46543598 -0.52082310
vn -0.71562046 -0.50305568 -0.48458470
vn -0.71562046 -0.53786210 -0.44563630
vn -0.71562046 -0.56966057 -0.40419573
vn -0.71562046 -0.59827327 -0.36049473
vn -0.71562046 -0.62354018 -0.31477769
vn -0.71562046 -0.64532000 -0.26730030
vn -0.71562046 -0.66349093 -0.21832805
vn -0.71562046 -0.67795135 -0.16813482
vn -0.71562046 -0.68862039 -0.11700131
vn -0.71562046 -0.69543839 -0.06521348
vn -0.71562046 -0.69836721 -0.01306096
vn -0.71562046 -0.69739048 0.03916461
vn -0.71562046 -0.69251366 0.09117115
vn -0.71562046 -0.68376402 0.14266783
vn -0.71562046 -0.67119050 0.19336665
vn -0.71562046 -0.65486341 0.24298409
vn -0.71562046 -0.63487405 0.29124266
vn -0.71562046 -0.61133423 0.33787248
vn -0.71562046 -0.58437557 0.38261279
vn -0.71562046 -0.55414885 0.42521337
vn -0.71562046 -0.52082310 0.46543598
vn -0.71562046 -0.48458470 0.50305568
vn -0.71562046 -0.44563630 0.53786210
vn -0.71562046 -0.40419573 0.56966057
vn -0.71562046 -0.36049473 0.59827327
vn -0.71562046 -0.31477769 0.62354018
vn -0.71562046 -0.26730030 0.64532000
vn -0.71562046 -0.21832805 0.66349093
vn -0.71562046 -0.16813482 0.67795135
vn -0.71562046 -0.11700131 0.68862039
vn -0.71562046 -0.06521348 0.69543839
vn -0.71562046 -0.01306096 0.69836721
vn -0.71562046 0.03916461 0.69739048
vn -0.71562046 0.09117115 0.69251366
vn -0.71562046 0.14266783 0.68376402
vn -0.71562046 0.19336665 0.67119050
vn -0.71562046 0.24298409 0.65486341
vn -0.71562046 0.29124266 0.63487405
vn -0.71562046 0.33787248 0.61133423
vn -0.71562046 0.38261279 0.58437557
vn -0.71562046 0.42521337 0.55414885
vn -0.71562046 0.46543598 0.52082310
vn -0.71562046 0.50305568 0.48458470
vn -0.71562046 0.53786210 0.44563630
vn -0.71562046 0.56966057 0.40419573
vn -0.71562046 0.59827327 0.36049473
vn -0.71562046 0.62354018 0.31477769
vn -0.71562046 0.64532000 0.26730030
vn -0.71562046 0.66349093 0.21832805
vn -0.71562046 0.67795135 0.16813482
vn -0.71562046 0.68862039 0.11700131
vn -0.71562046 0.69543839 0.06521348
vn -0.71562046 0.69836721 0.01306096
vn -0.71562046 0.69739048 -0.03916461
vn -0.71562046 0.69251366 -0.09117115
vn -0.71562046 0.68376402 -0.14266783
vn -0.71562046 0.67119050 -0.19336665
vn -0.71562046 0.65486341 -0.24298409
vn -0.71562046 0.63487405 -0.29124266
vn -0.71562046 0.61133423 -0.33787248
vn -0.71562046 0.58437557 -0.38261279
vn -0.71562046 0.55414885 -0.42521337
vn -0.71562046 0.52082310 -0.46543598
vn -0.71562046 0.48458470 -0.50305568
vn -0.71562046 0.44563630 -0.53786210
vn -0.71562046 0.40419573 -0.56966057
vn -0.71562046 0.36049473 -0.59827327
vn -0.71562046 0.31477769 -0.62354018
vn -0.90799013 0.37753720 0.18171296
vn -0.46361505 -0.06688973 0.88350826
vn -0.80467816 -0.35187021 0.47820541
vn -0.78385489 -0.36489148 0.50241986
vn 0.51113269 0.00599217 0.85948093
vn 0.04169826 -0.03670383 0.99845585
vn 0.04169756 -0.03670697 0.99845576
vn 0.82600596 0.56366138 0.00005405
vn 0.27740714 0.50633845 -0.81649657
vn -0.43850668 0.89872793 0.00010078
vn 0.07514209 0.99717284 0.00005405
vn -0.24919495 0.44635356 0.85945935
vn 0.17101054 -0.43669876 0.88320416
vn -0.05053592 0.01657371 0.99858472
vn -0.05053378 0.01657571 0.99858479
vn 0.63085282 -0.68725420 0.36014771
vn 0.09570540 -0.87237026 0.47938565
vn 0.07587358 -0.86041690 0.50391066
vn 0.78095187 -0.59757392 0.18171296
vn 0.58519577 0.46977936 0.66094876
vn 0.54378629 0.49311796 0.67906638
vn 0.49998814 0.51849360 0.69366869
vn 0.45538030 0.54433341 0.70450686
vn 0.41020468 0.57049778 0.71152260
vn 0.36470621 0.59684534 0.71467826
vn 0.31913161 0.62323370 0.71395712
vn 0.27372795 0.64952025 0.70936341
vn 0.22874141 0.67556291 0.70092233
vn 0.18441589 0.70122091 0.68867991
vn 0.14099173 0.72635554 0.67270273
vn 0.09870434 0.75083090 0.65307764
vn 0.05778303 0.77451467 0.62991122
vn 0.01844967 0.79727878 0.60332922
vn -0.01984508 0.81911680 0.57328338
vn -0.11312316 -0.74205291 0.66072735
vn -0.15580671 -0.71707441 0.67935893
vn -0.20038646 -0.69142581 0.69410058
vn -0.24578802 -0.66529940 0.70495742
vn -0.29175789 -0.63884158 0.71186991
vn -0.33803947 -0.61220054 0.71480055
vn -0.38437450 -0.58552544 0.71373399
vn -0.43050448 -0.55896556 0.70867722
vn -0.47617211 -0.53266951 0.69965943
vn -0.52112277 -0.50678433 0.68673190
vn -0.56510584 -0.48145476 0.66996769
vn -0.60787618 -0.45682237 0.64946122
vn -0.64919547 -0.43302480 0.62532773
vn -0.68883350 -0.41019500 0.59770267
vn -0.72631856 -0.38855290 0.56699912
vn -0.76165210 -0.36973946 0.53214547
vn -0.79560190 -0.35005543 0.49444798
vn -0.82984423 -0.32527920 0.45337842
vn -0.85330508 -0.31425008 0.41607371
vn -0.87983747 -0.30011480 0.36853376
vn -0.90220821 -0.28719259 0.32177751
vn -0.92149052 -0.27605341 0.27322103
vn -0.93757653 -0.26675954 0.22313583
vn -0.95037620 -0.25936297 0.17180198
vn -0.95981790 -0.25390506 0.11950654
vn -0.96584876 -0.25041633 0.06654194
vn -0.96843499 -0.24891628 0.01320438
vn -0.96756205 -0.24941332 -0.04020787
vn -0.96323476 -0.25190465 -0.09339613
vn -0.95547726 -0.25637635 -0.14606294
vn -0.94433284 -0.26280341 -0.19791376
vn -0.92986377 -0.27114989 -0.24865862
vn -0.91215089 -0.28136911 -0.29801372
vn -0.89129318 -0.29340393 -0.34570304
vn -0.86740723 -0.30718703 -0.39145986
vn -0.84087751 -0.32252737 -0.43462756
vn -0.81128783 -0.34112931 -0.47480822
vn -0.77882287 -0.35976754 -0.51381150
vn -0.74040541 -0.37612471 -0.55707274
vn -0.71003269 -0.39717237 -0.58147029
vn -0.66918895 -0.42207921 -0.61158425
vn -0.62872570 -0.44548526 -0.63737499
vn -0.58670680 -0.46976273 -0.65961967
vn -0.54336180 -0.49477923 -0.67819722
vn -0.49892712 -0.52039818 -0.69300610
vn -0.45364489 -0.54647952 -0.70396481
vn -0.40776169 -0.57288038 -0.71101229
vn -0.36152728 -0.59945586 -0.71410832
vn -0.31519339 -0.62605977 -0.71323369
vn -0.26901236 -0.65254536 -0.70839036
vn -0.22323590 -0.67876613 -0.69960151
vn -0.17811375 -0.70457659 -0.68691144
vn -0.13399042 -0.72982616 -0.67037328
vn -0.09148449 -0.75441505 -0.64999117
vn -0.05029836 -0.77845688 -0.62567959
vn -0.01079787 -0.80149206 -0.59790793
vn 0.02653393 -0.82323788 -0.56707614
vn 0.06062229 -0.84447980 -0.53214547
vn 0.09464406 -0.86403917 -0.49444798
vn 0.13322207 -0.88130579 -0.45337842
vn 0.15450399 -0.89610892 -0.41607371
vn 0.18001169 -0.91201900 -0.36853376
vn 0.20238802 -0.92493152 -0.32177751
vn 0.22167600 -0.93606091 -0.27322103
vn 0.23776772 -0.94534486 -0.22313583
vn 0.25057318 -0.95273142 -0.17180198
vn 0.26002072 -0.95817922 -0.11950654
vn 0.26605748 -0.96165773 -0.06654194
vn 0.26864967 -0.96314744 -0.01320438
vn 0.26778276 -0.96263998 0.04020787
vn 0.26346156 -0.96013810 0.09339613
vn 0.25571020 -0.95565575 0.14606294
vn 0.24457199 -0.94921793 0.19791376
vn 0.23010919 -0.94086059 0.24865862
vn 0.21240264 -0.93063040 0.29801372
vn 0.19155134 -0.91858450 0.34570304
vn 0.16767184 -0.90479021 0.39145986
vn 0.14112186 -0.88948497 0.43462756
vn 0.11021726 -0.87316053 0.47480822
vn 0.07784360 -0.85436416 0.51381150
vn 0.04446915 -0.82927225 0.55707274
vn 0.01074919 -0.81366792 0.58123056
vn -0.03109305 -0.79055351 0.61160311
vn -0.07139304 -0.76685242 0.63784042
vn 0.72494606 0.38871775 0.56864024
vn 0.69133615 0.41000777 0.59493525
vn 0.65742627 0.42937665 0.61921433
vn 0.62226774 0.44923387 0.64107081
vn 0.87011211 -0.48973725 -0.05533847
vn 0.87011345 -0.48973494 -0.05533785
vn 0.87968778 -0.17638122 -0.44163229
vn 0.87968778 -0.17638122 0.44163229
vn 0.84648428 0.31794426 -0.42705481
vn 0.87320690 0.30393705 -0.38096192
vn 0.89645152 0.29051030 -0.33463179
vn 0.91662553 0.27885630 -0.28642068
vn 0.93361550 0.26904053 -0.23659943
vn 0.94732590 0.26111815 -0.18544795
vn 0.95767963 0.25513368 -0.13325362
vn 0.96461844 0.25112075 -0.08030968
vn 0.96810325 0.24910190 -0.02691361
vn 0.96811441 0.24908850 0.02663460
vn 0.96465179 0.25108062 0.08003406
vn 0.95773475 0.25506707 0.13298474
vn 0.94740207 0.26102547 0.18518912
vn 0.93371175 0.26892235 0.23635386
vn 0.91674060 0.27871332 0.28619145
vn 0.89658393 0.29034340 0.33442185
vn 0.87335489 0.30374723 0.38077403
vn 0.84693081 0.31873510 0.42557741
vn 0.87011211 -0.48973725 0.05533847
vn 0.87011345 -0.48973494 0.05533785
vn -0.02274447 0.81993432 -0.57200560
vn 0.01620497 0.79921331 -0.60082900
vn 0.05419975 0.77732936 -0.62675470
vn 0.09368141 0.75456270 -0.64950668
vn 0.13445099 0.73102846 -0.66896960
vn 0.17630268 0.70684551 -0.68504510
vn 0.21902491 0.68213581 -0.69765237
vn 0.26240163 0.65702368 -0.70672857
vn 0.30621353 0.63163512 -0.71222914
vn 0.35023928 0.60609711 -0.71412796
vn 0.39425678 0.58053685 -0.71241740
vn 0.43804439 0.55508115 -0.70710821
vn 0.48138213 0.52985571 -0.69822931
vn 0.52405281 0.50498449 -0.68582747
vn 0.56578562 0.48067512 -0.66995378
vn 0.60622384 0.45737055 -0.65061881
vn 0.64570759 0.43483105 -0.62768118
vn 0.68367578 0.41313467 -0.60158721
vn 0.72036335 0.39185466 -0.57229937
vn -0.14789434 0.89204902 0.42705481
vn -0.17338625 0.90818788 0.38096192
vn -0.19663646 0.92160494 0.33463179
vn -0.21681613 0.93324914 0.28642068
vn -0.23381182 0.94305501 0.23659943
vn -0.24752800 0.95096737 0.18544795
vn -0.25788757 0.95694173 0.13325362
vn -0.26483227 0.96094444 0.08030968
vn -0.26832305 0.96295296 0.02691361
vn -0.26834024 0.96295593 -0.02663460
vn -0.26488370 0.96095326 -0.08003406
vn -0.25797281 0.95695616 -0.13298474
vn -0.24764635 0.95098700 -0.18518912
vn -0.23396229 0.94307927 -0.23635386
vn -0.21699748 0.93327731 -0.28619145
vn -0.19684720 0.92163616 -0.33442185
vn -0.17362462 0.90822114 -0.38077403
vn -0.14743272 0.89283115 -0.42557741
vn 0.12632138 0.75339565 -0.64532000
vn 0.16873260 0.72890952 -0.66349093
vn 0.21220121 0.70381291 -0.67795135
vn 0.25648412 0.67824616 -0.68862039
vn 0.30133370 0.65235224 -0.69543839
vn 0.34649911 0.62627598 -0.69836721
vn 0.39172778 0.60016320 -0.69739048
vn 0.43676677 0.57415992 -0.69251366
vn 0.48136420 0.54841159 -0.68376402
vn 0.52527067 0.52306217 -0.67119050
vn 0.56824063 0.49825346 -0.65486341
vn 0.61003377 0.47412417 -0.63487405
vn 0.65041639 0.45080926 -0.61133423
vn 0.68916263 0.42843911 -0.58437557
vn 0.72605581 0.40713882 -0.55414885
vn 0.76088961 0.38702751 -0.52082310
vn 0.79346923 0.36821766 -0.48458470
vn 0.82361247 0.35081445 -0.44563630
vn 0.85115076 0.33491522 -0.40419573
vn 0.87593008 0.32060887 -0.36049473
vn 0.89781187 0.30797541 -0.31477769
vn 0.91667375 0.29708550 -0.26730030
vn 0.93241023 0.28800004 -0.21832805
vn 0.94493332 0.28076983 -0.16813482
vn 0.95417299 0.27543530 -0.11700131
vn 0.96007754 0.27202631 -0.06521348
vn 0.96261398 0.27056190 -0.01306096
vn 0.96176811 0.27105026 0.03916461
vn 0.95754466 0.27348867 0.09117115
vn 0.94996725 0.27786349 0.14266783
vn 0.93907826 0.28415025 0.19336665
vn 0.92493858 0.29231380 0.24298409
vn 0.90762729 0.30230847 0.29124266
vn 0.88724120 0.31407839 0.33787248
vn 0.86389432 0.32755772 0.38261279
vn 0.83771721 0.34267108 0.42521337
vn 0.80885627 0.35933395 0.46543598
vn 0.77747289 0.37745315 0.50305568
vn 0.74374259 0.39692735 0.53786210
vn 0.70785400 0.41764764 0.56966057
vn 0.67000782 0.43949814 0.59827327
vn 0.63041571 0.46235665 0.62354018
vn 0.58929908 0.48609535 0.64532000
vn 0.54688787 0.51058148 0.66349093
vn 0.50341926 0.53567809 0.67795135
vn 0.45913634 0.56124485 0.68862039
vn 0.41428677 0.58713876 0.69543839
vn 0.36912135 0.61321502 0.69836721
vn 0.32389269 0.63932781 0.69739048
vn 0.27885370 0.66533108 0.69251366
vn 0.23425627 0.69107942 0.68376402
vn 0.19034980 0.71642883 0.67119050
vn 0.14737984 0.74123755 0.65486341
vn 0.10558669 0.76536683 0.63487405
vn 0.06520408 0.78868174 0.61133423
vn 0.02645784 0.81105190 0.58437557
vn -0.01043535 0.83235218 0.55414885
vn -0.04526915 0.85246349 0.52082310
vn -0.07784877 0.87127334 0.48458470
vn -0.10799201 0.88867655 0.44563630
vn -0.13553029 0.90457579 0.40419573
vn -0.16030962 0.91888213 0.36049473
vn -0.18219140 0.93151559 0.31477769
vn -0.20105328 0.94240550 0.26730030
vn -0.21678977 0.95149097 0.21832805
vn -0.22931286 0.95872118 0.16813482
vn -0.23855252 0.96405570 0.11700131
vn -0.24445708 0.96746470 0.06521348
vn -0.24699352 0.96892911 0.01306096
vn -0.24614764 0.96844074 -0.03916461
vn -0.24192419 0.96600233 -0.09117115
vn -0.23434678 0.96162751 -0.14266783
vn -0.22345779 0.95534075 -0.19336665
vn -0.20931812 0.94717721 -0.24298409
vn -0.19200683 0.93718253 -0.29124266
vn -0.17162074 0.92541261 -0.33787248
vn -0.14827386 0.91193329 -0.38261279
vn -0.12209675 0.89681992 -0.42521337
vn -0.09323580 0.88015705 -0.46543598
vn -0.06185243 0.86203785 -0.50305568
vn -0.02812213 0.84256365 -0.53786210
vn 0.00776646 0.82184337 -0.56966057
vn 0.04561264 0.79999287 -0.59827327
vn 0.08520475 0.77713435 -0.62354018
vn 0.45591408 0.78124379 0.42638069
vn 0.45591408 0.78124379 -0.42638069
vn 0.12632138 0.75339565 -0.64532000
vn 0.16873260 0.72890952 -0.66349093
vn 0.21220121 0.70381291 -0.67795135
vn 0.25648412 0.67824616 -0.68862039
vn 0.30133370 0.65235224 -0.69543839
vn 0.34649911 0.62627598 -0.69836721
vn 0.39172778 0.60016320 -0.69739048
vn 0.43676677 0.57415992 -0.69251366
vn 0.48136420 0.54841159 -0.68376402
vn 0.52527067 0.52306217 -0.67119050
vn 0.56824063 0.49825346 -0.65486341
vn 0.61003377 0.47412417 -0.63487405
vn 0.65041639 0.45080926 -0.61133423
vn 0.68916263 0.42843911 -0.58437557
vn 0.72605581 0.40713882 -0.55414885
vn 0.76088961 0.38702751 -0.52082310
vn 0.79346923 0.36821766 -0.48458470
vn 0.82361247 0.35081445 -0.44563630
vn 0.85115076 0.33491522 -0.40419573
vn 0.87593008 0.32060887 -0.36049473
vn 0.89781187 0.30797541 -0.31477769
vn 0.91667375 0.29708550 -0.26730030
vn 0.93241023 0.28800004 -0.21832805
vn 0.94493332 0.28076983 -0.16813482
vn 0.95417299 0.27543530 -0.11700131
vn 0.96007754 0.27202631 -0.06521348
vn 0.96261398 0.27056190 -0.01306096
vn 0.96176811 0.27105026 0.03916461
vn 0.95754466 0.27348867 0.09117115
vn 0.94996725 0.27786349 0.14266783
vn 0.93907826 0.28415025 0.19336665
vn 0.92493858 0.29231380 0.24298409
vn 0.90762729 0.30230847 0.29124266
vn 0.88724120 0.31407839 0.33787248
vn 0.86389432 0.32755772 0.38261279
vn 0.83771721 0.34267108 0.42521337
vn 0.80885627 0.35933395 0.46543598
vn 0.77747289 0.37745315 0.50305568
vn 0.74374259 0.39692735 0.53786210
vn 0.70785400 0.41764764 0.56966057
vn 0.67000782 0.43949814 0.59827327
vn 0.63041571 0.46235665 0.62354018
vn 0.58929908 0.48609535 0.64532000
vn 0.54688787 0.51058148 0.66349093
vn 0.50341926 0.53567809 0.67795135
vn 0.45913634 0.56124485 0.68862039
vn 0.41428677 0.58713876 0.69543839
vn 0.36912135 0.61321502 0.69836721
vn 0.32389269 0.63932781 0.69739048
vn 0.27885370 0.66533108 0.69251366
vn 0.23425627 0.69107942 0.68376402
vn 0.19034980 0.71642883 0.67119050
vn 0.14737984 0.74123755 0.65486341
vn 0.10558669 0.76536683 0.63487405
vn 0.06520408 0.78868174 0.61133423
vn 0.02645784 0.81105190 0.58437557
vn -0.01043535 0.83235218 0.55414885
vn -0.04526915 0.85246349 0.52082310
vn -0.07784877 0.87127334 0.48458470
vn -0.10799201 0.88867655 0.44563630
vn -0.13553029 0.90457579 0.40419573
vn -0.16030962 0.91888213 0.36049473
vn -0.18219140 0.93151559 0.31477769
vn -0.20105328 0.94240550 0.26730030
vn -0.21678977 0.95149097 0.21832805
vn -0.22931286 0.95872118 0.16813482
vn -0.23855252 0.96405570 0.11700131
vn -0.24445708 0.96746470 0.06521348
vn -0.24699352 0.96892911 0.01306096
vn -0.24614764 0.96844074 -0.03916461
vn -0.24192419 0.96600233 -0.09117115
vn -0.23434678 0.96162751 -0.14266783
vn -0.22345779 0.95534075 -0.19336665
vn -0.20931812 0.94717721 -0.24298409
vn -0.19200683 0.93718253 -0.29124266
vn -0.17162074 0.92541261 -0.33787248
vn -0.14827386 0.91193329 -0.38261279
vn -0.12209675 0.89681992 -0.42521337
vn -0.09323580 0.88015705 -0.46543598
vn -0.06185243 0.86203785 -0.50305568
vn -0.02812213 0.84256365 -0.53786210
vn 0.00776646 0.82184337 -0.56966057
vn 0.04561264 0.79999287 -0.59827327
vn 0.08520475 0.77713435 -0.62354018
vn 0.12632138 0.75339565 -0.64532000
vn 0.16873260 0.72890952 -0.66349093
vn 0.21220121 0.70381291 -0.67795135
vn 0.25648412 0.67824616 -0.68862039
vn 0.30133370 0.65235224 -0.69543839
vn 0.34649911 0.62627598 -0.69836721
vn 0.39172778 0.60016320 -0.69739048
vn 0.43676677 0.57415992 -0.69251366
vn 0.48136420 0.54841159 -0.68376402
vn 0.52527067 0.52306217 -0.67119050
vn 0.56824063 0.49825346 -0.65486341
vn 0.61003377 0.47412417 -0.63487405
vn 0.65041639 0.45080926 -0.61133423
vn 0.68916263 0.42843911 -0.58437557
vn 0.72605581 0.40713882 -0.55414885
vn 0.76088961 0.38702751 -0.52082310
vn 0.79346923 0.36821766 -0.48458470
vn 0.82361247 0.35081445 -0.44563630
vn 0.85115076 0.33491522 -0.40419573
vn 0.87593008 0.32060887 -0.36049473
vn 0.89781187 0.30797541 -0.31477769
vn 0.91667375 0.29708550 -0.26730030
vn 0.93241023 0.28800004 -0.21832805
vn 0.94493332 0.28076983 -0.16813482
vn 0.95417299 0.27543530 -0.11700131
vn 0.96007754 0.27202631 -0.06521348
vn 0.96261398 0.27056190 -0.01306096
vn 0.96176811 0.27105026 0.03916461
vn 0.95754466 0.27348867 0.09117115
vn 0.94996725 0.27786349 0.14266783
vn 0.93907826 0.28415025 0.19336665
vn 0.92493858 0.29231380 0.24298409
vn 0.90762729 0.30230847 0.29124266
vn 0.88724120 0.31407839 0.33787248
vn 0.86389432 0.32755772 0.38261279
vn 0.83771721 0.34267108 0.42521337
vn 0.80885627 0.35933395 0.46543598
vn 0.77747289 0.37745315 0.50305568
vn 0.74374259 0.39692735 0.53786210
vn 0.70785400 0.41764764 0.56966057
vn 0.67000782 0.43949814 0.59827327
vn 0.63041571 0.46235665 0.62354018
vn 0.58929908 0.48609535 0.64532000
vn 0.54688787 0.51058148 0.66349093
vn 0.50341926 0.53567809 0.67795135
vn 0.45913634 0.56124485 0.68862039
vn 0.41428677 0.58713876 0.69543839
vn 0.36912135 0.61321502 0.69836721
vn 0.32389269 0.63932781 0.69739048
vn 0.27885370 0.66533108 0.69251366
vn 0.23425627 0.69107942 0.68376402
vn 0.19034980 0.71642883 0.67119050
vn 0.14737984 0.74123755 0.65486341
vn 0.10558669 0.76536683 0.63487405
vn 0.06520408 0.78868174 0.61133423
vn 0.02645784 0.81105190 0.58437557
vn -0.01043535 0.83235218 0.55414885
vn -0.04526915 0.85246349 0.52082310
vn -0.07784877 0.87127334 0.48458470
vn -0.10799201 0.88867655 0.44563630
vn -0.13553029 0.90457579 0.40419573
vn -0.16030962 0.91888213 0.36049473
vn -0.18219140 0.93151559 0.31477769
vn -0.20105328 0.94240550 0.26730030
vn -0.21678977 0.95149097 0.21832805
vn -0.22931286 0.95872118 0.16813482
vn -0.23855252 0.96405570 0.11700131
vn -0.24445708 0.96746470 0.06521348
vn -0.24699352 0.96892911 0.01306096
vn -0.24614764 0.96844074 -0.03916461
vn -0.24192419 0.96600233 -0.09117115
vn -0.23434678 0.96162751 -0.14266783
vn -0.22345779 0.95534075 -0.19336665
vn -0.20931812 0.94717721 -0.24298409
vn -0.19200683 0.93718253 -0.29124266
vn -0.17162074 0.92541261 -0.33787248
vn -0.14827386 0.91193329 -0.38261279
vn -0.12209675 0.89681992 -0.42521337
vn -0.09323580 0.88015705 -0.46543598
vn -0.06185243 0.86203785 -0.50305568
vn -0.02812213 0.84256365 -0.53786210
vn 0.00776646 0.82184337 -0.56966057
vn 0.04561264 0.79999287 -0.59827327
vn 0.08520475 0.77713435 -0.62354018
vn 0.12632138 0.75339565 -0.64532000
vn 0.16873260 0.72890952 -0.66349093
vn 0.21220121 0.70381291 -0.67795135
vn 0.25648412 0.67824616 -0.68862039
vn 0.30133370 0.65235224 -0.69543839
vn 0.34649911 0.62627598 -0.69836721
vn 0.39172778 0.60016320 -0.69739048
vn 0.43676677 0.57415992 -0.69251366
vn 0.48136420 0.54841159 -0.68376402
vn 0.52527067 0.52306217 -0.67119050
vn 0.56824063 0.49825346 -0.65486341
vn 0.61003377 0.47412417 -0.63487405
vn 0.65041639 0.45080926 -0.61133423
vn 0.68916263 0.42843911 -0.58437557
vn 0.72605581 0.40713882 -0.55414885
vn 0.76088961 0.38702751 -0.52082310
vn 0.79346923 0.36821766 -0.48458470
vn 0.82361247 0.35081445 -0.44563630
vn 0.85115076 0.33491522 -0.40419573
vn 0.87593008 0.32060887 -0.36049473
vn 0.89781187 0.30797541 -0.31477769
vn 0.91667375 0.29708550 -0.26730030
vn 0.93241023 0.28800004 -0.21832805
vn 0.94493332 0.28076983 -0.16813482
vn 0.95417299 0.27543530 -0.11700131
vn 0.96007754 0.27202631 -0.06521348
vn 0.96261398 0.27056190 -0.01306096
vn 0.96176811 0.27105026 0.03916461
vn 0.95754466 0.27348867 0.09117115
vn 0.94996725 0.27786349 0.14266783
vn 0.93907826 0.28415025 0.19336665
vn 0.92493858 0.29231380 0.24298409
vn 0.90762729 0.30230847 0.29124266
vn 0.88724120 0.31407839 0.33787248
vn 0.86389432 0.32755772 0.38261279
vn 0.83771721 0.34267108 0.42521337
vn 0.80885627 0.35933395 0.46543598
vn 0.77747289 0.37745315 0.50305568
vn 0.74374259 0.39692735 0.53786210
vn 0.70785400 0.41764764 0.56966057
vn 0.67000782 0.43949814 0.59827327
vn 0.63041571 0.46235665 0.62354018
vn 0.58929908 0.48609535 0.64532000
vn 0.54688787 0.51058148 0.66349093
vn 0.50341926 0.53567809 0.67795135
vn 0.45913634 0.56124485 0.68862039
vn 0.41428677 0.58713876 0.69543839
vn 0.36912135 0.61321502 0.69836721
vn 0.32389269 0.63932781 0.69739048
vn 0.27885370 0.66533108 0.69251366
vn 0.23425627 0.69107942 0.68376402
vn 0.19034980 0.71642883 0.67119050
vn 0.14737984 0.74123755 0.65486341
vn 0.10558669 0.76536683 0.63487405
vn 0.06520408 0.78868174 0.61133423
vn 0.02645784 0.81105190 0.58437557
vn -0.01043535 0.83235218 0.55414885
vn -0.04526915 0.85246349 0.52082310
vn -0.07784877 0.87127334 0.48458470
vn -0.10799201 0.88867655 0.44563630
vn -0.13553029 0.90457579 0.40419573
vn -0.16030962 0.91888213 0.36049473
vn -0.18219140 0.93151559 0.31477769
vn -0.20105328 0.94240550 0.26730030
vn -0.21678977 0.95149097 0.21832805
vn -0.22931286 0.95872118 0.16813482
vn -0.23855252 0.96405570 0.11700131
vn -0.24445708 0.96746470 0.06521348
vn -0.24699352 0.96892911 0.01306096
vn -0.24614764 0.96844074 -0.03916461
vn -0.24192419 0.96600233 -0.09117115
vn -0.23434678 0.96162751 -0.14266783
vn -0.22345779 0.95534075 -0.19336665
vn -0.20931812 0.94717721 -0.24298409
vn -0.19200683 0.93718253 -0.29124266
vn -0.17162074 0.92541261 -0.33787248
vn -0.14827386 0.91193329 -0.38261279
vn -0.12209675 0.89681992 -0.42521337
vn -0.09323580 0.88015705 -0.46543598
vn -0.06185243 0.86203785 -0.50305568
vn -0.02812213 0.84256365 -0.53786210
vn 0.00776646 0.82184337 -0.56966057
vn 0.04561264 0.79999287 -0.59827327
vn 0.08520475 0.77713435 -0.62354018
vn 0.12632138 0.75339565 -0.64532000
vn 0.16873260 0.72890952 -0.66349093
vn 0.21220121 0.70381291 -0.67795135
vn 0.25648412 0.67824616 -0.68862039
vn 0.30133370 0.65235224 -0.69543839
vn 0.34649911 0.62627598 -0.69836721
vn 0.39172778 0.60016320 -0.69739048
vn 0.43676677 0.57415992 -0.69251366
vn 0.48136420 0.54841159 -0.68376402
vn 0.52527067 0.52306217 -0.67119050
vn 0.56824063 0.49825346 -0.65486341
vn 0.61003377 0.47412417 -0.63487405
vn 0.65041639 0.45080926 -0.61133423
vn 0.68916263 0.42843911 -0.58437557
vn 0.72605581 0.40713882 -0.55414885
vn 0.76088961 0.38702751 -0.52082310
vn 0.79346923 0.36821766 -0.48458470
vn 0.82361247 0.35081445 -0.44563630
vn 0.85115076 0.33491522 -0.40419573
vn 0.87593008 0.32060887 -0.36049473
vn 0.89781187 0.30797541 -0.31477769
vn 0.91667375 0.29708550 -0.26730030
vn 0.93241023 0.28800004 -0.21832805
vn 0.94493332 0.28076983 -0.16813482
vn 0.95417299 0.27543530 -0.11700131
vn 0.96007754 0.27202631 -0.06521348
vn 0.96261398 0.27056190 -0.01306096
vn 0.96176811 0.27105026 0.03916461
vn 0.95754466 0.27348867 0.09117115
vn 0.94996725 0.27786349 0.14266783
vn 0.93907826 0.28415025 0.19336665
vn 0.92493858 0.29231380 0.24298409
vn 0.90762729 0.30230847 0.29124266
vn 0.88724120 0.31407839 0.33787248
vn 0.86389432 0.32755772 0.38261279
vn 0.83771721 0.34267108 0.42521337
vn 0.80885627 0.35933395 0.46543598
vn 0.77747289 0.37745315 0.50305568
vn 0.74374259 0.39692735 0.53786210
vn 0.70785400 0.41764764 0.56966057
vn 0.67000782 0.43949814 0.59827327
vn 0.63041571 0.46235665 0.62354018
vn 0.58929908 0.48609535 0.64532000
vn 0.54688787 0.51058148 0.66349093
vn 0.50341926 0.53567809 0.67795135
vn 0.45913634 0.56124485 0.68862039
vn 0.41428677 0.58713876 0.69543839
vn 0.36912135 0.61321502 0.69836721
vn 0.32389269 0.63932781 0.69739048
vn 0.27885370 0.66533108 0.69251366
vn 0.23425627 0.69107942 0.68376402
vn 0.19034980 0.71642883 0.67119050
vn 0.14737984 0.74123755 0.65486341
vn 0.10558669 0.76536683 0.63487405
vn 0.06520408 0.78868174 0.61133423
vn 0.02645784 0.81105190 0.58437557
vn -0.01043535 0.83235218 0.55414885
vn -0.04526915 0.85246349 0.52082310
vn -0.07784877 0.87127334 0.48458470
vn -0.10799201 0.88867655 0.44563630
vn -0.13553029 0.90457579 0.40419573
vn -0.16030962 0.91888213 0.36049473
vn -0.18219140 0.93151559 0.31477769
vn -0.20105328 0.94240550 0.26730030
vn -0.21678977 0.95149097 0.21832805
vn -0.22931286 0.95872118 0.16813482
vn -0.23855252 0.96405570 0.11700131
vn -0.24445708 0.96746470 0.06521348
vn -0.24699352 0.96892911 0.01306096
vn -0.24614764 0.96844074 -0.03916461
vn -0.24192419 0.96600233 -0.09117115
vn -0.23434678 0.96162751 -0.14266783
vn -0.22345779 0.95534075 -0.19336665
vn -0.20931812 0.94717721 -0.24298409
vn -0.19200683 0.93718253 -0.29124266
vn -0.17162074 0.92541261 -0.33787248
vn -0.14827386 0.91193329 -0.38261279
vn -0.12209675 0.89681992 -0.42521337
vn -0.09323580 0.88015705 -0.46543598
vn -0.06185243 0.86203785 -0.50305568
vn -0.02812213 0.84256365 -0.53786210
vn 0.00776646 0.82184337 -0.56966057
vn 0.04561264 0.79999287 -0.59827327
vn 0.08520475 0.77713435 -0.62354018
vn 0.12632138 -0.75339565 -0.64532000
vn 0.16873260 -0.72890952 -0.66349093
vn 0.21220121 -0.70381291 -0.67795135
vn 0.25648412 -0.67824616 -0.68862039
vn 0.30133370 -0.65235224 -0.69543839
vn 0.34649911 -0.62627598 -0.69836721
vn 0.39172778 -0.60016320 -0.69739048
vn 0.43676677 -0.57415992 -0.69251366
vn 0.48136420 -0.54841159 -0.68376402
vn 0.52527067 -0.52306217 -0.67119050
vn 0.56824063 -0.49825346 -0.65486341
vn 0.61003377 -0.47412417 -0.63487405
vn 0.65041639 -0.45080926 -0.61133423
vn 0.68916263 -0.42843911 -0.58437557
vn 0.72605581 -0.40713882 -0.55414885
vn 0.76088961 -0.38702751 -0.52082310
vn 0.79346923 -0.36821766 -0.48458470
vn 0.82361247 -0.35081445 -0.44563630
vn 0.85115076 -0.33491522 -0.40419573
vn 0.87593008 -0.32060887 -0.36049473
vn 0.89781187 -0.30797541 -0.31477769
vn 0.91667375 -0.29708550 -0.26730030
vn 0.93241023 -0.28800004 -0.21832805
vn 0.94493332 -0.28076983 -0.16813482
vn 0.95417299 -0.27543530 -0.11700131
vn 0.96007754 -0.27202631 -0.06521348
vn 0.96261398 -0.27056190 -0.01306096
vn 0.96176811 -0.27105026 0.03916461
vn 0.95754466 -0.27348867 0.09117115
vn 0.94996725 -0.27786349 0.14266783
vn 0.93907826 -0.28415025 0.19336665
vn 0.92493858 -0.29231380 0.24298409
vn 0.90762729 -0.30230847 0.29124266
vn 0.88724120 -0.31407839 0.33787248
vn 0.86389432 -0.32755772 0.38261279
vn 0.83771721 -0.34267108 0.42521337
vn 0.80885627 -0.35933395 0.46543598
vn 0.77747289 -0.37745315 0.50305568
vn 0.74374259 -0.39692735 0.53786210
vn 0.70785400 -0.41764764 0.56966057
vn 0.67000782 -0.43949814 0.59827327
vn 0.63041571 -0.46235665 0.62354018
vn 0.58929908 -0.48609535 0.64532000
vn 0.54688787 -0.51058148 0.66349093
vn 0.50341926 -0.53567809 0.67795135
vn 0.45913634 -0.56124485 0.68862039
vn 0.41428677 -0.58713876 0.69543839
vn 0.36912135 -0.61321502 0.69836721
vn 0.32389269 -0.63932781 0.69739048
vn 0.27885370 -0.66533108 0.69251366
vn 0.23425627 -0.69107942 0.68376402
vn 0.19034980 -0.71642883 0.67119050
vn 0.14737984 -0.74123755 0.65486341
vn 0.10558669 -0.76536683 0.63487405
vn 0.06520408 -0.78868174 0.61133423
vn 0.02645784 -0.81105190 0.58437557
vn -0.01043535 -0.83235218 0.55414885
vn -0.04526915 -0.85246349 0.52082310
vn -0.07784877 -0.87127334 0.48458470
vn -0.10799201 -0.88867655 0.44563630
vn -0.13553029 -0.90457579 0.40419573
vn -0.16030962 -0.91888213 0.36049473
vn -0.18219140 -0.93151559 0.31477769
vn -0.20105328 -0.94240550 0.26730030
vn -0.21678977 -0.95149097 0.21832805
vn -0.22931286 -0.95872118 0.16813482
vn -0.23855252 -0.96405570 0.11700131
vn -0.24445708 -0.96746470 0.06521348
vn -0.24699352 -0.96892911 0.01306096
vn -0.24614764 -0.96844074 -0.03916461
vn -0.24192419 -0.96600233 -0.09117115
vn -0.23434678 -0.96162751 -0.14266783
vn -0.22345779 -0.95534075 -0.19336665
vn -0.20931812 -0.94717721 -0.24298409
vn -0.19200683 -0.93718253 -0.29124266
vn -0.17162074 -0.92541261 -0.33787248
vn -0.14827386 -0.91193329 -0.38261279
vn -0.12209675 -0.89681992 -0.42521337
vn -0.09323580 -0.88015705 -0.46543598
vn -0.06185243 -0.86203785 -0.50305568
vn -0.02812213 -0.84256365 -0.53786210
vn 0.00776646 -0.82184337 -0.56966057
vn 0.04561264 -0.79999287 -0.59827327
vn 0.08520475 -0.77713435 -0.62354018
vn 0.12632138 -0.75339565 -0.64532000
vn 0.16873260 -0.72890952 -0.66349093
vn 0.21220121 -0.70381291 -0.67795135
vn 0.25648412 -0.67824616 -0.68862039
vn 0.30133370 -0.65235224 -0.69543839
vn 0.34649911 -0.62627598 -0.69836721
vn 0.39172778 -0.60016320 -0.69739048
vn 0.43676677 -0.57415992 -0.69251366
vn 0.48136420 -0.54841159 -0.68376402
vn 0.52527067 -0.52306217 -0.67119050
vn 0.56824063 -0.49825346 -0.65486341
vn 0.61003377 -0.47412417 -0.63487405
vn 0.65041639 -0.45080926 -0.61133423
vn 0.68916263 -0.42843911 -0.58437557
vn 0.72605581 -0.40713882 -0.55414885
vn 0.76088961 -0.38702751 -0.52082310
vn 0.79346923 -0.36821766 -0.48458470
vn 0.82361247 -0.35081445 -0.44563630
vn 0.85115076 -0.33491522 -0.40419573
vn 0.87593008 -0.32060887 -0.36049473
vn 0.89781187 -0.30797541 -0.31477769
vn 0.91667375 -0.29708550 -0.26730030
vn 0.93241023 -0.28800004 -0.21832805
vn 0.94493332 -0.28076983 -0.16813482
vn 0.95417299 -0.27543530 -0.11700131
vn 0.96007754 -0.27202631 -0.06521348
vn 0.96261398 -0.27056190 -0.01306096
vn 0.96176811 -0.27105026 0.03916461
vn 0.95754466 -0.27348867 0.09117115
vn 0.94996725 -0.27786349 0.14266783
vn 0.93907826 -0.28415025 0.19336665
vn 0.92493858 -0.29231380 0.24298409
vn 0.90762729 -0.30230847 0.29124266
vn 0.88724120 -0.31407839 0.33787248
vn 0.86389432 -0.32755772 0.38261279
vn 0.83771721 -0.34267108 0.42521337
vn 0.80885627 -0.35933395 0.46543598
vn 0.77747289 -0.37745315 0.50305568
vn 0.74374259 -0.39692735 0.53786210
vn 0.70785400 -0.41764764 0.56966057
vn 0.67000782 -0.43949814 0.59827327
vn 0.63041571 -0.46235665 0.62354018
vn 0.58929908 -0.48609535 0.64532000
vn 0.54688787 -0.51058148 0.66349093
vn 0.50341926 -0.53567809 0.67795135
vn 0.45913634 -0.56124485 0.68862039
vn 0.41428677 -0.58713876 0.69543839
vn 0.36912135 -0.61321502 0.69836721
vn 0.32389269 -0.63932781 0.69739048
vn 0.27885370 -0.66533108 0.69251366
vn 0.23425627 -0.69107942 0.68376402
vn 0.19034980 -0.71642883 0.67119050
vn 0.14737984 -0.74123755 0.65486341
vn 0.10558669 -0.76536683 0.63487405
vn 0.06520408 -0.78868174 0.61133423
vn 0.02645784 -0.81105190 0.58437557
vn -0.01043535 -0.83235218 0.55414885
vn -0.04526915 -0.85246349 0.52082310
vn -0.07784877 -0.87127334 0.48458470
vn -0.10799201 -0.88867655 0.44563630
vn -0.13553029 -0.90457579 0.40419573
vn -0.16030962 -0.91888213 0.36049473
vn -0.18219140 -0.93151559 0.31477769
vn -0.20105328 -0.94240550 0.26730030
vn -0.21678977 -0.95149097 0.21832805
vn -0.22931286 -0.95872118 0.16813482
vn -0.23855252 -0.96405570 0.11700131
vn -0.24445708 -0.96746470 0.06521348
vn -0.24699352 -0.96892911 0.01306096
vn -0.24614764 -0.96844074 -0.03916461
vn -0.24192419 -0.96600233 -0.09117115
vn -0.23434678 -0.96162751 -0.14266783
vn -0.22345779 -0.95534075 -0.19336665
vn -0.20931812 -0.94717721 -0.24298409
vn -0.19200683 -0.93718253 -0.29124266
vn -0.17162074 -0.92541261 -0.33787248
vn -0.14827386 -0.91193329 -0.38261279
vn -0.12209675 -0.89681992 -0.42521337
vn -0.09323580 -0.88015705 -0.46543598
vn -0.06185243 -0.86203785 -0.50305568
vn -0.02812213 -0.84256365 -0.53786210
vn 0.00776646 -0.82184337 -0.56966057
vn 0.04561264 -0.79999287 -0.59827327
vn 0.08520475 -0.77713435 -0.62354018
vn 0.12632138 -0.75339565 -0.64532000
vn 0.16873260 -0.72890952 -0.66349093
vn 0.21220121 -0.70381291 -0.67795135
vn 0.25648412 -0.67824616 -0.68862039
vn 0.30133370 -0.65235224 -0.69543839
vn 0.34649911 -0.62627598 -0.69836721
vn 0.39172778 -0.60016320 -0.69739048
vn 0.43676677 -0.57415992 -0.69251366
vn 0.48136420 -0.54841159 -0.68376402
vn 0.52527067 -0.52306217 -0.67119050
vn 0.56824063 -0.49825346 -0.65486341
vn 0.61003377 -0.47412417 -0.63487405
vn 0.65041639 -0.45080926 -0.61133423
vn 0.68916263 -0.42843911 -0.58437557
vn 0.72605581 -0.40713882 -0.55414885
vn 0.76088961 -0.38702751 -0.52082310
vn 0.79346923 -0.36821766 -0.48458470
vn 0.82361247 -0.35081445 -0.44563630
vn 0.85115076 -0.33491522 -0.40419573
vn 0.87593008 -0.32060887 -0.36049473
vn 0.89781187 -0.30797541 -0.31477769
vn 0.91667375 -0.29708550 -0.26730030
vn 0.93241023 -0.28800004 -0.21832805
vn 0.94493332 -0.28076983 -0.16813482
vn 0.95417299 -0.27543530 -0.11700131
vn 0.96007754 -0.27202631 -0.06521348
vn 0.96261398 -0.27056190 -0.01306096
vn 0.96176811 -0.27105026 0.03916461
vn 0.95754466 -0.27348867 0.09117115
vn 0.94996725 -0.27786349 0.14266783
vn 0.93907826 -0.28415025 0.19336665
vn 0.92493858 -0.29231380 0.24298409
vn 0.90762729 -0.30230847 0.29124266
vn 0.88724120 -0.31407839 0.33787248
vn 0.86389432 -0.32755772 0.38261279
vn 0.83771721 -0.34267108 0.42521337
vn 0.80885627 -0.35933395 0.46543598
vn 0.77747289 -0.37745315 0.50305568
vn 0.74374259 -0.39692735 0.53786210
vn 0.70785400 -0.41764764 0.56966057
vn 0.67000782 -0.43949814 0.59827327
vn 0.63041571 -0.46235665 0.62354018
vn 0.58929908 -0.48609535 0.64532000
vn 0.54688787 -0.51058148 0.66349093
vn 0.50341926 -0.53567809 0.67795135
vn 0.45913634 -0.56124485 0.68862039
vn 0.41428677 -0.58713876 0.69543839
vn 0.36912135 -0.61321502 0.69836721
vn 0.32389269 -0.63932781 0.69739048
vn 0.27885370 -0.66533108 0.69251366
vn 0.23425627 -0.69107942 0.68376402
vn 0.19034980 -0.71642883 0.67119050
vn 0.14737984 -0.74123755 0.65486341
vn 0.10558669 -0.76536683 0.63487405
vn 0.06520408 -0.78868174 0.61133423
vn 0.02645784 -0.81105190 0.58437557
vn -0.01043535 -0.83235218 0.55414885
vn -0.04526915 -0.85246349 0.52082310
vn -0.07784877 -0.87127334 0.48458470
vn -0.10799201 -0.88867655 0.44563630
vn -0.13553029 -0.90457579 0.40419573
vn -0.16030962 -0.91888213 0.36049473
vn -0.18219140 -0.93151559 0.31477769
vn -0.20105328 -0.94240550 0.26730030
vn -0.21678977 -0.95149097 0.21832805
vn -0.22931286 -0.95872118 0.16813482
vn -0.23855252 -0.96405570 0.11700131
vn -0.24445708 -0.96746470 0.06521348
vn -0.24699352 -0.96892911 0.01306096
vn -0.24614764 -0.96844074 -0.03916461
vn -0.24192419 -0.96600233 -0.09117115
vn -0.23434678 -0.96162751 -0.14266783
vn -0.22345779 -0.95534075 -0.19336665
vn -0.20931812 -0.94717721 -0.24298409
vn -0.19200683 -0.93718253 -0.29124266
vn -0.17162074 -0.92541261 -0.33787248
vn -0.14827386 -0.91193329 -0.38261279
vn -0.12209675 -0.89681992 -0.42521337
vn -0.09323580 -0.88015705 -0.46543598
vn -0.06185243 -0.86203785 -0.50305568
vn -0.02812213 -0.84256365 -0.53786210
vn 0.00776646 -0.82184337 -0.56966057
vn 0.04561264 -0.79999287 -0.59827327
vn 0.08520475 -0.77713435 -0.62354018
vn 0.12632138 -0.75339565 -0.64532000
vn 0.16873260 -0.72890952 -0.66349093
vn 0.21220121 -0.70381291 -0.67795135
vn 0.25648412 -0.67824616 -0.68862039
vn 0.30133370 -0.65235224 -0.69543839
vn 0.34649911 -0.62627598 -0.69836721
vn 0.39172778 -0.60016320 -0.69739048
vn 0.43676677 -0.57415992 -0.69251366
vn 0.48136420 -0.54841159 -0.68376402
vn 0.52527067 -0.52306217 -0.67119050
vn 0.56824063 -0.49825346 -0.65486341
vn 0.61003377 -0.47412417 -0.63487405
vn 0.65041639 -0.45080926 -0.61133423
vn 0.68916263 -0.42843911 -0.58437557
vn 0.72605581 -0.40713882 -0.55414885
vn 0.76088961 -0.38702751 -0.52082310
vn 0.79346923 -0.36821766 -0.48458470
vn 0.82361247 -0.35081445 -0.44563630
vn 0.85115076 -0.33491522 -0.40419573
vn 0.87593008 -0.32060887 -0.36049473
vn 0.89781187 -0.30797541 -0.31477769
vn 0.91667375 -0.29708550 -0.26730030
vn 0.93241023 -0.28800004 -0.21832805
vn 0.94493332 -0.28076983 -0.16813482
vn 0.95417299 -0.27543530 -0.11700131
vn 0.96007754 -0.27202631 -0.06521348
vn 0.96261398 -0.27056190 -0.01306096
vn 0.96176811 -0.27105026 0.03916461
vn 0.95754466 -0.27348867 0.09117115
vn 0.94996725 -0.27786349 0.14266783
vn 0.93907826 -0.28415025 0.19336665
vn 0.92493858 -0.29231380 0.24298409
vn 0.90762729 -0.30230847 0.29124266
vn 0.88724120 -0.31407839 0.33787248
vn 0.86389432 -0.32755772 0.38261279
vn 0.83771721 -0.34267108 0.42521337
vn 0.80885627 -0.35933395 0.46543598
vn 0.77747289 -0.37745315 0.50305568
vn 0.74374259 -0.39692735 0.53786210
vn 0.70785400 -0.41764764 0.56966057
vn 0.67000782 -0.43949814 0.59827327
vn 0.63041571 -0.46235665 0.62354018
vn 0.58929908 -0.48609535 0.64532000
vn 0.54688787 -0.51058148 0.66349093
vn 0.50341926 -0.53567809 0.67795135
vn 0.45913634 -0.56124485 0.68862039
vn 0.41428677 -0.58713876 0.69543839
vn 0.36912135 -0.61321502 0.69836721
vn 0.32389269 -0.63932781 0.69739048
vn 0.27885370 -0.66533108 0.69251366
vn 0.23425627 -0.69107942 0.68376402
vn 0.19034980 -0.71642883 0.67119050
vn 0.14737984 -0.74123755 0.65486341
vn 0.10558669 -0.76536683 0.63487405
vn 0.06520408 -0.78868174 0.61133423
vn 0.02645784 -0.81105190 0.58437557
vn -0.01043535 -0.83235218 0.55414885
vn -0.04526915 -0.85246349 0.52082310
vn -0.07784877 -0.87127334 0.48458470
vn -0.10799201 -0.88867655 0.44563630
vn -0.13553029 -0.90457579 0.40419573
vn -0.16030962 -0.91888213 0.36049473
vn -0.18219140 -0.93151559 0.31477769
vn -0.20105328 -0.94240550 0.26730030
vn -0.21678977 -0.95149097 0.21832805
vn -0.22931286 -0.95872118 0.16813482
vn -0.23855252 -0.96405570 0.11700131
vn -0.24445708 -0.96746470 0.06521348
vn -0.24699352 -0.96892911 0.01306096
vn -0.24614764 -0.96844074 -0.03916461
vn -0.24192419 -0.96600233 -0.09117115
vn -0.23434678 -0.96162751 -0.14266783
vn -0.22345779 -0.95534075 -0.19336665
vn -0.20931812 -0.94717721 -0.24298409
vn -0.19200683 -0.93718253 -0.29124266
vn -0.17162074 -0.92541261 -0.33787248
vn -0.14827386 -0.91193329 -0.38261279
vn -0.12209675 -0.89681992 -0.42521337
vn -0.09323580 -0.88015705 -0.46543598
vn -0.06185243 -0.86203785 -0.50305568
vn -0.02812213 -0.84256365 -0.53786210
vn 0.00776646 -0.82184337 -0.56966057
vn 0.04561264 -0.79999287 -0.59827327
vn 0.08520475 -0.77713435 -0.62354018
vn 0.12632138 -0.75339565 -0.64532000
vn 0.16873260 -0.72890952 -0.66349093
vn 0.21220121 -0.70381291 -0.67795135
vn 0.25648412 -0.67824616 -0.68862039
vn 0.30133370 -0.65235224 -0.69543839
vn 0.34649911 -0.62627598 -0.69836721
vn 0.39172778 -0.60016320 -0.69739048
vn 0.43676677 -0.57415992 -0.69251366
vn 0.48136420 -0.54841159 -0.68376402
vn 0.52527067 -0.52306217 -0.67119050
vn 0.56824063 -0.49825346 -0.65486341
vn 0.61003377 -0.47412417 -0.63487405
vn 0.65041639 -0.45080926 -0.61133423
vn 0.68916263 -0.42843911 -0.58437557
vn 0.72605581 -0.40713882 -0.55414885
vn 0.76088961 -0.38702751 -0.52082310
vn 0.79346923 -0.36821766 -0.48458470
vn 0.82361247 -0.35081445 -0.44563630
vn 0.85115076 -0.33491522 -0.40419573
vn 0.87593008 -0.32060887 -0.36049473
vn 0.89781187 -0.30797541 -0.31477769
vn 0.91667375 -0.29708550 -0.26730030
vn 0.93241023 -0.28800004 -0.21832805
vn 0.94493332 -0.28076983 -0.16813482
vn 0.95417299 -0.27543530 -0.11700131
vn 0.96007754 -0.27202631 -0.06521348
vn 0.96261398 -0.27056190 -0.01306096
vn 0.96176811 -0.27105026 0.03916461
vn 0.95754466 -0.27348867 0.09117115
vn 0.94996725 -0.27786349 0.14266783
vn 0.93907826 -0.28415025 0.19336665
vn 0.92493858 -0.29231380 0.24298409
vn 0.90762729 -0.30230847 0.29124266
vn 0.88724120 -0.31407839 0.33787248
vn 0.86389432 -0.32755772 0.38261279
vn 0.83771721 -0.34267108 0.42521337
vn 0.80885627 -0.35933395 0.46543598
vn 0.77747289 -0.37745315 0.50305568
vn 0.74374259 -0.39692735 0.53786210
vn 0.70785400 -0.41764764 0.56966057
vn 0.67000782 -0.43949814 0.59827327
vn 0.63041571 -0.46235665 0.62354018
vn 0.58929908 -0.48609535 0.64532000
vn 0.54688787 -0.51058148 0.66349093
vn 0.50341926 -0.53567809 0.67795135
vn 0.45913634 -0.56124485 0.68862039
vn 0.41428677 -0.58713876 0.69543839
vn 0.36912135 -0.61321502 0.69836721
vn 0.32389269 -0.63932781 0.69739048
vn 0.27885370 -0.66533108 0.69251366
vn 0.23425627 -0.69107942 0.68376402
vn 0.19034980 -0.71642883 0.67119050
vn 0.14737984 -0.74123755 0.65486341
vn 0.10558669 -0.76536683 0.63487405
vn 0.06520408 -0.78868174 0.61133423
vn 0.02645784 -0.81105190 0.58437557
vn -0.01043535 -0.83235218 0.55414885
vn -0.04526915 -0.85246349 0.52082310
vn -0.07784877 -0.87127334 0.48458470
vn -0.10799201 -0.88867655 0.44563630
vn -0.13553029 -0.90457579 0.40419573
vn -0.16030962 -0.91888213 0.36049473
vn -0.18219140 -0.93151559 0.31477769
vn -0.20105328 -0.94240550 0.26730030
vn -0.21678977 -0.95149097 0.21832805
vn -0.22931286 -0.95872118 0.16813482
vn -0.23855252 -0.96405570 0.11700131
vn -0.24445708 -0.96746470 0.06521348
vn -0.24699352 -0.96892911 0.01306096
vn -0.24614764 -0.96844074 -0.03916461
vn -0.24192419 -0.96600233 -0.09117115
vn -0.23434678 -0.96162751 -0.14266783
vn -0.22345779 -0.95534075 -0.19336665
vn -0.20931812 -0.94717721 -0.24298409
vn -0.19200683 -0.93718253 -0.29124266
vn -0.17162074 -0.92541261 -0.33787248
vn -0.14827386 -0.91193329 -0.38261279
vn -0.12209675 -0.89681992 -0.42521337
vn -0.09323580 -0.88015705 -0.46543598
vn -0.06185243 -0.86203785 -0.50305568
vn -0.02812213 -0.84256365 -0.53786210
vn 0.00776646 -0.82184337 -0.56966057
vn 0.04561264 -0.79999287 -0.59827327
vn 0.08520475 -0.77713435 -0.62354018
vn -0.58929908 -0.48609535 -0.64532000
vn -0.54688787 -0.51058148 -0.66349093
vn -0.50341926 -0.53567809 -0.67795135
vn -0.45913634 -0.56124485 -0.68862039
vn -0.41428677 -0.58713876 -0.69543839
vn -0.36912135 -0.61321502 -0.69836721
vn -0.32389269 -0.63932781 -0.69739048
vn -0.27885370 -0.66533108 -0.69251366
vn -0.23425627 -0.69107942 -0.68376402
vn -0.19034980 -0.71642883 -0.67119050
vn -0.14737984 -0.74123755 -0.65486341
vn -0.10558669 -0.76536683 -0.63487405
vn -0.06520408 -0.78868174 -0.61133423
vn -0.02645784 -0.81105190 -0.58437557
vn 0.01043535 -0.83235218 -0.55414885
vn 0.04526915 -0.85246349 -0.52082310
vn 0.07784877 -0.87127334 -0.48458470
vn 0.10799201 -0.88867655 -0.44563630
vn 0.13553029 -0.90457579 -0.40419573
vn 0.16030962 -0.91888213 -0.36049473
vn 0.18219140 -0.93151559 -0.31477769
vn 0.20105328 -0.94240550 -0.26730030
vn 0.21678977 -0.95149097 -0.21832805
vn 0.22931286 -0.95872118 -0.16813482
vn 0.23855252 -0.96405570 -0.11700131
vn 0.24445708 -0.96746470 -0.06521348
vn 0.24699352 -0.96892911 -0.01306096
vn 0.24614764 -0.96844074 0.03916461
vn 0.24192419 -0.96600233 0.09117115
vn 0.23434678 -0.96162751 0.14266783
vn 0.22345779 -0.95534075 0.19336665
vn 0.20931812 -0.94717721 0.24298409
vn 0.19200683 -0.93718253 0.29124266
vn 0.17162074 -0.92541261 0.33787248
vn 0.14827386 -0.91193329 0.38261279
vn 0.12209675 -0.89681992 0.42521337
vn 0.09323580 -0.88015705 0.46543598
vn 0.06185243 -0.86203785 0.50305568
vn 0.02812213 -0.84256365 0.53786210
vn -0.00776646 -0.82184337 0.56966057
vn -0.04561264 -0.79999287 0.59827327
vn -0.08520475 -0.77713435 0.62354018
vn -0.12632138 -0.75339565 0.64532000
vn -0.16873260 -0.72890952 0.66349093
vn -0.21220121 -0.70381291 0.67795135
vn -0.25648412 -0.67824616 0.68862039
vn -0.30133370 -0.65235224 0.69543839
vn -0.34649911 -0.62627598 0.69836721
vn -0.39172778 -0.60016320 0.69739048
vn -0.43676677 -0.57415992 0.69251366
vn -0.48136420 -0.54841159 0.68376402
vn -0.52527067 -0.52306217 0.67119050
vn -0.56824063 -0.49825346 0.65486341
vn -0.61003377 -0.47412417 0.63487405
vn -0.65041639 -0.45080926 0.61133423
vn -0.68916263 -0.42843911 0.58437557
vn -0.72605581 -0.40713882 0.55414885
vn -0.76088961 -0.38702751 0.52082310
vn -0.79346923 -0.36821766 0.48458470
vn -0.82361247 -0.35081445 0.44563630
vn -0.85115076 -0.33491522 0.40419573
vn -0.87593008 -0.32060887 0.36049473
vn -0.89781187 -0.30797541 0.31477769
vn -0.91667375 -0.29708550 0.26730030
vn -0.93241023 -0.28800004 0.21832805
vn -0.94493332 -0.28076983 0.16813482
vn -0.95417299 -0.27543530 0.11700131
vn -0.96007754 -0.27202631 0.06521348
vn -0.96261398 -0.27056190 0.01306096
vn -0.96176811 -0.27105026 -0.03916461
vn -0.95754466 -0.27348867 -0.09117115
vn -0.94996725 -0.27786349 -0.14266783
vn -0.93907826 -0.28415025 -0.19336665
vn -0.92493858 -0.29231380 -0.24298409
vn -0.90762729 -0.30230847 -0.29124266
vn -0.88724120 -0.31407839 -0.33787248
vn -0.86389432 -0.32755772 -0.38261279
vn -0.83771721 -0.34267108 -0.42521337
vn -0.80885627 -0.35933395 -0.46543598
vn -0.77747289 -0.37745315 -0.50305568
vn -0.74374259 -0.39692735 -0.53786210
vn -0.70785400 -0.41764764 -0.56966057
vn -0.67000782 -0.43949814 -0.59827327
vn -0.63041571 -0.46235665 -0.62354018
vn -0.58929908 -0.48609535 -0.64532000
vn -0.54688787 -0.51058148 -0.66349093
vn -0.50341926 -0.53567809 -0.67795135
vn -0.45913634 -0.56124485 -0.68862039
vn -0.41428677 -0.58713876 -0.69543839
vn -0.36912135 -0.61321502 -0.69836721
vn -0.32389269 -0.63932781 -0.69739048
vn -0.27885370 -0.66533108 -0.69251366
vn -0.23425627 -0.69107942 -0.68376402
vn -0.19034980 -0.71642883 -0.67119050
vn -0.14737984 -0.74123755 -0.65486341
vn -0.10558669 -0.76536683 -0.63487405
vn -0.06520408 -0.78868174 -0.61133423
vn -0.02645784 -0.81105190 -0.58437557
vn 0.01043535 -0.83235218 -0.55414885
vn 0.04526915 -0.85246349 -0.52082310
vn 0.07784877 -0.87127334 -0.48458470
vn 0.10799201 -0.88867655 -0.44563630
vn 0.13553029 -0.90457579 -0.40419573
vn 0.16030962 -0.91888213 -0.36049473
vn 0.18219140 -0.93151559 -0.31477769
vn 0.20105328 -0.94240550 -0.26730030
vn 0.21678977 -0.95149097 -0.21832805
vn 0.22931286 -0.95872118 -0.16813482
vn 0.23855252 -0.96405570 -0.11700131
vn 0.24445708 -0.96746470 -0.06521348
vn 0.24699352 -0.96892911 -0.01306096
vn 0.24614764 -0.96844074 0.03916461
vn 0.24192419 -0.96600233 0.09117115
vn 0.23434678 -0.96162751 0.14266783
vn 0.22345779 -0.95534075 0.19336665
vn 0.20931812 -0.94717721 0.24298409
vn 0.19200683 -0.93718253 0.29124266
vn 0.17162074 -0.92541261 0.33787248
vn 0.14827386 -0.91193329 0.38261279
vn 0.12209675 -0.89681992 0.42521337
vn 0.09323580 -0.88015705 0.46543598
vn 0.06185243 -0.86203785 0.50305568
vn 0.02812213 -0.84256365 0.53786210
vn -0.00776646 -0.82184337 0.56966057
vn -0.04561264 -0.79999287 0.59827327
vn -0.08520475 -0.77713435 0.62354018
vn -0.12632138 -0.75339565 0.64532000
vn -0.16873260 -0.72890952 0.66349093
vn -0.21220121 -0.70381291 0.67795135
vn -0.25648412 -0.67824616 0.68862039
vn -0.30133370 -0.65235224 0.69543839
vn -0.34649911 -0.62627598 0.69836721
vn -0.39172778 -0.60016320 0.69739048
vn -0.43676677 -0.57415992 0.69251366
vn -0.48136420 -0.54841159 0.68376402
vn -0.52527067 -0.52306217 0.67119050
vn -0.56824063 -0.49825346 0.65486341
vn -0.61003377 -0.47412417 0.63487405
vn -0.65041639 -0.45080926 0.61133423
vn -0.68916263 -0.42843911 0.58437557
vn -0.72605581 -0.40713882 0.55414885
vn -0.76088961 -0.38702751 0.52082310
vn -0.79346923 -0.36821766 0.48458470
vn -0.82361247 -0.35081445 0.44563630
vn -0.85115076 -0.33491522 0.40419573
vn -0.87593008 -0.32060887 0.36049473
vn -0.89781187 -0.30797541 0.31477769
vn -0.91667375 -0.29708550 0.26730030
vn -0.93241023 -0.28800004 0.21832805
vn -0.94493332 -0.28076983 0.16813482
vn -0.95417299 -0.27543530 0.11700131
vn -0.96007754 -0.27202631 0.06521348
vn -0.96261398 -0.27056190 0.01306096
vn -0.96176811 -0.27105026 -0.03916461
vn -0.95754466 -0.27348867 -0.09117115
vn -0.94996725 -0.27786349 -0.14266783
vn -0.93907826 -0.28415025 -0.19336665
vn -0.92493858 -0.29231380 -0.24298409
vn -0.90762729 -0.30230847 -0.29124266
vn -0.88724120 -0.31407839 -0.33787248
vn -0.86389432 -0.32755772 -0.38261279
vn -0.83771721 -0.34267108 -0.42521337
vn -0.80885627 -0.35933395 -0.46543598
vn -0.77747289 -0.37745315 -0.50305568
vn -0.74374259 -0.39692735 -0.53786210
vn -0.70785400 -0.41764764 -0.56966057
vn -0.67000782 -0.43949814 -0.59827327
vn -0.63041571 -0.46235665 -0.62354018
vn -0.58929908 -0.48609535 -0.64532000
vn -0.54688787 -0.51058148 -0.66349093
vn -0.50341926 -0.53567809 -0.67795135
vn -0.45913634 -0.56124485 -0.68862039
vn -0.41428677 -0.58713876 -0.69543839
vn -0.36912135 -0.61321502 -0.69836721
vn -0.32389269 -0.63932781 -0.69739048
vn -0.27885370 -0.66533108 -0.69251366
vn -0.23425627 -0.69107942 -0.68376402
vn -0.19034980 -0.71642883 -0.67119050
vn -0.14737984 -0.74123755 -0.65486341
vn -0.10558669 -0.76536683 -0.63487405
vn -0.06520408 -0.78868174 -0.61133423
vn -0.02645784 -0.81105190 -0.58437557
vn 0.01043535 -0.83235218 -0.55414885
vn 0.04526915 -0.85246349 -0.52082310
vn 0.07784877 -0.87127334 -0.48458470
vn 0.10799201 -0.88867655 -0.44563630
vn 0.13553029 -0.90457579 -0.40419573
vn 0.16030962 -0.91888213 -0.36049473
vn 0.18219140 -0.93151559 -0.31477769
vn 0.20105328 -0.94240550 -0.26730030
vn 0.21678977 -0.95149097 -0.21832805
vn 0.22931286 -0.95872118 -0.16813482
vn 0.23855252 -0.96405570 -0.11700131
vn 0.24445708 -0.96746470 -0.06521348
vn 0.24699352 -0.96892911 -0.01306096
vn 0.24614764 -0.96844074 0.03916461
vn 0.24192419 -0.96600233 0.09117115
vn 0.23434678 -0.96162751 0.14266783
vn 0.22345779 -0.95534075 0.19336665
vn 0.20931812 -0.94717721 0.24298409
vn 0.19200683 -0.93718253 0.29124266
vn 0.17162074 -0.92541261 0.33787248
vn 0.14827386 -0.91193329 0.38261279
vn 0.12209675 -0.89681992 0.42521337
vn 0.09323580 -0.88015705 0.46543598
vn 0.06185243 -0.86203785 0.50305568
vn 0.02812213 -0.84256365 0.53786210
vn -0.00776646 -0.82184337 0.56966057
vn -0.04561264 -0.79999287 0.59827327
vn -0.08520475 -0.77713435 0.62354018
vn -0.12632138 -0.75339565 0.64532000
vn -0.16873260 -0.72890952 0.66349093
vn -0.21220121 -0.70381291 0.67795135
vn -0.25648412 -0.67824616 0.68862039
vn -0.30133370 -0.65235224 0.69543839
vn -0.34649911 -0.62627598 0.69836721
vn -0.39172778 -0.60016320 0.69739048
vn -0.43676677 -0.57415992 0.69251366
vn -0.48136420 -0.54841159 0.68376402
vn -0.52527067 -0.52306217 0.67119050
vn -0.56824063 -0.49825346 0.65486341
vn -0.61003377 -0.47412417 0.63487405
vn -0.65041639 -0.45080926 0.61133423
vn -0.68916263 -0.42843911 0.58437557
vn -0.72605581 -0.40713882 0.55414885
vn -0.76088961 -0.38702751 0.52082310
vn -0.79346923 -0.36821766 0.48458470
vn -0.82361247 -0.35081445 0.44563630
vn -0.85115076 -0.33491522 0.40419573
vn -0.87593008 -0.32060887 0.36049473
vn -0.89781187 -0.30797541 0.31477769
vn -0.91667375 -0.29708550 0.26730030
vn -0.93241023 -0.28800004 0.21832805
vn -0.94493332 -0.28076983 0.16813482
vn -0.95417299 -0.27543530 0.11700131
vn -0.96007754 -0.27202631 0.06521348
vn -0.96261398 -0.27056190 0.01306096
vn -0.96176811 -0.27105026 -0.03916461
vn -0.95754466 -0.27348867 -0.09117115
vn -0.94996725 -0.27786349 -0.14266783
vn -0.93907826 -0.28415025 -0.19336665
vn -0.92493858 -0.29231380 -0.24298409
vn -0.90762729 -0.30230847 -0.29124266
vn -0.88724120 -0.31407839 -0.33787248
vn -0.86389432 -0.32755772 -0.38261279
vn -0.83771721 -0.34267108 -0.42521337
vn -0.80885627 -0.35933395 -0.46543598
vn -0.77747289 -0.37745315 -0.50305568
vn -0.74374259 -0.39692735 -0.53786210
vn -0.70785400 -0.41764764 -0.56966057
vn -0.67000782 -0.43949814 -0.59827327
vn -0.63041571 -0.46235665 -0.62354018
vn -0.58929908 -0.48609535 -0.64532000
vn -0.54688787 -0.51058148 -0.66349093
vn -0.50341926 -0.53567809 -0.67795135
vn -0.45913634 -0.56124485 -0.68862039
vn -0.41428677 -0.58713876 -0.69543839
vn -0.36912135 -0.61321502 -0.69836721
vn -0.32389269 -0.63932781 -0.69739048
vn -0.27885370 -0.66533108 -0.69251366
vn -0.23425627 -0.69107942 -0.68376402
vn -0.19034980 -0.71642883 -0.67119050
vn -0.14737984 -0.74123755 -0.65486341
vn -0.10558669 -0.76536683 -0.63487405
vn -0.06520408 -0.78868174 -0.61133423
vn -0.02645784 -0.81105190 -0.58437557
vn 0.01043535 -0.83235218 -0.55414885
vn 0.04526915 -0.85246349 -0.52082310
vn 0.07784877 -0.87127334 -0.48458470
vn 0.10799201 -0.88867655 -0.44563630
vn 0.13553029 -0.90457579 -0.40419573
vn 0.16030962 -0.91888213 -0.36049473
vn 0.18219140 -0.93151559 -0.31477769
vn 0.20105328 -0.94240550 -0.26730030
vn 0.21678977 -0.95149097 -0.21832805
vn 0.22931286 -0.95872118 -0.16813482
vn 0.23855252 -0.96405570 -0.11700131
vn 0.24445708 -0.96746470 -0.06521348
vn 0.24699352 -0.96892911 -0.01306096
vn 0.24614764 -0.96844074 0.03916461
vn 0.24192419 -0.96600233 0.09117115
vn 0.23434678 -0.96162751 0.14266783
vn 0.22345779 -0.95534075 0.19336665
vn 0.20931812 -0.94717721 0.24298409
vn 0.19200683 -0.93718253 0.29124266
vn 0.17162074 -0.92541261 0.33787248
vn 0.14827386 -0.91193329 0.38261279
vn 0.12209675 -0.89681992 0.42521337
vn 0.09323580 -0.88015705 0.46543598
vn 0.06185243 -0.86203785 0.50305568
vn 0.02812213 -0.84256365 0.53786210
vn -0.00776646 -0.82184337 0.56966057
vn -0.04561264 -0.79999287 0.59827327
vn -0.08520475 -0.77713435 0.62354018
vn -0.12632138 -0.75339565 0.64532000
vn -0.16873260 -0.72890952 0.66349093
vn -0.21220121 -0.70381291 0.67795135
vn -0.25648412 -0.67824616 0.68862039
vn -0.30133370 -0.65235224 0.69543839
vn -0.34649911 -0.62627598 0.69836721
vn -0.39172778 -0.60016320 0.69739048
vn -0.43676677 -0.57415992 0.69251366
vn -0.48136420 -0.54841159 0.68376402
vn -0.52527067 -0.52306217 0.67119050
vn -0.56824063 -0.49825346 0.65486341
vn -0.61003377 -0.47412417 0.63487405
vn -0.65041639 -0.45080926 0.61133423
vn -0.68916263 -0.42843911 0.58437557
vn -0.72605581 -0.40713882 0.55414885
vn -0.76088961 -0.38702751 0.52082310
vn -0.79346923 -0.36821766 0.48458470
vn -0.82361247 -0.35081445 0.44563630
vn -0.85115076 -0.33491522 0.40419573
vn -0.87593008 -0.32060887 0.36049473
vn -0.89781187 -0.30797541 0.31477769
vn -0.91667375 -0.29708550 0.26730030
vn -0.93241023 -0.28800004 0.21832805
vn -0.94493332 -0.28076983 0.16813482
vn -0.95417299 -0.27543530 0.11700131
vn -0.96007754 -0.27202631 0.06521348
vn -0.96261398 -0.27056190 0.01306096
vn -0.96176811 -0.27105026 -0.03916461
vn -0.95754466 -0.27348867 -0.09117115
vn -0.94996725 -0.27786349 -0.14266783
vn -0.93907826 -0.28415025 -0.19336665
vn -0.92493858 -0.29231380 -0.24298409
vn -0.90762729 -0.30230847 -0.29124266
vn -0.88724120 -0.31407839 -0.33787248
vn -0.86389432 -0.32755772 -0.38261279
vn -0.83771721 -0.34267108 -0.42521337
vn -0.80885627 -0.35933395 -0.46543598
vn -0.77747289 -0.37745315 -0.50305568
vn -0.74374259 -0.39692735 -0.53786210
vn -0.70785400 -0.41764764 -0.56966057
vn -0.67000782 -0.43949814 -0.59827327
vn -0.63041571 -0.46235665 -0.62354018
vn -0.58929908 -0.48609535 -0.64532000
vn -0.54688787 -0.51058148 -0.66349093
vn -0.50341926 -0.53567809 -0.67795135
vn -0.45913634 -0.56124485 -0.68862039
vn -0.41428677 -0.58713876 -0.69543839
vn -0.36912135 -0.61321502 -0.69836721
vn -0.32389269 -0.63932781 -0.69739048
vn -0.27885370 -0.66533108 -0.69251366
vn -0.23425627 -0.69107942 -0.68376402
vn -0.19034980 -0.71642883 -0.67119050
vn -0.14737984 -0.74123755 -0.65486341
vn -0.10558669 -0.76536683 -0.63487405
vn -0.06520408 -0.78868174 -0.61133423
vn -0.02645784 -0.81105190 -0.58437557
vn 0.01043535 -0.83235218 -0.55414885
vn 0.04526915 -0.85246349 -0.52082310
vn 0.07784877 -0.87127334 -0.48458470
vn 0.10799201 -0.88867655 -0.44563630
vn 0.13553029 -0.90457579 -0.40419573
vn 0.16030962 -0.91888213 -0.36049473
vn 0.18219140 -0.93151559 -0.31477769
vn 0.20105328 -0.94240550 -0.26730030
vn 0.21678977 -0.95149097 -0.21832805
vn 0.22931286 -0.95872118 -0.16813482
vn 0.23855252 -0.96405570 -0.11700131
vn 0.24445708 -0.96746470 -0.06521348
vn 0.24699352 -0.96892911 -0.01306096
vn 0.24614764 -0.96844074 0.03916461
vn 0.24192419 -0.96600233 0.09117115
vn 0.23434678 -0.96162751 0.14266783
vn 0.22345779 -0.95534075 0.19336665
vn 0.20931812 -0.94717721 0.24298409
vn 0.19200683 -0.93718253 0.29124266
vn 0.17162074 -0.92541261 0.33787248
vn 0.14827386 -0.91193329 0.38261279
vn 0.12209675 -0.89681992 0.42521337
vn 0.09323580 -0.88015705 0.46543598
vn 0.06185243 -0.86203785 0.50305568
vn 0.02812213 -0.84256365 0.53786210
vn -0.00776646 -0.82184337 0.56966057
vn -0.04561264 -0.79999287 0.59827327
vn -0.08520475 -0.77713435 0.62354018
vn -0.12632138 -0.75339565 0.64532000
vn -0.16873260 -0.72890952 0.66349093
vn -0.21220121 -0.70381291 0.67795135
vn -0.25648412 -0.67824616 0.68862039
vn -0.30133370 -0.65235224 0.69543839
vn -0.34649911 -0.62627598 0.69836721
vn -0.39172778 -0.60016320 0.69739048
vn -0.43676677 -0.57415992 0.69251366
vn -0.48136420 -0.54841159 0.68376402
vn -0.52527067 -0.52306217 0.67119050
vn -0.56824063 -0.49825346 0.65486341
vn -0.61003377 -0.47412417 0.63487405
vn -0.65041639 -0.45080926 0.61133423
vn -0.68916263 -0.42843911 0.58437557
vn -0.72605581 -0.40713882 0.55414885
vn -0.76088961 -0.38702751 0.52082310
vn -0.79346923 -0.36821766 0.48458470
vn -0.82361247 -0.35081445 0.44563630
vn -0.85115076 -0.33491522 0.40419573
vn -0.87593008 -0.32060887 0.36049473
vn -0.89781187 -0.30797541 0.31477769
vn -0.91667375 -0.29708550 0.26730030
vn -0.93241023 -0.28800004 0.21832805
vn -0.94493332 -0.28076983 0.16813482
vn -0.95417299 -0.27543530 0.11700131
vn -0.96007754 -0.27202631 0.06521348
vn -0.96261398 -0.27056190 0.01306096
vn -0.96176811 -0.27105026 -0.03916461
vn -0.95754466 -0.27348867 -0.09117115
vn -0.94996725 -0.27786349 -0.14266783
vn -0.93907826 -0.28415025 -0.19336665
vn -0.92493858 -0.29231380 -0.24298409
vn -0.90762729 -0.30230847 -0.29124266
vn -0.88724120 -0.31407839 -0.33787248
vn -0.86389432 -0.32755772 -0.38261279
vn -0.83771721 -0.34267108 -0.42521337
vn -0.80885627 -0.35933395 -0.46543598
vn -0.77747289 -0.37745315 -0.50305568
vn -0.74374259 -0.39692735 -0.53786210
vn -0.70785400 -0.41764764 -0.56966057
vn -0.67000782 -0.43949814 -0.59827327
vn -0.63041571 -0.46235665 -0.62354018
f 3//3 5//5 4//4
f 8//8 6//6 5//5
f 8//8 7//7 6//6
f 8//8 5//5 3//3
f 1//1 2//2 8//8
f 1//1 8//8 3//3
f 11//11 2//2 1//1
f 11//11 1//1 9//9
f 12//12 2//2 11//11
f 10//10 11//11 9//9
f 16//16 15//15 14//14
f 18//18 17//17 16//16
f 2//2 18//18 16//16
f 19//19 18//18 2//2
f 12//12 19//19 2//2
f 10//10 18//18 19//19
f 8//8 2//2 13//13
f 13//13 2//2 14//14
f 2//2 16//16 14//14
f 7//7 8//8 13//13
f 27//27 28//28 7//7
f 27//27 7//7 13//13
f 25//25 26//26 27//27
f 25//25 27//27 24//24
f 23//23 24//24 22//22
f 20//20 24//24 27//27
f 20//20 27//27 13//13
f 20//20 22//22 24//24
f 21//21 22//22 20//20
f 48//48 29//29 6//6
f 47//47 45//45 46//46
f 7//7 30//30 48//48
f 28//28 30//30 7//7
f 31//31 47//47 48//48
f 31//31 48//48 30//30
f 44//44 31//31 32//32
f 33//33 44//44 32//32
f 34//34 44//44 33//33
f 35//35 36//36 37//37
f 41//41 34//34 35//35
f 40//40 41//41 35//35
f 43//43 41//41 42//42
f 38//38 39//39 40//40
f 6//6 7//7 48//48
f 37//37 38//38 40//40
f 37//37 40//40 35//35
f 43//43 44//44 34//34
f 43//43 34//34 41//41
f 44//44 45//45 31//31
f 31//31 45//45 47//47
f 6//6 52//52 5//5
f 51//51 6//6 29//29
f 51//51 52//52 6//6
f 57//57 51//51 49//49
f 50//50 57//57 49//49
f 53//53 51//51 57//57
f 53//53 52//52 51//51
f 53//53 57//57 55//55
f 56//56 55//55 57//57
f 54//54 53//53 55//55
f 59//59 58//58 4//4
f 52//52 4//4 5//5
f 52//52 59//59 4//4
f 61//61 60//60 59//59
f 61//61 59//59 52//52
f 63//63 62//62 61//61
f 63//63 61//61 52//52
f 65//65 3//3 4//4
f 65//65 64//64 3//3
f 58//58 65//65 4//4
f 60//60 64//64 65//65
f 80//80 3//3 64//64
f 80//80 64//64 79//79
f 78//78 80//80 79//79
f 82//82 77//77 76//76
f 82//82 78//78 77//77
f 82//82 80//80 78//78
f 81//81 1//1 3//3
f 81//81 9//9 1//1
f 81//81 66//66 9//9
f 81//81 3//3 80//80
f 83//83 82//82 76//76
f 75//75 83//83 76//76
f 74//74 83//83 75//75
f 73//73 83//83 74//74
f 67//67 81//81 85//85
f 67//67 66//66 81//81
f 67//67 85//85 68//68
f 69//69 68//68 85//85
f 72//72 84//84 83//83
f 72//72 83//83 73//73
f 72//72 71//71 84//84
f 70//70 85//85 84//84
f 70//70 69//69 85//85
f 70//70 84//84 71//71
f 11//11 19//19 12//12
f 19//19 11//11 10//10
f 86//86 66//66 16//16
f 86//86 9//9 66//66
f 17//17 86//86 16//16
f 10//10 9//9 86//86
f 10//10 86//86 18//18
f 86//86 17//17 18//18
f 66//66 15//15 16//16
f 88//88 37//37 15//15
f 88//88 38//38 37//37
f 67//67 87//87 88//88
f 67//67 15//15 66//66
f 67//67 88//88 15//15
f 37//37 14//14 15//15
f 96//96 37//37 36//36
f 96//96 14//14 37//37
f 94//94 96//96 95//95
f 94//94 93//93 96//96
f 92//92 91//91 93//93
f 89//89 96//96 93//93
f 89//89 14//14 96//96
f 89//89 93//93 91//91
f 90//90 89//89 91//91
f 89//89 13//13 14//14
f 89//89 20//20 13//13
f 30//30 28//28 27//27
f 98//98 30//30 27//27
f 100//100 30//30 98//98
f 99//99 30//30 100//100
f 97//97 30//30 99//99
f 102//102 26//26 101//101
f 102//102 104//104 26//26
f 106//106 26//26 104//104
f 105//105 26//26 106//106
f 98//98 27//27 26//26
f 98//98 26//26 105//105
f 103//103 104//104 102//102
f 107//107 33//33 32//32
f 107//107 32//32 101//101
f 95//95 101//101 26//26
f 95//95 107//107 101//101
f 111//111 25//25 108//108
f 94//94 26//26 25//25
f 94//94 95//95 26//26
f 94//94 25//25 111//111
f 110//110 108//108 109//109
f 110//110 111//111 108//108
f 112//112 108//108 25//25
f 112//112 25//25 114//114
f 117//117 114//114 25//25
f 116//116 117//117 25//25
f 115//115 25//25 24//24
f 115//115 116//116 25//25
f 113//113 112//112 114//114
f 24//24 23//23 118//118
f 121//121 118//118 119//119
f 120//120 118//118 121//121
f 115//115 24//24 118//118
f 115//115 118//118 120//120
f 135//135 55//55 56//56
f 134//134 133//133 132//132
f 22//22 135//135 118//118
f 23//23 22//22 118//118
f 122//122 135//135 134//134
f 122//122 118//118 135//135
f 131//131 109//109 122//122
f 110//110 109//109 131//131
f 123//123 110//110 131//131
f 124//124 91//91 92//92
f 127//127 124//124 123//123
f 127//127 123//123 128//128
f 130//130 129//129 128//128
f 125//125 127//127 126//126
f 55//55 135//135 22//22
f 91//91 127//127 125//125
f 91//91 124//124 127//127
f 130//130 123//123 131//131
f 130//130 128//128 123//123
f 131//131 122//122 132//132
f 122//122 134//134 132//132
f 54//54 137//137 136//136
f 21//21 54//54 55//55
f 21//21 138//138 137//137
f 21//21 137//137 54//54
f 139//139 138//138 21//21
f 22//22 21//21 55//55
f 140//140 89//89 90//90
f 142//142 140//140 141//141
f 144//144 140//140 142//142
f 144//144 139//139 140//140
f 145//145 139//139 144//144
f 143//143 144//144 142//142
f 21//21 20//20 139//139
f 20//20 89//89 139//139
f 139//139 89//89 140//140
f 48//48 51//51 29//29
f 147//147 51//51 48//48
f 149//149 147//147 48//48
f 148//148 149//149 48//48
f 146//146 148//148 48//48
f 152//152 146//146 48//48
f 151//151 152//152 48//48
f 150//150 48//48 47//47
f 150//150 151//151 48//48
f 154//154 153//153 150//150
f 154//154 150//150 47//47
f 47//47 46//46 155//155
f 156//156 47//47 155//155
f 154//154 47//47 156//156
f 168//168 45//45 80//80
f 155//155 46//46 45//45
f 155//155 45//45 168//168
f 82//82 168//168 80//80
f 157//157 49//49 155//155
f 157//157 50//50 49//49
f 132//132 133//133 157//157
f 169//169 132//132 157//157
f 170//170 168//168 82//82
f 167//167 170//170 82//82
f 165//165 167//167 166//166
f 165//165 170//170 167//167
f 158//158 132//132 169//169
f 160//160 171//171 162//162
f 163//163 165//165 164//164
f 163//163 162//162 165//165
f 161//161 160//160 162//162
f 159//159 169//169 171//171
f 159//159 158//158 169//169
f 159//159 171//171 160//160
f 169//169 155//155 168//168
f 169//169 157//157 155//155
f 170//170 162//162 171//171
f 170//170 165//165 162//162
f 81//81 80//80 45//45
f 81//81 45//45 44//44
f 31//31 101//101 32//32
f 102//102 101//101 31//31
f 172//172 102//102 31//31
f 174//174 31//31 30//30
f 172//172 31//31 174//174
f 176//176 174//174 30//30
f 175//175 176//176 30//30
f 97//97 175//175 30//30
f 173//173 172//172 174//174
f 177//177 57//57 50//50
f 180//180 177//177 50//50
f 179//179 180//180 50//50
f 178//178 50//50 157//157
f 178//178 179//179 50//50
f 182//182 181//181 178//178
f 182//182 178//178 157//157
f 57//57 135//135 56//56
f 185//185 183//183 135//135
f 184//184 185//185 135//135
f 177//177 135//135 57//57
f 177//177 184//184 135//135
f 187//187 136//136 186//186
f 53//53 54//54 136//136
f 53//53 136//136 187//187
f 189//189 187//187 188//188
f 189//189 53//53 187//187
f 191//191 189//189 190//190
f 191//191 53//53 189//189
f 198//198 63//63 52//52
f 198//198 79//79 63//63
f 199//199 52//52 53//53
f 199//199 53//53 191//191
f 199//199 198//198 52//52
f 200//200 197//197 78//78
f 200//200 78//78 79//79
f 200//200 79//79 198//198
f 192//192 199//199 191//191
f 196//196 197//197 200//200
f 195//195 200//200 201//201
f 195//195 196//196 200//200
f 195//195 201//201 194//194
f 193//193 201//201 199//199
f 193//193 199//199 192//192
f 193//193 194//194 201//201
f 147//147 49//49 51//51
f 204//204 49//49 147//147
f 203//203 49//49 204//204
f 202//202 155//155 49//49
f 202//202 49//49 203//203
f 156//156 202//202 205//205
f 156//156 155//155 202//202
f 206//206 63//63 79//79
f 206//206 79//79 64//64
f 62//62 63//63 206//206
f 60//60 206//206 64//64
f 206//206 61//61 62//62
f 61//61 206//206 60//60
f 60//60 65//65 59//59
f 65//65 58//58 59//59
f 208//208 87//87 67//67
f 208//208 67//67 68//68
f 209//209 87//87 208//208
f 207//207 208//208 68//68
f 88//88 87//87 210//210
f 214//214 210//210 87//87
f 209//209 214//214 87//87
f 213//213 211//211 210//210
f 213//213 210//210 214//214
f 212//212 211//211 213//213
f 207//207 213//213 214//214
f 38//38 88//88 210//210
f 217//217 39//39 38//38
f 217//217 38//38 210//210
f 220//220 218//218 217//217
f 220//220 219//219 218//218
f 125//125 126//126 220//220
f 215//215 216//216 125//125
f 215//215 125//125 220//220
f 215//215 217//217 210//210
f 215//215 220//220 217//217
f 35//35 96//96 36//36
f 222//222 96//96 35//35
f 224//224 222//222 35//35
f 223//223 224//224 35//35
f 221//221 223//223 35//35
f 222//222 95//95 96//96
f 227//227 95//95 222//222
f 226//226 95//95 227//227
f 225//225 95//95 226//226
f 229//229 225//225 228//228
f 229//229 95//95 225//225
f 229//229 107//107 95//95
f 230//230 93//93 94//94
f 233//233 230//230 94//94
f 232//232 233//233 94//94
f 231//231 232//232 94//94
f 235//235 234//234 231//231
f 235//235 231//231 94//94
f 235//235 94//94 111//111
f 93//93 124//124 92//92
f 238//238 236//236 124//124
f 237//237 238//238 124//124
f 230//230 124//124 93//93
f 230//230 237//237 124//124
f 90//90 239//239 140//140
f 240//240 239//239 90//90
f 216//216 240//240 90//90
f 241//241 240//240 216//216
f 125//125 90//90 91//91
f 125//125 216//216 90//90
f 243//243 258//258 242//242
f 243//243 259//259 258//258
f 244//244 259//259 243//243
f 244//244 260//260 259//259
f 245//245 260//260 244//244
f 245//245 261//261 260//260
f 246//246 262//262 261//261
f 246//246 261//261 245//245
f 247//247 263//263 262//262
f 247//247 262//262 246//246
f 248//248 264//264 263//263
f 248//248 263//263 247//247
f 249//249 265//265 264//264
f 249//249 264//264 248//248
f 250//250 266//266 265//265
f 250//250 265//265 249//249
f 251//251 267//267 266//266
f 251//251 266//266 250//250
f 252//252 268//268 267//267
f 252//252 267//267 251//251
f 253//253 269//269 268//268
f 253//253 268//268 252//252
f 254//254 270//270 269//269
f 254//254 269//269 253//253
f 255//255 271//271 270//270
f 255//255 270//270 254//254
f 256//256 272//272 271//271
f 256//256 271//271 255//255
f 183//183 273//273 272//272
f 183//183 272//272 256//256
f 405//405 183//183 256//256
f 185//185 274//274 273//273
f 185//185 273//273 183//183
f 404//404 405//405 256//256
f 257//257 404//404 256//256
f 184//184 274//274 185//185
f 177//177 275//275 274//274
f 177//177 274//274 184//184
f 276//276 275//275 177//177
f 386//386 276//276 177//177
f 386//386 179//179 178//178
f 386//386 180//180 179//179
f 386//386 177//177 180//180
f 387//387 277//277 276//276
f 387//387 276//276 386//386
f 388//388 278//278 277//277
f 388//388 277//277 387//387
f 389//389 279//279 278//278
f 389//389 278//278 388//388
f 390//390 279//279 389//389
f 390//390 280//280 279//279
f 391//391 280//280 390//390
f 391//391 281//281 280//280
f 392//392 281//281 391//391
f 392//392 282//282 281//281
f 393//393 282//282 392//392
f 393//393 283//283 282//282
f 394//394 283//283 393//393
f 394//394 284//284 283//283
f 395//395 284//284 394//394
f 395//395 285//285 284//284
f 396//396 285//285 395//395
f 396//396 286//286 285//285
f 397//397 286//286 396//396
f 397//397 287//287 286//286
f 398//398 287//287 397//397
f 398//398 288//288 287//287
f 399//399 288//288 398//398
f 399//399 289//289 288//288
f 400//400 289//289 399//399
f 400//400 290//290 289//289
f 401//401 291//291 290//290
f 401//401 290//290 400//400
f 402//402 292//292 291//291
f 402//402 291//291 401//401
f 403//403 293//293 292//292
f 403//403 292//292 402//402
f 147//147 294//294 293//293
f 147//147 293//293 403//403
f 204//204 147//147 403//403
f 149//149 295//295 294//294
f 149//149 294//294 147//147
f 203//203 204//204 403//403
f 202//202 203//203 403//403
f 148//148 295//295 149//149
f 146//146 296//296 295//295
f 146//146 295//295 148//148
f 297//297 296//296 146//146
f 367//367 151//151 150//150
f 367//367 152//152 151//151
f 367//367 146//146 152//152
f 367//367 297//297 146//146
f 368//368 298//298 297//297
f 368//368 297//297 367//367
f 369//369 299//299 298//298
f 369//369 298//298 368//368
f 370//370 300//300 299//299
f 370//370 299//299 369//369
f 371//371 301//301 300//300
f 371//371 300//300 370//370
f 372//372 301//301 371//371
f 372//372 302//302 301//301
f 373//373 302//302 372//372
f 373//373 303//303 302//302
f 374//374 303//303 373//373
f 374//374 304//304 303//303
f 375//375 304//304 374//374
f 375//375 305//305 304//304
f 376//376 305//305 375//375
f 376//376 306//306 305//305
f 377//377 306//306 376//376
f 377//377 307//307 306//306
f 378//378 307//307 377//377
f 378//378 308//308 307//307
f 379//379 308//308 378//378
f 379//379 309//309 308//308
f 380//380 309//309 379//379
f 380//380 310//310 309//309
f 381//381 310//310 380//380
f 382//382 310//310 381//381
f 382//382 311//311 310//310
f 383//383 311//311 382//382
f 383//383 312//312 311//311
f 384//384 312//312 383//383
f 384//384 313//313 312//312
f 97//97 315//315 314//314
f 385//385 313//313 384//384
f 385//385 97//97 314//314
f 385//385 314//314 313//313
f 175//175 97//97 385//385
f 176//176 175//175 385//385
f 99//99 315//315 97//97
f 99//99 316//316 315//315
f 174//174 176//176 385//385
f 100//100 316//316 99//99
f 98//98 317//317 316//316
f 98//98 316//316 100//100
f 318//318 317//317 98//98
f 349//349 98//98 105//105
f 349//349 105//105 106//106
f 349//349 106//106 104//104
f 349//349 318//318 98//98
f 350//350 319//319 318//318
f 350//350 318//318 349//349
f 351//351 320//320 319//319
f 351//351 319//319 350//350
f 352//352 321//321 320//320
f 352//352 320//320 351//351
f 353//353 321//321 352//352
f 353//353 322//322 321//321
f 354//354 322//322 353//353
f 354//354 323//323 322//322
f 355//355 323//323 354//354
f 355//355 324//324 323//323
f 356//356 324//324 355//355
f 356//356 325//325 324//324
f 357//357 325//325 356//356
f 357//357 326//326 325//325
f 358//358 326//326 357//357
f 358//358 327//327 326//326
f 359//359 327//327 358//358
f 359//359 328//328 327//327
f 360//360 328//328 359//359
f 360//360 329//329 328//328
f 361//361 329//329 360//360
f 361//361 330//330 329//329
f 362//362 330//330 361//361
f 362//362 331//331 330//330
f 363//363 331//331 362//362
f 363//363 332//332 331//331
f 364//364 332//332 363//363
f 364//364 333//333 332//332
f 365//365 333//333 364//364
f 365//365 334//334 333//333
f 366//366 334//334 365//365
f 366//366 335//335 334//334
f 115//115 335//335 366//366
f 115//115 336//336 335//335
f 116//116 115//115 366//366
f 117//117 116//116 366//366
f 120//120 336//336 115//115
f 120//120 337//337 336//336
f 114//114 117//117 366//366
f 121//121 337//337 120//120
f 119//119 337//337 121//121
f 119//119 338//338 337//337
f 339//339 338//338 119//119
f 343//343 119//119 347//347
f 343//343 347//347 348//348
f 343//343 348//348 342//342
f 343//343 339//339 119//119
f 344//344 339//339 343//343
f 344//344 340//340 339//339
f 345//345 340//340 344//344
f 345//345 341//341 340//340
f 346//346 341//341 345//345
f 346//346 258//258 341//341
f 242//242 258//258 346//346
f 173//173 385//385 384//384
f 173//173 174//174 385//385
f 103//103 349//349 104//104
f 103//103 350//350 349//349
f 544//544 382//382 381//381
f 544//544 545//545 382//382
f 543//543 544//544 381//381
f 546//546 382//382 545//545
f 547//547 382//382 546//546
f 542//542 543//543 381//381
f 548//548 382//382 547//547
f 541//541 542//542 381//381
f 549//549 382//382 548//548
f 540//540 541//541 381//381
f 550//550 383//383 382//382
f 550//550 382//382 549//549
f 539//539 381//381 380//380
f 539//539 540//540 381//381
f 538//538 539//539 380//380
f 551//551 383//383 550//550
f 552//552 383//383 551//551
f 537//537 538//538 380//380
f 351//351 350//350 103//103
f 553//553 383//383 552//552
f 536//536 537//537 380//380
f 554//554 383//383 553//553
f 535//535 536//536 380//380
f 555//555 383//383 554//554
f 534//534 535//535 380//380
f 556//556 384//384 383//383
f 556//556 383//383 555//555
f 533//533 534//534 380//380
f 533//533 380//380 379//379
f 557//557 173//173 384//384
f 557//557 384//384 556//556
f 532//532 533//533 379//379
f 531//531 532//532 379//379
f 558//558 173//173 557//557
f 559//559 173//173 558//558
f 530//530 531//531 379//379
f 560//560 173//173 559//559
f 529//529 530//530 379//379
f 529//529 379//379 378//378
f 528//528 529//529 378//378
f 561//561 173//173 560//560
f 562//562 173//173 561//561
f 527//527 528//528 378//378
f 526//526 527//527 378//378
f 563//563 173//173 562//562
f 525//525 526//526 378//378
f 525//525 378//378 377//377
f 564//564 173//173 563//563
f 524//524 525//525 377//377
f 565//565 173//173 564//564
f 523//523 524//524 377//377
f 566//566 173//173 565//565
f 522//522 523//523 377//377
f 522//522 377//377 376//376
f 567//567 173//173 566//566
f 521//521 522//522 376//376
f 568//568 173//173 567//567
f 520//520 376//376 375//375
f 520//520 521//521 376//376
f 569//569 173//173 568//568
f 519//519 520//520 375//375
f 570//570 173//173 569//569
f 518//518 375//375 374//374
f 518//518 519//519 375//375
f 571//571 173//173 570//570
f 517//517 518//518 374//374
f 572//572 103//103 173//173
f 572//572 173//173 571//571
f 516//516 374//374 373//373
f 516//516 517//517 374//374
f 573//573 103//103 572//572
f 515//515 373//373 372//372
f 515//515 516//516 373//373
f 574//574 103//103 573//573
f 514//514 515//515 372//372
f 575//575 103//103 574//574
f 492//492 103//103 575//575
f 493//493 103//103 492//492
f 352//352 351//351 103//103
f 353//353 352//352 103//103
f 153//153 367//367 150//150
f 153//153 368//368 367//367
f 153//153 369//369 368//368
f 153//153 370//370 369//369
f 153//153 371//371 370//370
f 153//153 372//372 371//371
f 403//403 205//205 202//202
f 402//402 205//205 403//403
f 797//797 501//501 502//502
f 796//796 797//797 502//502
f 796//796 502//502 503//503
f 796//796 503//503 504//504
f 798//798 501//501 797//797
f 798//798 500//500 501//501
f 795//795 504//504 505//505
f 795//795 796//796 504//504
f 799//799 500//500 798//798
f 799//799 499//499 500//500
f 794//794 795//795 505//505
f 794//794 505//505 506//506
f 793//793 506//506 507//507
f 793//793 794//794 506//506
f 800//800 499//499 799//799
f 800//800 498//498 499//499
f 801//801 498//498 800//800
f 801//801 496//496 497//497
f 801//801 497//497 498//498
f 792//792 793//793 507//507
f 792//792 507//507 508//508
f 792//792 508//508 509//509
f 791//791 792//792 509//509
f 791//791 509//509 510//510
f 802//802 495//495 496//496
f 802//802 496//496 801//801
f 803//803 494//494 495//495
f 803//803 495//495 802//802
f 790//790 791//791 510//510
f 790//790 510//510 511//511
f 804//804 494//494 803//803
f 804//804 493//493 494//494
f 804//804 103//103 493//493
f 789//789 790//790 511//511
f 789//789 511//511 512//512
f 805//805 103//103 804//804
f 788//788 789//789 512//512
f 788//788 512//512 513//513
f 806//806 103//103 805//805
f 787//787 372//372 153//153
f 787//787 514//514 372//372
f 787//787 513//513 514//514
f 787//787 788//788 513//513
f 786//786 787//787 153//153
f 807//807 103//103 806//806
f 808//808 353//353 103//103
f 808//808 354//354 353//353
f 808//808 103//103 807//807
f 785//785 786//786 153//153
f 784//784 785//785 153//153
f 783//783 784//784 153//153
f 629//629 359//359 358//358
f 628//628 629//629 358//358
f 712//712 713//713 205//205
f 627//627 628//628 358//358
f 630//630 359//359 629//629
f 714//714 205//205 713//713
f 711//711 712//712 205//205
f 626//626 627//627 358//358
f 626//626 358//358 357//357
f 631//631 359//359 630//630
f 710//710 711//711 205//205
f 715//715 205//205 714//714
f 625//625 626//626 357//357
f 632//632 359//359 631//631
f 632//632 360//360 359//359
f 709//709 710//710 205//205
f 716//716 205//205 715//715
f 624//624 625//625 357//357
f 633//633 360//360 632//632
f 708//708 709//709 205//205
f 717//717 205//205 716//716
f 623//623 624//624 357//357
f 623//623 357//357 356//356
f 634//634 360//360 633//633
f 718//718 205//205 717//717
f 707//707 708//708 205//205
f 635//635 360//360 634//634
f 622//622 623//623 356//356
f 622//622 356//356 355//355
f 719//719 153//153 205//205
f 719//719 205//205 718//718
f 706//706 707//707 205//205
f 636//636 360//360 635//635
f 621//621 622//622 355//355
f 705//705 706//706 205//205
f 720//720 153//153 719//719
f 637//637 361//361 360//360
f 637//637 360//360 636//636
f 620//620 355//355 354//354
f 620//620 621//621 355//355
f 721//721 153//153 720//720
f 704//704 205//205 402//402
f 704//704 705//705 205//205
f 638//638 361//361 637//637
f 619//619 354//354 808//808
f 619//619 620//620 354//354
f 722//722 153//153 721//721
f 703//703 704//704 402//402
f 618//618 619//619 808//808
f 618//618 808//808 809//809
f 639//639 361//361 638//638
f 702//702 402//402 401//401
f 702//702 703//703 402//402
f 723//723 153//153 722//722
f 617//617 809//809 810//810
f 617//617 618//618 809//809
f 640//640 361//361 639//639
f 701//701 702//702 401//401
f 724//724 153//153 723//723
f 724//724 783//783 153//153
f 641//641 361//361 640//640
f 616//616 617//617 810//810
f 616//616 810//810 811//811
f 725//725 783//783 724//724
f 725//725 782//782 783//783
f 700//700 701//701 401//401
f 615//615 616//616 811//811
f 615//615 811//811 812//812
f 642//642 361//361 641//641
f 642//642 362//362 361//361
f 699//699 700//700 401//401
f 726//726 782//782 725//725
f 726//726 781//781 782//782
f 614//614 615//615 812//812
f 614//614 812//812 813//813
f 643//643 362//362 642//642
f 698//698 699//699 401//401
f 727//727 781//781 726//726
f 727//727 780//780 781//781
f 613//613 614//614 813//813
f 644//644 362//362 643//643
f 697//697 698//698 401//401
f 728//728 780//780 727//727
f 645//645 362//362 644//644
f 612//612 613//613 813//813
f 612//612 813//813 814//814
f 696//696 401//401 400//400
f 696//696 697//697 401//401
f 729//729 779//779 780//780
f 729//729 780//780 728//728
f 611//611 612//612 814//814
f 611//611 814//814 815//815
f 646//646 362//362 645//645
f 695//695 696//696 400//400
f 730//730 778//778 779//779
f 730//730 779//779 729//729
f 610//610 611//611 815//815
f 610//610 815//815 816//816
f 647//647 362//362 646//646
f 694//694 695//695 400//400
f 731//731 777//777 778//778
f 731//731 778//778 730//730
f 609//609 610//610 816//816
f 609//609 816//816 817//817
f 648//648 362//362 647//647
f 693//693 694//694 400//400
f 732//732 776//776 777//777
f 732//732 777//777 731//731
f 608//608 609//609 817//817
f 692//692 693//693 400//400
f 733//733 776//776 732//732
f 691//691 692//692 400//400
f 734//734 776//776 733//733
f 690//690 691//691 400//400
f 775//775 734//734 735//735
f 775//775 776//776 734//734
f 818//818 608//608 817//817
f 818//818 606//606 607//607
f 818//818 607//607 608//608
f 774//774 735//735 736//736
f 774//774 775//775 735//735
f 819//819 606//606 818//818
f 819//819 605//605 606//606
f 363//363 648//648 649//649
f 363//363 649//649 650//650
f 363//363 650//650 651//651
f 363//363 651//651 652//652
f 363//363 652//652 653//653
f 363//363 653//653 654//654
f 363//363 362//362 648//648
f 773//773 736//736 737//737
f 773//773 774//774 736//736
f 820//820 605//605 819//819
f 820//820 604//604 605//605
f 772//772 737//737 738//738
f 772//772 773//773 737//737
f 821//821 604//604 820//820
f 821//821 603//603 604//604
f 771//771 772//772 738//738
f 771//771 738//738 739//739
f 771//771 739//739 740//740
f 822//822 603//603 821//821
f 822//822 601//601 602//602
f 822//822 602//602 603//603
f 770//770 740//740 741//741
f 770//770 771//771 740//740
f 823//823 601//601 822//822
f 823//823 600//600 601//601
f 769//769 741//741 742//742
f 769//769 770//770 741//741
f 824//824 600//600 823//823
f 824//824 599//599 600//600
f 399//399 690//690 400//400
f 399//399 684//684 685//685
f 399//399 685//685 686//686
f 399//399 686//686 687//687
f 399//399 687//687 688//688
f 399//399 688//688 689//689
f 399//399 689//689 690//690
f 768//768 742//742 743//743
f 768//768 769//769 742//742
f 825//825 599//599 824//824
f 825//825 598//598 599//599
f 767//767 768//768 743//743
f 767//767 743//743 660//660
f 766//766 767//767 660//660
f 766//766 660//660 661//661
f 364//364 654//654 655//655
f 364//364 655//655 656//656
f 364//364 656//656 657//657
f 364//364 657//657 658//658
f 364//364 658//658 659//659
f 364//364 659//659 576//576
f 364//364 363//363 654//654
f 398//398 679//679 680//680
f 398//398 680//680 681//681
f 398//398 681//681 682//682
f 398//398 682//682 683//683
f 398//398 683//683 684//684
f 398//398 684//684 399//399
f 365//365 364//364 576//576
f 365//365 576//576 577//577
f 365//365 577//577 578//578
f 397//397 674//674 675//675
f 397//397 675//675 676//676
f 397//397 676//676 677//677
f 397//397 677//677 678//678
f 397//397 678//678 679//679
f 397//397 679//679 398//398
f 396//396 671//671 672//672
f 396//396 672//672 673//673
f 396//396 673//673 674//674
f 396//396 674//674 397//397
f 113//113 365//365 578//578
f 113//113 578//578 579//579
f 113//113 579//579 580//580
f 113//113 580//580 581//581
f 113//113 581//581 582//582
f 113//113 582//582 583//583
f 113//113 583//583 584//584
f 113//113 584//584 585//585
f 113//113 585//585 586//586
f 113//113 586//586 587//587
f 113//113 587//587 588//588
f 113//113 366//366 365//365
f 113//113 588//588 589//589
f 113//113 589//589 590//590
f 113//113 590//590 591//591
f 113//113 591//591 592//592
f 113//113 592//592 593//593
f 114//114 366//366 113//113
f 395//395 671//671 396//396
f 395//395 668//668 669//669
f 395//395 669//669 670//670
f 395//395 670//670 671//671
f 491//491 825//825 826//826
f 491//491 826//826 827//827
f 491//491 827//827 744//744
f 491//491 598//598 825//825
f 491//491 744//744 745//745
f 491//491 113//113 593//593
f 491//491 593//593 594//594
f 491//491 594//594 595//595
f 491//491 595//595 596//596
f 491//491 596//596 597//597
f 491//491 597//597 598//598
f 394//394 668//668 395//395
f 394//394 665//665 666//666
f 394//394 666//666 667//667
f 394//394 667//667 668//668
f 393//393 665//665 394//394
f 393//393 664//664 665//665
f 343//343 342//342 491//491
f 392//392 662//662 663//663
f 392//392 663//663 664//664
f 392//392 664//664 393//393
f 344//344 343//343 491//491
f 391//391 661//661 662//662
f 391//391 766//766 661//661
f 391//391 662//662 392//392
f 345//345 344//344 491//491
f 346//346 345//345 491//491
f 390//390 766//766 391//391
f 242//242 346//346 491//491
f 459//459 754//754 755//755
f 459//459 755//755 458//458
f 457//457 458//458 755//755
f 457//457 755//755 756//756
f 460//460 754//754 459//459
f 460//460 753//753 754//754
f 456//456 756//756 757//757
f 456//456 457//457 756//756
f 461//461 752//752 753//753
f 461//461 753//753 460//460
f 462//462 752//752 461//461
f 462//462 751//751 752//752
f 455//455 456//456 757//757
f 455//455 757//757 758//758
f 454//454 455//455 758//758
f 454//454 758//758 759//759
f 463//463 751//751 462//462
f 463//463 750//750 751//751
f 453//453 454//454 759//759
f 464//464 750//750 463//463
f 452//452 759//759 760//760
f 452//452 453//453 759//759
f 465//465 749//749 750//750
f 465//465 750//750 464//464
f 451//451 452//452 760//760
f 451//451 760//760 761//761
f 466//466 749//749 465//465
f 466//466 748//748 749//749
f 467//467 747//747 748//748
f 467//467 748//748 466//466
f 450//450 451//451 761//761
f 450//450 761//761 762//762
f 449//449 450//450 762//762
f 468//468 746//746 747//747
f 468//468 747//747 467//467
f 469//469 745//745 746//746
f 469//469 746//746 468//468
f 470//470 745//745 469//469
f 243//243 242//242 491//491
f 243//243 745//745 470//470
f 243//243 491//491 745//745
f 244//244 470//470 471//471
f 244//244 243//243 470//470
f 181//181 766//766 390//390
f 181//181 389//389 388//388
f 181//181 390//390 389//389
f 181//181 444//444 445//445
f 181//181 445//445 446//446
f 181//181 762//762 763//763
f 181//181 446//446 447//447
f 181//181 763//763 764//764
f 181//181 447//447 448//448
f 181//181 764//764 765//765
f 181//181 448//448 449//449
f 181//181 765//765 766//766
f 181//181 449//449 762//762
f 387//387 181//181 388//388
f 245//245 244//244 471//471
f 245//245 471//471 472//472
f 245//245 472//472 473//473
f 386//386 181//181 387//387
f 490//490 429//429 430//430
f 490//490 430//430 431//431
f 490//490 431//431 432//432
f 490//490 432//432 433//433
f 490//490 433//433 434//434
f 490//490 434//434 435//435
f 490//490 435//435 436//436
f 490//490 436//436 437//437
f 490//490 437//437 438//438
f 490//490 438//438 439//439
f 490//490 439//439 440//440
f 490//490 440//440 441//441
f 490//490 441//441 442//442
f 490//490 442//442 443//443
f 490//490 443//443 444//444
f 490//490 444//444 181//181
f 246//246 473//473 474//474
f 246//246 474//474 475//475
f 246//246 245//245 473//473
f 178//178 181//181 386//386
f 247//247 475//475 476//476
f 247//247 476//476 477//477
f 247//247 246//246 475//475
f 248//248 477//477 478//478
f 248//248 478//478 479//479
f 248//248 479//479 480//480
f 248//248 247//247 477//477
f 249//249 248//248 480//480
f 249//249 480//480 481//481
f 249//249 481//481 482//482
f 249//249 482//482 483//483
f 249//249 483//483 484//484
f 256//256 490//490 257//257
f 250//250 249//249 484//484
f 250//250 484//484 485//485
f 250//250 485//485 486//486
f 250//250 486//486 487//487
f 250//250 487//487 488//488
f 255//255 429//429 490//490
f 255//255 427//427 428//428
f 255//255 428//428 429//429
f 255//255 490//490 256//256
f 251//251 406//406 407//407
f 251//251 407//407 408//408
f 251//251 408//408 409//409
f 251//251 409//409 410//410
f 251//251 250//250 488//488
f 251//251 488//488 489//489
f 251//251 489//489 406//406
f 254//254 427//427 255//255
f 254//254 422//422 423//423
f 254//254 423//423 424//424
f 254//254 424//424 425//425
f 254//254 425//425 426//426
f 254//254 426//426 427//427
f 252//252 410//410 411//411
f 252//252 411//411 412//412
f 252//252 412//412 413//413
f 252//252 413//413 414//414
f 252//252 414//414 415//415
f 252//252 415//415 416//416
f 252//252 251//251 410//410
f 253//253 416//416 417//417
f 253//253 417//417 418//418
f 253//253 418//418 419//419
f 253//253 419//419 420//420
f 253//253 420//420 421//421
f 253//253 421//421 422//422
f 253//253 422//422 254//254
f 253//253 252//252 416//416
f 102//102 172//172 173//173
f 103//103 102//102 173//173
f 111//111 110//110 123//123
f 235//235 123//123 828//828
f 235//235 111//111 123//123
f 108//108 122//122 109//109
f 112//112 829//829 122//122
f 112//112 122//122 108//108
f 34//34 33//33 107//107
f 229//229 34//34 107//107
f 830//830 34//34 229//229
f 491//491 829//829 112//112
f 491//491 112//112 113//113
f 342//342 118//118 122//122
f 829//829 342//342 122//122
f 348//348 118//118 342//342
f 347//347 118//118 348//348
f 119//119 118//118 347//347
f 491//491 342//342 829//829
f 405//405 135//135 183//183
f 404//404 135//135 405//405
f 257//257 134//134 135//135
f 257//257 135//135 404//404
f 831//831 257//257 490//490
f 831//831 134//134 257//257
f 157//157 133//133 134//134
f 182//182 134//134 831//831
f 182//182 157//157 134//134
f 131//131 132//132 158//158
f 131//131 158//158 832//832
f 833//833 139//139 145//145
f 138//138 139//139 833//833
f 834//834 833//833 143//143
f 834//834 138//138 833//833
f 158//158 835//835 137//137
f 158//158 192//192 835//835
f 193//193 192//192 158//158
f 159//159 844//844 845//845
f 159//159 845//845 193//193
f 159//159 193//193 158//158
f 832//832 137//137 138//138
f 832//832 138//138 834//834
f 832//832 834//834 239//239
f 832//832 158//158 137//137
f 846//846 844//844 159//159
f 843//843 844//844 846//846
f 842//842 843//843 846//846
f 841//841 842//842 846//846
f 240//240 848//848 832//832
f 240//240 832//832 239//239
f 240//240 836//836 848//848
f 837//837 848//848 836//836
f 840//840 846//846 847//847
f 840//840 841//841 846//846
f 840//840 847//847 839//839
f 838//838 847//847 848//848
f 838//838 848//848 837//837
f 838//838 839//839 847//847
f 849//849 186//186 136//136
f 137//137 849//849 136//136
f 835//835 188//188 849//849
f 835//835 849//849 137//137
f 145//145 144//144 833//833
f 833//833 144//144 143//143
f 143//143 142//142 850//850
f 141//141 850//850 142//142
f 850//850 141//141 140//140
f 239//239 850//850 140//140
f 834//834 143//143 850//850
f 834//834 850//850 239//239
f 156//156 205//205 153//153
f 156//156 153//153 154//154
f 853//853 854//854 198//198
f 852//852 168//168 851//851
f 199//199 853//853 198//198
f 199//199 856//856 853//853
f 855//855 856//856 199//199
f 857//857 852//852 853//853
f 857//857 853//853 856//856
f 169//169 857//857 858//858
f 169//169 168//168 852//852
f 169//169 852//852 857//857
f 85//85 81//81 44//44
f 85//85 44//44 43//43
f 490//490 181//181 182//182
f 831//831 490//490 182//182
f 859//859 191//191 190//190
f 192//192 191//191 859//859
f 835//835 859//859 188//188
f 835//835 192//192 859//859
f 190//190 189//189 859//859
f 859//859 189//189 188//188
f 188//188 187//187 849//849
f 186//186 849//849 187//187
f 208//208 214//214 209//209
f 214//214 208//208 207//207
f 860//860 69//69 211//211
f 860//860 68//68 69//69
f 212//212 860//860 211//211
f 207//207 68//68 860//860
f 207//207 860//860 213//213
f 860//860 212//212 213//213
f 866//866 210//210 211//211
f 866//866 211//211 69//69
f 867//867 215//215 210//210
f 867//867 861//861 215//215
f 867//867 210//210 866//866
f 868//868 70//70 865//865
f 868//868 69//69 70//70
f 868//868 866//866 69//69
f 864//864 868//868 865//865
f 837//837 861//861 867//867
f 863//863 869//869 868//868
f 863//863 868//868 864//864
f 863//863 862//862 869//869
f 838//838 867//867 869//869
f 838//838 837//837 867//867
f 838//838 869//869 862//862
f 216//216 215//215 241//241
f 873//873 241//241 215//215
f 874//874 241//241 873//873
f 871//871 215//215 861//861
f 871//871 873//873 215//215
f 870//870 871//871 861//861
f 872//872 873//873 871//871
f 220//220 126//126 127//127
f 878//878 127//127 876//876
f 877//877 127//127 878//878
f 875//875 220//220 127//127
f 875//875 127//127 877//877
f 882//882 879//879 219//219
f 880//880 879//879 882//882
f 884//884 882//882 219//219
f 883//883 884//884 219//219
f 875//875 883//883 219//219
f 881//881 880//880 882//882
f 875//875 219//219 220//220
f 894//894 85//85 43//43
f 885//885 43//43 42//42
f 885//885 894//894 43//43
f 879//879 885//885 218//218
f 879//879 218//218 219//219
f 130//130 879//879 129//129
f 895//895 879//879 130//130
f 896//896 84//84 85//85
f 896//896 85//85 894//894
f 893//893 84//84 896//896
f 891//891 892//892 893//893
f 891//891 893//893 896//896
f 848//848 895//895 130//130
f 897//897 895//895 848//848
f 886//886 888//888 897//897
f 889//889 890//890 891//891
f 889//889 891//891 888//888
f 887//887 888//888 886//886
f 847//847 897//897 848//848
f 847//847 886//886 897//897
f 895//895 894//894 885//885
f 895//895 885//885 879//879
f 896//896 897//897 888//888
f 896//896 888//888 891//891
f 900//900 218//218 885//885
f 898//898 900//900 885//885
f 903//903 218//218 900//900
f 902//902 218//218 903//903
f 901//901 218//218 902//902
f 899//899 900//900 898//898
f 901//901 217//217 218//218
f 40//40 39//39 217//217
f 901//901 40//40 217//217
f 906//906 40//40 901//901
f 905//905 40//40 906//906
f 904//904 40//40 905//905
f 909//909 221//221 35//35
f 908//908 909//909 35//35
f 907//907 35//35 34//34
f 907//907 908//908 35//35
f 830//830 910//910 907//907
f 830//830 907//907 34//34
f 41//41 885//885 42//42
f 898//898 885//885 41//41
f 911//911 898//898 41//41
f 913//913 41//41 40//40
f 911//911 41//41 913//913
f 915//915 913//913 40//40
f 914//914 915//915 40//40
f 904//904 914//914 40//40
f 912//912 911//911 913//913
f 917//917 932//932 916//916
f 917//917 933//933 932//932
f 918//918 933//933 917//917
f 918//918 934//934 933//933
f 919//919 934//934 918//918
f 919//919 935//935 934//934
f 920//920 936//936 935//935
f 920//920 935//935 919//919
f 921//921 937//937 936//936
f 921//921 936//936 920//920
f 922//922 938//938 937//937
f 922//922 937//937 921//921
f 923//923 939//939 938//938
f 923//923 938//938 922//922
f 924//924 940//940 939//939
f 924//924 939//939 923//923
f 925//925 941//941 940//940
f 925//925 940//940 924//924
f 926//926 942//942 941//941
f 926//926 941//941 925//925
f 927//927 943//943 942//942
f 927//927 942//942 926//926
f 928//928 944//944 943//943
f 928//928 943//943 927//927
f 929//929 945//945 944//944
f 929//929 944//944 928//928
f 930//930 946//946 945//945
f 930//930 945//945 929//929
f 236//236 947//947 946//946
f 236//236 946//946 930//930
f 1079//1079 236//236 930//930
f 238//238 948//948 947//947
f 238//238 947//947 236//236
f 1078//1078 1079//1079 930//930
f 931//931 1078//1078 930//930
f 237//237 948//948 238//238
f 230//230 949//949 948//948
f 230//230 948//948 237//237
f 950//950 949//949 230//230
f 1060//1060 950//950 230//230
f 1060//1060 232//232 231//231
f 1060//1060 233//233 232//232
f 1060//1060 230//230 233//233
f 1061//1061 951//951 950//950
f 1061//1061 950//950 1060//1060
f 1062//1062 952//952 951//951
f 1062//1062 951//951 1061//1061
f 1063//1063 953//953 952//952
f 1063//1063 952//952 1062//1062
f 1064//1064 953//953 1063//1063
f 1064//1064 954//954 953//953
f 1065//1065 954//954 1064//1064
f 1065//1065 955//955 954//954
f 1066//1066 955//955 1065//1065
f 1066//1066 956//956 955//955
f 1067//1067 956//956 1066//1066
f 1067//1067 957//957 956//956
f 1068//1068 957//957 1067//1067
f 1068//1068 958//958 957//957
f 1069//1069 958//958 1068//1068
f 1069//1069 959//959 958//958
f 1070//1070 959//959 1069//1069
f 1070//1070 960//960 959//959
f 1071//1071 960//960 1070//1070
f 1071//1071 961//961 960//960
f 1072//1072 961//961 1071//1071
f 1072//1072 962//962 961//961
f 1073//1073 962//962 1072//1072
f 1073//1073 963//963 962//962
f 1074//1074 963//963 1073//1073
f 1074//1074 964//964 963//963
f 1075//1075 965//965 964//964
f 1075//1075 964//964 1074//1074
f 1076//1076 966//966 965//965
f 1076//1076 965//965 1075//1075
f 1077//1077 967//967 966//966
f 1077//1077 966//966 1076//1076
f 222//222 968//968 967//967
f 222//222 967//967 1077//1077
f 227//227 222//222 1077//1077
f 224//224 969//969 968//968
f 224//224 968//968 222//222
f 226//226 227//227 1077//1077
f 225//225 226//226 1077//1077
f 223//223 969//969 224//224
f 221//221 970//970 969//969
f 221//221 969//969 223//223
f 971//971 970//970 221//221
f 1041//1041 908//908 907//907
f 1041//1041 909//909 908//908
f 1041//1041 221//221 909//909
f 1041//1041 971//971 221//221
f 1042//1042 972//972 971//971
f 1042//1042 971//971 1041//1041
f 1043//1043 973//973 972//972
f 1043//1043 972//972 1042//1042
f 1044//1044 974//974 973//973
f 1044//1044 973//973 1043//1043
f 1045//1045 975//975 974//974
f 1045//1045 974//974 1044//1044
f 1046//1046 975//975 1045//1045
f 1046//1046 976//976 975//975
f 1047//1047 976//976 1046//1046
f 1047//1047 977//977 976//976
f 1048//1048 977//977 1047//1047
f 1048//1048 978//978 977//977
f 1049//1049 978//978 1048//1048
f 1049//1049 979//979 978//978
f 1050//1050 979//979 1049//1049
f 1050//1050 980//980 979//979
f 1051//1051 980//980 1050//1050
f 1051//1051 981//981 980//980
f 1052//1052 981//981 1051//1051
f 1052//1052 982//982 981//981
f 1053//1053 982//982 1052//1052
f 1053//1053 983//983 982//982
f 1054//1054 983//983 1053//1053
f 1054//1054 984//984 983//983
f 1055//1055 984//984 1054//1054
f 1056//1056 984//984 1055//1055
f 1056//1056 985//985 984//984
f 1057//1057 985//985 1056//1056
f 1057//1057 986//986 985//985
f 1058//1058 986//986 1057//1057
f 1058//1058 987//987 986//986
f 904//904 989//989 988//988
f 1059//1059 987//987 1058//1058
f 1059//1059 904//904 988//988
f 1059//1059 988//988 987//987
f 914//914 904//904 1059//1059
f 915//915 914//914 1059//1059
f 905//905 989//989 904//904
f 905//905 990//990 989//989
f 913//913 915//915 1059//1059
f 906//906 990//990 905//905
f 901//901 991//991 990//990
f 901//901 990//990 906//906
f 992//992 991//991 901//901
f 1023//1023 901//901 902//902
f 1023//1023 902//902 903//903
f 1023//1023 903//903 900//900
f 1023//1023 992//992 901//901
f 1024//1024 993//993 992//992
f 1024//1024 992//992 1023//1023
f 1025//1025 994//994 993//993
f 1025//1025 993//993 1024//1024
f 1026//1026 995//995 994//994
f 1026//1026 994//994 1025//1025
f 1027//1027 995//995 1026//1026
f 1027//1027 996//996 995//995
f 1028//1028 996//996 1027//1027
f 1028//1028 997//997 996//996
f 1029//1029 997//997 1028//1028
f 1029//1029 998//998 997//997
f 1030//1030 998//998 1029//1029
f 1030//1030 999//999 998//998
f 1031//1031 999//999 1030//1030
f 1031//1031 1000//1000 999//999
f 1032//1032 1000//1000 1031//1031
f 1032//1032 1001//1001 1000//1000
f 1033//1033 1001//1001 1032//1032
f 1033//1033 1002//1002 1001//1001
f 1034//1034 1002//1002 1033//1033
f 1034//1034 1003//1003 1002//1002
f 1035//1035 1003//1003 1034//1034
f 1035//1035 1004//1004 1003//1003
f 1036//1036 1004//1004 1035//1035
f 1036//1036 1005//1005 1004//1004
f 1037//1037 1005//1005 1036//1036
f 1037//1037 1006//1006 1005//1005
f 1038//1038 1006//1006 1037//1037
f 1038//1038 1007//1007 1006//1006
f 1039//1039 1007//1007 1038//1038
f 1039//1039 1008//1008 1007//1007
f 1040//1040 1008//1008 1039//1039
f 1040//1040 1009//1009 1008//1008
f 875//875 1009//1009 1040//1040
f 875//875 1010//1010 1009//1009
f 883//883 875//875 1040//1040
f 884//884 883//883 1040//1040
f 877//877 1010//1010 875//875
f 877//877 1011//1011 1010//1010
f 882//882 884//884 1040//1040
f 878//878 1011//1011 877//877
f 876//876 1011//1011 878//878
f 876//876 1012//1012 1011//1011
f 1013//1013 1012//1012 876//876
f 1017//1017 876//876 1021//1021
f 1017//1017 1021//1021 1022//1022
f 1017//1017 1022//1022 1016//1016
f 1017//1017 1013//1013 876//876
f 1018//1018 1013//1013 1017//1017
f 1018//1018 1014//1014 1013//1013
f 1019//1019 1014//1014 1018//1018
f 1019//1019 1015//1015 1014//1014
f 1020//1020 1015//1015 1019//1019
f 1020//1020 932//932 1015//1015
f 916//916 932//932 1020//1020
f 229//229 228//228 910//910
f 229//229 910//910 830//830
f 912//912 1059//1059 1058//1058
f 912//912 913//913 1059//1059
f 899//899 1023//1023 900//900
f 899//899 1024//1024 1023//1023
f 1218//1218 1056//1056 1055//1055
f 1219//1219 1056//1056 1218//1218
f 1220//1220 1056//1056 1219//1219
f 1217//1217 1218//1218 1055//1055
f 1221//1221 1056//1056 1220//1220
f 1216//1216 1217//1217 1055//1055
f 1222//1222 1056//1056 1221//1221
f 1215//1215 1216//1216 1055//1055
f 1214//1214 1215//1215 1055//1055
f 1223//1223 1056//1056 1222//1222
f 1213//1213 1055//1055 1054//1054
f 1213//1213 1214//1214 1055//1055
f 1224//1224 1057//1057 1056//1056
f 1224//1224 1056//1056 1223//1223
f 1225//1225 1057//1057 1224//1224
f 1212//1212 1213//1213 1054//1054
f 1226//1226 1057//1057 1225//1225
f 1211//1211 1212//1212 1054//1054
f 1025//1025 1024//1024 899//899
f 1227//1227 1057//1057 1226//1226
f 1210//1210 1211//1211 1054//1054
f 1228//1228 1057//1057 1227//1227
f 1209//1209 1210//1210 1054//1054
f 1229//1229 1057//1057 1228//1228
f 1208//1208 1209//1209 1054//1054
f 1230//1230 1058//1058 1057//1057
f 1230//1230 1057//1057 1229//1229
f 1207//1207 1054//1054 1053//1053
f 1207//1207 1208//1208 1054//1054
f 1231//1231 912//912 1058//1058
f 1231//1231 1058//1058 1230//1230
f 1206//1206 1207//1207 1053//1053
f 1232//1232 912//912 1231//1231
f 1205//1205 1206//1206 1053//1053
f 1204//1204 1205//1205 1053//1053
f 1233//1233 912//912 1232//1232
f 1234//1234 912//912 1233//1233
f 1203//1203 1204//1204 1053//1053
f 1203//1203 1053//1053 1052//1052
f 1235//1235 912//912 1234//1234
f 1202//1202 1203//1203 1052//1052
f 1201//1201 1202//1202 1052//1052
f 1236//1236 912//912 1235//1235
f 1200//1200 1201//1201 1052//1052
f 1237//1237 912//912 1236//1236
f 1199//1199 1200//1200 1052//1052
f 1199//1199 1052//1052 1051//1051
f 1238//1238 912//912 1237//1237
f 1239//1239 912//912 1238//1238
f 1198//1198 1199//1199 1051//1051
f 1197//1197 1198//1198 1051//1051
f 1240//1240 912//912 1239//1239
f 1196//1196 1197//1197 1051//1051
f 1196//1196 1051//1051 1050//1050
f 1241//1241 912//912 1240//1240
f 1195//1195 1196//1196 1050//1050
f 1242//1242 912//912 1241//1241
f 1194//1194 1050//1050 1049//1049
f 1194//1194 1195//1195 1050//1050
f 1243//1243 912//912 1242//1242
f 1193//1193 1194//1194 1049//1049
f 1244//1244 912//912 1243//1243
f 1192//1192 1049//1049 1048//1048
f 1192//1192 1193//1193 1049//1049
f 1245//1245 912//912 1244//1244
f 1191//1191 1192//1192 1048//1048
f 1246//1246 899//899 912//912
f 1246//1246 912//912 1245//1245
f 1190//1190 1048//1048 1047//1047
f 1190//1190 1191//1191 1048//1048
f 1247//1247 899//899 1246//1246
f 1189//1189 1047//1047 1046//1046
f 1189//1189 1190//1190 1047//1047
f 1248//1248 899//899 1247//1247
f 1188//1188 1189//1189 1046//1046
f 1249//1249 899//899 1248//1248
f 1166//1166 899//899 1249//1249
f 1167//1167 899//899 1166//1166
f 1026//1026 1025//1025 899//899
f 1027//1027 1026//1026 899//899
f 910//910 1041//1041 907//907
f 910//910 1042//1042 1041//1041
f 910//910 1043//1043 1042//1042
f 910//910 1044//1044 1043//1043
f 910//910 1045//1045 1044//1044
f 910//910 1046//1046 1045//1045
f 1077//1077 228//228 225//225
f 1076//1076 228//228 1077//1077
f 1471//1471 1175//1175 1176//1176
f 1471//1471 1176//1176 1177//1177
f 1470//1470 1471//1471 1177//1177
f 1470//1470 1177//1177 1178//1178
f 1472//1472 1175//1175 1471//1471
f 1472//1472 1174//1174 1175//1175
f 1469//1469 1470//1470 1178//1178
f 1469//1469 1178//1178 1179//1179
f 1468//1468 1469//1469 1179//1179
f 1468//1468 1179//1179 1180//1180
f 1473//1473 1174//1174 1472//1472
f 1473//1473 1173//1173 1174//1174
f 1474//1474 1173//1173 1473//1473
f 1474//1474 1172//1172 1173//1173
f 1467//1467 1468//1468 1180//1180
f 1467//1467 1180//1180 1181//1181
f 1475//1475 1172//1172 1474//1474
f 1475//1475 1170//1170 1171//1171
f 1475//1475 1171//1171 1172//1172
f 1466//1466 1467//1467 1181//1181
f 1466//1466 1181//1181 1182//1182
f 1466//1466 1182//1182 1183//1183
f 1476//1476 1169//1169 1170//1170
f 1476//1476 1170//1170 1475//1475
f 1465//1465 1466//1466 1183//1183
f 1465//1465 1183//1183 1184//1184
f 1477//1477 1168//1168 1169//1169
f 1477//1477 1169//1169 1476//1476
f 1464//1464 1465//1465 1184//1184
f 1464//1464 1184//1184 1185//1185
f 1478//1478 1167//1167 1168//1168
f 1478//1478 899//899 1167//1167
f 1478//1478 1168//1168 1477//1477
f 1463//1463 1464//1464 1185//1185
f 1463//1463 1185//1185 1186//1186
f 1479//1479 899//899 1478//1478
f 1462//1462 1463//1463 1186//1186
f 1462//1462 1186//1186 1187//1187
f 1480//1480 899//899 1479//1479
f 1461//1461 1046//1046 910//910
f 1461//1461 1188//1188 1046//1046
f 1461//1461 1187//1187 1188//1188
f 1461//1461 1462//1462 1187//1187
f 1481//1481 899//899 1480//1480
f 1460//1460 1461//1461 910//910
f 1482//1482 899//899 1481//1481
f 1482//1482 1027//1027 899//899
f 1482//1482 1028//1028 1027//1027
f 1459//1459 1460//1460 910//910
f 1458//1458 1459//1459 910//910
f 1457//1457 1458//1458 910//910
f 1303//1303 1033//1033 1032//1032
f 1302//1302 1303//1303 1032//1032
f 1386//1386 1387//1387 228//228
f 1301//1301 1302//1302 1032//1032
f 1304//1304 1033//1033 1303//1303
f 1388//1388 228//228 1387//1387
f 1385//1385 1386//1386 228//228
f 1300//1300 1301//1301 1032//1032
f 1300//1300 1032//1032 1031//1031
f 1305//1305 1033//1033 1304//1304
f 1384//1384 1385//1385 228//228
f 1389//1389 228//228 1388//1388
f 1299//1299 1300//1300 1031//1031
f 1306//1306 1033//1033 1305//1305
f 1306//1306 1034//1034 1033//1033
f 1383//1383 1384//1384 228//228
f 1390//1390 228//228 1389//1389
f 1307//1307 1034//1034 1306//1306
f 1298//1298 1299//1299 1031//1031
f 1382//1382 1383//1383 228//228
f 1391//1391 228//228 1390//1390
f 1297//1297 1298//1298 1031//1031
f 1297//1297 1031//1031 1030//1030
f 1308//1308 1034//1034 1307//1307
f 1392//1392 228//228 1391//1391
f 1381//1381 1382//1382 228//228
f 1309//1309 1034//1034 1308//1308
f 1296//1296 1297//1297 1030//1030
f 1296//1296 1030//1030 1029//1029
f 1393//1393 910//910 228//228
f 1393//1393 228//228 1392//1392
f 1380//1380 1381//1381 228//228
f 1310//1310 1034//1034 1309//1309
f 1295//1295 1296//1296 1029//1029
f 1379//1379 1380//1380 228//228
f 1394//1394 910//910 1393//1393
f 1311//1311 1035//1035 1034//1034
f 1311//1311 1034//1034 1310//1310
f 1294//1294 1029//1029 1028//1028
f 1294//1294 1295//1295 1029//1029
f 1395//1395 910//910 1394//1394
f 1378//1378 228//228 1076//1076
f 1378//1378 1379//1379 228//228
f 1293//1293 1028//1028 1482//1482
f 1293//1293 1294//1294 1028//1028
f 1312//1312 1035//1035 1311//1311
f 1396//1396 910//910 1395//1395
f 1377//1377 1378//1378 1076//1076
f 1292//1292 1293//1293 1482//1482
f 1292//1292 1482//1482 1483//1483
f 1313//1313 1035//1035 1312//1312
f 1376//1376 1377//1377 1076//1076
f 1376//1376 1076//1076 1075//1075
f 1397//1397 910//910 1396//1396
f 1291//1291 1292//1292 1483//1483
f 1291//1291 1483//1483 1484//1484
f 1314//1314 1035//1035 1313//1313
f 1375//1375 1376//1376 1075//1075
f 1398//1398 1457//1457 910//910
f 1398//1398 910//910 1397//1397
f 1315//1315 1035//1035 1314//1314
f 1290//1290 1291//1291 1484//1484
f 1290//1290 1484//1484 1485//1485
f 1399//1399 1456//1456 1457//1457
f 1399//1399 1457//1457 1398//1398
f 1374//1374 1375//1375 1075//1075
f 1289//1289 1290//1290 1485//1485
f 1289//1289 1485//1485 1486//1486
f 1316//1316 1036//1036 1035//1035
f 1316//1316 1035//1035 1315//1315
f 1373//1373 1374//1374 1075//1075
f 1400//1400 1456//1456 1399//1399
f 1400//1400 1455//1455 1456//1456
f 1288//1288 1289//1289 1486//1486
f 1288//1288 1486//1486 1487//1487
f 1317//1317 1036//1036 1316//1316
f 1372//1372 1373//1373 1075//1075
f 1401//1401 1455//1455 1400//1400
f 1401//1401 1454//1454 1455//1455
f 1287//1287 1288//1288 1487//1487
f 1318//1318 1036//1036 1317//1317
f 1371//1371 1372//1372 1075//1075
f 1402//1402 1454//1454 1401//1401
f 1319//1319 1036//1036 1318//1318
f 1286//1286 1287//1287 1487//1487
f 1286//1286 1487//1487 1488//1488
f 1370//1370 1075//1075 1074//1074
f 1370//1370 1371//1371 1075//1075
f 1403//1403 1454//1454 1402//1402
f 1403//1403 1453//1453 1454//1454
f 1285//1285 1286//1286 1488//1488
f 1285//1285 1488//1488 1489//1489
f 1320//1320 1036//1036 1319//1319
f 1369//1369 1370//1370 1074//1074
f 1404//1404 1453//1453 1403//1403
f 1404//1404 1452//1452 1453//1453
f 1284//1284 1285//1285 1489//1489
f 1284//1284 1489//1489 1490//1490
f 1321//1321 1036//1036 1320//1320
f 1368//1368 1369//1369 1074//1074
f 1405//1405 1451//1451 1452//1452
f 1405//1405 1452//1452 1404//1404
f 1283//1283 1284//1284 1490//1490
f 1283//1283 1490//1490 1491//1491
f 1322//1322 1036//1036 1321//1321
f 1367//1367 1368//1368 1074//1074
f 1406//1406 1450//1450 1451//1451
f 1406//1406 1451//1451 1405//1405
f 1282//1282 1283//1283 1491//1491
f 1366//1366 1367//1367 1074//1074
f 1407//1407 1450//1450 1406//1406
f 1365//1365 1366//1366 1074//1074
f 1364//1364 1365//1365 1074//1074
f 1449//1449 1407//1407 1408//1408
f 1449//1449 1408//1408 1409//1409
f 1449//1449 1450//1450 1407//1407
f 1492//1492 1282//1282 1491//1491
f 1492//1492 1280//1280 1281//1281
f 1492//1492 1281//1281 1282//1282
f 1448//1448 1409//1409 1410//1410
f 1448//1448 1449//1449 1409//1409
f 1493//1493 1280//1280 1492//1492
f 1493//1493 1279//1279 1280//1280
f 1037//1037 1322//1322 1323//1323
f 1037//1037 1323//1323 1324//1324
f 1037//1037 1324//1324 1325//1325
f 1037//1037 1325//1325 1326//1326
f 1037//1037 1326//1326 1327//1327
f 1037//1037 1327//1327 1328//1328
f 1037//1037 1036//1036 1322//1322
f 1447//1447 1410//1410 1411//1411
f 1447//1447 1448//1448 1410//1410
f 1494//1494 1279//1279 1493//1493
f 1494//1494 1278//1278 1279//1279
f 1446//1446 1411//1411 1412//1412
f 1446//1446 1447//1447 1411//1411
f 1495//1495 1278//1278 1494//1494
f 1495//1495 1277//1277 1278//1278
f 1445//1445 1446//1446 1412//1412
f 1445//1445 1412//1412 1413//1413
f 1445//1445 1413//1413 1414//1414
f 1496//1496 1277//1277 1495//1495
f 1496//1496 1275//1275 1276//1276
f 1496//1496 1276//1276 1277//1277
f 1444//1444 1414//1414 1415//1415
f 1444//1444 1445//1445 1414//1414
f 1497//1497 1275//1275 1496//1496
f 1497//1497 1274//1274 1275//1275
f 1443//1443 1415//1415 1416//1416
f 1443//1443 1444//1444 1415//1415
f 1498//1498 1274//1274 1497//1497
f 1498//1498 1273//1273 1274//1274
f 1073//1073 1364//1364 1074//1074
f 1073//1073 1358//1358 1359//1359
f 1073//1073 1359//1359 1360//1360
f 1073//1073 1360//1360 1361//1361
f 1073//1073 1361//1361 1362//1362
f 1073//1073 1362//1362 1363//1363
f 1073//1073 1363//1363 1364//1364
f 1442//1442 1416//1416 1417//1417
f 1442//1442 1443//1443 1416//1416
f 1499//1499 1273//1273 1498//1498
f 1499//1499 1272//1272 1273//1273
f 1441//1441 1442//1442 1417//1417
f 1441//1441 1417//1417 1334//1334
f 1440//1440 1441//1441 1334//1334
f 1440//1440 1334//1334 1335//1335
f 1038//1038 1328//1328 1329//1329
f 1038//1038 1329//1329 1330//1330
f 1038//1038 1330//1330 1331//1331
f 1038//1038 1331//1331 1332//1332
f 1038//1038 1332//1332 1333//1333
f 1038//1038 1037//1037 1328//1328
f 1038//1038 1333//1333 1250//1250
f 1072//1072 1353//1353 1354//1354
f 1072//1072 1354//1354 1355//1355
f 1072//1072 1355//1355 1356//1356
f 1072//1072 1356//1356 1357//1357
f 1072//1072 1357//1357 1358//1358
f 1072//1072 1358//1358 1073//1073
f 1039//1039 1038//1038 1250//1250
f 1039//1039 1250//1250 1251//1251
f 1039//1039 1251//1251 1252//1252
f 1071//1071 1348//1348 1349//1349
f 1071//1071 1349//1349 1350//1350
f 1071//1071 1350//1350 1351//1351
f 1071//1071 1351//1351 1352//1352
f 1071//1071 1352//1352 1353//1353
f 1071//1071 1353//1353 1072//1072
f 1070//1070 1345//1345 1346//1346
f 1070//1070 1346//1346 1347//1347
f 1070//1070 1347//1347 1348//1348
f 1070//1070 1348//1348 1071//1071
f 881//881 1039//1039 1252//1252
f 881//881 1252//1252 1253//1253
f 881//881 1253//1253 1254//1254
f 881//881 1254//1254 1255//1255
f 881//881 1255//1255 1256//1256
f 881//881 1256//1256 1257//1257
f 881//881 1257//1257 1258//1258
f 881//881 1258//1258 1259//1259
f 881//881 1259//1259 1260//1260
f 881//881 1260//1260 1261//1261
f 881//881 1261//1261 1262//1262
f 881//881 1040//1040 1039//1039
f 881//881 1262//1262 1263//1263
f 881//881 1263//1263 1264//1264
f 881//881 1264//1264 1265//1265
f 881//881 1265//1265 1266//1266
f 881//881 1266//1266 1267//1267
f 882//882 1040//1040 881//881
f 1069//1069 1345//1345 1070//1070
f 1069//1069 1342//1342 1343//1343
f 1069//1069 1343//1343 1344//1344
f 1069//1069 1344//1344 1345//1345
f 1165//1165 1499//1499 1500//1500
f 1165//1165 1500//1500 1501//1501
f 1165//1165 1501//1501 1418//1418
f 1165//1165 1272//1272 1499//1499
f 1165//1165 1418//1418 1419//1419
f 1165//1165 881//881 1267//1267
f 1165//1165 1267//1267 1268//1268
f 1165//1165 1268//1268 1269//1269
f 1165//1165 1269//1269 1270//1270
f 1165//1165 1270//1270 1271//1271
f 1165//1165 1271//1271 1272//1272
f 1068//1068 1342//1342 1069//1069
f 1068//1068 1339//1339 1340//1340
f 1068//1068 1340//1340 1341//1341
f 1068//1068 1341//1341 1342//1342
f 1067//1067 1339//1339 1068//1068
f 1067//1067 1338//1338 1339//1339
f 1017//1017 1016//1016 1165//1165
f 1066//1066 1338//1338 1067//1067
f 1066//1066 1336//1336 1337//1337
f 1066//1066 1337//1337 1338//1338
f 1018//1018 1017//1017 1165//1165
f 1065//1065 1440//1440 1335//1335
f 1065//1065 1335//1335 1336//1336
f 1065//1065 1336//1336 1066//1066
f 1019//1019 1018//1018 1165//1165
f 1020//1020 1019//1019 1165//1165
f 1064//1064 1440//1440 1065//1065
f 916//916 1020//1020 1165//1165
f 1133//1133 1429//1429 1132//1132
f 1133//1133 1428//1428 1429//1429
f 1131//1131 1132//1132 1429//1429
f 1131//1131 1429//1429 1430//1430
f 1134//1134 1428//1428 1133//1133
f 1134//1134 1427//1427 1428//1428
f 1135//1135 1427//1427 1134//1134
f 1135//1135 1426//1426 1427//1427
f 1130//1130 1131//1131 1430//1430
f 1130//1130 1430//1430 1431//1431
f 1129//1129 1130//1130 1431//1431
f 1129//1129 1431//1431 1432//1432
f 1136//1136 1426//1426 1135//1135
f 1136//1136 1425//1425 1426//1426
f 1128//1128 1432//1432 1433//1433
f 1128//1128 1129//1129 1432//1432
f 1137//1137 1425//1425 1136//1136
f 1137//1137 1424//1424 1425//1425
f 1127//1127 1128//1128 1433//1433
f 1138//1138 1424//1424 1137//1137
f 1126//1126 1433//1433 1434//1434
f 1126//1126 1127//1127 1433//1433
f 1139//1139 1423//1423 1424//1424
f 1139//1139 1424//1424 1138//1138
f 1125//1125 1434//1434 1435//1435
f 1125//1125 1126//1126 1434//1434
f 1140//1140 1422//1422 1423//1423
f 1140//1140 1423//1423 1139//1139
f 1124//1124 1125//1125 1435//1435
f 1124//1124 1435//1435 1436//1436
f 1141//1141 1421//1421 1422//1422
f 1141//1141 1422//1422 1140//1140
f 1142//1142 1421//1421 1141//1141
f 1142//1142 1420//1420 1421//1421
f 1123//1123 1124//1124 1436//1436
f 1143//1143 1419//1419 1420//1420
f 1143//1143 1420//1420 1142//1142
f 1144//1144 1419//1419 1143//1143
f 917//917 916//916 1165//1165
f 917//917 1419//1419 1144//1144
f 917//917 1165//1165 1419//1419
f 918//918 917//917 1144//1144
f 918//918 1144//1144 1145//1145
f 234//234 1440//1440 1064//1064
f 234//234 1063//1063 1062//1062
f 234//234 1064//1064 1063//1063
f 234//234 1123//1123 1436//1436
f 234//234 1118//1118 1119//1119
f 234//234 1119//1119 1120//1120
f 234//234 1436//1436 1437//1437
f 234//234 1120//1120 1121//1121
f 234//234 1437//1437 1438//1438
f 234//234 1121//1121 1122//1122
f 234//234 1438//1438 1439//1439
f 234//234 1122//1122 1123//1123
f 234//234 1439//1439 1440//1440
f 1061//1061 234//234 1062//1062
f 919//919 918//918 1145//1145
f 919//919 1145//1145 1146//1146
f 919//919 1146//1146 1147//1147
f 1060//1060 234//234 1061//1061
f 1164//1164 1103//1103 1104//1104
f 1164//1164 1104//1104 1105//1105
f 1164//1164 1105//1105 1106//1106
f 1164//1164 1106//1106 1107//1107
f 1164//1164 1107//1107 1108//1108
f 1164//1164 1108//1108 1109//1109
f 1164//1164 1109//1109 1110//1110
f 1164//1164 1110//1110 1111//1111
f 1164//1164 1111//1111 1112//1112
f 1164//1164 1112//1112 1113//1113
f 1164//1164 1113//1113 1114//1114
f 1164//1164 1114//1114 1115//1115
f 1164//1164 1115//1115 1116//1116
f 1164//1164 1116//1116 1117//1117
f 1164//1164 1117//1117 1118//1118
f 1164//1164 1118//1118 234//234
f 920//920 1147//1147 1148//1148
f 920//920 1148//1148 1149//1149
f 920//920 919//919 1147//1147
f 231//231 234//234 1060//1060
f 921//921 1149//1149 1150//1150
f 921//921 1150//1150 1151//1151
f 921//921 920//920 1149//1149
f 922//922 1151//1151 1152//1152
f 922//922 1152//1152 1153//1153
f 922//922 1153//1153 1154//1154
f 922//922 921//921 1151//1151
f 923//923 922//922 1154//1154
f 923//923 1154//1154 1155//1155
f 923//923 1155//1155 1156//1156
f 923//923 1156//1156 1157//1157
f 923//923 1157//1157 1158//1158
f 930//930 1164//1164 931//931
f 924//924 923//923 1158//1158
f 924//924 1158//1158 1159//1159
f 924//924 1159//1159 1160//1160
f 924//924 1160//1160 1161//1161
f 924//924 1161//1161 1162//1162
f 929//929 1101//1101 1102//1102
f 929//929 1102//1102 1103//1103
f 929//929 1103//1103 1164//1164
f 929//929 1164//1164 930//930
f 925//925 1080//1080 1081//1081
f 925//925 1081//1081 1082//1082
f 925//925 1082//1082 1083//1083
f 925//925 1083//1083 1084//1084
f 925//925 924//924 1162//1162
f 925//925 1162//1162 1163//1163
f 925//925 1163//1163 1080//1080
f 928//928 1096//1096 1097//1097
f 928//928 1097//1097 1098//1098
f 928//928 1098//1098 1099//1099
f 928//928 1099//1099 1100//1100
f 928//928 1100//1100 1101//1101
f 928//928 1101//1101 929//929
f 926//926 1084//1084 1085//1085
f 926//926 1085//1085 1086//1086
f 926//926 1086//1086 1087//1087
f 926//926 1087//1087 1088//1088
f 926//926 1088//1088 1089//1089
f 926//926 1089//1089 1090//1090
f 926//926 925//925 1084//1084
f 927//927 1090//1090 1091//1091
f 927//927 1091//1091 1092//1092
f 927//927 1092//1092 1093//1093
f 927//927 1093//1093 1094//1094
f 927//927 1094//1094 1095//1095
f 927//927 1095//1095 1096//1096
f 927//927 1096//1096 928//928
f 927//927 926//926 1090//1090
f 1164//1164 234//234 235//235
f 828//828 1164//1164 235//235
f 1079//1079 124//124 236//236
f 1078//1078 124//124 1079//1079
f 931//931 123//123 124//124
f 931//931 124//124 1078//1078
f 828//828 931//931 1164//1164
f 828//828 123//123 931//931
f 130//130 131//131 832//832
f 130//130 832//832 848//848
f 879//879 128//128 129//129
f 880//880 1502//1502 128//128
f 880//880 128//128 879//879
f 1016//1016 127//127 128//128
f 1502//1502 1016//1016 128//128
f 1022//1022 127//127 1016//1016
f 1021//1021 127//127 1022//1022
f 876//876 127//127 1021//1021
f 1165//1165 1016//1016 1502//1502
f 1503//1503 241//241 874//874
f 240//240 241//241 1503//1503
f 836//836 1503//1503 872//872
f 836//836 240//240 1503//1503
f 1557//1557 1556//1556 310//310
f 1557//1557 310//310 311//311
f 1558//1558 1557//1557 311//311
f 1555//1555 310//310 1556//1556
f 1559//1559 1558//1558 311//311
f 1554//1554 310//310 1555//1555
f 1560//1560 1559//1559 311//311
f 1553//1553 310//310 1554//1554
f 1561//1561 1560//1560 311//311
f 1552//1552 310//310 1553//1553
f 1562//1562 1561//1561 311//311
f 1551//1551 310//310 1552//1552
f 1563//1563 311//311 312//312
f 1563//1563 1562//1562 311//311
f 1550//1550 310//310 1551//1551
f 1550//1550 309//309 310//310
f 1564//1564 1563//1563 312//312
f 1549//1549 309//309 1550//1550
f 1565//1565 1564//1564 312//312
f 1548//1548 309//309 1549//1549
f 1566//1566 1565//1565 312//312
f 1547//1547 309//309 1548//1548
f 1567//1567 1566//1566 312//312
f 1546//1546 309//309 1547//1547
f 1568//1568 312//312 313//313
f 1568//1568 1567//1567 312//312
f 1545//1545 308//308 309//309
f 1545//1545 309//309 1546//1546
f 1544//1544 308//308 1545//1545
f 1569//1569 1568//1568 313//313
f 1543//1543 308//308 1544//1544
f 1570//1570 1569//1569 313//313
f 1571//1571 1570//1570 313//313
f 1542//1542 308//308 1543//1543
f 1541//1541 308//308 1542//1542
f 1572//1572 1571//1571 313//313
f 1540//1540 308//308 1541//1541
f 1540//1540 307//307 308//308
f 1573//1573 313//313 314//314
f 1573//1573 1572//1572 313//313
f 1574//1574 1573//1573 314//314
f 1539//1539 307//307 1540//1540
f 1538//1538 307//307 1539//1539
f 1575//1575 1574//1574 314//314
f 1537//1537 307//307 1538//1538
f 1576//1576 1575//1575 314//314
f 1536//1536 306//306 307//307
f 1536//1536 307//307 1537//1537
f 1577//1577 1576//1576 314//314
f 1577//1577 314//314 315//315
f 1535//1535 306//306 1536//1536
f 1578//1578 1577//1577 315//315
f 1534//1534 306//306 1535//1535
f 1579//1579 1578//1578 315//315
f 1533//1533 305//305 306//306
f 1533//1533 306//306 1534//1534
f 1580//1580 1579//1579 315//315
f 1580//1580 315//315 316//316
f 1532//1532 305//305 1533//1533
f 1581//1581 1580//1580 316//316
f 1531//1531 305//305 1532//1532
f 1531//1531 304//304 305//305
f 1582//1582 1581//1581 316//316
f 1582//1582 316//316 317//317
f 1530//1530 304//304 1531//1531
f 1583//1583 1582//1582 317//317
f 1584//1584 1583//1583 317//317
f 1584//1584 317//317 318//318
f 1529//1529 303//303 304//304
f 1529//1529 304//304 1530//1530
f 1528//1528 303//303 1529//1529
f 1585//1585 1584//1584 318//318
f 1527//1527 302//302 303//303
f 1527//1527 303//303 1528//1528
f 1586//1586 1585//1585 318//318
f 1586//1586 318//318 319//319
f 1526//1526 301//301 302//302
f 1526//1526 302//302 1527//1527
f 1587//1587 319//319 320//320
f 1587//1587 1586//1586 319//319
f 1808//1808 1515//1515 1514//1514
f 1808//1808 1516//1516 1515//1515
f 1809//1809 1808//1808 1514//1514
f 1809//1809 1514//1514 1513//1513
f 1810//1810 1809//1809 1513//1513
f 1810//1810 1513//1513 1512//1512
f 1807//1807 1516//1516 1808//1808
f 1807//1807 1517//1517 1516//1516
f 1806//1806 1517//1517 1807//1807
f 1806//1806 1518//1518 1517//1517
f 1811//1811 1810//1810 1512//1512
f 1811//1811 1512//1512 1511//1511
f 1812//1812 1811//1811 1511//1511
f 1812//1812 1511//1511 1510//1510
f 1805//1805 1518//1518 1806//1806
f 1805//1805 1519//1519 1518//1518
f 1813//1813 1812//1812 1510//1510
f 1813//1813 1509//1509 1508//1508
f 1813//1813 1510//1510 1509//1509
f 1804//1804 1521//1521 1520//1520
f 1804//1804 1519//1519 1805//1805
f 1804//1804 1520//1520 1519//1519
f 1803//1803 1522//1522 1521//1521
f 1803//1803 1521//1521 1804//1804
f 1814//1814 1813//1813 1508//1508
f 1814//1814 1508//1508 1507//1507
f 1815//1815 1814//1814 1507//1507
f 1815//1815 1507//1507 1506//1506
f 1802//1802 1523//1523 1522//1522
f 1802//1802 1522//1522 1803//1803
f 1816//1816 1815//1815 1506//1506
f 1816//1816 1506//1506 1505//1505
f 1801//1801 1524//1524 1523//1523
f 1801//1801 1523//1523 1802//1802
f 1800//1800 1525//1525 1524//1524
f 1800//1800 1524//1524 1801//1801
f 1817//1817 1816//1816 1505//1505
f 1817//1817 1505//1505 1504//1504
f 1818//1818 1817//1817 1504//1504
f 1818//1818 1587//1587 320//320
f 1818//1818 1504//1504 1587//1587
f 1799//1799 1526//1526 1525//1525
f 1799//1799 301//301 1526//1526
f 1799//1799 1525//1525 1800//1800
f 1798//1798 300//300 301//301
f 1798//1798 301//301 1799//1799
f 1819//1819 320//320 321//321
f 1819//1819 1818//1818 320//320
f 1820//1820 321//321 322//322
f 1820//1820 1819//1819 321//321
f 1797//1797 299//299 300//300
f 1797//1797 300//300 1798//1798
f 1641//1641 327//327 328//328
f 1640//1640 327//327 1641//1641
f 1724//1724 293//293 294//294
f 1725//1725 1724//1724 294//294
f 1642//1642 1641//1641 328//328
f 1639//1639 327//327 1640//1640
f 1726//1726 1725//1725 294//294
f 1723//1723 293//293 1724//1724
f 1643//1643 1642//1642 328//328
f 1727//1727 294//294 295//295
f 1727//1727 1726//1726 294//294
f 1638//1638 327//327 1639//1639
f 1638//1638 326//326 327//327
f 1722//1722 293//293 1723//1723
f 1644//1644 1643//1643 328//328
f 1637//1637 326//326 1638//1638
f 1728//1728 1727//1727 295//295
f 1721//1721 293//293 1722//1722
f 1636//1636 326//326 1637//1637
f 1636//1636 325//325 326//326
f 1645//1645 1644//1644 328//328
f 1645//1645 328//328 329//329
f 1720//1720 292//292 293//293
f 1720//1720 293//293 1721//1721
f 1729//1729 1728//1728 295//295
f 1729//1729 295//295 296//296
f 1730//1730 1729//1729 296//296
f 1635//1635 325//325 1636//1636
f 1646//1646 1645//1645 329//329
f 1719//1719 292//292 1720//1720
f 1647//1647 1646//1646 329//329
f 1634//1634 325//325 1635//1635
f 1634//1634 324//324 325//325
f 1731//1731 296//296 297//297
f 1731//1731 1730//1730 296//296
f 1718//1718 292//292 1719//1719
f 1648//1648 1647//1647 329//329
f 1633//1633 324//324 1634//1634
f 1717//1717 292//292 1718//1718
f 1732//1732 1731//1731 297//297
f 1733//1733 297//297 298//298
f 1733//1733 1732//1732 297//297
f 1632//1632 323//323 324//324
f 1632//1632 324//324 1633//1633
f 1649//1649 1648//1648 329//329
f 1716//1716 292//292 1717//1717
f 1734//1734 1733//1733 298//298
f 1734//1734 298//298 299//299
f 1734//1734 299//299 1797//1797
f 1631//1631 323//323 1632//1632
f 1631//1631 322//322 323//323
f 1631//1631 1820//1820 322//322
f 1650//1650 329//329 330//330
f 1650//1650 1649//1649 329//329
f 1715//1715 291//291 292//292
f 1715//1715 292//292 1716//1716
f 1651//1651 1650//1650 330//330
f 1714//1714 291//291 1715//1715
f 1735//1735 1797//1797 1796//1796
f 1735//1735 1734//1734 1797//1797
f 1630//1630 1820//1820 1631//1631
f 1630//1630 1821//1821 1820//1820
f 1629//1629 1821//1821 1630//1630
f 1629//1629 1822//1822 1821//1821
f 1652//1652 1651//1651 330//330
f 1713//1713 291//291 1714//1714
f 1736//1736 1796//1796 1795//1795
f 1736//1736 1735//1735 1796//1796
f 1628//1628 1822//1822 1629//1629
f 1628//1628 1823//1823 1822//1822
f 1653//1653 1652//1652 330//330
f 1712//1712 291//291 1713//1713
f 1737//1737 1736//1736 1795//1795
f 1737//1737 1795//1795 1794//1794
f 1627//1627 1824//1824 1823//1823
f 1627//1627 1823//1823 1628//1628
f 1711//1711 291//291 1712//1712
f 1738//1738 1794//1794 1793//1793
f 1738//1738 1737//1737 1794//1794
f 1654//1654 1653//1653 330//330
f 1626//1626 1825//1825 1824//1824
f 1626//1626 1824//1824 1627//1627
f 1739//1739 1738//1738 1793//1793
f 1739//1739 1793//1793 1792//1792
f 1710//1710 290//290 291//291
f 1710//1710 291//291 1711//1711
f 1655//1655 330//330 331//331
f 1655//1655 1654//1654 330//330
f 1656//1656 1655//1655 331//331
f 1625//1625 1825//1825 1626//1626
f 1709//1709 290//290 1710//1710
f 1740//1740 1739//1739 1792//1792
f 1624//1624 1826//1826 1825//1825
f 1624//1624 1825//1825 1625//1625
f 1741//1741 1740//1740 1792//1792
f 1741//1741 1792//1792 1791//1791
f 1657//1657 1656//1656 331//331
f 1708//1708 290//290 1709//1709
f 1623//1623 1827//1827 1826//1826
f 1623//1623 1826//1826 1624//1624
f 1658//1658 1657//1657 331//331
f 1707//1707 290//290 1708//1708
f 1742//1742 1741//1741 1791//1791
f 1742//1742 1791//1791 1790//1790
f 1622//1622 1828//1828 1827//1827
f 1622//1622 1827//1827 1623//1623
f 1659//1659 1658//1658 331//331
f 1743//1743 1790//1790 1789//1789
f 1743//1743 1742//1742 1790//1790
f 1706//1706 290//290 1707//1707
f 1621//1621 1829//1829 1828//1828
f 1621//1621 1828//1828 1622//1622
f 1705//1705 290//290 1706//1706
f 1744//1744 1789//1789 1788//1788
f 1744//1744 1743//1743 1789//1789
f 1660//1660 1659//1659 331//331
f 1620//1620 1829//1829 1621//1621
f 1704//1704 290//290 1705//1705
f 1661//1661 1660//1660 331//331
f 1745//1745 1744//1744 1788//1788
f 1787//1787 1746//1746 1745//1745
f 1787//1787 1747//1747 1746//1746
f 1787//1787 1745//1745 1788//1788
f 1830//1830 1829//1829 1620//1620
f 1830//1830 1619//1619 1618//1618
f 1830//1830 1620//1620 1619//1619
f 1786//1786 1747//1747 1787//1787
f 1786//1786 1748//1748 1747//1747
f 1831//1831 1830//1830 1618//1618
f 1831//1831 1618//1618 1617//1617
f 1785//1785 1748//1748 1786//1786
f 1785//1785 1749//1749 1748//1748
f 1832//1832 1831//1831 1617//1617
f 1832//1832 1617//1617 1616//1616
f 1784//1784 1750//1750 1749//1749
f 1784//1784 1749//1749 1785//1785
f 1833//1833 1616//1616 1615//1615
f 1833//1833 1832//1832 1616//1616
f 1783//1783 1751//1751 1750//1750
f 1783//1783 1752//1752 1751//1751
f 1783//1783 1750//1750 1784//1784
f 1834//1834 1833//1833 1615//1615
f 1834//1834 1614//1614 1613//1613
f 1834//1834 1615//1615 1614//1614
f 289//289 290//290 1704//1704
f 289//289 1698//1698 1697//1697
f 289//289 1699//1699 1698//1698
f 289//289 1700//1700 1699//1699
f 289//289 1701//1701 1700//1700
f 289//289 1702//1702 1701//1701
f 289//289 1703//1703 1702//1702
f 289//289 1704//1704 1703//1703
f 332//332 1662//1662 1661//1661
f 332//332 1663//1663 1662//1662
f 332//332 1664//1664 1663//1663
f 332//332 1665//1665 1664//1664
f 332//332 1666//1666 1665//1665
f 332//332 1667//1667 1666//1666
f 332//332 1668//1668 1667//1667
f 332//332 1661//1661 331//331
f 1782//1782 1753//1753 1752//1752
f 1782//1782 1752//1752 1783//1783
f 1835//1835 1834//1834 1613//1613
f 1835//1835 1613//1613 1612//1612
f 1781//1781 1754//1754 1753//1753
f 1781//1781 1753//1753 1782//1782
f 1836//1836 1612//1612 1611//1611
f 1836//1836 1835//1835 1612//1612
f 1780//1780 1755//1755 1754//1754
f 1780//1780 1754//1754 1781//1781
f 1837//1837 1836//1836 1611//1611
f 1837//1837 1611//1611 1610//1610
f 1779//1779 1672//1672 1755//1755
f 1779//1779 1755//1755 1780//1780
f 1838//1838 1837//1837 1610//1610
f 1838//1838 1610//1610 1609//1609
f 1778//1778 1672//1672 1779//1779
f 1778//1778 1673//1673 1672//1672
f 1839//1839 1838//1838 1609//1609
f 1839//1839 1609//1609 1608//1608
f 288//288 289//289 1697//1697
f 288//288 1693//1693 1692//1692
f 288//288 1694//1694 1693//1693
f 288//288 1695//1695 1694//1694
f 288//288 1696//1696 1695//1695
f 288//288 1697//1697 1696//1696
f 333//333 1668//1668 332//332
f 333//333 1669//1669 1668//1668
f 333//333 1670//1670 1669//1669
f 333//333 1671//1671 1670//1670
f 333//333 1588//1588 1671//1671
f 333//333 1589//1589 1588//1588
f 287//287 288//288 1692//1692
f 287//287 1688//1688 1687//1687
f 287//287 1689//1689 1688//1688
f 287//287 1690//1690 1689//1689
f 287//287 1691//1691 1690//1690
f 287//287 1692//1692 1691//1691
f 334//334 1589//1589 333//333
f 334//334 1590//1590 1589//1589
f 334//334 1591//1591 1590//1590
f 334//334 1592//1592 1591//1591
f 334//334 1593//1593 1592//1592
f 334//334 1594//1594 1593//1593
f 286//286 287//287 1687//1687
f 286//286 1684//1684 1683//1683
f 286//286 1685//1685 1684//1684
f 286//286 1686//1686 1685//1685
f 286//286 1687//1687 1686//1686
f 335//335 1594//1594 334//334
f 335//335 1595//1595 1594//1594
f 335//335 1596//1596 1595//1595
f 335//335 1597//1597 1596//1596
f 335//335 1598//1598 1597//1597
f 285//285 286//286 1683//1683
f 285//285 1681//1681 1680//1680
f 285//285 1682//1682 1681//1681
f 285//285 1683//1683 1682//1682
f 336//336 1598//1598 335//335
f 336//336 1599//1599 1598//1598
f 336//336 1600//1600 1599//1599
f 336//336 1601//1601 1600//1600
f 284//284 285//285 1680//1680
f 284//284 1679//1679 1678//1678
f 284//284 1680//1680 1679//1679
f 337//337 1601//1601 336//336
f 337//337 1602//1602 1601//1601
f 337//337 1603//1603 1602//1602
f 283//283 1677//1677 1676//1676
f 283//283 1678//1678 1677//1677
f 283//283 284//284 1678//1678
f 338//338 1603//1603 337//337
f 338//338 1604//1604 1603//1603
f 338//338 1605//1605 1604//1604
f 282//282 1675//1675 1674//1674
f 282//282 1676//1676 1675//1675
f 282//282 283//283 1676//1676
f 339//339 1605//1605 338//338
f 339//339 1606//1606 1605//1605
f 339//339 1607//1607 1606//1606
f 281//281 1674//1674 1673//1673
f 281//281 282//282 1674//1674
f 340//340 1607//1607 339//339
f 340//340 1608//1608 1607//1607
f 280//280 281//281 1673//1673
f 280//280 1673//1673 1778//1778
f 341//341 1839//1839 1608//1608
f 341//341 1756//1756 1839//1839
f 341//341 1608//1608 340//340
f 279//279 280//280 1778//1778
f 279//279 1778//1778 1777//1777
f 258//258 1757//1757 1756//1756
f 258//258 1756//1756 341//341
f 1892//1892 1767//1767 1766//1766
f 1892//1892 1766//1766 1893//1893
f 1894//1894 1766//1766 1765//1765
f 1894//1894 1893//1893 1766//1766
f 1891//1891 1768//1768 1767//1767
f 1891//1891 1767//1767 1892//1892
f 1890//1890 1768//1768 1891//1891
f 1890//1890 1769//1769 1768//1768
f 1895//1895 1765//1765 1764//1764
f 1895//1895 1894//1894 1765//1765
f 1889//1889 1770//1770 1769//1769
f 1889//1889 1769//1769 1890//1890
f 1896//1896 1895//1895 1764//1764
f 1896//1896 1764//1764 1763//1763
f 1897//1897 1896//1896 1763//1763
f 1897//1897 1763//1763 1762//1762
f 1888//1888 1771//1771 1770//1770
f 1888//1888 1770//1770 1889//1889
f 1887//1887 1771//1771 1888//1888
f 1898//1898 1897//1897 1762//1762
f 1899//1899 1898//1898 1762//1762
f 1899//1899 1762//1762 1761//1761
f 1886//1886 1771//1771 1887//1887
f 1886//1886 1772//1772 1771//1771
f 1900//1900 1761//1761 1760//1760
f 1900//1900 1899//1899 1761//1761
f 1885//1885 1772//1772 1886//1886
f 1885//1885 1773//1773 1772//1772
f 1884//1884 1773//1773 1885//1885
f 1884//1884 1774//1774 1773//1773
f 1901//1901 1900//1900 1760//1760
f 1901//1901 1760//1760 1759//1759
f 1883//1883 1774//1774 1884//1884
f 1883//1883 1775//1775 1774//1774
f 1902//1902 1901//1901 1759//1759
f 1902//1902 1759//1759 1758//1758
f 1903//1903 1902//1902 1758//1758
f 1903//1903 1758//1758 1757//1757
f 1882//1882 1775//1775 1883//1883
f 1882//1882 1776//1776 1775//1775
f 1881//1881 1776//1776 1882//1882
f 1904//1904 1903//1903 1757//1757
f 278//278 1776//1776 1881//1881
f 278//278 279//279 1777//1777
f 278//278 1777//1777 1776//1776
f 259//259 1904//1904 1757//1757
f 259//259 1757//1757 258//258
f 277//277 1881//1881 1880//1880
f 277//277 278//278 1881//1881
f 260//260 1905//1905 1904//1904
f 260//260 1904//1904 259//259
f 276//276 1879//1879 1878//1878
f 276//276 1880//1880 1879//1879
f 276//276 277//277 1880//1880
f 261//261 1905//1905 260//260
f 261//261 1906//1906 1905//1905
f 261//261 1907//1907 1906//1906
f 275//275 1877//1877 1876//1876
f 275//275 1878//1878 1877//1877
f 275//275 276//276 1878//1878
f 262//262 1907//1907 261//261
f 262//262 1908//1908 1907//1907
f 262//262 1909//1909 1908//1908
f 274//274 275//275 1876//1876
f 274//274 1875//1875 1874//1874
f 274//274 1876//1876 1875//1875
f 263//263 1910//1910 1909//1909
f 263//263 1911//1911 1910//1910
f 263//263 1909//1909 262//262
f 273//273 274//274 1874//1874
f 273//273 1872//1872 1871//1871
f 273//273 1873//1873 1872//1872
f 273//273 1874//1874 1873//1873
f 264//264 1911//1911 263//263
f 264//264 1912//1912 1911//1911
f 264//264 1913//1913 1912//1912
f 264//264 1914//1914 1913//1913
f 265//265 1914//1914 264//264
f 265//265 1915//1915 1914//1914
f 265//265 1916//1916 1915//1915
f 265//265 1917//1917 1916//1916
f 265//265 1918//1918 1917//1917
f 272//272 1868//1868 1867//1867
f 272//272 1869//1869 1868//1868
f 272//272 1870//1870 1869//1869
f 272//272 1871//1871 1870//1870
f 272//272 273//273 1871//1871
f 271//271 1863//1863 1862//1862
f 271//271 1864//1864 1863//1863
f 271//271 1865//1865 1864//1864
f 271//271 1866//1866 1865//1865
f 271//271 1867//1867 1866//1866
f 271//271 272//272 1867//1867
f 266//266 1918//1918 265//265
f 266//266 1919//1919 1918//1918
f 266//266 1920//1920 1919//1919
f 266//266 1921//1921 1920//1920
f 266//266 1922//1922 1921//1921
f 266//266 1923//1923 1922//1922
f 270//270 271//271 1862//1862
f 270//270 1858//1858 1857//1857
f 270//270 1859//1859 1858//1858
f 270//270 1860//1860 1859//1859
f 270//270 1861//1861 1860//1860
f 270//270 1862//1862 1861//1861
f 267//267 1841//1841 1840//1840
f 267//267 1842//1842 1841//1841
f 267//267 1843//1843 1842//1842
f 267//267 1844//1844 1843//1843
f 267//267 1923//1923 266//266
f 267//267 1840//1840 1923//1923
f 269//269 1852//1852 1851//1851
f 269//269 1853//1853 1852//1852
f 269//269 1854//1854 1853//1853
f 269//269 1855//1855 1854//1854
f 269//269 1856//1856 1855//1855
f 269//269 1857//1857 1856//1856
f 269//269 270//270 1857//1857
f 268//268 1845//1845 1844//1844
f 268//268 1846//1846 1845//1845
f 268//268 1847//1847 1846//1846
f 268//268 1848//1848 1847//1847
f 268//268 1849//1849 1848//1848
f 268//268 1850//1850 1849//1849
f 268//268 1851//1851 1850//1850
f 268//268 1844//1844 267//267
f 268//268 269//269 1851//1851
f 1505//1505 492//492 1504//1504
f 1505//1505 493//493 492//492
f 1506//1506 493//493 1505//1505
f 1506//1506 494//494 493//493
f 1506//1506 495//495 494//494
f 1507//1507 495//495 1506//1506
f 1508//1508 495//495 1507//1507
f 1508//1508 496//496 495//495
f 1508//1508 497//497 496//496
f 1509//1509 498//498 497//497
f 1509//1509 497//497 1508//1508
f 1510//1510 498//498 1509//1509
f 1511//1511 499//499 498//498
f 1511//1511 498//498 1510//1510
f 1512//1512 499//499 1511//1511
f 1512//1512 500//500 499//499
f 1512//1512 501//501 500//500
f 1513//1513 501//501 1512//1512
f 1514//1514 501//501 1513//1513
f 1514//1514 502//502 501//501
f 1515//1515 502//502 1514//1514
f 1515//1515 503//503 502//502
f 1516//1516 503//503 1515//1515
f 1516//1516 504//504 503//503
f 1517//1517 504//504 1516//1516
f 1517//1517 505//505 504//504
f 1518//1518 505//505 1517//1517
f 1518//1518 506//506 505//505
f 1519//1519 506//506 1518//1518
f 1519//1519 507//507 506//506
f 1520//1520 508//508 507//507
f 1520//1520 509//509 508//508
f 1520//1520 507//507 1519//1519
f 1521//1521 509//509 1520//1520
f 1522//1522 510//510 509//509
f 1522//1522 511//511 510//510
f 1522//1522 509//509 1521//1521
f 1523//1523 511//511 1522//1522
f 1524//1524 512//512 511//511
f 1524//1524 511//511 1523//1523
f 1525//1525 513//513 512//512
f 1525//1525 512//512 1524//1524
f 1526//1526 514//514 513//513
f 1526//1526 515//515 514//514
f 1526//1526 513//513 1525//1525
f 1527//1527 516//516 515//515
f 1527//1527 515//515 1526//1526
f 1528//1528 516//516 1527//1527
f 1529//1529 517//517 516//516
f 1529//1529 518//518 517//517
f 1529//1529 516//516 1528//1528
f 1530//1530 518//518 1529//1529
f 1531//1531 519//519 518//518
f 1531//1531 520//520 519//519
f 1531//1531 518//518 1530//1530
f 1532//1532 520//520 1531//1531
f 1533//1533 521//521 520//520
f 1533//1533 522//522 521//521
f 1533//1533 520//520 1532//1532
f 1534//1534 522//522 1533//1533
f 1535//1535 523//523 522//522
f 1535//1535 522//522 1534//1534
f 1536//1536 523//523 1535//1535
f 1536//1536 524//524 523//523
f 1536//1536 525//525 524//524
f 1537//1537 525//525 1536//1536
f 1537//1537 526//526 525//525
f 1538//1538 526//526 1537//1537
f 1539//1539 526//526 1538//1538
f 1539//1539 527//527 526//526
f 1539//1539 528//528 527//527
f 1540//1540 528//528 1539//1539
f 1541//1541 529//529 528//528
f 1541//1541 528//528 1540//1540
f 1542//1542 530//530 529//529
f 1542//1542 529//529 1541//1541
f 1543//1543 531//531 530//530
f 1543//1543 530//530 1542//1542
f 1544//1544 532//532 531//531
f 1544//1544 531//531 1543//1543
f 1545//1545 533//533 532//532
f 1545//1545 532//532 1544//1544
f 1546//1546 534//534 533//533
f 1546//1546 533//533 1545//1545
f 1547//1547 535//535 534//534
f 1547//1547 534//534 1546//1546
f 1548//1548 536//536 535//535
f 1548//1548 537//537 536//536
f 1548//1548 535//535 1547//1547
f 1549//1549 537//537 1548//1548
f 1550//1550 538//538 537//537
f 1550//1550 537//537 1549//1549
f 1551//1551 539//539 538//538
f 1551//1551 538//538 1550//1550
f 1552//1552 540//540 539//539
f 1552//1552 539//539 1551//1551
f 1553//1553 541//541 540//540
f 1553//1553 540//540 1552//1552
f 1554//1554 542//542 541//541
f 1554//1554 541//541 1553//1553
f 1555//1555 543//543 542//542
f 1555//1555 542//542 1554//1554
f 1556//1556 544//544 543//543
f 1556//1556 543//543 1555//1555
f 1557//1557 545//545 544//544
f 1557//1557 544//544 1556//1556
f 1558//1558 546//546 545//545
f 1558//1558 547//547 546//546
f 1558//1558 545//545 1557//1557
f 1559//1559 547//547 1558//1558
f 1560//1560 548//548 547//547
f 1560//1560 547//547 1559//1559
f 1561//1561 549//549 548//548
f 1561//1561 548//548 1560//1560
f 1562//1562 549//549 1561//1561
f 1562//1562 550//550 549//549
f 1563//1563 550//550 1562//1562
f 1563//1563 551//551 550//550
f 1564//1564 551//551 1563//1563
f 1564//1564 552//552 551//551
f 1565//1565 552//552 1564//1564
f 1565//1565 553//553 552//552
f 1566//1566 553//553 1565//1565
f 1566//1566 554//554 553//553
f 1567//1567 554//554 1566//1566
f 1567//1567 555//555 554//554
f 1568//1568 555//555 1567//1567
f 1568//1568 556//556 555//555
f 1569//1569 556//556 1568//1568
f 1569//1569 557//557 556//556
f 1570//1570 557//557 1569//1569
f 1570//1570 558//558 557//557
f 1571//1571 558//558 1570//1570
f 1571//1571 559//559 558//558
f 1572//1572 559//559 1571//1571
f 1572//1572 560//560 559//559
f 1573//1573 560//560 1572//1572
f 1573//1573 561//561 560//560
f 1574//1574 561//561 1573//1573
f 1574//1574 562//562 561//561
f 1575//1575 562//562 1574//1574
f 1575//1575 563//563 562//562
f 1576//1576 564//564 563//563
f 1576//1576 563//563 1575//1575
f 1577//1577 565//565 564//564
f 1577//1577 564//564 1576//1576
f 1578//1578 566//566 565//565
f 1578//1578 565//565 1577//1577
f 1579//1579 567//567 566//566
f 1579//1579 566//566 1578//1578
f 1580//1580 568//568 567//567
f 1580//1580 567//567 1579//1579
f 1581//1581 569//569 568//568
f 1581//1581 568//568 1580//1580
f 1582//1582 570//570 569//569
f 1582//1582 569//569 1581//1581
f 1583//1583 571//571 570//570
f 1583//1583 570//570 1582//1582
f 1584//1584 572//572 571//571
f 1584//1584 571//571 1583//1583
f 1585//1585 573//573 572//572
f 1585//1585 572//572 1584//1584
f 1586//1586 574//574 573//573
f 1586//1586 573//573 1585//1585
f 1587//1587 574//574 1586//1586
f 1587//1587 575//575 574//574
f 1504//1504 575//575 1587//1587
f 1504//1504 492//492 575//575
f 1589//1589 576//576 1588//1588
f 1589//1589 577//577 576//576
f 1590//1590 577//577 1589//1589
f 1590//1590 578//578 577//577
f 1590//1590 579//579 578//578
f 1591//1591 579//579 1590//1590
f 1592//1592 579//579 1591//1591
f 1592//1592 580//580 579//579
f 1592//1592 581//581 580//580
f 1593//1593 582//582 581//581
f 1593//1593 581//581 1592//1592
f 1594//1594 582//582 1593//1593
f 1595//1595 583//583 582//582
f 1595//1595 582//582 1594//1594
f 1596//1596 583//583 1595//1595
f 1596//1596 584//584 583//583
f 1596//1596 585//585 584//584
f 1597//1597 585//585 1596//1596
f 1598//1598 585//585 1597//1597
f 1598//1598 586//586 585//585
f 1599//1599 586//586 1598//1598
f 1599//1599 587//587 586//586
f 1600//1600 587//587 1599//1599
f 1600//1600 588//588 587//587
f 1601//1601 588//588 1600//1600
f 1601//1601 589//589 588//588
f 1602//1602 589//589 1601//1601
f 1602//1602 590//590 589//589
f 1603//1603 590//590 1602//1602
f 1603//1603 591//591 590//590
f 1604//1604 592//592 591//591
f 1604//1604 593//593 592//592
f 1604//1604 591//591 1603//1603
f 1605//1605 593//593 1604//1604
f 1606//1606 594//594 593//593
f 1606//1606 595//595 594//594
f 1606//1606 593//593 1605//1605
f 1607//1607 595//595 1606//1606
f 1608//1608 596//596 595//595
f 1608//1608 595//595 1607//1607
f 1609//1609 597//597 596//596
f 1609//1609 596//596 1608//1608
f 1610//1610 598//598 597//597
f 1610//1610 599//599 598//598
f 1610//1610 597//597 1609//1609
f 1611//1611 600//600 599//599
f 1611//1611 599//599 1610//1610
f 1612//1612 600//600 1611//1611
f 1613//1613 601//601 600//600
f 1613//1613 602//602 601//601
f 1613//1613 600//600 1612//1612
f 1614//1614 602//602 1613//1613
f 1615//1615 603//603 602//602
f 1615//1615 604//604 603//603
f 1615//1615 602//602 1614//1614
f 1616//1616 604//604 1615//1615
f 1617//1617 605//605 604//604
f 1617//1617 606//606 605//605
f 1617//1617 604//604 1616//1616
f 1618//1618 606//606 1617//1617
f 1619//1619 607//607 606//606
f 1619//1619 606//606 1618//1618
f 1620//1620 607//607 1619//1619
f 1620//1620 608//608 607//607
f 1620//1620 609//609 608//608
f 1621//1621 609//609 1620//1620
f 1621//1621 610//610 609//609
f 1622//1622 610//610 1621//1621
f 1623//1623 610//610 1622//1622
f 1623//1623 611//611 610//610
f 1623//1623 612//612 611//611
f 1624//1624 612//612 1623//1623
f 1625//1625 613//613 612//612
f 1625//1625 612//612 1624//1624
f 1626//1626 614//614 613//613
f 1626//1626 613//613 1625//1625
f 1627//1627 615//615 614//614
f 1627//1627 614//614 1626//1626
f 1628//1628 616//616 615//615
f 1628//1628 615//615 1627//1627
f 1629//1629 617//617 616//616
f 1629//1629 616//616 1628//1628
f 1630//1630 618//618 617//617
f 1630//1630 617//617 1629//1629
f 1631//1631 619//619 618//618
f 1631//1631 618//618 1630//1630
f 1632//1632 620//620 619//619
f 1632//1632 621//621 620//620
f 1632//1632 619//619 1631//1631
f 1633//1633 621//621 1632//1632
f 1634//1634 622//622 621//621
f 1634//1634 621//621 1633//1633
f 1635//1635 623//623 622//622
f 1635//1635 622//622 1634//1634
f 1636//1636 624//624 623//623
f 1636//1636 623//623 1635//1635
f 1637//1637 625//625 624//624
f 1637//1637 624//624 1636//1636
f 1638//1638 626//626 625//625
f 1638//1638 625//625 1637//1637
f 1639//1639 627//627 626//626
f 1639//1639 626//626 1638//1638
f 1640//1640 628//628 627//627
f 1640//1640 627//627 1639//1639
f 1641//1641 629//629 628//628
f 1641//1641 628//628 1640//1640
f 1642//1642 630//630 629//629
f 1642//1642 631//631 630//630
f 1642//1642 629//629 1641//1641
f 1643//1643 631//631 1642//1642
f 1644//1644 632//632 631//631
f 1644//1644 631//631 1643//1643
f 1645//1645 633//633 632//632
f 1645//1645 632//632 1644//1644
f 1646//1646 633//633 1645//1645
f 1646//1646 634//634 633//633
f 1647//1647 634//634 1646//1646
f 1647//1647 635//635 634//634
f 1648//1648 635//635 1647//1647
f 1648//1648 636//636 635//635
f 1649//1649 636//636 1648//1648
f 1649//1649 637//637 636//636
f 1650//1650 637//637 1649//1649
f 1650//1650 638//638 637//637
f 1651//1651 638//638 1650//1650
f 1651//1651 639//639 638//638
f 1652//1652 639//639 1651//1651
f 1652//1652 640//640 639//639
f 1653//1653 640//640 1652//1652
f 1653//1653 641//641 640//640
f 1654//1654 641//641 1653//1653
f 1654//1654 642//642 641//641
f 1655//1655 642//642 1654//1654
f 1655//1655 643//643 642//642
f 1656//1656 643//643 1655//1655
f 1656//1656 644//644 643//643
f 1657//1657 644//644 1656//1656
f 1657//1657 645//645 644//644
f 1658//1658 645//645 1657//1657
f 1658//1658 646//646 645//645
f 1659//1659 646//646 1658//1658
f 1659//1659 647//647 646//646
f 1660//1660 648//648 647//647
f 1660//1660 647//647 1659//1659
f 1661//1661 649//649 648//648
f 1661//1661 648//648 1660//1660
f 1662//1662 650//650 649//649
f 1662//1662 649//649 1661//1661
f 1663//1663 651//651 650//650
f 1663//1663 650//650 1662//1662
f 1664//1664 652//652 651//651
f 1664//1664 651//651 1663//1663
f 1665//1665 653//653 652//652
f 1665//1665 652//652 1664//1664
f 1666//1666 654//654 653//653
f 1666//1666 653//653 1665//1665
f 1667//1667 655//655 654//654
f 1667//1667 654//654 1666//1666
f 1668//1668 656//656 655//655
f 1668//1668 655//655 1667//1667
f 1669//1669 657//657 656//656
f 1669//1669 656//656 1668//1668
f 1670//1670 658//658 657//657
f 1670//1670 657//657 1669//1669
f 1671//1671 658//658 1670//1670
f 1671//1671 659//659 658//658
f 1588//1588 659//659 1671//1671
f 1588//1588 576//576 659//659
f 1673//1673 660//660 1672//1672
f 1673//1673 661//661 660//660
f 1674//1674 661//661 1673//1673
f 1674//1674 662//662 661//661
f 1674//1674 663//663 662//662
f 1675//1675 663//663 1674//1674
f 1676//1676 663//663 1675//1675
f 1676//1676 664//664 663//663
f 1676//1676 665//665 664//664
f 1677//1677 665//665 1676//1676
f 1678//1678 666//666 665//665
f 1678//1678 667//667 666//666
f 1678//1678 665//665 1677//1677
f 1679//1679 667//667 1678//1678
f 1680//1680 667//667 1679//1679
f 1680//1680 668//668 667//667
f 1681//1681 668//668 1680//1680
f 1681//1681 669//669 668//668
f 1681//1681 670//670 669//669
f 1682//1682 670//670 1681//1681
f 1682//1682 671//671 670//670
f 1683//1683 671//671 1682//1682
f 1684//1684 671//671 1683//1683
f 1684//1684 672//672 671//671
f 1685//1685 672//672 1684//1684
f 1685//1685 673//673 672//672
f 1686//1686 673//673 1685//1685
f 1686//1686 674//674 673//673
f 1687//1687 674//674 1686//1686
f 1687//1687 675//675 674//674
f 1688//1688 676//676 675//675
f 1688//1688 675//675 1687//1687
f 1689//1689 677//677 676//676
f 1689//1689 676//676 1688//1688
f 1690//1690 678//678 677//677
f 1690//1690 677//677 1689//1689
f 1691//1691 679//679 678//678
f 1691//1691 678//678 1690//1690
f 1692//1692 680//680 679//679
f 1692//1692 679//679 1691//1691
f 1693//1693 681//681 680//680
f 1693//1693 680//680 1692//1692
f 1694//1694 682//682 681//681
f 1694//1694 681//681 1693//1693
f 1695//1695 683//683 682//682
f 1695//1695 682//682 1694//1694
f 1696//1696 684//684 683//683
f 1696//1696 685//685 684//684
f 1696//1696 683//683 1695//1695
f 1697//1697 685//685 1696//1696
f 1698//1698 686//686 685//685
f 1698//1698 685//685 1697//1697
f 1699//1699 687//687 686//686
f 1699//1699 686//686 1698//1698
f 1700//1700 688//688 687//687
f 1700//1700 687//687 1699//1699
f 1701//1701 689//689 688//688
f 1701//1701 690//690 689//689
f 1701//1701 688//688 1700//1700
f 1702//1702 691//691 690//690
f 1702//1702 690//690 1701//1701
f 1703//1703 691//691 1702//1702
f 1704//1704 691//691 1703//1703
f 1704//1704 692//692 691//691
f 1704//1704 693//693 692//692
f 1705//1705 693//693 1704//1704
f 1705//1705 694//694 693//693
f 1706//1706 694//694 1705//1705
f 1707//1707 694//694 1706//1706
f 1707//1707 695//695 694//694
f 1708//1708 695//695 1707//1707
f 1708//1708 696//696 695//695
f 1708//1708 697//697 696//696
f 1709//1709 697//697 1708//1708
f 1710//1710 698//698 697//697
f 1710//1710 699//699 698//698
f 1710//1710 697//697 1709//1709
f 1711//1711 699//699 1710//1710
f 1712//1712 700//700 699//699
f 1712//1712 699//699 1711//1711
f 1713//1713 701//701 700//700
f 1713//1713 702//702 701//701
f 1713//1713 700//700 1712//1712
f 1714//1714 702//702 1713//1713
f 1715//1715 703//703 702//702
f 1715//1715 702//702 1714//1714
f 1716//1716 704//704 703//703
f 1716//1716 705//705 704//704
f 1716//1716 703//703 1715//1715
f 1717//1717 706//706 705//705
f 1717//1717 705//705 1716//1716
f 1718//1718 706//706 1717//1717
f 1719//1719 707//707 706//706
f 1719//1719 708//708 707//707
f 1719//1719 706//706 1718//1718
f 1720//1720 708//708 1719//1719
f 1721//1721 709//709 708//708
f 1721//1721 708//708 1720//1720
f 1722//1722 710//710 709//709
f 1722//1722 709//709 1721//1721
f 1723//1723 711//711 710//710
f 1723//1723 710//710 1722//1722
f 1724//1724 712//712 711//711
f 1724//1724 711//711 1723//1723
f 1725//1725 713//713 712//712
f 1725//1725 712//712 1724//1724
f 1726//1726 714//714 713//713
f 1726//1726 713//713 1725//1725
f 1727//1727 715//715 714//714
f 1727//1727 714//714 1726//1726
f 1728//1728 716//716 715//715
f 1728//1728 715//715 1727//1727
f 1729//1729 717//717 716//716
f 1729//1729 716//716 1728//1728
f 1730//1730 717//717 1729//1729
f 1730//1730 718//718 717//717
f 1731//1731 718//718 1730//1730
f 1731//1731 719//719 718//718
f 1731//1731 720//720 719//719
f 1732//1732 720//720 1731//1731
f 1733//1733 720//720 1732//1732
f 1733//1733 721//721 720//720
f 1734//1734 721//721 1733//1733
f 1734//1734 722//722 721//721
f 1735//1735 722//722 1734//1734
f 1735//1735 723//723 722//722
f 1736//1736 723//723 1735//1735
f 1736//1736 724//724 723//723
f 1737//1737 724//724 1736//1736
f 1737//1737 725//725 724//724
f 1738//1738 725//725 1737//1737
f 1738//1738 726//726 725//725
f 1738//1738 727//727 726//726
f 1739//1739 727//727 1738//1738
f 1739//1739 728//728 727//727
f 1740//1740 728//728 1739//1739
f 1741//1741 728//728 1740//1740
f 1741//1741 729//729 728//728
f 1742//1742 729//729 1741//1741
f 1742//1742 730//730 729//729
f 1743//1743 730//730 1742//1742
f 1743//1743 731//731 730//730
f 1744//1744 732//732 731//731
f 1744//1744 731//731 1743//1743
f 1745//1745 733//733 732//732
f 1745//1745 732//732 1744//1744
f 1746//1746 734//734 733//733
f 1746//1746 733//733 1745//1745
f 1747//1747 735//735 734//734
f 1747//1747 734//734 1746//1746
f 1748//1748 736//736 735//735
f 1748//1748 735//735 1747//1747
f 1749//1749 737//737 736//736
f 1749//1749 736//736 1748//1748
f 1750//1750 738//738 737//737
f 1750//1750 737//737 1749//1749
f 1751//1751 739//739 738//738
f 1751//1751 738//738 1750//1750
f 1752//1752 740//740 739//739
f 1752//1752 739//739 1751//1751
f 1753//1753 741//741 740//740
f 1753//1753 740//740 1752//1752
f 1754//1754 742//742 741//741
f 1754//1754 741//741 1753//1753
f 1755//1755 742//742 1754//1754
f 1755//1755 743//743 742//742
f 1672//1672 743//743 1755//1755
f 1672//1672 660//660 743//743
f 745//745 744//744 1756//1756
f 745//745 1756//1756 1757//1757
f 746//746 1757//1757 1758//1758
f 746//746 1758//1758 1759//1759
f 746//746 745//745 1757//1757
f 747//747 746//746 1759//1759
f 748//748 1759//1759 1760//1760
f 748//748 1760//1760 1761//1761
f 748//748 747//747 1759//1759
f 749//749 748//748 1761//1761
f 750//750 1761//1761 1762//1762
f 750//750 1762//1762 1763//1763
f 750//750 749//749 1761//1761
f 751//751 750//750 1763//1763
f 752//752 751//751 1763//1763
f 752//752 1763//1763 1764//1764
f 753//753 1764//1764 1765//1765
f 753//753 752//752 1764//1764
f 753//753 1765//1765 1766//1766
f 754//754 1766//1766 1767//1767
f 754//754 753//753 1766//1766
f 755//755 754//754 1767//1767
f 756//756 1767//1767 1768//1768
f 756//756 755//755 1767//1767
f 757//757 1768//1768 1769//1769
f 757//757 756//756 1768//1768
f 758//758 1769//1769 1770//1770
f 758//758 757//757 1769//1769
f 759//759 1770//1770 1771//1771
f 759//759 758//758 1770//1770
f 760//760 1771//1771 1772//1772
f 760//760 759//759 1771//1771
f 761//761 1772//1772 1773//1773
f 761//761 760//760 1772//1772
f 762//762 1773//1773 1774//1774
f 762//762 761//761 1773//1773
f 763//763 1774//1774 1775//1775
f 763//763 762//762 1774//1774
f 764//764 1775//1775 1776//1776
f 764//764 763//763 1775//1775
f 765//765 1776//1776 1777//1777
f 765//765 764//764 1776//1776
f 766//766 1777//1777 1778//1778
f 766//766 765//765 1777//1777
f 767//767 1778//1778 1779//1779
f 767//767 766//766 1778//1778
f 768//768 1779//1779 1780//1780
f 768//768 1780//1780 1781//1781
f 768//768 767//767 1779//1779
f 769//769 768//768 1781//1781
f 770//770 1781//1781 1782//1782
f 770//770 769//769 1781//1781
f 771//771 1782//1782 1783//1783
f 771//771 770//770 1782//1782
f 772//772 1783//1783 1784//1784
f 772//772 771//771 1783//1783
f 773//773 1784//1784 1785//1785
f 773//773 1785//1785 1786//1786
f 773//773 772//772 1784//1784
f 774//774 1786//1786 1787//1787
f 774//774 773//773 1786//1786
f 775//775 774//774 1787//1787
f 776//776 775//775 1787//1787
f 776//776 1787//1787 1788//1788
f 776//776 1788//1788 1789//1789
f 777//777 776//776 1789//1789
f 777//777 1789//1789 1790//1790
f 778//778 777//777 1790//1790
f 779//779 778//778 1790//1790
f 779//779 1790//1790 1791//1791
f 780//780 779//779 1791//1791
f 780//780 1791//1791 1792//1792
f 780//780 1792//1792 1793//1793
f 781//781 780//780 1793//1793
f 782//782 781//781 1793//1793
f 782//782 1793//1793 1794//1794
f 782//782 1794//1794 1795//1795
f 783//783 782//782 1795//1795
f 784//784 783//783 1795//1795
f 784//784 1795//1795 1796//1796
f 785//785 784//784 1796//1796
f 785//785 1796//1796 1797//1797
f 785//785 1797//1797 1798//1798
f 786//786 785//785 1798//1798
f 787//787 1798//1798 1799//1799
f 787//787 786//786 1798//1798
f 788//788 787//787 1799//1799
f 788//788 1799//1799 1800//1800
f 788//788 1800//1800 1801//1801
f 789//789 1801//1801 1802//1802
f 789//789 788//788 1801//1801
f 790//790 789//789 1802//1802
f 791//791 1802//1802 1803//1803
f 791//791 1803//1803 1804//1804
f 791//791 790//790 1802//1802
f 792//792 791//791 1804//1804
f 793//793 1804//1804 1805//1805
f 793//793 792//792 1804//1804
f 794//794 1805//1805 1806//1806
f 794//794 793//793 1805//1805
f 795//795 1806//1806 1807//1807
f 795//795 794//794 1806//1806
f 796//796 1807//1807 1808//1808
f 796//796 795//795 1807//1807
f 797//797 1808//1808 1809//1809
f 797//797 796//796 1808//1808
f 798//798 1809//1809 1810//1810
f 798//798 797//797 1809//1809
f 799//799 1810//1810 1811//1811
f 799//799 798//798 1810//1810
f 800//800 1811//1811 1812//1812
f 800//800 799//799 1811//1811
f 801//801 1812//1812 1813//1813
f 801//801 800//800 1812//1812
f 802//802 801//801 1813//1813
f 802//802 1813//1813 1814//1814
f 803//803 802//802 1814//1814
f 803//803 1814//1814 1815//1815
f 803//803 1815//1815 1816//1816
f 804//804 803//803 1816//1816
f 805//805 804//804 1816//1816
f 805//805 1816//1816 1817//1817
f 806//806 805//805 1817//1817
f 806//806 1817//1817 1818//1818
f 807//807 806//806 1818//1818
f 807//807 1818//1818 1819//1819
f 808//808 807//807 1819//1819
f 808//808 1819//1819 1820//1820
f 809//809 808//808 1820//1820
f 809//809 1820//1820 1821//1821
f 810//810 809//809 1821//1821
f 810//810 1821//1821 1822//1822
f 810//810 1822//1822 1823//1823
f 811//811 810//810 1823//1823
f 811//811 1823//1823 1824//1824
f 812//812 811//811 1824//1824
f 813//813 812//812 1824//1824
f 813//813 1824//1824 1825//1825
f 814//814 813//813 1825//1825
f 814//814 1825//1825 1826//1826
f 815//815 814//814 1826//1826
f 815//815 1826//1826 1827//1827
f 816//816 815//815 1827//1827
f 816//816 1827//1827 1828//1828
f 817//817 816//816 1828//1828
f 817//817 1828//1828 1829//1829
f 818//818 817//817 1829//1829
f 818//818 1829//1829 1830//1830
f 819//819 818//818 1830//1830
f 819//819 1830//1830 1831//1831
f 820//820 819//819 1831//1831
f 820//820 1831//1831 1832//1832
f 821//821 1832//1832 1833//1833
f 821//821 820//820 1832//1832
f 822//822 1833//1833 1834//1834
f 822//822 821//821 1833//1833
f 823//823 1834//1834 1835//1835
f 823//823 822//822 1834//1834
f 824//824 1835//1835 1836//1836
f 824//824 823//823 1835//1835
f 825//825 1836//1836 1837//1837
f 825//825 824//824 1836//1836
f 826//826 1837//1837 1838//1838
f 826//826 825//825 1837//1837
f 827//827 826//826 1838//1838
f 827//827 1838//1838 1839//1839
f 744//744 827//827 1839//1839
f 744//744 1839//1839 1756//1756
f 1841//1841 406//406 1840//1840
f 1841//1841 407//407 406//406
f 1842//1842 407//407 1841//1841
f 1842//1842 408//408 407//407
f 1842//1842 409//409 408//408
f 1843//1843 409//409 1842//1842
f 1844//1844 409//409 1843//1843
f 1844//1844 410//410 409//409
f 1844//1844 411//411 410//410
f 1845//1845 412//412 411//411
f 1845//1845 411//411 1844//1844
f 1846//1846 412//412 1845//1845
f 1847//1847 413//413 412//412
f 1847//1847 412//412 1846//1846
f 1848//1848 413//413 1847//1847
f 1848//1848 414//414 413//413
f 1848//1848 415//415 414//414
f 1849//1849 415//415 1848//1848
f 1850//1850 415//415 1849//1849
f 1850//1850 416//416 415//415
f 1851//1851 416//416 1850//1850
f 1851//1851 417//417 416//416
f 1852//1852 417//417 1851//1851
f 1852//1852 418//418 417//417
f 1853//1853 418//418 1852//1852
f 1853//1853 419//419 418//418
f 1854//1854 419//419 1853//1853
f 1854//1854 420//420 419//419
f 1855//1855 420//420 1854//1854
f 1855//1855 421//421 420//420
f 1856//1856 422//422 421//421
f 1856//1856 423//423 422//422
f 1856//1856 421//421 1855//1855
f 1857//1857 423//423 1856//1856
f 1858//1858 424//424 423//423
f 1858//1858 425//425 424//424
f 1858//1858 423//423 1857//1857
f 1859//1859 425//425 1858//1858
f 1860//1860 426//426 425//425
f 1860//1860 425//425 1859//1859
f 1861//1861 427//427 426//426
f 1861//1861 426//426 1860//1860
f 1862//1862 428//428 427//427
f 1862//1862 429//429 428//428
f 1862//1862 427//427 1861//1861
f 1863//1863 430//430 429//429
f 1863//1863 429//429 1862//1862
f 1864//1864 430//430 1863//1863
f 1865//1865 431//431 430//430
f 1865//1865 432//432 431//431
f 1865//1865 430//430 1864//1864
f 1866//1866 432//432 1865//1865
f 1867//1867 433//433 432//432
f 1867//1867 434//434 433//433
f 1867//1867 432//432 1866//1866
f 1868//1868 434//434 1867//1867
f 1869//1869 435//435 434//434
f 1869//1869 436//436 435//435
f 1869//1869 434//434 1868//1868
f 1870//1870 436//436 1869//1869
f 1871//1871 437//437 436//436
f 1871//1871 436//436 1870//1870
f 1872//1872 437//437 1871//1871
f 1872//1872 438//438 437//437
f 1872//1872 439//439 438//438
f 1873//1873 439//439 1872//1872
f 1873//1873 440//440 439//439
f 1874//1874 440//440 1873//1873
f 1875//1875 440//440 1874//1874
f 1875//1875 441//441 440//440
f 1875//1875 442//442 441//441
f 1876//1876 442//442 1875//1875
f 1877//1877 443//443 442//442
f 1877//1877 442//442 1876//1876
f 1878//1878 444//444 443//443
f 1878//1878 443//443 1877//1877
f 1879//1879 445//445 444//444
f 1879//1879 444//444 1878//1878
f 1880//1880 446//446 445//445
f 1880//1880 445//445 1879//1879
f 1881//1881 447//447 446//446
f 1881//1881 446//446 1880//1880
f 1882//1882 448//448 447//447
f 1882//1882 447//447 1881//1881
f 1883//1883 449//449 448//448
f 1883//1883 448//448 1882//1882
f 1884//1884 450//450 449//449
f 1884//1884 451//451 450//450
f 1884//1884 449//449 1883//1883
f 1885//1885 451//451 1884//1884
f 1886//1886 452//452 451//451
f 1886//1886 451//451 1885//1885
f 1887//1887 453//453 452//452
f 1887//1887 452//452 1886//1886
f 1888//1888 454//454 453//453
f 1888//1888 453//453 1887//1887
f 1889//1889 455//455 454//454
f 1889//1889 454//454 1888//1888
f 1890//1890 456//456 455//455
f 1890//1890 455//455 1889//1889
f 1891//1891 457//457 456//456
f 1891//1891 456//456 1890//1890
f 1892//1892 458//458 457//457
f 1892//1892 457//457 1891//1891
f 1893//1893 459//459 458//458
f 1893//1893 458//458 1892//1892
f 1894//1894 460//460 459//459
f 1894//1894 461//461 460//460
f 1894//1894 459//459 1893//1893
f 1895//1895 461//461 1894//1894
f 1896//1896 462//462 461//461
f 1896//1896 461//461 1895//1895
f 1897//1897 463//463 462//462
f 1897//1897 462//462 1896//1896
f 1898//1898 463//463 1897//1897
f 1898//1898 464//464 463//463
f 1899//1899 464//464 1898//1898
f 1899//1899 465//465 464//464
f 1900//1900 465//465 1899//1899
f 1900//1900 466//466 465//465
f 1901//1901 466//466 1900//1900
f 1901//1901 467//467 466//466
f 1902//1902 467//467 1901//1901
f 1902//1902 468//468 467//467
f 1903//1903 468//468 1902//1902
f 1903//1903 469//469 468//468
f 1904//1904 469//469 1903//1903
f 1904//1904 470//470 469//469
f 1905//1905 470//470 1904//1904
f 1905//1905 471//471 470//470
f 1906//1906 471//471 1905//1905
f 1906//1906 472//472 471//471
f 1907//1907 472//472 1906//1906
f 1907//1907 473//473 472//472
f 1908//1908 473//473 1907//1907
f 1908//1908 474//474 473//473
f 1909//1909 474//474 1908//1908
f 1909//1909 475//475 474//474
f 1910//1910 475//475 1909//1909
f 1910//1910 476//476 475//475
f 1911//1911 476//476 1910//1910
f 1911//1911 477//477 476//476
f 1912//1912 478//478 477//477
f 1912//1912 477//477 1911//1911
f 1913//1913 479//479 478//478
f 1913//1913 478//478 1912//1912
f 1914//1914 480//480 479//479
f 1914//1914 479//479 1913//1913
f 1915//1915 481//481 480//480
f 1915//1915 480//480 1914//1914
f 1916//1916 482//482 481//481
f 1916//1916 481//481 1915//1915
f 1917//1917 483//483 482//482
f 1917//1917 482//482 1916//1916
f 1918//1918 484//484 483//483
f 1918//1918 483//483 1917//1917
f 1919//1919 485//485 484//484
f 1919//1919 484//484 1918//1918
f 1920//1920 486//486 485//485
f 1920//1920 485//485 1919//1919
f 1921//1921 487//487 486//486
f 1921//1921 486//486 1920//1920
f 1922//1922 488//488 487//487
f 1922//1922 487//487 1921//1921
f 1923//1923 488//488 1922//1922
f 1923//1923 489//489 488//488
f 1840//1840 489//489 1923//1923
f 1840//1840 406//406 489//489
f 1929//1929 201//201 1924//1924
f 1928//1928 1927//1927 171//171
f 199//199 201//201 1929//1929
f 199//199 1929//1929 1925//1925
f 855//855 199//199 1925//1925
f 1926//1926 1929//1929 1928//1928
f 1926//1926 1925//1925 1929//1929
f 169//169 858//858 1926//1926
f 169//169 1926//1926 171//171
f 1926//1926 1928//1928 171//171
f 857//857 1926//1926 858//858
f 1930//1930 1931//1931 1926//1926
f 1930//1930 1926//1926 857//857
f 1933//1933 857//857 856//856
f 1930//1930 857//857 1933//1933
f 1936//1936 1933//1933 856//856
f 1935//1935 1936//1936 856//856
f 1934//1934 1935//1935 856//856
f 1932//1932 1930//1930 1933//1933
f 856//856 855//855 1925//1925
f 1939//1939 1925//1925 1937//1937
f 1939//1939 856//856 1925//1925
f 1938//1938 856//856 1939//1939
f 1934//1934 856//856 1938//1938
f 1945//1945 1940//1940 200//200
f 1944//1944 170//170 1943//1943
f 198//198 1945//1945 200//200
f 198//198 1941//1941 1945//1945
f 854//854 1941//1941 198//198
f 1942//1942 1944//1944 1945//1945
f 1942//1942 1945//1945 1941//1941
f 168//168 1942//1942 851//851
f 168//168 170//170 1942//1942
f 1942//1942 170//170 1944//1944
f 1941//1941 854//854 853//853
f 1949//1949 853//853 1947//1947
f 1948//1948 1941//1941 853//853
f 1948//1948 853//853 1949//1949
f 1946//1946 1941//1941 1948//1948
f 1952//1952 853//853 852//852
f 1950//1950 1952//1952 852//852
f 1954//1954 853//853 1952//1952
f 1953//1953 853//853 1954//1954
f 1947//1947 853//853 1953//1953
f 1951//1951 1952//1952 1950//1950
f 1942//1942 852//852 851//851
f 1950//1950 852//852 1942//1942
f 1955//1955 1950//1950 1942//1942
f 167//167 83//83 1956//1956
f 82//82 83//83 167//167
f 1958//1958 78//78 197//197
f 1958//1958 77//77 78//78
f 1959//1959 1958//1958 197//197
f 1957//1957 77//77 1958//1958
f 1962//1962 1963//1963 894//894
f 1961//1961 866//866 1960//1960
f 895//895 1962//1962 894//894
f 895//895 1965//1965 1962//1962
f 1964//1964 1965//1965 895//895
f 1966//1966 1961//1961 1962//1962
f 1966//1966 1962//1962 1965//1965
f 867//867 1966//1966 1967//1967
f 867//867 866//866 1961//1961
f 867//867 1961//1961 1966//1966
f 874//874 873//873 1503//1503
f 1503//1503 873//873 872//872
f 872//872 871//871 1968//1968
f 870//870 1968//1968 871//871
f 1968//1968 870//870 861//861
f 837//837 1968//1968 861//861
f 836//836 872//872 1968//1968
f 836//836 1968//1968 837//837
f 1165//1165 1502//1502 880//880
f 1165//1165 880//880 881//881
f 898//898 911//911 912//912
f 899//899 898//898 912//912
f 2022//2022 2021//2021 984//984
f 2022//2022 984//984 985//985
f 2023//2023 2022//2022 985//985
f 2020//2020 984//984 2021//2021
f 2024//2024 2023//2023 985//985
f 2019//2019 984//984 2020//2020
f 2025//2025 2024//2024 985//985
f 2018//2018 984//984 2019//2019
f 2026//2026 2025//2025 985//985
f 2017//2017 984//984 2018//2018
f 2027//2027 2026//2026 985//985
f 2016//2016 984//984 2017//2017
f 2028//2028 985//985 986//986
f 2028//2028 2027//2027 985//985
f 2015//2015 984//984 2016//2016
f 2015//2015 983//983 984//984
f 2029//2029 2028//2028 986//986
f 2014//2014 983//983 2015//2015
f 2030//2030 2029//2029 986//986
f 2013//2013 983//983 2014//2014
f 2031//2031 2030//2030 986//986
f 2012//2012 983//983 2013//2013
f 2032//2032 2031//2031 986//986
f 2011//2011 983//983 2012//2012
f 2033//2033 986//986 987//987
f 2033//2033 2032//2032 986//986
f 2010//2010 982//982 983//983
f 2010//2010 983//983 2011//2011
f 2009//2009 982//982 2010//2010
f 2034//2034 2033//2033 987//987
f 2008//2008 982//982 2009//2009
f 2035//2035 2034//2034 987//987
f 2036//2036 2035//2035 987//987
f 2007//2007 982//982 2008//2008
f 2006//2006 982//982 2007//2007
f 2037//2037 2036//2036 987//987
f 2005//2005 982//982 2006//2006
f 2005//2005 981//981 982//982
f 2038//2038 987//987 988//988
f 2038//2038 2037//2037 987//987
f 2039//2039 2038//2038 988//988
f 2004//2004 981//981 2005//2005
f 2003//2003 981//981 2004//2004
f 2040//2040 2039//2039 988//988
f 2002//2002 981//981 2003//2003
f 2041//2041 2040//2040 988//988
f 2001//2001 980//980 981//981
f 2001//2001 981//981 2002//2002
f 2042//2042 2041//2041 988//988
f 2042//2042 988//988 989//989
f 2000//2000 980//980 2001//2001
f 2043//2043 2042//2042 989//989
f 1999//1999 980//980 2000//2000
f 2044//2044 2043//2043 989//989
f 1998//1998 979//979 980//980
f 1998//1998 980//980 1999//1999
f 2045//2045 2044//2044 989//989
f 2045//2045 989//989 990//990
f 1997//1997 979//979 1998//1998
f 2046//2046 2045//2045 990//990
f 1996//1996 979//979 1997//1997
f 1996//1996 978//978 979//979
f 2047//2047 2046//2046 990//990
f 2047//2047 990//990 991//991
f 1995//1995 978//978 1996//1996
f 2048//2048 2047//2047 991//991
f 2049//2049 2048//2048 991//991
f 2049//2049 991//991 992//992
f 1994//1994 977//977 978//978
f 1994//1994 978//978 1995//1995
f 1993//1993 977//977 1994//1994
f 2050//2050 2049//2049 992//992
f 1992//1992 976//976 977//977
f 1992//1992 977//977 1993//1993
f 2051//2051 2050//2050 992//992
f 2051//2051 992//992 993//993
f 1991//1991 975//975 976//976
f 1991//1991 976//976 1992//1992
f 2052//2052 993//993 994//994
f 2052//2052 2051//2051 993//993
f 2273//2273 1980//1980 1979//1979
f 2273//2273 1981//1981 1980//1980
f 2274//2274 2273//2273 1979//1979
f 2274//2274 1979//1979 1978//1978
f 2275//2275 2274//2274 1978//1978
f 2275//2275 1978//1978 1977//1977
f 2272//2272 1981//1981 2273//2273
f 2272//2272 1982//1982 1981//1981
f 2271//2271 1982//1982 2272//2272
f 2271//2271 1983//1983 1982//1982
f 2276//2276 2275//2275 1977//1977
f 2276//2276 1977//1977 1976//1976
f 2277//2277 2276//2276 1976//1976
f 2277//2277 1976//1976 1975//1975
f 2270//2270 1983//1983 2271//2271
f 2270//2270 1984//1984 1983//1983
f 2278//2278 2277//2277 1975//1975
f 2278//2278 1974//1974 1973//1973
f 2278//2278 1975//1975 1974//1974
f 2269//2269 1986//1986 1985//1985
f 2269//2269 1984//1984 2270//2270
f 2269//2269 1985//1985 1984//1984
f 2268//2268 1987//1987 1986//1986
f 2268//2268 1986//1986 2269//2269
f 2279//2279 2278//2278 1973//1973
f 2279//2279 1973//1973 1972//1972
f 2280//2280 2279//2279 1972//1972
f 2280//2280 1972//1972 1971//1971
f 2267//2267 1988//1988 1987//1987
f 2267//2267 1987//1987 2268//2268
f 2281//2281 2280//2280 1971//1971
f 2281//2281 1971//1971 1970//1970
f 2266//2266 1989//1989 1988//1988
f 2266//2266 1988//1988 2267//2267
f 2265//2265 1990//1990 1989//1989
f 2265//2265 1989//1989 2266//2266
f 2282//2282 2281//2281 1970//1970
f 2282//2282 1970//1970 1969//1969
f 2283//2283 2282//2282 1969//1969
f 2283//2283 2052//2052 994//994
f 2283//2283 1969//1969 2052//2052
f 2264//2264 1991//1991 1990//1990
f 2264//2264 975//975 1991//1991
f 2264//2264 1990//1990 2265//2265
f 2263//2263 974//974 975//975
f 2263//2263 975//975 2264//2264
f 2284//2284 994//994 995//995
f 2284//2284 2283//2283 994//994
f 2285//2285 995//995 996//996
f 2285//2285 2284//2284 995//995
f 2262//2262 973//973 974//974
f 2262//2262 974//974 2263//2263
f 2106//2106 1001//1001 1002//1002
f 2105//2105 1001//1001 2106//2106
f 2189//2189 967//967 968//968
f 2190//2190 2189//2189 968//968
f 2107//2107 2106//2106 1002//1002
f 2104//2104 1001//1001 2105//2105
f 2191//2191 2190//2190 968//968
f 2188//2188 967//967 2189//2189
f 2108//2108 2107//2107 1002//1002
f 2192//2192 968//968 969//969
f 2192//2192 2191//2191 968//968
f 2103//2103 1001//1001 2104//2104
f 2103//2103 1000//1000 1001//1001
f 2187//2187 967//967 2188//2188
f 2109//2109 2108//2108 1002//1002
f 2102//2102 1000//1000 2103//2103
f 2193//2193 2192//2192 969//969
f 2186//2186 967//967 2187//2187
f 2101//2101 1000//1000 2102//2102
f 2101//2101 999//999 1000//1000
f 2110//2110 2109//2109 1002//1002
f 2110//2110 1002//1002 1003//1003
f 2185//2185 966//966 967//967
f 2185//2185 967//967 2186//2186
f 2194//2194 2193//2193 969//969
f 2194//2194 969//969 970//970
f 2195//2195 2194//2194 970//970
f 2100//2100 999//999 2101//2101
f 2111//2111 2110//2110 1003//1003
f 2184//2184 966//966 2185//2185
f 2112//2112 2111//2111 1003//1003
f 2099//2099 999//999 2100//2100
f 2099//2099 998//998 999//999
f 2196//2196 970//970 971//971
f 2196//2196 2195//2195 970//970
f 2183//2183 966//966 2184//2184
f 2113//2113 2112//2112 1003//1003
f 2098//2098 998//998 2099//2099
f 2182//2182 966//966 2183//2183
f 2197//2197 2196//2196 971//971
f 2198//2198 971//971 972//972
f 2198//2198 2197//2197 971//971
f 2097//2097 997//997 998//998
f 2097//2097 998//998 2098//2098
f 2114//2114 2113//2113 1003//1003
f 2181//2181 966//966 2182//2182
f 2199//2199 2198//2198 972//972
f 2199//2199 972//972 973//973
f 2199//2199 973//973 2262//2262
f 2096//2096 997//997 2097//2097
f 2096//2096 996//996 997//997
f 2096//2096 2285//2285 996//996
f 2115//2115 1003//1003 1004//1004
f 2115//2115 2114//2114 1003//1003
f 2180//2180 965//965 966//966
f 2180//2180 966//966 2181//2181
f 2116//2116 2115//2115 1004//1004
f 2179//2179 965//965 2180//2180
f 2200//2200 2262//2262 2261//2261
f 2200//2200 2199//2199 2262//2262
f 2095//2095 2285//2285 2096//2096
f 2095//2095 2286//2286 2285//2285
f 2094//2094 2286//2286 2095//2095
f 2094//2094 2287//2287 2286//2286
f 2117//2117 2116//2116 1004//1004
f 2178//2178 965//965 2179//2179
f 2201//2201 2261//2261 2260//2260
f 2201//2201 2200//2200 2261//2261
f 2093//2093 2287//2287 2094//2094
f 2093//2093 2288//2288 2287//2287
f 2118//2118 2117//2117 1004//1004
f 2177//2177 965//965 2178//2178
f 2202//2202 2201//2201 2260//2260
f 2202//2202 2260//2260 2259//2259
f 2092//2092 2289//2289 2288//2288
f 2092//2092 2288//2288 2093//2093
f 2176//2176 965//965 2177//2177
f 2203//2203 2259//2259 2258//2258
f 2203//2203 2202//2202 2259//2259
f 2119//2119 2118//2118 1004//1004
f 2091//2091 2290//2290 2289//2289
f 2091//2091 2289//2289 2092//2092
f 2204//2204 2203//2203 2258//2258
f 2204//2204 2258//2258 2257//2257
f 2175//2175 964//964 965//965
f 2175//2175 965//965 2176//2176
f 2120//2120 1004//1004 1005//1005
f 2120//2120 2119//2119 1004//1004
f 2121//2121 2120//2120 1005//1005
f 2090//2090 2290//2290 2091//2091
f 2174//2174 964//964 2175//2175
f 2205//2205 2204//2204 2257//2257
f 2089//2089 2291//2291 2290//2290
f 2089//2089 2290//2290 2090//2090
f 2206//2206 2205//2205 2257//2257
f 2206//2206 2257//2257 2256//2256
f 2122//2122 2121//2121 1005//1005
f 2173//2173 964//964 2174//2174
f 2088//2088 2292//2292 2291//2291
f 2088//2088 2291//2291 2089//2089
f 2123//2123 2122//2122 1005//1005
f 2172//2172 964//964 2173//2173
f 2207//2207 2206//2206 2256//2256
f 2207//2207 2256//2256 2255//2255
f 2087//2087 2293//2293 2292//2292
f 2087//2087 2292//2292 2088//2088
f 2124//2124 2123//2123 1005//1005
f 2208//2208 2255//2255 2254//2254
f 2208//2208 2207//2207 2255//2255
f 2171//2171 964//964 2172//2172
f 2086//2086 2294//2294 2293//2293
f 2086//2086 2293//2293 2087//2087
f 2170//2170 964//964 2171//2171
f 2209//2209 2254//2254 2253//2253
f 2209//2209 2208//2208 2254//2254
f 2125//2125 2124//2124 1005//1005
f 2085//2085 2294//2294 2086//2086
f 2169//2169 964//964 2170//2170
f 2126//2126 2125//2125 1005//1005
f 2210//2210 2209//2209 2253//2253
f 2252//2252 2211//2211 2210//2210
f 2252//2252 2212//2212 2211//2211
f 2252//2252 2210//2210 2253//2253
f 2295//2295 2294//2294 2085//2085
f 2295//2295 2084//2084 2083//2083
f 2295//2295 2085//2085 2084//2084
f 2251//2251 2212//2212 2252//2252
f 2251//2251 2213//2213 2212//2212
f 2296//2296 2295//2295 2083//2083
f 2296//2296 2083//2083 2082//2082
f 2250//2250 2213//2213 2251//2251
f 2250//2250 2214//2214 2213//2213
f 2297//2297 2296//2296 2082//2082
f 2297//2297 2082//2082 2081//2081
f 2249//2249 2215//2215 2214//2214
f 2249//2249 2214//2214 2250//2250
f 2298//2298 2081//2081 2080//2080
f 2298//2298 2297//2297 2081//2081
f 2248//2248 2216//2216 2215//2215
f 2248//2248 2217//2217 2216//2216
f 2248//2248 2215//2215 2249//2249
f 2299//2299 2298//2298 2080//2080
f 2299//2299 2079//2079 2078//2078
f 2299//2299 2080//2080 2079//2079
f 963//963 964//964 2169//2169
f 963//963 2163//2163 2162//2162
f 963//963 2164//2164 2163//2163
f 963//963 2165//2165 2164//2164
f 963//963 2166//2166 2165//2165
f 963//963 2167//2167 2166//2166
f 963//963 2168//2168 2167//2167
f 963//963 2169//2169 2168//2168
f 1006//1006 2127//2127 2126//2126
f 1006//1006 2128//2128 2127//2127
f 1006//1006 2129//2129 2128//2128
f 1006//1006 2130//2130 2129//2129
f 1006//1006 2131//2131 2130//2130
f 1006//1006 2132//2132 2131//2131
f 1006//1006 2133//2133 2132//2132
f 1006//1006 2126//2126 1005//1005
f 2247//2247 2218//2218 2217//2217
f 2247//2247 2217//2217 2248//2248
f 2300//2300 2299//2299 2078//2078
f 2300//2300 2078//2078 2077//2077
f 2246//2246 2219//2219 2218//2218
f 2246//2246 2218//2218 2247//2247
f 2301//2301 2077//2077 2076//2076
f 2301//2301 2300//2300 2077//2077
f 2245//2245 2220//2220 2219//2219
f 2245//2245 2219//2219 2246//2246
f 2302//2302 2301//2301 2076//2076
f 2302//2302 2076//2076 2075//2075
f 2244//2244 2137//2137 2220//2220
f 2244//2244 2220//2220 2245//2245
f 2303//2303 2302//2302 2075//2075
f 2303//2303 2075//2075 2074//2074
f 2243//2243 2137//2137 2244//2244
f 2243//2243 2138//2138 2137//2137
f 2304//2304 2303//2303 2074//2074
f 2304//2304 2074//2074 2073//2073
f 962//962 963//963 2162//2162
f 962//962 2158//2158 2157//2157
f 962//962 2159//2159 2158//2158
f 962//962 2160//2160 2159//2159
f 962//962 2161//2161 2160//2160
f 962//962 2162//2162 2161//2161
f 1007//1007 2133//2133 1006//1006
f 1007//1007 2134//2134 2133//2133
f 1007//1007 2135//2135 2134//2134
f 1007//1007 2136//2136 2135//2135
f 1007//1007 2053//2053 2136//2136
f 1007//1007 2054//2054 2053//2053
f 961//961 962//962 2157//2157
f 961//961 2153//2153 2152//2152
f 961//961 2154//2154 2153//2153
f 961//961 2155//2155 2154//2154
f 961//961 2156//2156 2155//2155
f 961//961 2157//2157 2156//2156
f 1008//1008 2054//2054 1007//1007
f 1008//1008 2055//2055 2054//2054
f 1008//1008 2056//2056 2055//2055
f 1008//1008 2057//2057 2056//2056
f 1008//1008 2058//2058 2057//2057
f 1008//1008 2059//2059 2058//2058
f 960//960 961//961 2152//2152
f 960//960 2149//2149 2148//2148
f 960//960 2150//2150 2149//2149
f 960//960 2151//2151 2150//2150
f 960//960 2152//2152 2151//2151
f 1009//1009 2059//2059 1008//1008
f 1009//1009 2060//2060 2059//2059
f 1009//1009 2061//2061 2060//2060
f 1009//1009 2062//2062 2061//2061
f 1009//1009 2063//2063 2062//2062
f 959//959 960//960 2148//2148
f 959//959 2146//2146 2145//2145
f 959//959 2147//2147 2146//2146
f 959//959 2148//2148 2147//2147
f 1010//1010 2063//2063 1009//1009
f 1010//1010 2064//2064 2063//2063
f 1010//1010 2065//2065 2064//2064
f 1010//1010 2066//2066 2065//2065
f 958//958 959//959 2145//2145
f 958//958 2144//2144 2143//2143
f 958//958 2145//2145 2144//2144
f 1011//1011 2066//2066 1010//1010
f 1011//1011 2067//2067 2066//2066
f 1011//1011 2068//2068 2067//2067
f 957//957 2142//2142 2141//2141
f 957//957 2143//2143 2142//2142
f 957//957 958//958 2143//2143
f 1012//1012 2068//2068 1011//1011
f 1012//1012 2069//2069 2068//2068
f 1012//1012 2070//2070 2069//2069
f 956//956 2140//2140 2139//2139
f 956//956 2141//2141 2140//2140
f 956//956 957//957 2141//2141
f 1013//1013 2070//2070 1012//1012
f 1013//1013 2071//2071 2070//2070
f 1013//1013 2072//2072 2071//2071
f 955//955 2139//2139 2138//2138
f 955//955 956//956 2139//2139
f 1014//1014 2072//2072 1013//1013
f 1014//1014 2073//2073 2072//2072
f 954//954 955//955 2138//2138
f 954//954 2138//2138 2243//2243
f 1015//1015 2304//2304 2073//2073
f 1015//1015 2221//2221 2304//2304
f 1015//1015 2073//2073 1014//1014
f 953//953 954//954 2243//2243
f 953//953 2243//2243 2242//2242
f 932//932 2222//2222 2221//2221
f 932//932 2221//2221 1015//1015
f 2357//2357 2232//2232 2231//2231
f 2357//2357 2231//2231 2358//2358
f 2359//2359 2231//2231 2230//2230
f 2359//2359 2358//2358 2231//2231
f 2356//2356 2233//2233 2232//2232
f 2356//2356 2232//2232 2357//2357
f 2355//2355 2233//2233 2356//2356
f 2355//2355 2234//2234 2233//2233
f 2360//2360 2230//2230 2229//2229
f 2360//2360 2359//2359 2230//2230
f 2354//2354 2235//2235 2234//2234
f 2354//2354 2234//2234 2355//2355
f 2361//2361 2360//2360 2229//2229
f 2361//2361 2229//2229 2228//2228
f 2362//2362 2361//2361 2228//2228
f 2362//2362 2228//2228 2227//2227
f 2353//2353 2236//2236 2235//2235
f 2353//2353 2235//2235 2354//2354
f 2352//2352 2236//2236 2353//2353
f 2363//2363 2362//2362 2227//2227
f 2364//2364 2363//2363 2227//2227
f 2364//2364 2227//2227 2226//2226
f 2351//2351 2236//2236 2352//2352
f 2351//2351 2237//2237 2236//2236
f 2365//2365 2226//2226 2225//2225
f 2365//2365 2364//2364 2226//2226
f 2350//2350 2237//2237 2351//2351
f 2350//2350 2238//2238 2237//2237
f 2349//2349 2238//2238 2350//2350
f 2349//2349 2239//2239 2238//2238
f 2366//2366 2365//2365 2225//2225
f 2366//2366 2225//2225 2224//2224
f 2348//2348 2239//2239 2349//2349
f 2348//2348 2240//2240 2239//2239
f 2367//2367 2366//2366 2224//2224
f 2367//2367 2224//2224 2223//2223
f 2368//2368 2367//2367 2223//2223
f 2368//2368 2223//2223 2222//2222
f 2347//2347 2240//2240 2348//2348
f 2347//2347 2241//2241 2240//2240
f 2346//2346 2241//2241 2347//2347
f 2369//2369 2368//2368 2222//2222
f 952//952 2241//2241 2346//2346
f 952//952 953//953 2242//2242
f 952//952 2242//2242 2241//2241
f 933//933 2369//2369 2222//2222
f 933//933 2222//2222 932//932
f 951//951 2346//2346 2345//2345
f 951//951 952//952 2346//2346
f 934//934 2370//2370 2369//2369
f 934//934 2369//2369 933//933
f 950//950 2344//2344 2343//2343
f 950//950 2345//2345 2344//2344
f 950//950 951//951 2345//2345
f 935//935 2370//2370 934//934
f 935//935 2371//2371 2370//2370
f 935//935 2372//2372 2371//2371
f 949//949 2342//2342 2341//2341
f 949//949 2343//2343 2342//2342
f 949//949 950//950 2343//2343
f 936//936 2372//2372 935//935
f 936//936 2373//2373 2372//2372
f 936//936 2374//2374 2373//2373
f 948//948 949//949 2341//2341
f 948//948 2340//2340 2339//2339
f 948//948 2341//2341 2340//2340
f 937//937 2375//2375 2374//2374
f 937//937 2376//2376 2375//2375
f 937//937 2374//2374 936//936
f 947//947 948//948 2339//2339
f 947//947 2337//2337 2336//2336
f 947//947 2338//2338 2337//2337
f 947//947 2339//2339 2338//2338
f 938//938 2376//2376 937//937
f 938//938 2377//2377 2376//2376
f 938//938 2378//2378 2377//2377
f 938//938 2379//2379 2378//2378
f 939//939 2379//2379 938//938
f 939//939 2380//2380 2379//2379
f 939//939 2381//2381 2380//2380
f 939//939 2382//2382 2381//2381
f 939//939 2383//2383 2382//2382
f 946//946 2333//2333 2332//2332
f 946//946 2334//2334 2333//2333
f 946//946 2335//2335 2334//2334
f 946//946 2336//2336 2335//2335
f 946//946 947//947 2336//2336
f 945//945 2328//2328 2327//2327
f 945//945 2329//2329 2328//2328
f 945//945 2330//2330 2329//2329
f 945//945 2331//2331 2330//2330
f 945//945 2332//2332 2331//2331
f 945//945 946//946 2332//2332
f 940//940 2383//2383 939//939
f 940//940 2384//2384 2383//2383
f 940//940 2385//2385 2384//2384
f 940//940 2386//2386 2385//2385
f 940//940 2387//2387 2386//2386
f 940//940 2388//2388 2387//2387
f 944//944 945//945 2327//2327
f 944//944 2323//2323 2322//2322
f 944//944 2324//2324 2323//2323
f 944//944 2325//2325 2324//2324
f 944//944 2326//2326 2325//2325
f 944//944 2327//2327 2326//2326
f 941//941 2306//2306 2305//2305
f 941//941 2307//2307 2306//2306
f 941//941 2308//2308 2307//2307
f 941//941 2309//2309 2308//2308
f 941//941 2388//2388 940//940
f 941//941 2305//2305 2388//2388
f 943//943 2317//2317 2316//2316
f 943//943 2318//2318 2317//2317
f 943//943 2319//2319 2318//2318
f 943//943 2320//2320 2319//2319
f 943//943 2321//2321 2320//2320
f 943//943 2322//2322 2321//2321
f 943//943 944//944 2322//2322
f 942//942 2310//2310 2309//2309
f 942//942 2311//2311 2310//2310
f 942//942 2312//2312 2311//2311
f 942//942 2313//2313 2312//2312
f 942//942 2314//2314 2313//2313
f 942//942 2315//2315 2314//2314
f 942//942 2316//2316 2315//2315
f 942//942 2309//2309 941//941
f 942//942 943//943 2316//2316
f 1970//1970 1166//1166 1969//1969
f 1970//1970 1167//1167 1166//1166
f 1971//1971 1167//1167 1970//1970
f 1971//1971 1168//1168 1167//1167
f 1971//1971 1169//1169 1168//1168
f 1972//1972 1169//1169 1971//1971
f 1973//1973 1169//1169 1972//1972
f 1973//1973 1170//1170 1169//1169
f 1973//1973 1171//1171 1170//1170
f 1974//1974 1172//1172 1171//1171
f 1974//1974 1171//1171 1973//1973
f 1975//1975 1172//1172 1974//1974
f 1976//1976 1173//1173 1172//1172
f 1976//1976 1172//1172 1975//1975
f 1977//1977 1173//1173 1976//1976
f 1977//1977 1174//1174 1173//1173
f 1977//1977 1175//1175 1174//1174
f 1978//1978 1175//1175 1977//1977
f 1979//1979 1175//1175 1978//1978
f 1979//1979 1176//1176 1175//1175
f 1980//1980 1176//1176 1979//1979
f 1980//1980 1177//1177 1176//1176
f 1981//1981 1177//1177 1980//1980
f 1981//1981 1178//1178 1177//1177
f 1982//1982 1178//1178 1981//1981
f 1982//1982 1179//1179 1178//1178
f 1983//1983 1179//1179 1982//1982
f 1983//1983 1180//1180 1179//1179
f 1984//1984 1180//1180 1983//1983
f 1984//1984 1181//1181 1180//1180
f 1985//1985 1182//1182 1181//1181
f 1985//1985 1183//1183 1182//1182
f 1985//1985 1181//1181 1984//1984
f 1986//1986 1183//1183 1985//1985
f 1987//1987 1184//1184 1183//1183
f 1987//1987 1185//1185 1184//1184
f 1987//1987 1183//1183 1986//1986
f 1988//1988 1185//1185 1987//1987
f 1989//1989 1186//1186 1185//1185
f 1989//1989 1185//1185 1988//1988
f 1990//1990 1187//1187 1186//1186
f 1990//1990 1186//1186 1989//1989
f 1991//1991 1188//1188 1187//1187
f 1991//1991 1189//1189 1188//1188
f 1991//1991 1187//1187 1990//1990
f 1992//1992 1190//1190 1189//1189
f 1992//1992 1189//1189 1991//1991
f 1993//1993 1190//1190 1992//1992
f 1994//1994 1191//1191 1190//1190
f 1994//1994 1192//1192 1191//1191
f 1994//1994 1190//1190 1993//1993
f 1995//1995 1192//1192 1994//1994
f 1996//1996 1193//1193 1192//1192
f 1996//1996 1194//1194 1193//1193
f 1996//1996 1192//1192 1995//1995
f 1997//1997 1194//1194 1996//1996
f 1998//1998 1195//1195 1194//1194
f 1998//1998 1196//1196 1195//1195
f 1998//1998 1194//1194 1997//1997
f 1999//1999 1196//1196 1998//1998
f 2000//2000 1197//1197 1196//1196
f 2000//2000 1196//1196 1999//1999
f 2001//2001 1197//1197 2000//2000
f 2001//2001 1198//1198 1197//1197
f 2001//2001 1199//1199 1198//1198
f 2002//2002 1199//1199 2001//2001
f 2002//2002 1200//1200 1199//1199
f 2003//2003 1200//1200 2002//2002
f 2004//2004 1200//1200 2003//2003
f 2004//2004 1201//1201 1200//1200
f 2004//2004 1202//1202 1201//1201
f 2005//2005 1202//1202 2004//2004
f 2006//2006 1203//1203 1202//1202
f 2006//2006 1202//1202 2005//2005
f 2007//2007 1204//1204 1203//1203
f 2007//2007 1203//1203 2006//2006
f 2008//2008 1205//1205 1204//1204
f 2008//2008 1204//1204 2007//2007
f 2009//2009 1206//1206 1205//1205
f 2009//2009 1205//1205 2008//2008
f 2010//2010 1207//1207 1206//1206
f 2010//2010 1206//1206 2009//2009
f 2011//2011 1208//1208 1207//1207
f 2011//2011 1207//1207 2010//2010
f 2012//2012 1209//1209 1208//1208
f 2012//2012 1208//1208 2011//2011
f 2013//2013 1210//1210 1209//1209
f 2013//2013 1211//1211 1210//1210
f 2013//2013 1209//1209 2012//2012
f 2014//2014 1211//1211 2013//2013
f 2015//2015 1212//1212 1211//1211
f 2015//2015 1211//1211 2014//2014
f 2016//2016 1213//1213 1212//1212
f 2016//2016 1212//1212 2015//2015
f 2017//2017 1214//1214 1213//1213
f 2017//2017 1213//1213 2016//2016
f 2018//2018 1215//1215 1214//1214
f 2018//2018 1214//1214 2017//2017
f 2019//2019 1216//1216 1215//1215
f 2019//2019 1215//1215 2018//2018
f 2020//2020 1217//1217 1216//1216
f 2020//2020 1216//1216 2019//2019
f 2021//2021 1218//1218 1217//1217
f 2021//2021 1217//1217 2020//2020
f 2022//2022 1219//1219 1218//1218
f 2022//2022 1218//1218 2021//2021
f 2023//2023 1220//1220 1219//1219
f 2023//2023 1221//1221 1220//1220
f 2023//2023 1219//1219 2022//2022
f 2024//2024 1221//1221 2023//2023
f 2025//2025 1222//1222 1221//1221
f 2025//2025 1221//1221 2024//2024
f 2026//2026 1223//1223 1222//1222
f 2026//2026 1222//1222 2025//2025
f 2027//2027 1223//1223 2026//2026
f 2027//2027 1224//1224 1223//1223
f 2028//2028 1224//1224 2027//2027
f 2028//2028 1225//1225 1224//1224
f 2029//2029 1225//1225 2028//2028
f 2029//2029 1226//1226 1225//1225
f 2030//2030 1226//1226 2029//2029
f 2030//2030 1227//1227 1226//1226
f 2031//2031 1227//1227 2030//2030
f 2031//2031 1228//1228 1227//1227
f 2032//2032 1228//1228 2031//2031
f 2032//2032 1229//1229 1228//1228
f 2033//2033 1229//1229 2032//2032
f 2033//2033 1230//1230 1229//1229
f 2034//2034 1230//1230 2033//2033
f 2034//2034 1231//1231 1230//1230
f 2035//2035 1231//1231 2034//2034
f 2035//2035 1232//1232 1231//1231
f 2036//2036 1232//1232 2035//2035
f 2036//2036 1233//1233 1232//1232
f 2037//2037 1233//1233 2036//2036
f 2037//2037 1234//1234 1233//1233
f 2038//2038 1234//1234 2037//2037
f 2038//2038 1235//1235 1234//1234
f 2039//2039 1235//1235 2038//2038
f 2039//2039 1236//1236 1235//1235
f 2040//2040 1236//1236 2039//2039
f 2040//2040 1237//1237 1236//1236
f 2041//2041 1238//1238 1237//1237
f 2041//2041 1237//1237 2040//2040
f 2042//2042 1239//1239 1238//1238
f 2042//2042 1238//1238 2041//2041
f 2043//2043 1240//1240 1239//1239
f 2043//2043 1239//1239 2042//2042
f 2044//2044 1241//1241 1240//1240
f 2044//2044 1240//1240 2043//2043
f 2045//2045 1242//1242 1241//1241
f 2045//2045 1241//1241 2044//2044
f 2046//2046 1243//1243 1242//1242
f 2046//2046 1242//1242 2045//2045
f 2047//2047 1244//1244 1243//1243
f 2047//2047 1243//1243 2046//2046
f 2048//2048 1245//1245 1244//1244
f 2048//2048 1244//1244 2047//2047
f 2049//2049 1246//1246 1245//1245
f 2049//2049 1245//1245 2048//2048
f 2050//2050 1247//1247 1246//1246
f 2050//2050 1246//1246 2049//2049
f 2051//2051 1248//1248 1247//1247
f 2051//2051 1247//1247 2050//2050
f 2052//2052 1248//1248 2051//2051
f 2052//2052 1249//1249 1248//1248
f 1969//1969 1249//1249 2052//2052
f 1969//1969 1166//1166 1249//1249
f 2054//2054 1250//1250 2053//2053
f 2054//2054 1251//1251 1250//1250
f 2055//2055 1251//1251 2054//2054
f 2055//2055 1252//1252 1251//1251
f 2055//2055 1253//1253 1252//1252
f 2056//2056 1253//1253 2055//2055
f 2057//2057 1253//1253 2056//2056
f 2057//2057 1254//1254 1253//1253
f 2057//2057 1255//1255 1254//1254
f 2058//2058 1256//1256 1255//1255
f 2058//2058 1255//1255 2057//2057
f 2059//2059 1256//1256 2058//2058
f 2060//2060 1257//1257 1256//1256
f 2060//2060 1256//1256 2059//2059
f 2061//2061 1257//1257 2060//2060
f 2061//2061 1258//1258 1257//1257
f 2061//2061 1259//1259 1258//1258
f 2062//2062 1259//1259 2061//2061
f 2063//2063 1259//1259 2062//2062
f 2063//2063 1260//1260 1259//1259
f 2064//2064 1260//1260 2063//2063
f 2064//2064 1261//1261 1260//1260
f 2065//2065 1261//1261 2064//2064
f 2065//2065 1262//1262 1261//1261
f 2066//2066 1262//1262 2065//2065
f 2066//2066 1263//1263 1262//1262
f 2067//2067 1263//1263 2066//2066
f 2067//2067 1264//1264 1263//1263
f 2068//2068 1264//1264 2067//2067
f 2068//2068 1265//1265 1264//1264
f 2069//2069 1266//1266 1265//1265
f 2069//2069 1267//1267 1266//1266
f 2069//2069 1265//1265 2068//2068
f 2070//2070 1267//1267 2069//2069
f 2071//2071 1268//1268 1267//1267
f 2071//2071 1269//1269 1268//1268
f 2071//2071 1267//1267 2070//2070
f 2072//2072 1269//1269 2071//2071
f 2073//2073 1270//1270 1269//1269
f 2073//2073 1269//1269 2072//2072
f 2074//2074 1271//1271 1270//1270
f 2074//2074 1270//1270 2073//2073
f 2075//2075 1272//1272 1271//1271
f 2075//2075 1273//1273 1272//1272
f 2075//2075 1271//1271 2074//2074
f 2076//2076 1274//1274 1273//1273
f 2076//2076 1273//1273 2075//2075
f 2077//2077 1274//1274 2076//2076
f 2078//2078 1275//1275 1274//1274
f 2078//2078 1276//1276 1275//1275
f 2078//2078 1274//1274 2077//2077
f 2079//2079 1276//1276 2078//2078
f 2080//2080 1277//1277 1276//1276
f 2080//2080 1278//1278 1277//1277
f 2080//2080 1276//1276 2079//2079
f 2081//2081 1278//1278 2080//2080
f 2082//2082 1279//1279 1278//1278
f 2082//2082 1280//1280 1279//1279
f 2082//2082 1278//1278 2081//2081
f 2083//2083 1280//1280 2082//2082
f 2084//2084 1281//1281 1280//1280
f 2084//2084 1280//1280 2083//2083
f 2085//2085 1281//1281 2084//2084
f 2085//2085 1282//1282 1281//1281
f 2085//2085 1283//1283 1282//1282
f 2086//2086 1283//1283 2085//2085
f 2086//2086 1284//1284 1283//1283
f 2087//2087 1284//1284 2086//2086
f 2088//2088 1284//1284 2087//2087
f 2088//2088 1285//1285 1284//1284
f 2088//2088 1286//1286 1285//1285
f 2089//2089 1286//1286 2088//2088
f 2090//2090 1287//1287 1286//1286
f 2090//2090 1286//1286 2089//2089
f 2091//2091 1288//1288 1287//1287
f 2091//2091 1287//1287 2090//2090
f 2092//2092 1289//1289 1288//1288
f 2092//2092 1288//1288 2091//2091
f 2093//2093 1290//1290 1289//1289
f 2093//2093 1289//1289 2092//2092
f 2094//2094 1291//1291 1290//1290
f 2094//2094 1290//1290 2093//2093
f 2095//2095 1292//1292 1291//1291
f 2095//2095 1291//1291 2094//2094
f 2096//2096 1293//1293 1292//1292
f 2096//2096 1292//1292 2095//2095
f 2097//2097 1294//1294 1293//1293
f 2097//2097 1295//1295 1294//1294
f 2097//2097 1293//1293 2096//2096
f 2098//2098 1295//1295 2097//2097
f 2099//2099 1296//1296 1295//1295
f 2099//2099 1295//1295 2098//2098
f 2100//2100 1297//1297 1296//1296
f 2100//2100 1296//1296 2099//2099
f 2101//2101 1298//1298 1297//1297
f 2101//2101 1297//1297 2100//2100
f 2102//2102 1299//1299 1298//1298
f 2102//2102 1298//1298 2101//2101
f 2103//2103 1300//1300 1299//1299
f 2103//2103 1299//1299 2102//2102
f 2104//2104 1301//1301 1300//1300
f 2104//2104 1300//1300 2103//2103
f 2105//2105 1302//1302 1301//1301
f 2105//2105 1301//1301 2104//2104
f 2106//2106 1303//1303 1302//1302
f 2106//2106 1302//1302 2105//2105
f 2107//2107 1304//1304 1303//1303
f 2107//2107 1305//1305 1304//1304
f 2107//2107 1303//1303 2106//2106
f 2108//2108 1305//1305 2107//2107
f 2109//2109 1306//1306 1305//1305
f 2109//2109 1305//1305 2108//2108
f 2110//2110 1307//1307 1306//1306
f 2110//2110 1306//1306 2109//2109
f 2111//2111 1307//1307 2110//2110
f 2111//2111 1308//1308 1307//1307
f 2112//2112 1308//1308 2111//2111
f 2112//2112 1309//1309 1308//1308
f 2113//2113 1309//1309 2112//2112
f 2113//2113 1310//1310 1309//1309
f 2114//2114 1310//1310 2113//2113
f 2114//2114 1311//1311 1310//1310
f 2115//2115 1311//1311 2114//2114
f 2115//2115 1312//1312 1311//1311
f 2116//2116 1312//1312 2115//2115
f 2116//2116 1313//1313 1312//1312
f 2117//2117 1313//1313 2116//2116
f 2117//2117 1314//1314 1313//1313
f 2118//2118 1314//1314 2117//2117
f 2118//2118 1315//1315 1314//1314
f 2119//2119 1315//1315 2118//2118
f 2119//2119 1316//1316 1315//1315
f 2120//2120 1316//1316 2119//2119
f 2120//2120 1317//1317 1316//1316
f 2121//2121 1317//1317 2120//2120
f 2121//2121 1318//1318 1317//1317
f 2122//2122 1318//1318 2121//2121
f 2122//2122 1319//1319 1318//1318
f 2123//2123 1319//1319 2122//2122
f 2123//2123 1320//1320 1319//1319
f 2124//2124 1320//1320 2123//2123
f 2124//2124 1321//1321 1320//1320
f 2125//2125 1322//1322 1321//1321
f 2125//2125 1321//1321 2124//2124
f 2126//2126 1323//1323 1322//1322
f 2126//2126 1322//1322 2125//2125
f 2127//2127 1324//1324 1323//1323
f 2127//2127 1323//1323 2126//2126
f 2128//2128 1325//1325 1324//1324
f 2128//2128 1324//1324 2127//2127
f 2129//2129 1326//1326 1325//1325
f 2129//2129 1325//1325 2128//2128
f 2130//2130 1327//1327 1326//1326
f 2130//2130 1326//1326 2129//2129
f 2131//2131 1328//1328 1327//1327
f 2131//2131 1327//1327 2130//2130
f 2132//2132 1329//1329 1328//1328
f 2132//2132 1328//1328 2131//2131
f 2133//2133 1330//1330 1329//1329
f 2133//2133 1329//1329 2132//2132
f 2134//2134 1331//1331 1330//1330
f 2134//2134 1330//1330 2133//2133
f 2135//2135 1332//1332 1331//1331
f 2135//2135 1331//1331 2134//2134
f 2136//2136 1332//1332 2135//2135
f 2136//2136 1333//1333 1332//1332
f 2053//2053 1333//1333 2136//2136
f 2053//2053 1250//1250 1333//1333
f 2138//2138 1334//1334 2137//2137
f 2138//2138 1335//1335 1334//1334
f 2139//2139 1335//1335 2138//2138
f 2139//2139 1336//1336 1335//1335
f 2139//2139 1337//1337 1336//1336
f 2140//2140 1337//1337 2139//2139
f 2141//2141 1337//1337 2140//2140
f 2141//2141 1338//1338 1337//1337
f 2141//2141 1339//1339 1338//1338
f 2142//2142 1340//1340 1339//1339
f 2142//2142 1339//1339 2141//2141
f 2143//2143 1340//1340 2142//2142
f 2144//2144 1341//1341 1340//1340
f 2144//2144 1340//1340 2143//2143
f 2145//2145 1341//1341 2144//2144
f 2145//2145 1342//1342 1341//1341
f 2145//2145 1343//1343 1342//1342
f 2146//2146 1343//1343 2145//2145
f 2147//2147 1343//1343 2146//2146
f 2147//2147 1344//1344 1343//1343
f 2148//2148 1344//1344 2147//2147
f 2148//2148 1345//1345 1344//1344
f 2149//2149 1345//1345 2148//2148
f 2149//2149 1346//1346 1345//1345
f 2150//2150 1346//1346 2149//2149
f 2150//2150 1347//1347 1346//1346
f 2151//2151 1347//1347 2150//2150
f 2151//2151 1348//1348 1347//1347
f 2152//2152 1348//1348 2151//2151
f 2152//2152 1349//1349 1348//1348
f 2153//2153 1350//1350 1349//1349
f 2153//2153 1351//1351 1350//1350
f 2153//2153 1349//1349 2152//2152
f 2154//2154 1351//1351 2153//2153
f 2155//2155 1352//1352 1351//1351
f 2155//2155 1353//1353 1352//1352
f 2155//2155 1351//1351 2154//2154
f 2156//2156 1353//1353 2155//2155
f 2157//2157 1354//1354 1353//1353
f 2157//2157 1353//1353 2156//2156
f 2158//2158 1355//1355 1354//1354
f 2158//2158 1354//1354 2157//2157
f 2159//2159 1356//1356 1355//1355
f 2159//2159 1357//1357 1356//1356
f 2159//2159 1355//1355 2158//2158
f 2160//2160 1358//1358 1357//1357
f 2160//2160 1357//1357 2159//2159
f 2161//2161 1358//1358 2160//2160
f 2162//2162 1359//1359 1358//1358
f 2162//2162 1360//1360 1359//1359
f 2162//2162 1358//1358 2161//2161
f 2163//2163 1360//1360 2162//2162
f 2164//2164 1361//1361 1360//1360
f 2164//2164 1362//1362 1361//1361
f 2164//2164 1360//1360 2163//2163
f 2165//2165 1362//1362 2164//2164
f 2166//2166 1363//1363 1362//1362
f 2166//2166 1364//1364 1363//1363
f 2166//2166 1362//1362 2165//2165
f 2167//2167 1364//1364 2166//2166
f 2168//2168 1365//1365 1364//1364
f 2168//2168 1364//1364 2167//2167
f 2169//2169 1365//1365 2168//2168
f 2169//2169 1366//1366 1365//1365
f 2169//2169 1367//1367 1366//1366
f 2170//2170 1367//1367 2169//2169
f 2170//2170 1368//1368 1367//1367
f 2171//2171 1368//1368 2170//2170
f 2172//2172 1368//1368 2171//2171
f 2172//2172 1369//1369 1368//1368
f 2172//2172 1370//1370 1369//1369
f 2173//2173 1370//1370 2172//2172
f 2174//2174 1371//1371 1370//1370
f 2174//2174 1370//1370 2173//2173
f 2175//2175 1372//1372 1371//1371
f 2175//2175 1371//1371 2174//2174
f 2176//2176 1373//1373 1372//1372
f 2176//2176 1372//1372 2175//2175
f 2177//2177 1374//1374 1373//1373
f 2177//2177 1373//1373 2176//2176
f 2178//2178 1375//1375 1374//1374
f 2178//2178 1374//1374 2177//2177
f 2179//2179 1376//1376 1375//1375
f 2179//2179 1375//1375 2178//2178
f 2180//2180 1377//1377 1376//1376
f 2180//2180 1376//1376 2179//2179
f 2181//2181 1378//1378 1377//1377
f 2181//2181 1379//1379 1378//1378
f 2181//2181 1377//1377 2180//2180
f 2182//2182 1379//1379 2181//2181
f 2183//2183 1380//1380 1379//1379
f 2183//2183 1379//1379 2182//2182
f 2184//2184 1381//1381 1380//1380
f 2184//2184 1380//1380 2183//2183
f 2185//2185 1382//1382 1381//1381
f 2185//2185 1381//1381 2184//2184
f 2186//2186 1383//1383 1382//1382
f 2186//2186 1382//1382 2185//2185
f 2187//2187 1384//1384 1383//1383
f 2187//2187 1383//1383 2186//2186
f 2188//2188 1385//1385 1384//1384
f 2188//2188 1384//1384 2187//2187
f 2189//2189 1386//1386 1385//1385
f 2189//2189 1385//1385 2188//2188
f 2190//2190 1387//1387 1386//1386
f 2190//2190 1386//1386 2189//2189
f 2191//2191 1388//1388 1387//1387
f 2191//2191 1389//1389 1388//1388
f 2191//2191 1387//1387 2190//2190
f 2192//2192 1389//1389 2191//2191
f 2193//2193 1390//1390 1389//1389
f 2193//2193 1389//1389 2192//2192
f 2194//2194 1391//1391 1390//1390
f 2194//2194 1390//1390 2193//2193
f 2195//2195 1391//1391 2194//2194
f 2195//2195 1392//1392 1391//1391
f 2196//2196 1392//1392 2195//2195
f 2196//2196 1393//1393 1392//1392
f 2197//2197 1393//1393 2196//2196
f 2197//2197 1394//1394 1393//1393
f 2198//2198 1394//1394 2197//2197
f 2198//2198 1395//1395 1394//1394
f 2199//2199 1395//1395 2198//2198
f 2199//2199 1396//1396 1395//1395
f 2200//2200 1396//1396 2199//2199
f 2200//2200 1397//1397 1396//1396
f 2201//2201 1397//1397 2200//2200
f 2201//2201 1398//1398 1397//1397
f 2202//2202 1398//1398 2201//2201
f 2202//2202 1399//1399 1398//1398
f 2203//2203 1399//1399 2202//2202
f 2203//2203 1400//1400 1399//1399
f 2204//2204 1400//1400 2203//2203
f 2204//2204 1401//1401 1400//1400
f 2205//2205 1401//1401 2204//2204
f 2205//2205 1402//1402 1401//1401
f 2206//2206 1402//1402 2205//2205
f 2206//2206 1403//1403 1402//1402
f 2207//2207 1403//1403 2206//2206
f 2207//2207 1404//1404 1403//1403
f 2208//2208 1404//1404 2207//2207
f 2208//2208 1405//1405 1404//1404
f 2209//2209 1406//1406 1405//1405
f 2209//2209 1405//1405 2208//2208
f 2210//2210 1407//1407 1406//1406
f 2210//2210 1406//1406 2209//2209
f 2211//2211 1408//1408 1407//1407
f 2211//2211 1407//1407 2210//2210
f 2212//2212 1409//1409 1408//1408
f 2212//2212 1408//1408 2211//2211
f 2213//2213 1410//1410 1409//1409
f 2213//2213 1409//1409 2212//2212
f 2214//2214 1411//1411 1410//1410
f 2214//2214 1410//1410 2213//2213
f 2215//2215 1412//1412 1411//1411
f 2215//2215 1411//1411 2214//2214
f 2216//2216 1413//1413 1412//1412
f 2216//2216 1412//1412 2215//2215
f 2217//2217 1414//1414 1413//1413
f 2217//2217 1413//1413 2216//2216
f 2218//2218 1415//1415 1414//1414
f 2218//2218 1414//1414 2217//2217
f 2219//2219 1416//1416 1415//1415
f 2219//2219 1415//1415 2218//2218
f 2220//2220 1416//1416 2219//2219
f 2220//2220 1417//1417 1416//1416
f 2137//2137 1417//1417 2220//2220
f 2137//2137 1334//1334 1417//1417
f 1419//1419 1418//1418 2221//2221
f 1419//1419 2221//2221 2222//2222
f 1420//1420 2222//2222 2223//2223
f 1420//1420 2223//2223 2224//2224
f 1420//1420 1419//1419 2222//2222
f 1421//1421 1420//1420 2224//2224
f 1422//1422 2224//2224 2225//2225
f 1422//1422 2225//2225 2226//2226
f 1422//1422 1421//1421 2224//2224
f 1423//1423 2226//2226 2227//2227
f 1423//1423 1422//1422 2226//2226
f 1424//1424 1423//1423 2227//2227
f 1425//1425 2227//2227 2228//2228
f 1425//1425 1424//1424 2227//2227
f 1426//1426 1425//1425 2228//2228
f 1426//1426 2228//2228 2229//2229
f 1426//1426 2229//2229 2230//2230
f 1427//1427 1426//1426 2230//2230
f 1428//1428 2230//2230 2231//2231
f 1428//1428 1427//1427 2230//2230
f 1429//1429 2231//2231 2232//2232
f 1429//1429 1428//1428 2231//2231
f 1430//1430 2232//2232 2233//2233
f 1430//1430 1429//1429 2232//2232
f 1431//1431 2233//2233 2234//2234
f 1431//1431 1430//1430 2233//2233
f 1432//1432 2234//2234 2235//2235
f 1432//1432 1431//1431 2234//2234
f 1433//1433 2235//2235 2236//2236
f 1433//1433 1432//1432 2235//2235
f 1434//1434 2236//2236 2237//2237
f 1434//1434 2237//2237 2238//2238
f 1434//1434 1433//1433 2236//2236
f 1435//1435 1434//1434 2238//2238
f 1436//1436 2238//2238 2239//2239
f 1436//1436 2239//2239 2240//2240
f 1436//1436 1435//1435 2238//2238
f 1437//1437 1436//1436 2240//2240
f 1438//1438 2240//2240 2241//2241
f 1438//1438 1437//1437 2240//2240
f 1439//1439 2241//2241 2242//2242
f 1439//1439 1438//1438 2241//2241
f 1440//1440 2242//2242 2243//2243
f 1440//1440 2243//2243 2244//2244
f 1440//1440 1439//1439 2242//2242
f 1441//1441 2244//2244 2245//2245
f 1441//1441 1440//1440 2244//2244
f 1442//1442 1441//1441 2245//2245
f 1443//1443 2245//2245 2246//2246
f 1443//1443 2246//2246 2247//2247
f 1443//1443 1442//1442 2245//2245
f 1444//1444 1443//1443 2247//2247
f 1445//1445 2247//2247 2248//2248
f 1445//1445 2248//2248 2249//2249
f 1445//1445 1444//1444 2247//2247
f 1446//1446 1445//1445 2249//2249
f 1447//1447 2249//2249 2250//2250
f 1447//1447 2250//2250 2251//2251
f 1447//1447 1446//1446 2249//2249
f 1448//1448 1447//1447 2251//2251
f 1449//1449 2251//2251 2252//2252
f 1449//1449 1448//1448 2251//2251
f 1450//1450 1449//1449 2252//2252
f 1450//1450 2252//2252 2253//2253
f 1450//1450 2253//2253 2254//2254
f 1451//1451 1450//1450 2254//2254
f 1451//1451 2254//2254 2255//2255
f 1452//1452 1451//1451 2255//2255
f 1453//1453 1452//1452 2255//2255
f 1453//1453 2255//2255 2256//2256
f 1453//1453 2256//2256 2257//2257
f 1454//1454 1453//1453 2257//2257
f 1455//1455 1454//1454 2257//2257
f 1455//1455 2257//2257 2258//2258
f 1456//1456 1455//1455 2258//2258
f 1456//1456 2258//2258 2259//2259
f 1457//1457 1456//1456 2259//2259
f 1457//1457 2259//2259 2260//2260
f 1458//1458 1457//1457 2260//2260
f 1458//1458 2260//2260 2261//2261
f 1459//1459 1458//1458 2261//2261
f 1459//1459 2261//2261 2262//2262
f 1460//1460 1459//1459 2262//2262
f 1460//1460 2262//2262 2263//2263
f 1461//1461 2263//2263 2264//2264
f 1461//1461 1460//1460 2263//2263
f 1462//1462 1461//1461 2264//2264
f 1462//1462 2264//2264 2265//2265
f 1462//1462 2265//2265 2266//2266
f 1463//1463 1462//1462 2266//2266
f 1464//1464 2266//2266 2267//2267
f 1464//1464 1463//1463 2266//2266
f 1465//1465 2267//2267 2268//2268
f 1465//1465 1464//1464 2267//2267
f 1466//1466 2268//2268 2269//2269
f 1466//1466 1465//1465 2268//2268
f 1467//1467 2269//2269 2270//2270
f 1467//1467 1466//1466 2269//2269
f 1468//1468 2270//2270 2271//2271
f 1468//1468 1467//1467 2270//2270
f 1469//1469 2271//2271 2272//2272
f 1469//1469 1468//1468 2271//2271
f 1470//1470 2272//2272 2273//2273
f 1470//1470 1469//1469 2272//2272
f 1471//1471 2273//2273 2274//2274
f 1471//1471 1470//1470 2273//2273
f 1472//1472 2274//2274 2275//2275
f 1472//1472 2275//2275 2276//2276
f 1472//1472 1471//1471 2274//2274
f 1473//1473 1472//1472 2276//2276
f 1474//1474 2276//2276 2277//2277
f 1474//1474 1473//1473 2276//2276
f 1475//1475 2277//2277 2278//2278
f 1475//1475 1474//1474 2277//2277
f 1476//1476 1475//1475 2278//2278
f 1476//1476 2278//2278 2279//2279
f 1477//1477 1476//1476 2279//2279
f 1477//1477 2279//2279 2280//2280
f 1478//1478 1477//1477 2280//2280
f 1478//1478 2280//2280 2281//2281
f 1479//1479 1478//1478 2281//2281
f 1479//1479 2281//2281 2282//2282
f 1480//1480 1479//1479 2282//2282
f 1480//1480 2282//2282 2283//2283
f 1481//1481 1480//1480 2283//2283
f 1481//1481 2283//2283 2284//2284
f 1482//1482 1481//1481 2284//2284
f 1482//1482 2284//2284 2285//2285
f 1483//1483 1482//1482 2285//2285
f 1483//1483 2285//2285 2286//2286
f 1484//1484 1483//1483 2286//2286
f 1484//1484 2286//2286 2287//2287
f 1485//1485 1484//1484 2287//2287
f 1485//1485 2287//2287 2288//2288
f 1486//1486 1485//1485 2288//2288
f 1486//1486 2288//2288 2289//2289
f 1487//1487 1486//1486 2289//2289
f 1487//1487 2289//2289 2290//2290
f 1488//1488 1487//1487 2290//2290
f 1488//1488 2290//2290 2291//2291
f 1489//1489 1488//1488 2291//2291
f 1489//1489 2291//2291 2292//2292
f 1490//1490 1489//1489 2292//2292
f 1490//1490 2292//2292 2293//2293
f 1491//1491 1490//1490 2293//2293
f 1491//1491 2293//2293 2294//2294
f 1492//1492 1491//1491 2294//2294
f 1492//1492 2294//2294 2295//2295
f 1493//1493 1492//1492 2295//2295
f 1493//1493 2295//2295 2296//2296
f 1494//1494 1493//1493 2296//2296
f 1494//1494 2296//2296 2297//2297
f 1495//1495 2297//2297 2298//2298
f 1495//1495 1494//1494 2297//2297
f 1496//1496 2298//2298 2299//2299
f 1496//1496 1495//1495 2298//2298
f 1497//1497 2299//2299 2300//2300
f 1497//1497 1496//1496 2299//2299
f 1498//1498 2300//2300 2301//2301
f 1498//1498 1497//1497 2300//2300
f 1499//1499 2301//2301 2302//2302
f 1499//1499 1498//1498 2301//2301
f 1500//1500 2302//2302 2303//2303
f 1500//1500 1499//1499 2302//2302
f 1501//1501 1500//1500 2303//2303
f 1501//1501 2303//2303 2304//2304
f 1418//1418 1501//1501 2304//2304
f 1418//1418 2304//2304 2221//2221
f 2306//2306 1080//1080 2305//2305
f 2306//2306 1081//1081 1080//1080
f 2307//2307 1081//1081 2306//2306
f 2307//2307 1082//1082 1081//1081
f 2307//2307 1083//1083 1082//1082
f 2308//2308 1083//1083 2307//2307
f 2309//2309 1083//1083 2308//2308
f 2309//2309 1084//1084 1083//1083
f 2309//2309 1085//1085 1084//1084
f 2310//2310 1086//1086 1085//1085
f 2310//2310 1085//1085 2309//2309
f 2311//2311 1086//1086 2310//2310
f 2312//2312 1087//1087 1086//1086
f 2312//2312 1086//1086 2311//2311
f 2313//2313 1087//1087 2312//2312
f 2313//2313 1088//1088 1087//1087
f 2313//2313 1089//1089 1088//1088
f 2314//2314 1089//1089 2313//2313
f 2315//2315 1089//1089 2314//2314
f 2315//2315 1090//1090 1089//1089
f 2316//2316 1090//1090 2315//2315
f 2316//2316 1091//1091 1090//1090
f 2317//2317 1091//1091 2316//2316
f 2317//2317 1092//1092 1091//1091
f 2318//2318 1092//1092 2317//2317
f 2318//2318 1093//1093 1092//1092
f 2319//2319 1093//1093 2318//2318
f 2319//2319 1094//1094 1093//1093
f 2320//2320 1094//1094 2319//2319
f 2320//2320 1095//1095 1094//1094
f 2321//2321 1096//1096 1095//1095
f 2321//2321 1097//1097 1096//1096
f 2321//2321 1095//1095 2320//2320
f 2322//2322 1097//1097 2321//2321
f 2323//2323 1098//1098 1097//1097
f 2323//2323 1099//1099 1098//1098
f 2323//2323 1097//1097 2322//2322
f 2324//2324 1099//1099 2323//2323
f 2325//2325 1100//1100 1099//1099
f 2325//2325 1099//1099 2324//2324
f 2326//2326 1101//1101 1100//1100
f 2326//2326 1100//1100 2325//2325
f 2327//2327 1102//1102 1101//1101
f 2327//2327 1103//1103 1102//1102
f 2327//2327 1101//1101 2326//2326
f 2328//2328 1104//1104 1103//1103
f 2328//2328 1103//1103 2327//2327
f 2329//2329 1104//1104 2328//2328
f 2330//2330 1105//1105 1104//1104
f 2330//2330 1106//1106 1105//1105
f 2330//2330 1104//1104 2329//2329
f 2331//2331 1106//1106 2330//2330
f 2332//2332 1107//1107 1106//1106
f 2332//2332 1108//1108 1107//1107
f 2332//2332 1106//1106 2331//2331
f 2333//2333 1108//1108 2332//2332
f 2334//2334 1109//1109 1108//1108
f 2334//2334 1110//1110 1109//1109
f 2334//2334 1108//1108 2333//2333
f 2335//2335 1110//1110 2334//2334
f 2336//2336 1111//1111 1110//1110
f 2336//2336 1110//1110 2335//2335
f 2337//2337 1111//1111 2336//2336
f 2337//2337 1112//1112 1111//1111
f 2337//2337 1113//1113 1112//1112
f 2338//2338 1113//1113 2337//2337
f 2338//2338 1114//1114 1113//1113
f 2339//2339 1114//1114 2338//2338
f 2340//2340 1114//1114 2339//2339
f 2340//2340 1115//1115 1114//1114
f 2340//2340 1116//1116 1115//1115
f 2341//2341 1116//1116 2340//2340
f 2342//2342 1117//1117 1116//1116
f 2342//2342 1116//1116 2341//2341
f 2343//2343 1118//1118 1117//1117
f 2343//2343 1117//1117 2342//2342
f 2344//2344 1119//1119 1118//1118
f 2344//2344 1118//1118 2343//2343
f 2345//2345 1120//1120 1119//1119
f 2345//2345 1119//1119 2344//2344
f 2346//2346 1121//1121 1120//1120
f 2346//2346 1120//1120 2345//2345
f 2347//2347 1122//1122 1121//1121
f 2347//2347 1121//1121 2346//2346
f 2348//2348 1123//1123 1122//1122
f 2348//2348 1122//1122 2347//2347
f 2349//2349 1124//1124 1123//1123
f 2349//2349 1125//1125 1124//1124
f 2349//2349 1123//1123 2348//2348
f 2350//2350 1125//1125 2349//2349
f 2351//2351 1126//1126 1125//1125
f 2351//2351 1125//1125 2350//2350
f 2352//2352 1127//1127 1126//1126
f 2352//2352 1126//1126 2351//2351
f 2353//2353 1128//1128 1127//1127
f 2353//2353 1127//1127 2352//2352
f 2354//2354 1129//1129 1128//1128
f 2354//2354 1128//1128 2353//2353
f 2355//2355 1130//1130 1129//1129
f 2355//2355 1129//1129 2354//2354
f 2356//2356 1131//1131 1130//1130
f 2356//2356 1130//1130 2355//2355
f 2357//2357 1132//1132 1131//1131
f 2357//2357 1131//1131 2356//2356
f 2358//2358 1133//1133 1132//1132
f 2358//2358 1132//1132 2357//2357
f 2359//2359 1134//1134 1133//1133
f 2359//2359 1135//1135 1134//1134
f 2359//2359 1133//1133 2358//2358
f 2360//2360 1135//1135 2359//2359
f 2361//2361 1136//1136 1135//1135
f 2361//2361 1135//1135 2360//2360
f 2362//2362 1137//1137 1136//1136
f 2362//2362 1136//1136 2361//2361
f 2363//2363 1137//1137 2362//2362
f 2363//2363 1138//1138 1137//1137
f 2364//2364 1138//1138 2363//2363
f 2364//2364 1139//1139 1138//1138
f 2365//2365 1139//1139 2364//2364
f 2365//2365 1140//1140 1139//1139
f 2366//2366 1140//1140 2365//2365
f 2366//2366 1141//1141 1140//1140
f 2367//2367 1141//1141 2366//2366
f 2367//2367 1142//1142 1141//1141
f 2368//2368 1142//1142 2367//2367
f 2368//2368 1143//1143 1142//1142
f 2369//2369 1143//1143 2368//2368
f 2369//2369 1144//1144 1143//1143
f 2370//2370 1144//1144 2369//2369
f 2370//2370 1145//1145 1144//1144
f 2371//2371 1145//1145 2370//2370
f 2371//2371 1146//1146 1145//1145
f 2372//2372 1146//1146 2371//2371
f 2372//2372 1147//1147 1146//1146
f 2373//2373 1147//1147 2372//2372
f 2373//2373 1148//1148 1147//1147
f 2374//2374 1148//1148 2373//2373
f 2374//2374 1149//1149 1148//1148
f 2375//2375 1149//1149 2374//2374
f 2375//2375 1150//1150 1149//1149
f 2376//2376 1150//1150 2375//2375
f 2376//2376 1151//1151 1150//1150
f 2377//2377 1152//1152 1151//1151
f 2377//2377 1151//1151 2376//2376
f 2378//2378 1153//1153 1152//1152
f 2378//2378 1152//1152 2377//2377
f 2379//2379 1154//1154 1153//1153
f 2379//2379 1153//1153 2378//2378
f 2380//2380 1155//1155 1154//1154
f 2380//2380 1154//1154 2379//2379
f 2381//2381 1156//1156 1155//1155
f 2381//2381 1155//1155 2380//2380
f 2382//2382 1157//1157 1156//1156
f 2382//2382 1156//1156 2381//2381
f 2383//2383 1158//1158 1157//1157
f 2383//2383 1157//1157 2382//2382
f 2384//2384 1159//1159 1158//1158
f 2384//2384 1158//1158 2383//2383
f 2385//2385 1160//1160 1159//1159
f 2385//2385 1159//1159 2384//2384
f 2386//2386 1161//1161 1160//1160
f 2386//2386 1160//1160 2385//2385
f 2387//2387 1162//1162 1161//1161
f 2387//2387 1161//1161 2386//2386
f 2388//2388 1162//1162 2387//2387
f 2388//2388 1163//1163 1162//1162
f 2305//2305 1163//1163 2388//2388
f 2305//2305 1080//1080 1163//1163
f 159//159 2389//2389 846//846
f 160//160 2389//2389 159//159
f 2391//2391 200//200 1940//1940
f 2390//2390 1943//1943 170//170
f 201//201 200//200 2391//2391
f 201//201 2391//2391 2392//2392
f 1924//1924 201//201 2392//2392
f 2393//2393 2391//2391 2390//2390
f 2393//2393 2392//2392 2391//2391
f 171//171 1927//1927 2393//2393
f 171//171 2390//2390 170//170
f 171//171 2393//2393 2390//2390
f 2392//2392 1929//1929 1924//1924
f 2397//2397 2395//2395 1929//1929
f 2397//2397 1929//1929 2392//2392
f 2396//2396 2397//2397 2392//2392
f 2394//2394 2396//2396 2392//2392
f 2400//2400 1929//1929 2395//2395
f 2399//2399 1929//1929 2400//2400
f 2398//2398 1928//1928 1929//1929
f 2398//2398 1929//1929 2399//2399
f 2402//2402 2398//2398 2401//2401
f 2402//2402 1928//1928 2398//2398
f 2393//2393 1927//1927 1928//1928
f 2403//2403 1928//1928 2402//2402
f 2403//2403 2393//2393 1928//1928
f 2405//2405 1925//1925 1926//1926
f 1931//1931 2405//2405 1926//1926
f 2407//2407 1925//1925 2405//2405
f 2406//2406 1925//1925 2407//2407
f 1937//1937 1925//1925 2406//2406
f 2404//2404 2405//2405 1931//1931
f 2404//2404 1931//1931 1930//1930
f 2404//2404 1930//1930 1932//1932
f 2409//2409 2423//2423 2408//2408
f 2409//2409 2424//2424 2423//2423
f 2410//2410 2424//2424 2409//2409
f 2410//2410 2425//2425 2424//2424
f 2411//2411 2425//2425 2410//2410
f 2411//2411 2426//2426 2425//2425
f 2412//2412 2427//2427 2426//2426
f 2412//2412 2426//2426 2411//2411
f 2413//2413 2428//2428 2427//2427
f 2413//2413 2427//2427 2412//2412
f 2414//2414 2429//2429 2428//2428
f 2414//2414 2428//2428 2413//2413
f 2415//2415 2430//2430 2429//2429
f 2415//2415 2429//2429 2414//2414
f 2416//2416 2431//2431 2430//2430
f 2416//2416 2430//2430 2415//2415
f 2417//2417 2432//2432 2431//2431
f 2417//2417 2431//2431 2416//2416
f 2418//2418 2433//2433 2432//2432
f 2418//2418 2432//2432 2417//2417
f 2419//2419 2434//2434 2433//2433
f 2419//2419 2433//2433 2418//2418
f 2420//2420 2435//2435 2434//2434
f 2420//2420 2434//2434 2419//2419
f 2421//2421 2436//2436 2435//2435
f 2421//2421 2435//2435 2420//2420
f 2422//2422 2437//2437 2436//2436
f 2422//2422 2436//2436 2421//2421
f 2395//2395 2438//2438 2437//2437
f 2395//2395 2437//2437 2422//2422
f 2400//2400 2395//2395 2422//2422
f 2397//2397 2439//2439 2438//2438
f 2397//2397 2438//2438 2395//2395
f 2399//2399 2400//2400 2422//2422
f 2398//2398 2399//2399 2422//2422
f 2396//2396 2439//2439 2397//2397
f 2394//2394 2440//2440 2439//2439
f 2394//2394 2439//2439 2396//2396
f 2441//2441 2440//2440 2394//2394
f 2562//2562 2441//2441 2394//2394
f 2562//2562 2580//2580 2561//2561
f 2562//2562 2581//2581 2580//2580
f 2562//2562 2394//2394 2581//2581
f 2563//2563 2442//2442 2441//2441
f 2563//2563 2441//2441 2562//2562
f 2564//2564 2443//2443 2442//2442
f 2564//2564 2442//2442 2563//2563
f 2565//2565 2444//2444 2443//2443
f 2565//2565 2443//2443 2564//2564
f 2566//2566 2444//2444 2565//2565
f 2566//2566 2445//2445 2444//2444
f 2567//2567 2445//2445 2566//2566
f 2567//2567 2446//2446 2445//2445
f 2568//2568 2446//2446 2567//2567
f 2568//2568 2447//2447 2446//2446
f 2569//2569 2447//2447 2568//2568
f 2569//2569 2448//2448 2447//2447
f 2570//2570 2448//2448 2569//2569
f 2570//2570 2449//2449 2448//2448
f 2571//2571 2449//2449 2570//2570
f 2571//2571 2450//2450 2449//2449
f 2572//2572 2450//2450 2571//2571
f 2572//2572 2451//2451 2450//2450
f 2573//2573 2451//2451 2572//2572
f 2573//2573 2452//2452 2451//2451
f 2574//2574 2452//2452 2573//2573
f 2574//2574 2453//2453 2452//2452
f 2575//2575 2453//2453 2574//2574
f 2575//2575 2454//2454 2453//2453
f 2576//2576 2454//2454 2575//2575
f 2576//2576 2455//2455 2454//2454
f 2577//2577 2456//2456 2455//2455
f 2577//2577 2455//2455 2576//2576
f 2578//2578 2457//2457 2456//2456
f 2578//2578 2456//2456 2577//2577
f 2579//2579 2458//2458 2457//2457
f 2579//2579 2457//2457 2578//2578
f 2557//2557 2459//2459 2458//2458
f 2557//2557 2458//2458 2579//2579
f 2560//2560 2557//2557 2579//2579
f 2556//2556 2460//2460 2459//2459
f 2556//2556 2459//2459 2557//2557
f 2559//2559 2560//2560 2579//2579
f 2558//2558 2559//2559 2579//2579
f 2555//2555 2460//2460 2556//2556
f 2554//2554 2461//2461 2460//2460
f 2554//2554 2460//2460 2555//2555
f 2462//2462 2461//2461 2554//2554
f 2533//2533 2552//2552 2532//2532
f 2533//2533 2553//2553 2552//2552
f 2533//2533 2554//2554 2553//2553
f 2533//2533 2462//2462 2554//2554
f 2534//2534 2463//2463 2462//2462
f 2534//2534 2462//2462 2533//2533
f 2535//2535 2464//2464 2463//2463
f 2535//2535 2463//2463 2534//2534
f 2536//2536 2465//2465 2464//2464
f 2536//2536 2464//2464 2535//2535
f 2537//2537 2466//2466 2465//2465
f 2537//2537 2465//2465 2536//2536
f 2538//2538 2466//2466 2537//2537
f 2538//2538 2467//2467 2466//2466
f 2539//2539 2467//2467 2538//2538
f 2539//2539 2468//2468 2467//2467
f 2540//2540 2468//2468 2539//2539
f 2540//2540 2469//2469 2468//2468
f 2541//2541 2469//2469 2540//2540
f 2541//2541 2470//2470 2469//2469
f 2542//2542 2470//2470 2541//2541
f 2542//2542 2471//2471 2470//2470
f 2543//2543 2471//2471 2542//2542
f 2543//2543 2472//2472 2471//2471
f 2544//2544 2472//2472 2543//2543
f 2544//2544 2473//2473 2472//2472
f 2545//2545 2473//2473 2544//2544
f 2545//2545 2474//2474 2473//2473
f 2546//2546 2474//2474 2545//2545
f 2546//2546 2475//2475 2474//2474
f 2547//2547 2475//2475 2546//2546
f 2548//2548 2475//2475 2547//2547
f 2548//2548 2476//2476 2475//2475
f 2549//2549 2476//2476 2548//2548
f 2549//2549 2477//2477 2476//2476
f 2550//2550 2477//2477 2549//2549
f 2550//2550 2478//2478 2477//2477
f 1946//1946 2480//2480 2479//2479
f 2551//2551 2478//2478 2550//2550
f 2551//2551 1946//1946 2479//2479
f 2551//2551 2479//2479 2478//2478
f 2529//2529 1946//1946 2551//2551
f 2530//2530 2529//2529 2551//2551
f 1948//1948 2480//2480 1946//1946
f 1948//1948 2481//2481 2480//2480
f 2531//2531 2530//2530 2551//2551
f 1949//1949 2481//2481 1948//1948
f 1947//1947 2482//2482 2481//2481
f 1947//1947 2481//2481 1949//1949
f 2483//2483 2482//2482 1947//1947
f 2511//2511 1947//1947 1953//1953
f 2511//2511 1953//1953 1954//1954
f 2511//2511 1954//1954 1952//1952
f 2511//2511 2483//2483 1947//1947
f 2512//2512 2484//2484 2483//2483
f 2512//2512 2483//2483 2511//2511
f 2513//2513 2485//2485 2484//2484
f 2513//2513 2484//2484 2512//2512
f 2514//2514 2486//2486 2485//2485
f 2514//2514 2485//2485 2513//2513
f 2515//2515 2486//2486 2514//2514
f 2515//2515 2487//2487 2486//2486
f 2516//2516 2487//2487 2515//2515
f 2516//2516 2488//2488 2487//2487
f 2517//2517 2488//2488 2516//2516
f 2517//2517 2489//2489 2488//2488
f 2518//2518 2489//2489 2517//2517
f 2518//2518 2490//2490 2489//2489
f 2519//2519 2490//2490 2518//2518
f 2519//2519 2491//2491 2490//2490
f 2520//2520 2491//2491 2519//2519
f 2520//2520 2492//2492 2491//2491
f 2521//2521 2492//2492 2520//2520
f 2521//2521 2493//2493 2492//2492
f 2522//2522 2493//2493 2521//2521
f 2522//2522 2494//2494 2493//2493
f 2523//2523 2494//2494 2522//2522
f 2523//2523 2495//2495 2494//2494
f 2524//2524 2495//2495 2523//2523
f 2524//2524 2496//2496 2495//2495
f 2525//2525 2496//2496 2524//2524
f 2525//2525 2497//2497 2496//2496
f 2526//2526 2497//2497 2525//2525
f 2526//2526 2498//2498 2497//2497
f 2527//2527 2498//2498 2526//2526
f 2527//2527 2499//2499 2498//2498
f 2528//2528 2499//2499 2527//2527
f 2528//2528 2500//2500 2499//2499
f 1934//1934 2500//2500 2528//2528
f 1934//1934 2501//2501 2500//2500
f 1935//1935 1934//1934 2528//2528
f 1936//1936 1935//1935 2528//2528
f 1938//1938 2501//2501 1934//1934
f 1938//1938 2502//2502 2501//2501
f 1933//1933 1936//1936 2528//2528
f 1939//1939 2502//2502 1938//1938
f 1937//1937 2502//2502 1939//1939
f 1937//1937 2503//2503 2502//2502
f 2504//2504 2503//2503 1937//1937
f 2507//2507 1937//1937 2406//2406
f 2507//2507 2406//2406 2407//2407
f 2507//2507 2407//2407 2405//2405
f 2507//2507 2504//2504 1937//1937
f 2508//2508 2504//2504 2507//2507
f 2508//2508 2505//2505 2504//2504
f 2509//2509 2505//2505 2508//2508
f 2509//2509 2506//2506 2505//2505
f 2510//2510 2506//2506 2509//2509
f 2510//2510 2423//2423 2506//2506
f 2408//2408 2423//2423 2510//2510
f 2669//2669 2551//2551 2550//2550
f 2669//2669 2531//2531 2551//2551
f 1951//1951 2511//2511 1952//1952
f 1951//1951 2512//2512 2511//2511
f 2722//2722 2548//2548 2547//2547
f 2723//2723 2548//2548 2722//2722
f 2724//2724 2548//2548 2723//2723
f 2721//2721 2722//2722 2547//2547
f 2725//2725 2548//2548 2724//2724
f 2720//2720 2721//2721 2547//2547
f 2726//2726 2548//2548 2725//2725
f 2719//2719 2720//2720 2547//2547
f 2718//2718 2719//2719 2547//2547
f 2727//2727 2548//2548 2726//2726
f 2717//2717 2547//2547 2546//2546
f 2717//2717 2718//2718 2547//2547
f 2728//2728 2549//2549 2548//2548
f 2728//2728 2548//2548 2727//2727
f 2729//2729 2549//2549 2728//2728
f 2716//2716 2717//2717 2546//2546
f 2730//2730 2549//2549 2729//2729
f 2715//2715 2716//2716 2546//2546
f 2513//2513 2512//2512 1951//1951
f 2731//2731 2549//2549 2730//2730
f 2714//2714 2715//2715 2546//2546
f 2732//2732 2549//2549 2731//2731
f 2713//2713 2714//2714 2546//2546
f 2733//2733 2549//2549 2732//2732
f 2712//2712 2713//2713 2546//2546
f 2734//2734 2550//2550 2549//2549
f 2734//2734 2549//2549 2733//2733
f 2711//2711 2546//2546 2545//2545
f 2711//2711 2712//2712 2546//2546
f 2735//2735 2669//2669 2550//2550
f 2735//2735 2550//2550 2734//2734
f 2710//2710 2711//2711 2545//2545
f 2736//2736 2669//2669 2735//2735
f 2709//2709 2710//2710 2545//2545
f 2708//2708 2709//2709 2545//2545
f 2737//2737 2669//2669 2736//2736
f 2738//2738 2669//2669 2737//2737
f 2707//2707 2708//2708 2545//2545
f 2707//2707 2545//2545 2544//2544
f 2739//2739 2669//2669 2738//2738
f 2706//2706 2707//2707 2544//2544
f 2705//2705 2706//2706 2544//2544
f 2740//2740 2669//2669 2739//2739
f 2704//2704 2705//2705 2544//2544
f 2741//2741 2669//2669 2740//2740
f 2703//2703 2544//2544 2543//2543
f 2703//2703 2704//2704 2544//2544
f 2742//2742 2669//2669 2741//2741
f 2743//2743 2669//2669 2742//2742
f 2702//2702 2703//2703 2543//2543
f 2701//2701 2702//2702 2543//2543
f 2744//2744 2669//2669 2743//2743
f 2700//2700 2701//2701 2543//2543
f 2700//2700 2543//2543 2542//2542
f 2745//2745 2669//2669 2744//2744
f 2699//2699 2700//2700 2542//2542
f 2746//2746 2669//2669 2745//2745
f 2698//2698 2542//2542 2541//2541
f 2698//2698 2699//2699 2542//2542
f 2747//2747 2669//2669 2746//2746
f 2697//2697 2698//2698 2541//2541
f 2748//2748 2669//2669 2747//2747
f 2696//2696 2541//2541 2540//2540
f 2696//2696 2697//2697 2541//2541
f 2749//2749 2669//2669 2748//2748
f 2695//2695 2696//2696 2540//2540
f 2750//2750 1951//1951 2669//2669
f 2750//2750 2669//2669 2749//2749
f 2694//2694 2540//2540 2539//2539
f 2694//2694 2695//2695 2540//2540
f 2751//2751 1951//1951 2750//2750
f 2693//2693 2539//2539 2538//2538
f 2693//2693 2694//2694 2539//2539
f 2752//2752 1951//1951 2751//2751
f 2692//2692 2693//2693 2538//2538
f 2753//2753 1951//1951 2752//2752
f 2670//2670 1951//1951 2753//2753
f 2671//2671 1951//1951 2670//2670
f 2514//2514 2513//2513 1951//1951
f 2515//2515 2514//2514 1951//1951
f 2668//2668 2533//2533 2532//2532
f 2668//2668 2534//2534 2533//2533
f 2668//2668 2535//2535 2534//2534
f 2668//2668 2536//2536 2535//2535
f 2668//2668 2537//2537 2536//2536
f 2668//2668 2538//2538 2537//2537
f 2579//2579 2667//2667 2558//2558
f 2578//2578 2667//2667 2579//2579
f 2975//2975 2679//2679 2680//2680
f 2975//2975 2680//2680 2681//2681
f 2974//2974 2975//2975 2681//2681
f 2974//2974 2681//2681 2682//2682
f 2976//2976 2679//2679 2975//2975
f 2976//2976 2678//2678 2679//2679
f 2973//2973 2974//2974 2682//2682
f 2973//2973 2682//2682 2683//2683
f 2972//2972 2973//2973 2683//2683
f 2972//2972 2683//2683 2684//2684
f 2977//2977 2678//2678 2976//2976
f 2977//2977 2677//2677 2678//2678
f 2978//2978 2677//2677 2977//2977
f 2978//2978 2676//2676 2677//2677
f 2971//2971 2972//2972 2684//2684
f 2971//2971 2684//2684 2685//2685
f 2979//2979 2676//2676 2978//2978
f 2979//2979 2674//2674 2675//2675
f 2979//2979 2675//2675 2676//2676
f 2970//2970 2971//2971 2685//2685
f 2970//2970 2685//2685 2686//2686
f 2970//2970 2686//2686 2687//2687
f 2980//2980 2673//2673 2674//2674
f 2980//2980 2674//2674 2979//2979
f 2969//2969 2970//2970 2687//2687
f 2969//2969 2687//2687 2688//2688
f 2981//2981 2672//2672 2673//2673
f 2981//2981 2673//2673 2980//2980
f 2968//2968 2969//2969 2688//2688
f 2968//2968 2688//2688 2689//2689
f 2982//2982 2671//2671 2672//2672
f 2982//2982 1951//1951 2671//2671
f 2982//2982 2672//2672 2981//2981
f 2967//2967 2968//2968 2689//2689
f 2967//2967 2689//2689 2690//2690
f 2983//2983 1951//1951 2982//2982
f 2966//2966 2967//2967 2690//2690
f 2966//2966 2690//2690 2691//2691
f 2984//2984 1951//1951 2983//2983
f 2965//2965 2538//2538 2668//2668
f 2965//2965 2692//2692 2538//2538
f 2965//2965 2691//2691 2692//2692
f 2965//2965 2966//2966 2691//2691
f 2985//2985 1951//1951 2984//2984
f 2964//2964 2965//2965 2668//2668
f 2986//2986 1951//1951 2985//2985
f 2986//2986 2515//2515 1951//1951
f 2986//2986 2516//2516 2515//2515
f 2963//2963 2964//2964 2668//2668
f 2962//2962 2963//2963 2668//2668
f 2961//2961 2962//2962 2668//2668
f 2807//2807 2521//2521 2520//2520
f 2806//2806 2807//2807 2520//2520
f 2890//2890 2891//2891 2667//2667
f 2805//2805 2806//2806 2520//2520
f 2808//2808 2521//2521 2807//2807
f 2892//2892 2667//2667 2891//2891
f 2889//2889 2890//2890 2667//2667
f 2804//2804 2805//2805 2520//2520
f 2804//2804 2520//2520 2519//2519
f 2809//2809 2521//2521 2808//2808
f 2888//2888 2889//2889 2667//2667
f 2893//2893 2667//2667 2892//2892
f 2803//2803 2804//2804 2519//2519
f 2810//2810 2521//2521 2809//2809
f 2810//2810 2522//2522 2521//2521
f 2887//2887 2888//2888 2667//2667
f 2894//2894 2667//2667 2893//2893
f 2811//2811 2522//2522 2810//2810
f 2802//2802 2803//2803 2519//2519
f 2886//2886 2887//2887 2667//2667
f 2895//2895 2667//2667 2894//2894
f 2801//2801 2802//2802 2519//2519
f 2801//2801 2519//2519 2518//2518
f 2812//2812 2522//2522 2811//2811
f 2896//2896 2667//2667 2895//2895
f 2885//2885 2886//2886 2667//2667
f 2813//2813 2522//2522 2812//2812
f 2800//2800 2801//2801 2518//2518
f 2800//2800 2518//2518 2517//2517
f 2897//2897 2668//2668 2667//2667
f 2897//2897 2667//2667 2896//2896
f 2884//2884 2885//2885 2667//2667
f 2814//2814 2522//2522 2813//2813
f 2799//2799 2800//2800 2517//2517
f 2883//2883 2884//2884 2667//2667
f 2898//2898 2668//2668 2897//2897
f 2815//2815 2523//2523 2522//2522
f 2815//2815 2522//2522 2814//2814
f 2798//2798 2517//2517 2516//2516
f 2798//2798 2799//2799 2517//2517
f 2899//2899 2668//2668 2898//2898
f 2882//2882 2667//2667 2578//2578
f 2882//2882 2883//2883 2667//2667
f 2797//2797 2516//2516 2986//2986
f 2797//2797 2798//2798 2516//2516
f 2816//2816 2523//2523 2815//2815
f 2900//2900 2668//2668 2899//2899
f 2881//2881 2882//2882 2578//2578
f 2796//2796 2797//2797 2986//2986
f 2796//2796 2986//2986 2987//2987
f 2817//2817 2523//2523 2816//2816
f 2880//2880 2881//2881 2578//2578
f 2880//2880 2578//2578 2577//2577
f 2901//2901 2668//2668 2900//2900
f 2795//2795 2796//2796 2987//2987
f 2795//2795 2987//2987 2988//2988
f 2818//2818 2523//2523 2817//2817
f 2879//2879 2880//2880 2577//2577
f 2902//2902 2961//2961 2668//2668
f 2902//2902 2668//2668 2901//2901
f 2819//2819 2523//2523 2818//2818
f 2794//2794 2795//2795 2988//2988
f 2794//2794 2988//2988 2989//2989
f 2903//2903 2960//2960 2961//2961
f 2903//2903 2961//2961 2902//2902
f 2878//2878 2879//2879 2577//2577
f 2793//2793 2794//2794 2989//2989
f 2793//2793 2989//2989 2990//2990
f 2820//2820 2524//2524 2523//2523
f 2820//2820 2523//2523 2819//2819
f 2877//2877 2878//2878 2577//2577
f 2904//2904 2960//2960 2903//2903
f 2904//2904 2959//2959 2960//2960
f 2792//2792 2793//2793 2990//2990
f 2792//2792 2990//2990 2991//2991
f 2821//2821 2524//2524 2820//2820
f 2876//2876 2877//2877 2577//2577
f 2905//2905 2959//2959 2904//2904
f 2905//2905 2958//2958 2959//2959
f 2791//2791 2792//2792 2991//2991
f 2822//2822 2524//2524 2821//2821
f 2875//2875 2876//2876 2577//2577
f 2906//2906 2958//2958 2905//2905
f 2823//2823 2524//2524 2822//2822
f 2790//2790 2791//2791 2991//2991
f 2790//2790 2991//2991 2992//2992
f 2874//2874 2577//2577 2576//2576
f 2874//2874 2875//2875 2577//2577
f 2907//2907 2958//2958 2906//2906
f 2907//2907 2957//2957 2958//2958
f 2789//2789 2790//2790 2992//2992
f 2789//2789 2992//2992 2993//2993
f 2824//2824 2524//2524 2823//2823
f 2873//2873 2874//2874 2576//2576
f 2908//2908 2957//2957 2907//2907
f 2908//2908 2956//2956 2957//2957
f 2788//2788 2789//2789 2993//2993
f 2788//2788 2993//2993 2994//2994
f 2825//2825 2524//2524 2824//2824
f 2872//2872 2873//2873 2576//2576
f 2909//2909 2955//2955 2956//2956
f 2909//2909 2956//2956 2908//2908
f 2787//2787 2788//2788 2994//2994
f 2787//2787 2994//2994 2995//2995
f 2826//2826 2524//2524 2825//2825
f 2871//2871 2872//2872 2576//2576
f 2910//2910 2954//2954 2955//2955
f 2910//2910 2955//2955 2909//2909
f 2786//2786 2787//2787 2995//2995
f 2870//2870 2871//2871 2576//2576
f 2911//2911 2954//2954 2910//2910
f 2869//2869 2870//2870 2576//2576
f 2868//2868 2869//2869 2576//2576
f 2953//2953 2911//2911 2912//2912
f 2953//2953 2912//2912 2913//2913
f 2953//2953 2954//2954 2911//2911
f 2996//2996 2786//2786 2995//2995
f 2996//2996 2784//2784 2785//2785
f 2996//2996 2785//2785 2786//2786
f 2952//2952 2913//2913 2914//2914
f 2952//2952 2953//2953 2913//2913
f 2997//2997 2784//2784 2996//2996
f 2997//2997 2783//2783 2784//2784
f 2525//2525 2826//2826 2827//2827
f 2525//2525 2827//2827 2828//2828
f 2525//2525 2828//2828 2829//2829
f 2525//2525 2829//2829 2830//2830
f 2525//2525 2830//2830 2831//2831
f 2525//2525 2831//2831 2832//2832
f 2525//2525 2524//2524 2826//2826
f 2951//2951 2914//2914 2915//2915
f 2951//2951 2952//2952 2914//2914
f 2998//2998 2783//2783 2997//2997
f 2998//2998 2782//2782 2783//2783
f 2950//2950 2915//2915 2916//2916
f 2950//2950 2951//2951 2915//2915
f 2999//2999 2782//2782 2998//2998
f 2999//2999 2781//2781 2782//2782
f 2949//2949 2950//2950 2916//2916
f 2949//2949 2916//2916 2917//2917
f 2949//2949 2917//2917 2918//2918
f 3000//3000 2781//2781 2999//2999
f 3000//3000 2779//2779 2780//2780
f 3000//3000 2780//2780 2781//2781
f 2948//2948 2918//2918 2919//2919
f 2948//2948 2949//2949 2918//2918
f 3001//3001 2779//2779 3000//3000
f 3001//3001 2778//2778 2779//2779
f 2947//2947 2919//2919 2920//2920
f 2947//2947 2948//2948 2919//2919
f 3002//3002 2778//2778 3001//3001
f 3002//3002 2777//2777 2778//2778
f 2575//2575 2868//2868 2576//2576
f 2575//2575 2862//2862 2863//2863
f 2575//2575 2863//2863 2864//2864
f 2575//2575 2864//2864 2865//2865
f 2575//2575 2865//2865 2866//2866
f 2575//2575 2866//2866 2867//2867
f 2575//2575 2867//2867 2868//2868
f 2946//2946 2920//2920 2921//2921
f 2946//2946 2947//2947 2920//2920
f 3003//3003 2777//2777 3002//3002
f 3003//3003 2776//2776 2777//2777
f 2945//2945 2946//2946 2921//2921
f 2945//2945 2921//2921 2838//2838
f 2944//2944 2945//2945 2838//2838
f 2944//2944 2838//2838 2839//2839
f 2526//2526 2832//2832 2833//2833
f 2526//2526 2833//2833 2834//2834
f 2526//2526 2834//2834 2835//2835
f 2526//2526 2835//2835 2836//2836
f 2526//2526 2836//2836 2837//2837
f 2526//2526 2525//2525 2832//2832
f 2526//2526 2837//2837 2754//2754
f 2574//2574 2857//2857 2858//2858
f 2574//2574 2858//2858 2859//2859
f 2574//2574 2859//2859 2860//2860
f 2574//2574 2860//2860 2861//2861
f 2574//2574 2861//2861 2862//2862
f 2574//2574 2862//2862 2575//2575
f 2527//2527 2526//2526 2754//2754
f 2527//2527 2754//2754 2755//2755
f 2527//2527 2755//2755 2756//2756
f 2573//2573 2852//2852 2853//2853
f 2573//2573 2853//2853 2854//2854
f 2573//2573 2854//2854 2855//2855
f 2573//2573 2855//2855 2856//2856
f 2573//2573 2856//2856 2857//2857
f 2573//2573 2857//2857 2574//2574
f 2572//2572 2849//2849 2850//2850
f 2572//2572 2850//2850 2851//2851
f 2572//2572 2851//2851 2852//2852
f 2572//2572 2852//2852 2573//2573
f 1932//1932 2527//2527 2756//2756
f 1932//1932 2756//2756 2757//2757
f 1932//1932 2757//2757 2758//2758
f 1932//1932 2758//2758 2759//2759
f 1932//1932 2759//2759 2760//2760
f 1932//1932 2760//2760 2761//2761
f 1932//1932 2761//2761 2762//2762
f 1932//1932 2762//2762 2763//2763
f 1932//1932 2763//2763 2764//2764
f 1932//1932 2764//2764 2765//2765
f 1932//1932 2765//2765 2766//2766
f 1932//1932 2528//2528 2527//2527
f 1932//1932 2766//2766 2767//2767
f 1932//1932 2767//2767 2768//2768
f 1932//1932 2768//2768 2769//2769
f 1932//1932 2769//2769 2770//2770
f 1932//1932 2770//2770 2771//2771
f 1933//1933 2528//2528 1932//1932
f 2571//2571 2849//2849 2572//2572
f 2571//2571 2846//2846 2847//2847
f 2571//2571 2847//2847 2848//2848
f 2571//2571 2848//2848 2849//2849
f 2404//2404 3003//3003 3004//3004
f 2404//2404 3004//3004 3005//3005
f 2404//2404 3005//3005 2922//2922
f 2404//2404 2776//2776 3003//3003
f 2404//2404 2922//2922 2923//2923
f 2404//2404 1932//1932 2771//2771
f 2404//2404 2771//2771 2772//2772
f 2404//2404 2772//2772 2773//2773
f 2404//2404 2773//2773 2774//2774
f 2404//2404 2774//2774 2775//2775
f 2404//2404 2775//2775 2776//2776
f 2570//2570 2846//2846 2571//2571
f 2570//2570 2843//2843 2844//2844
f 2570//2570 2844//2844 2845//2845
f 2570//2570 2845//2845 2846//2846
f 2569//2569 2843//2843 2570//2570
f 2569//2569 2842//2842 2843//2843
f 2507//2507 2405//2405 2404//2404
f 2568//2568 2842//2842 2569//2569
f 2568//2568 2840//2840 2841//2841
f 2568//2568 2841//2841 2842//2842
f 2508//2508 2507//2507 2404//2404
f 2567//2567 2944//2944 2839//2839
f 2567//2567 2839//2839 2840//2840
f 2567//2567 2840//2840 2568//2568
f 2509//2509 2508//2508 2404//2404
f 2510//2510 2509//2509 2404//2404
f 2566//2566 2944//2944 2567//2567
f 2408//2408 2510//2510 2404//2404
f 2635//2635 2933//2933 2634//2634
f 2635//2635 2932//2932 2933//2933
f 2633//2633 2634//2634 2933//2933
f 2633//2633 2933//2933 2934//2934
f 2636//2636 2932//2932 2635//2635
f 2636//2636 2931//2931 2932//2932
f 2637//2637 2931//2931 2636//2636
f 2637//2637 2930//2930 2931//2931
f 2632//2632 2633//2633 2934//2934
f 2632//2632 2934//2934 2935//2935
f 2631//2631 2632//2632 2935//2935
f 2631//2631 2935//2935 2936//2936
f 2638//2638 2930//2930 2637//2637
f 2638//2638 2929//2929 2930//2930
f 2630//2630 2936//2936 2937//2937
f 2630//2630 2631//2631 2936//2936
f 2639//2639 2929//2929 2638//2638
f 2639//2639 2928//2928 2929//2929
f 2629//2629 2630//2630 2937//2937
f 2640//2640 2928//2928 2639//2639
f 2628//2628 2937//2937 2938//2938
f 2628//2628 2629//2629 2937//2937
f 2641//2641 2927//2927 2928//2928
f 2641//2641 2928//2928 2640//2640
f 2627//2627 2938//2938 2939//2939
f 2627//2627 2628//2628 2938//2938
f 2642//2642 2926//2926 2927//2927
f 2642//2642 2927//2927 2641//2641
f 2626//2626 2627//2627 2939//2939
f 2626//2626 2939//2939 2940//2940
f 2643//2643 2925//2925 2926//2926
f 2643//2643 2926//2926 2642//2642
f 2644//2644 2925//2925 2643//2643
f 2644//2644 2924//2924 2925//2925
f 2625//2625 2626//2626 2940//2940
f 2645//2645 2923//2923 2924//2924
f 2645//2645 2924//2924 2644//2644
f 2646//2646 2923//2923 2645//2645
f 2409//2409 2408//2408 2404//2404
f 2409//2409 2923//2923 2646//2646
f 2409//2409 2404//2404 2923//2923
f 2410//2410 2409//2409 2646//2646
f 2410//2410 2646//2646 2647//2647
f 2666//2666 2944//2944 2566//2566
f 2666//2666 2565//2565 2564//2564
f 2666//2666 2566//2566 2565//2565
f 2666//2666 2625//2625 2940//2940
f 2666//2666 2620//2620 2621//2621
f 2666//2666 2621//2621 2622//2622
f 2666//2666 2940//2940 2941//2941
f 2666//2666 2622//2622 2623//2623
f 2666//2666 2941//2941 2942//2942
f 2666//2666 2623//2623 2624//2624
f 2666//2666 2942//2942 2943//2943
f 2666//2666 2624//2624 2625//2625
f 2666//2666 2943//2943 2944//2944
f 2563//2563 2666//2666 2564//2564
f 2411//2411 2410//2410 2647//2647
f 2411//2411 2647//2647 2648//2648
f 2411//2411 2648//2648 2649//2649
f 2562//2562 2666//2666 2563//2563
f 2401//2401 2605//2605 2606//2606
f 2401//2401 2606//2606 2607//2607
f 2401//2401 2607//2607 2608//2608
f 2401//2401 2608//2608 2609//2609
f 2401//2401 2609//2609 2610//2610
f 2401//2401 2610//2610 2611//2611
f 2401//2401 2611//2611 2612//2612
f 2401//2401 2612//2612 2613//2613
f 2401//2401 2613//2613 2614//2614
f 2401//2401 2614//2614 2615//2615
f 2401//2401 2615//2615 2616//2616
f 2401//2401 2616//2616 2617//2617
f 2401//2401 2617//2617 2618//2618
f 2401//2401 2618//2618 2619//2619
f 2401//2401 2619//2619 2620//2620
f 2401//2401 2620//2620 2666//2666
f 2412//2412 2649//2649 2650//2650
f 2412//2412 2650//2650 2651//2651
f 2412//2412 2411//2411 2649//2649
f 2561//2561 2666//2666 2562//2562
f 2413//2413 2651//2651 2652//2652
f 2413//2413 2652//2652 2653//2653
f 2413//2413 2412//2412 2651//2651
f 2414//2414 2653//2653 2654//2654
f 2414//2414 2654//2654 2655//2655
f 2414//2414 2655//2655 2656//2656
f 2414//2414 2413//2413 2653//2653
f 2415//2415 2414//2414 2656//2656
f 2415//2415 2656//2656 2657//2657
f 2415//2415 2657//2657 2658//2658
f 2415//2415 2658//2658 2659//2659
f 2415//2415 2659//2659 2660//2660
f 2422//2422 2401//2401 2398//2398
f 2416//2416 2415//2415 2660//2660
f 2416//2416 2660//2660 2661//2661
f 2416//2416 2661//2661 2662//2662
f 2416//2416 2662//2662 2663//2663
f 2416//2416 2663//2663 2664//2664
f 2421//2421 2603//2603 2604//2604
f 2421//2421 2604//2604 2605//2605
f 2421//2421 2605//2605 2401//2401
f 2421//2421 2401//2401 2422//2422
f 2417//2417 2582//2582 2583//2583
f 2417//2417 2583//2583 2584//2584
f 2417//2417 2584//2584 2585//2585
f 2417//2417 2585//2585 2586//2586
f 2417//2417 2416//2416 2664//2664
f 2417//2417 2664//2664 2665//2665
f 2417//2417 2665//2665 2582//2582
f 2420//2420 2598//2598 2599//2599
f 2420//2420 2599//2599 2600//2600
f 2420//2420 2600//2600 2601//2601
f 2420//2420 2601//2601 2602//2602
f 2420//2420 2602//2602 2603//2603
f 2420//2420 2603//2603 2421//2421
f 2418//2418 2586//2586 2587//2587
f 2418//2418 2587//2587 2588//2588
f 2418//2418 2588//2588 2589//2589
f 2418//2418 2589//2589 2590//2590
f 2418//2418 2590//2590 2591//2591
f 2418//2418 2591//2591 2592//2592
f 2418//2418 2417//2417 2586//2586
f 2419//2419 2592//2592 2593//2593
f 2419//2419 2593//2593 2594//2594
f 2419//2419 2594//2594 2595//2595
f 2419//2419 2595//2595 2596//2596
f 2419//2419 2596//2596 2597//2597
f 2419//2419 2597//2597 2598//2598
f 2419//2419 2598//2598 2420//2420
f 2419//2419 2418//2418 2592//2592
f 1945//1945 2391//2391 1940//1940
f 2556//2556 2557//2557 2391//2391
f 2555//2555 2391//2391 1945//1945
f 2555//2555 2556//2556 2391//2391
f 2554//2554 2555//2555 1945//1945
f 2553//2553 2554//2554 1945//1945
f 2552//2552 2553//2553 1945//1945
f 2532//2532 1945//1945 1944//1944
f 2532//2532 2552//2552 1945//1945
f 3006//3006 2668//2668 2532//2532
f 3006//3006 2532//2532 1944//1944
f 1944//1944 1943//1943 2390//2390
f 3007//3007 1944//1944 2390//2390
f 3006//3006 1944//1944 3007//3007
f 2531//2531 1942//1942 1941//1941
f 1955//1955 1942//1942 2531//2531
f 2530//2530 2531//2531 1941//1941
f 2529//2529 2530//2530 1941//1941
f 1946//1946 2529//2529 1941//1941
f 2669//2669 1955//1955 2531//2531
f 1950//1950 1955//1955 2669//2669
f 1951//1951 1950//1950 2669//2669
f 83//83 84//84 893//893
f 83//83 893//893 1956//1956
f 3013//3013 1960//1960 866//866
f 3012//3012 894//894 1963//1963
f 868//868 3013//3013 866//866
f 868//868 3009//3009 3013//3013
f 3008//3008 3009//3009 868//868
f 3010//3010 3012//3012 3013//3013
f 3010//3010 3013//3013 3009//3009
f 896//896 3010//3010 3011//3011
f 896//896 894//894 3012//3012
f 896//896 3012//3012 3010//3010
f 3026//3026 3024//3024 3025//3025
f 3031//3031 3015//3015 3014//3014
f 1956//1956 3028//3028 3029//3029
f 3027//3027 3028//3028 1956//1956
f 3030//3030 1956//1956 3029//3029
f 3022//3022 3023//3023 3021//3021
f 3020//3020 3026//3026 3027//3027
f 3020//3020 3021//3021 3026//3026
f 893//893 892//892 3020//3020
f 3018//3018 3031//3031 3014//3014
f 3019//3019 3030//3030 3031//3031
f 3019//3019 3031//3031 3018//3018
f 3016//3016 3017//3017 3018//3018
f 167//167 3019//3019 166//166
f 3014//3014 3016//3016 3018//3018
f 167//167 1956//1956 3030//3030
f 167//167 3030//3030 3019//3019
f 1956//1956 893//893 3020//3020
f 1956//1956 3020//3020 3027//3027
f 3023//3023 3024//3024 3026//3026
f 3023//3023 3026//3026 3021//3021
f 3033//3033 3032//3032 194//194
f 193//193 3033//3033 194//194
f 845//845 3034//3034 3033//3033
f 845//845 3033//3033 193//193
f 197//197 3035//3035 1959//1959
f 3036//3036 1957//1957 3035//3035
f 3038//3038 3037//3037 3036//3036
f 196//196 3039//3039 3038//3038
f 196//196 3035//3035 197//197
f 196//196 3036//3036 3035//3035
f 196//196 3038//3038 3036//3036
f 1958//1958 1959//1959 3035//3035
f 1957//1957 1958//1958 3035//3035
f 3040//3040 3038//3038 76//76
f 3040//3040 76//76 77//77
f 3037//3037 3038//3038 3040//3040
f 1957//1957 3040//3040 77//77
f 3042//3042 865//865 70//70
f 3042//3042 70//70 71//71
f 3043//3043 865//865 3042//3042
f 3041//3041 3042//3042 71//71
f 3049//3049 867//867 1967//1967
f 3048//3048 1964//1964 895//895
f 869//869 867//867 3049//3049
f 869//869 3049//3049 3045//3045
f 3044//3044 869//869 3045//3045
f 3046//3046 3049//3049 3048//3048
f 3046//3046 3045//3045 3049//3049
f 897//897 3047//3047 3046//3046
f 897//897 3048//3048 895//895
f 897//897 3046//3046 3048//3048
f 1966//1966 3049//3049 1967//1967
f 3053//3053 3051//3051 3049//3049
f 3053//3053 3049//3049 1966//1966
f 3052//3052 3053//3053 1966//1966
f 3050//3050 3052//3052 1966//1966
f 3056//3056 3050//3050 1966//1966
f 3055//3055 3056//3056 1966//1966
f 3054//3054 1966//1966 1965//1965
f 3054//3054 3055//3055 1966//1966
f 3058//3058 3057//3057 3054//3054
f 3058//3058 3054//3054 1965//1965
f 1965//1965 1964//1964 3048//3048
f 3058//3058 3048//3048 3059//3059
f 3058//3058 1965//1965 3048//3048
f 3012//3012 1963//1963 1962//1962
f 3061//3061 3012//3012 1962//1962
f 3060//3060 3012//3012 3061//3061
f 3065//3065 1961//1961 3062//3062
f 3064//3064 1961//1961 3065//3065
f 3063//3063 1962//1962 1961//1961
f 3063//3063 1961//1961 3064//3064
f 3061//3061 3063//3063 3066//3066
f 3061//3061 1962//1962 3063//3063
f 3013//3013 1961//1961 1960//1960
f 3069//3069 3062//3062 1961//1961
f 3068//3068 1961//1961 3013//3013
f 3068//3068 3069//3069 1961//1961
f 3067//3067 3068//3068 3013//3013
f 2389//2389 886//886 847//847
f 2389//2389 847//847 846//846
f 3082//3082 3081//3081 3080//3080
f 3087//3087 3070//3070 3071//3071
f 2389//2389 3085//3085 3084//3084
f 3083//3083 2389//2389 3084//3084
f 3086//3086 3085//3085 2389//2389
f 3077//3077 3083//3083 3082//3082
f 3078//3078 3077//3077 3079//3079
f 3076//3076 3083//3083 3077//3077
f 886//886 3076//3076 887//887
f 3074//3074 3070//3070 3087//3087
f 3075//3075 3087//3087 3086//3086
f 3075//3075 3074//3074 3087//3087
f 3072//3072 3074//3074 3073//3073
f 160//160 161//161 3075//3075
f 3070//3070 3074//3074 3072//3072
f 160//160 3086//3086 2389//2389
f 160//160 3075//3075 3086//3086
f 2389//2389 3076//3076 886//886
f 2389//2389 3083//3083 3076//3076
f 3079//3079 3082//3082 3080//3080
f 3079//3079 3077//3077 3082//3082
f 2581//2581 2394//2394 2392//2392
f 2580//2580 2581//2581 2392//2392
f 2561//2561 2392//2392 2393//2393
f 2561//2561 2580//2580 2392//2392
f 2403//2403 2666//2666 2561//2561
f 2403//2403 2561//2561 2393//2393
f 2560//2560 2391//2391 2557//2557
f 2559//2559 2391//2391 2560//2560
f 2558//2558 2390//2390 2391//2391
f 2558//2558 2391//2391 2559//2559
f 3007//3007 2558//2558 2667//2667
f 3007//3007 2390//2390 2558//2558
f 2401//2401 2666//2666 2403//2403
f 2402//2402 2401//2401 2403//2403
f 3141//3141 3140//3140 2475//2475
f 3141//3141 2475//2475 2476//2476
f 3142//3142 3141//3141 2476//2476
f 3139//3139 2475//2475 3140//3140
f 3138//3138 2475//2475 3139//3139
f 3143//3143 3142//3142 2476//2476
f 3144//3144 3143//3143 2476//2476
f 3137//3137 2475//2475 3138//3138
f 3145//3145 3144//3144 2476//2476
f 3136//3136 2475//2475 3137//3137
f 3135//3135 2475//2475 3136//3136
f 3146//3146 3145//3145 2476//2476
f 3147//3147 3146//3146 2476//2476
f 3147//3147 2476//2476 2477//2477
f 3134//3134 2475//2475 3135//3135
f 3134//3134 2474//2474 2475//2475
f 3148//3148 3147//3147 2477//2477
f 3133//3133 2474//2474 3134//3134
f 3132//3132 2474//2474 3133//3133
f 3149//3149 3148//3148 2477//2477
f 3131//3131 2474//2474 3132//3132
f 3150//3150 3149//3149 2477//2477
f 3130//3130 2474//2474 3131//3131
f 3151//3151 3150//3150 2477//2477
f 3152//3152 3151//3151 2477//2477
f 3152//3152 2477//2477 2478//2478
f 3129//3129 2473//2473 2474//2474
f 3129//3129 2474//2474 3130//3130
f 3128//3128 2473//2473 3129//3129
f 3153//3153 3152//3152 2478//2478
f 3154//3154 3153//3153 2478//2478
f 3127//3127 2473//2473 3128//3128
f 3126//3126 2473//2473 3127//3127
f 3155//3155 3154//3154 2478//2478
f 3125//3125 2473//2473 3126//3126
f 3156//3156 3155//3155 2478//2478
f 3124//3124 2473//2473 3125//3125
f 3124//3124 2472//2472 2473//2473
f 3157//3157 2478//2478 2479//2479
f 3157//3157 3156//3156 2478//2478
f 3123//3123 2472//2472 3124//3124
f 3158//3158 3157//3157 2479//2479
f 3122//3122 2472//2472 3123//3123
f 3159//3159 3158//3158 2479//2479
f 3121//3121 2472//2472 3122//3122
f 3160//3160 3159//3159 2479//2479
f 3120//3120 2472//2472 3121//3121
f 3120//3120 2471//2471 2472//2472
f 3161//3161 3160//3160 2479//2479
f 3161//3161 2479//2479 2480//2480
f 3119//3119 2471//2471 3120//3120
f 3162//3162 3161//3161 2480//2480
f 3118//3118 2471//2471 3119//3119
f 3163//3163 3162//3162 2480//2480
f 3117//3117 2471//2471 3118//3118
f 3117//3117 2470//2470 2471//2471
f 3164//3164 3163//3163 2480//2480
f 3164//3164 2480//2480 2481//2481
f 3116//3116 2470//2470 3117//3117
f 3165//3165 3164//3164 2481//2481
f 3115//3115 2470//2470 3116//3116
f 3115//3115 2469//2469 2470//2470
f 3166//3166 3165//3165 2481//2481
f 3166//3166 2481//2481 2482//2482
f 3114//3114 2469//2469 3115//3115
f 3167//3167 3166//3166 2482//2482
f 3113//3113 2469//2469 3114//3114
f 3113//3113 2468//2468 2469//2469
f 3168//3168 3167//3167 2482//2482
f 3168//3168 2482//2482 2483//2483
f 3112//3112 2468//2468 3113//3113
f 3169//3169 3168//3168 2483//2483
f 3111//3111 2467//2467 2468//2468
f 3111//3111 2468//2468 3112//3112
f 3170//3170 3169//3169 2483//2483
f 3170//3170 2483//2483 2484//2484
f 3110//3110 2466//2466 2467//2467
f 3110//3110 2467//2467 3111//3111
f 3171//3171 2484//2484 2485//2485
f 3171//3171 3170//3170 2484//2484
f 3393//3393 3098//3098 3097//3097
f 3392//3392 3098//3098 3393//3393
f 3392//3392 3099//3099 3098//3098
f 3392//3392 3100//3100 3099//3099
f 3394//3394 3393//3393 3097//3097
f 3394//3394 3097//3097 3096//3096
f 3391//3391 3100//3100 3392//3392
f 3391//3391 3101//3101 3100//3100
f 3395//3395 3394//3394 3096//3096
f 3395//3395 3096//3096 3095//3095
f 3390//3390 3101//3101 3391//3391
f 3390//3390 3102//3102 3101//3101
f 3396//3396 3395//3395 3095//3095
f 3396//3396 3095//3095 3094//3094
f 3389//3389 3102//3102 3390//3390
f 3389//3389 3103//3103 3102//3102
f 3397//3397 3396//3396 3094//3094
f 3397//3397 3093//3093 3092//3092
f 3397//3397 3094//3094 3093//3093
f 3388//3388 3105//3105 3104//3104
f 3388//3388 3103//3103 3389//3389
f 3388//3388 3104//3104 3103//3103
f 3398//3398 3397//3397 3092//3092
f 3398//3398 3092//3092 3091//3091
f 3387//3387 3106//3106 3105//3105
f 3387//3387 3105//3105 3388//3388
f 3386//3386 3107//3107 3106//3106
f 3386//3386 3106//3106 3387//3387
f 3399//3399 3398//3398 3091//3091
f 3399//3399 3091//3091 3090//3090
f 3400//3400 3399//3399 3090//3090
f 3400//3400 3090//3090 3089//3089
f 3385//3385 3108//3108 3107//3107
f 3385//3385 3107//3107 3386//3386
f 3401//3401 3400//3400 3089//3089
f 3401//3401 3089//3089 3088//3088
f 3384//3384 3109//3109 3108//3108
f 3384//3384 3108//3108 3385//3385
f 3402//3402 3171//3171 2485//2485
f 3402//3402 3088//3088 3171//3171
f 3402//3402 3401//3401 3088//3088
f 3383//3383 3110//3110 3109//3109
f 3383//3383 3109//3109 3384//3384
f 3383//3383 2466//2466 3110//3110
f 3403//3403 3402//3402 2485//2485
f 3403//3403 2485//2485 2486//2486
f 3403//3403 2486//2486 2487//2487
f 3382//3382 2465//2465 2466//2466
f 3382//3382 2466//2466 3383//3383
f 3381//3381 2464//2464 2465//2465
f 3381//3381 2465//2465 3382//3382
f 3404//3404 3403//3403 2487//2487
f 3225//3225 2492//2492 2493//2493
f 3225//3225 3224//3224 2492//2492
f 3308//3308 2459//2459 3309//3309
f 3308//3308 2458//2458 2459//2459
f 3226//3226 3225//3225 2493//2493
f 3223//3223 2492//2492 3224//3224
f 3307//3307 2458//2458 3308//3308
f 3310//3310 3309//3309 2459//2459
f 3227//3227 3226//3226 2493//2493
f 3311//3311 2459//2459 2460//2460
f 3311//3311 3310//3310 2459//2459
f 3222//3222 2492//2492 3223//3223
f 3222//3222 2491//2491 2492//2492
f 3306//3306 2458//2458 3307//3307
f 3228//3228 3227//3227 2493//2493
f 3221//3221 2491//2491 3222//3222
f 3312//3312 3311//3311 2460//2460
f 3305//3305 2458//2458 3306//3306
f 3229//3229 3228//3228 2493//2493
f 3229//3229 2493//2493 2494//2494
f 3220//3220 2491//2491 3221//3221
f 3220//3220 2490//2490 2491//2491
f 3313//3313 3312//3312 2460//2460
f 3313//3313 2460//2460 2461//2461
f 3304//3304 2457//2457 2458//2458
f 3304//3304 2458//2458 3305//3305
f 3230//3230 3229//3229 2494//2494
f 3314//3314 3313//3313 2461//2461
f 3219//3219 2490//2490 3220//3220
f 3303//3303 2457//2457 3304//3304
f 3218//3218 2490//2490 3219//3219
f 3218//3218 2489//2489 2490//2490
f 3231//3231 3230//3230 2494//2494
f 3315//3315 2461//2461 2462//2462
f 3315//3315 3314//3314 2461//2461
f 3302//3302 2457//2457 3303//3303
f 3217//3217 2489//2489 3218//3218
f 3232//3232 3231//3231 2494//2494
f 3301//3301 2457//2457 3302//3302
f 3316//3316 3315//3315 2462//2462
f 3216//3216 2489//2489 3217//3217
f 3216//3216 2488//2488 2489//2489
f 3233//3233 3232//3232 2494//2494
f 3300//3300 2457//2457 3301//3301
f 3317//3317 2462//2462 2463//2463
f 3317//3317 3316//3316 2462//2462
f 3215//3215 2488//2488 3216//3216
f 3215//3215 3404//3404 2487//2487
f 3215//3215 2487//2487 2488//2488
f 3234//3234 2494//2494 2495//2495
f 3234//3234 3233//3233 2494//2494
f 3299//3299 2456//2456 2457//2457
f 3299//3299 2457//2457 3300//3300
f 3318//3318 2463//2463 2464//2464
f 3318//3318 3317//3317 2463//2463
f 3318//3318 2464//2464 3381//3381
f 3214//3214 3404//3404 3215//3215
f 3214//3214 3405//3405 3404//3404
f 3235//3235 3234//3234 2495//2495
f 3319//3319 3318//3318 3381//3381
f 3319//3319 3381//3381 3380//3380
f 3298//3298 2456//2456 3299//3299
f 3236//3236 3235//3235 2495//2495
f 3213//3213 3405//3405 3214//3214
f 3213//3213 3406//3406 3405//3405
f 3320//3320 3319//3319 3380//3380
f 3320//3320 3380//3380 3379//3379
f 3297//3297 2456//2456 3298//3298
f 3237//3237 3236//3236 2495//2495
f 3212//3212 3406//3406 3213//3213
f 3212//3212 3407//3407 3406//3406
f 3321//3321 3320//3320 3379//3379
f 3321//3321 3379//3379 3378//3378
f 3296//3296 2456//2456 3297//3297
f 3238//3238 3237//3237 2495//2495
f 3211//3211 3408//3408 3407//3407
f 3211//3211 3407//3407 3212//3212
f 3295//3295 2456//2456 3296//3296
f 3322//3322 3321//3321 3378//3378
f 3322//3322 3378//3378 3377//3377
f 3210//3210 3409//3409 3408//3408
f 3210//3210 3408//3408 3211//3211
f 3239//3239 3238//3238 2495//2495
f 3239//3239 2495//2495 2496//2496
f 3323//3323 3322//3322 3377//3377
f 3323//3323 3377//3377 3376//3376
f 3294//3294 2455//2455 2456//2456
f 3294//3294 2456//2456 3295//3295
f 3240//3240 3239//3239 2496//2496
f 3209//3209 3409//3409 3210//3210
f 3293//3293 2455//2455 3294//3294
f 3324//3324 3323//3323 3376//3376
f 3241//3241 3240//3240 2496//2496
f 3208//3208 3410//3410 3409//3409
f 3208//3208 3409//3409 3209//3209
f 3292//3292 2455//2455 3293//3293
f 3325//3325 3324//3324 3376//3376
f 3325//3325 3376//3376 3375//3375
f 3242//3242 3241//3241 2496//2496
f 3207//3207 3411//3411 3410//3410
f 3207//3207 3410//3410 3208//3208
f 3291//3291 2455//2455 3292//3292
f 3326//3326 3325//3325 3375//3375
f 3326//3326 3375//3375 3374//3374
f 3206//3206 3412//3412 3411//3411
f 3206//3206 3411//3411 3207//3207
f 3243//3243 3242//3242 2496//2496
f 3327//3327 3374//3374 3373//3373
f 3327//3327 3326//3326 3374//3374
f 3290//3290 2455//2455 3291//3291
f 3205//3205 3413//3413 3412//3412
f 3205//3205 3412//3412 3206//3206
f 3244//3244 3243//3243 2496//2496
f 3289//3289 2455//2455 3290//3290
f 3328//3328 3373//3373 3372//3372
f 3328//3328 3327//3327 3373//3373
f 3204//3204 3413//3413 3205//3205
f 3288//3288 2455//2455 3289//3289
f 3245//3245 3244//3244 2496//2496
f 3329//3329 3328//3328 3372//3372
f 3371//3371 3329//3329 3372//3372
f 3371//3371 3330//3330 3329//3329
f 3371//3371 3331//3331 3330//3330
f 3414//3414 3203//3203 3202//3202
f 3414//3414 3204//3204 3203//3203
f 3414//3414 3413//3413 3204//3204
f 3370//3370 3332//3332 3331//3331
f 3370//3370 3331//3331 3371//3371
f 3415//3415 3414//3414 3202//3202
f 3415//3415 3202//3202 3201//3201
f 3369//3369 3332//3332 3370//3370
f 3369//3369 3333//3333 3332//3332
f 3416//3416 3415//3415 3201//3201
f 3416//3416 3201//3201 3200//3200
f 3368//3368 3334//3334 3333//3333
f 3368//3368 3333//3333 3369//3369
f 3417//3417 3200//3200 3199//3199
f 3417//3417 3416//3416 3200//3200
f 3367//3367 3334//3334 3368//3368
f 3367//3367 3335//3335 3334//3334
f 3367//3367 3336//3336 3335//3335
f 3418//3418 3417//3417 3199//3199
f 3418//3418 3198//3198 3197//3197
f 3418//3418 3199//3199 3198//3198
f 2454//2454 3282//3282 3281//3281
f 2454//2454 3283//3283 3282//3282
f 2454//2454 3284//3284 3283//3283
f 2454//2454 3285//3285 3284//3284
f 2454//2454 3286//3286 3285//3285
f 2454//2454 3287//3287 3286//3286
f 2454//2454 3288//3288 3287//3287
f 2454//2454 2455//2455 3288//3288
f 2497//2497 3246//3246 3245//3245
f 2497//2497 3247//3247 3246//3246
f 2497//2497 3248//3248 3247//3247
f 2497//2497 3249//3249 3248//3248
f 2497//2497 3250//3250 3249//3249
f 2497//2497 3251//3251 3250//3250
f 2497//2497 3252//3252 3251//3251
f 2497//2497 3245//3245 2496//2496
f 3366//3366 3337//3337 3336//3336
f 3366//3366 3336//3336 3367//3367
f 3419//3419 3418//3418 3197//3197
f 3419//3419 3197//3197 3196//3196
f 3365//3365 3338//3338 3337//3337
f 3365//3365 3337//3337 3366//3366
f 3420//3420 3196//3196 3195//3195
f 3420//3420 3419//3419 3196//3196
f 3364//3364 3338//3338 3365//3365
f 3364//3364 3339//3339 3338//3338
f 3421//3421 3420//3420 3195//3195
f 3421//3421 3195//3195 3194//3194
f 3363//3363 3256//3256 3339//3339
f 3363//3363 3339//3339 3364//3364
f 3422//3422 3421//3421 3194//3194
f 3422//3422 3194//3194 3193//3193
f 3362//3362 3256//3256 3363//3363
f 3362//3362 3257//3257 3256//3256
f 3423//3423 3422//3422 3193//3193
f 3423//3423 3193//3193 3192//3192
f 2453//2453 3277//3277 3276//3276
f 2453//2453 3278//3278 3277//3277
f 2453//2453 3279//3279 3278//3278
f 2453//2453 3280//3280 3279//3279
f 2453//2453 3281//3281 3280//3280
f 2453//2453 2454//2454 3281//3281
f 2498//2498 3252//3252 2497//2497
f 2498//2498 3253//3253 3252//3252
f 2498//2498 3254//3254 3253//3253
f 2498//2498 3255//3255 3254//3254
f 2498//2498 3172//3172 3255//3255
f 2498//2498 3173//3173 3172//3172
f 2452//2452 3272//3272 3271//3271
f 2452//2452 3273//3273 3272//3272
f 2452//2452 3274//3274 3273//3273
f 2452//2452 3275//3275 3274//3274
f 2452//2452 3276//3276 3275//3275
f 2452//2452 2453//2453 3276//3276
f 2499//2499 3174//3174 3173//3173
f 2499//2499 3175//3175 3174//3174
f 2499//2499 3176//3176 3175//3175
f 2499//2499 3177//3177 3176//3176
f 2499//2499 3178//3178 3177//3177
f 2499//2499 3173//3173 2498//2498
f 2451//2451 2452//2452 3271//3271
f 2451//2451 3268//3268 3267//3267
f 2451//2451 3269//3269 3268//3268
f 2451//2451 3270//3270 3269//3269
f 2451//2451 3271//3271 3270//3270
f 2500//2500 3179//3179 3178//3178
f 2500//2500 3180//3180 3179//3179
f 2500//2500 3181//3181 3180//3180
f 2500//2500 3182//3182 3181//3181
f 2500//2500 3178//3178 2499//2499
f 2450//2450 2451//2451 3267//3267
f 2450//2450 3265//3265 3264//3264
f 2450//2450 3266//3266 3265//3265
f 2450//2450 3267//3267 3266//3266
f 2501//2501 3182//3182 2500//2500
f 2501//2501 3183//3183 3182//3182
f 2501//2501 3184//3184 3183//3183
f 2501//2501 3185//3185 3184//3184
f 2449//2449 2450//2450 3264//3264
f 2449//2449 3263//3263 3262//3262
f 2449//2449 3264//3264 3263//3263
f 2502//2502 3185//3185 2501//2501
f 2502//2502 3186//3186 3185//3185
f 2502//2502 3187//3187 3186//3186
f 2448//2448 3261//3261 3260//3260
f 2448//2448 3262//3262 3261//3261
f 2448//2448 2449//2449 3262//3262
f 2503//2503 3187//3187 2502//2502
f 2503//2503 3188//3188 3187//3187
f 2503//2503 3189//3189 3188//3188
f 2447//2447 3259//3259 3258//3258
f 2447//2447 3260//3260 3259//3259
f 2447//2447 2448//2448 3260//3260
f 2504//2504 3189//3189 2503//2503
f 2504//2504 3190//3190 3189//3189
f 2504//2504 3191//3191 3190//3190
f 2446//2446 2447//2447 3258//3258
f 2446//2446 3258//3258 3257//3257
f 2505//2505 3191//3191 2504//2504
f 2505//2505 3192//3192 3191//3191
f 2445//2445 3257//3257 3362//3362
f 2445//2445 2446//2446 3257//3257
f 2506//2506 3423//3423 3192//3192
f 2506//2506 3340//3340 3423//3423
f 2506//2506 3192//3192 2505//2505
f 2444//2444 3362//3362 3361//3361
f 2444//2444 2445//2445 3362//3362
f 2423//2423 3341//3341 3340//3340
f 2423//2423 3340//3340 2506//2506
f 3476//3476 3351//3351 3350//3350
f 3476//3476 3350//3350 3477//3477
f 3478//3478 3350//3350 3349//3349
f 3478//3478 3477//3477 3350//3350
f 3475//3475 3352//3352 3351//3351
f 3475//3475 3351//3351 3476//3476
f 3474//3474 3353//3353 3352//3352
f 3474//3474 3352//3352 3475//3475
f 3479//3479 3349//3349 3348//3348
f 3479//3479 3478//3478 3349//3349
f 3473//3473 3353//3353 3474//3474
f 3473//3473 3354//3354 3353//3353
f 3480//3480 3348//3348 3347//3347
f 3480//3480 3479//3479 3348//3348
f 3481//3481 3480//3480 3347//3347
f 3481//3481 3347//3347 3346//3346
f 3472//3472 3355//3355 3354//3354
f 3472//3472 3354//3354 3473//3473
f 3471//3471 3355//3355 3472//3472
f 3482//3482 3481//3481 3346//3346
f 3483//3483 3482//3482 3346//3346
f 3483//3483 3346//3346 3345//3345
f 3470//3470 3355//3355 3471//3471
f 3470//3470 3356//3356 3355//3355
f 3469//3469 3356//3356 3470//3470
f 3469//3469 3357//3357 3356//3356
f 3484//3484 3483//3483 3345//3345
f 3484//3484 3345//3345 3344//3344
f 3468//3468 3357//3357 3469//3469
f 3468//3468 3358//3358 3357//3357
f 3485//3485 3484//3484 3344//3344
f 3485//3485 3344//3344 3343//3343
f 3467//3467 3358//3358 3468//3468
f 3467//3467 3359//3359 3358//3358
f 3486//3486 3485//3485 3343//3343
f 3486//3486 3343//3343 3342//3342
f 3487//3487 3486//3486 3342//3342
f 3487//3487 3342//3342 3341//3341
f 3466//3466 3359//3359 3467//3467
f 3466//3466 3360//3360 3359//3359
f 3465//3465 3360//3360 3466//3466
f 3488//3488 3487//3487 3341//3341
f 2443//2443 3360//3360 3465//3465
f 2443//2443 3361//3361 3360//3360
f 2443//2443 2444//2444 3361//3361
f 2424//2424 3488//3488 3341//3341
f 2424//2424 3341//3341 2423//2423
f 2442//2442 3465//3465 3464//3464
f 2442//2442 2443//2443 3465//3465
f 2425//2425 3489//3489 3488//3488
f 2425//2425 3488//3488 2424//2424
f 2441//2441 3463//3463 3462//3462
f 2441//2441 3464//3464 3463//3463
f 2441//2441 2442//2442 3464//3464
f 2426//2426 3489//3489 2425//2425
f 2426//2426 3490//3490 3489//3489
f 2426//2426 3491//3491 3490//3490
f 2427//2427 3491//3491 2426//2426
f 2427//2427 3492//3492 3491//3491
f 2427//2427 3493//3493 3492//3492
f 2440//2440 3461//3461 3460//3460
f 2440//2440 3462//3462 3461//3461
f 2440//2440 2441//2441 3462//3462
f 2439//2439 2440//2440 3460//3460
f 2439//2439 3459//3459 3458//3458
f 2439//2439 3460//3460 3459//3459
f 2428//2428 3493//3493 2427//2427
f 2428//2428 3494//3494 3493//3493
f 2428//2428 3495//3495 3494//3494
f 2438//2438 2439//2439 3458//3458
f 2438//2438 3456//3456 3455//3455
f 2438//2438 3457//3457 3456//3456
f 2438//2438 3458//3458 3457//3457
f 2429//2429 3495//3495 2428//2428
f 2429//2429 3496//3496 3495//3495
f 2429//2429 3497//3497 3496//3496
f 2429//2429 3498//3498 3497//3497
f 2430//2430 3498//3498 2429//2429
f 2430//2430 3499//3499 3498//3498
f 2430//2430 3500//3500 3499//3499
f 2430//2430 3501//3501 3500//3500
f 2430//2430 3502//3502 3501//3501
f 2437//2437 3452//3452 3451//3451
f 2437//2437 2438//2438 3455//3455
f 2437//2437 3453//3453 3452//3452
f 2437//2437 3454//3454 3453//3453
f 2437//2437 3455//3455 3454//3454
f 2431//2431 3502//3502 2430//2430
f 2431//2431 3503//3503 3502//3502
f 2431//2431 3504//3504 3503//3503
f 2431//2431 3505//3505 3504//3504
f 2431//2431 3506//3506 3505//3505
f 2431//2431 3507//3507 3506//3506
f 2436//2436 3447//3447 3446//3446
f 2436//2436 3448//3448 3447//3447
f 2436//2436 3449//3449 3448//3448
f 2436//2436 3450//3450 3449//3449
f 2436//2436 3451//3451 3450//3450
f 2436//2436 2437//2437 3451//3451
f 2432//2432 3425//3425 3424//3424
f 2432//2432 3426//3426 3425//3425
f 2432//2432 3427//3427 3426//3426
f 2432//2432 3428//3428 3427//3427
f 2432//2432 3507//3507 2431//2431
f 2432//2432 3424//3424 3507//3507
f 2435//2435 2436//2436 3446//3446
f 2435//2435 3442//3442 3441//3441
f 2435//2435 3443//3443 3442//3442
f 2435//2435 3444//3444 3443//3443
f 2435//2435 3445//3445 3444//3444
f 2435//2435 3446//3446 3445//3445
f 2433//2433 3429//3429 3428//3428
f 2433//2433 3430//3430 3429//3429
f 2433//2433 3431//3431 3430//3430
f 2433//2433 3432//3432 3431//3431
f 2433//2433 3428//3428 2432//2432
f 2433//2433 3433//3433 3432//3432
f 2433//2433 3434//3434 3433//3433
f 2433//2433 3435//3435 3434//3434
f 2434//2434 3436//3436 3435//3435
f 2434//2434 3437//3437 3436//3436
f 2434//2434 3438//3438 3437//3437
f 2434//2434 3439//3439 3438//3438
f 2434//2434 2435//2435 3441//3441
f 2434//2434 3440//3440 3439//3439
f 2434//2434 3441//3441 3440//3440
f 2434//2434 3435//3435 2433//2433
f 3007//3007 2667//2667 2668//2668
f 3007//3007 2668//2668 3006//3006
f 3089//3089 2670//2670 3088//3088
f 3089//3089 2671//2671 2670//2670
f 3090//3090 2671//2671 3089//3089
f 3090//3090 2672//2672 2671//2671
f 3090//3090 2673//2673 2672//2672
f 3091//3091 2673//2673 3090//3090
f 3092//3092 2673//2673 3091//3091
f 3092//3092 2674//2674 2673//2673
f 3092//3092 2675//2675 2674//2674
f 3093//3093 2676//2676 2675//2675
f 3093//3093 2675//2675 3092//3092
f 3094//3094 2676//2676 3093//3093
f 3095//3095 2677//2677 2676//2676
f 3095//3095 2676//2676 3094//3094
f 3096//3096 2677//2677 3095//3095
f 3096//3096 2678//2678 2677//2677
f 3096//3096 2679//2679 2678//2678
f 3097//3097 2679//2679 3096//3096
f 3098//3098 2679//2679 3097//3097
f 3098//3098 2680//2680 2679//2679
f 3099//3099 2680//2680 3098//3098
f 3099//3099 2681//2681 2680//2680
f 3100//3100 2681//2681 3099//3099
f 3100//3100 2682//2682 2681//2681
f 3101//3101 2682//2682 3100//3100
f 3101//3101 2683//2683 2682//2682
f 3102//3102 2683//2683 3101//3101
f 3102//3102 2684//2684 2683//2683
f 3103//3103 2684//2684 3102//3102
f 3103//3103 2685//2685 2684//2684
f 3104//3104 2686//2686 2685//2685
f 3104//3104 2687//2687 2686//2686
f 3104//3104 2685//2685 3103//3103
f 3105//3105 2687//2687 3104//3104
f 3106//3106 2688//2688 2687//2687
f 3106//3106 2689//2689 2688//2688
f 3106//3106 2687//2687 3105//3105
f 3107//3107 2689//2689 3106//3106
f 3108//3108 2690//2690 2689//2689
f 3108//3108 2689//2689 3107//3107
f 3109//3109 2691//2691 2690//2690
f 3109//3109 2690//2690 3108//3108
f 3110//3110 2692//2692 2691//2691
f 3110//3110 2693//2693 2692//2692
f 3110//3110 2691//2691 3109//3109
f 3111//3111 2694//2694 2693//2693
f 3111//3111 2693//2693 3110//3110
f 3112//3112 2694//2694 3111//3111
f 3113//3113 2695//2695 2694//2694
f 3113//3113 2696//2696 2695//2695
f 3113//3113 2694//2694 3112//3112
f 3114//3114 2696//2696 3113//3113
f 3115//3115 2697//2697 2696//2696
f 3115//3115 2698//2698 2697//2697
f 3115//3115 2696//2696 3114//3114
f 3116//3116 2698//2698 3115//3115
f 3117//3117 2699//2699 2698//2698
f 3117//3117 2700//2700 2699//2699
f 3117//3117 2698//2698 3116//3116
f 3118//3118 2700//2700 3117//3117
f 3119//3119 2701//2701 2700//2700
f 3119//3119 2700//2700 3118//3118
f 3120//3120 2701//2701 3119//3119
f 3120//3120 2702//2702 2701//2701
f 3120//3120 2703//2703 2702//2702
f 3121//3121 2703//2703 3120//3120
f 3121//3121 2704//2704 2703//2703
f 3122//3122 2704//2704 3121//3121
f 3123//3123 2704//2704 3122//3122
f 3123//3123 2705//2705 2704//2704
f 3123//3123 2706//2706 2705//2705
f 3124//3124 2706//2706 3123//3123
f 3125//3125 2707//2707 2706//2706
f 3125//3125 2706//2706 3124//3124
f 3126//3126 2708//2708 2707//2707
f 3126//3126 2707//2707 3125//3125
f 3127//3127 2709//2709 2708//2708
f 3127//3127 2708//2708 3126//3126
f 3128//3128 2710//2710 2709//2709
f 3128//3128 2709//2709 3127//3127
f 3129//3129 2711//2711 2710//2710
f 3129//3129 2710//2710 3128//3128
f 3130//3130 2712//2712 2711//2711
f 3130//3130 2711//2711 3129//3129
f 3131//3131 2713//2713 2712//2712
f 3131//3131 2712//2712 3130//3130
f 3132//3132 2714//2714 2713//2713
f 3132//3132 2715//2715 2714//2714
f 3132//3132 2713//2713 3131//3131
f 3133//3133 2715//2715 3132//3132
f 3134//3134 2716//2716 2715//2715
f 3134//3134 2715//2715 3133//3133
f 3135//3135 2717//2717 2716//2716
f 3135//3135 2716//2716 3134//3134
f 3136//3136 2718//2718 2717//2717
f 3136//3136 2717//2717 3135//3135
f 3137//3137 2719//2719 2718//2718
f 3137//3137 2718//2718 3136//3136
f 3138//3138 2720//2720 2719//2719
f 3138//3138 2719//2719 3137//3137
f 3139//3139 2721//2721 2720//2720
f 3139//3139 2720//2720 3138//3138
f 3140//3140 2722//2722 2721//2721
f 3140//3140 2721//2721 3139//3139
f 3141//3141 2723//2723 2722//2722
f 3141//3141 2722//2722 3140//3140
f 3142//3142 2724//2724 2723//2723
f 3142//3142 2725//2725 2724//2724
f 3142//3142 2723//2723 3141//3141
f 3143//3143 2725//2725 3142//3142
f 3144//3144 2726//2726 2725//2725
f 3144//3144 2725//2725 3143//3143
f 3145//3145 2727//2727 2726//2726
f 3145//3145 2726//2726 3144//3144
f 3146//3146 2727//2727 3145//3145
f 3146//3146 2728//2728 2727//2727
f 3147//3147 2728//2728 3146//3146
f 3147//3147 2729//2729 2728//2728
f 3148//3148 2729//2729 3147//3147
f 3148//3148 2730//2730 2729//2729
f 3149//3149 2730//2730 3148//3148
f 3149//3149 2731//2731 2730//2730
f 3150//3150 2731//2731 3149//3149
f 3150//3150 2732//2732 2731//2731
f 3151//3151 2732//2732 3150//3150
f 3151//3151 2733//2733 2732//2732
f 3152//3152 2733//2733 3151//3151
f 3152//3152 2734//2734 2733//2733
f 3153//3153 2734//2734 3152//3152
f 3153//3153 2735//2735 2734//2734
f 3154//3154 2735//2735 3153//3153
f 3154//3154 2736//2736 2735//2735
f 3155//3155 2736//2736 3154//3154
f 3155//3155 2737//2737 2736//2736
f 3156//3156 2737//2737 3155//3155
f 3156//3156 2738//2738 2737//2737
f 3157//3157 2738//2738 3156//3156
f 3157//3157 2739//2739 2738//2738
f 3158//3158 2739//2739 3157//3157
f 3158//3158 2740//2740 2739//2739
f 3159//3159 2740//2740 3158//3158
f 3159//3159 2741//2741 2740//2740
f 3160//3160 2742//2742 2741//2741
f 3160//3160 2741//2741 3159//3159
f 3161//3161 2743//2743 2742//2742
f 3161//3161 2742//2742 3160//3160
f 3162//3162 2744//2744 2743//2743
f 3162//3162 2743//2743 3161//3161
f 3163//3163 2745//2745 2744//2744
f 3163//3163 2744//2744 3162//3162
f 3164//3164 2746//2746 2745//2745
f 3164//3164 2745//2745 3163//3163
f 3165//3165 2747//2747 2746//2746
f 3165//3165 2746//2746 3164//3164
f 3166//3166 2748//2748 2747//2747
f 3166//3166 2747//2747 3165//3165
f 3167//3167 2749//2749 2748//2748
f 3167//3167 2748//2748 3166//3166
f 3168//3168 2750//2750 2749//2749
f 3168//3168 2749//2749 3167//3167
f 3169//3169 2751//2751 2750//2750
f 3169//3169 2750//2750 3168//3168
f 3170//3170 2752//2752 2751//2751
f 3170//3170 2751//2751 3169//3169
f 3171//3171 2752//2752 3170//3170
f 3171//3171 2753//2753 2752//2752
f 3088//3088 2753//2753 3171//3171
f 3088//3088 2670//2670 2753//2753
f 3173//3173 2754//2754 3172//3172
f 3173//3173 2755//2755 2754//2754
f 3174//3174 2755//2755 3173//3173
f 3174//3174 2756//2756 2755//2755
f 3174//3174 2757//2757 2756//2756
f 3175//3175 2757//2757 3174//3174
f 3176//3176 2757//2757 3175//3175
f 3176//3176 2758//2758 2757//2757
f 3176//3176 2759//2759 2758//2758
f 3177//3177 2760//2760 2759//2759
f 3177//3177 2759//2759 3176//3176
f 3178//3178 2760//2760 3177//3177
f 3179//3179 2761//2761 2760//2760
f 3179//3179 2760//2760 3178//3178
f 3180//3180 2761//2761 3179//3179
f 3180//3180 2762//2762 2761//2761
f 3180//3180 2763//2763 2762//2762
f 3181//3181 2763//2763 3180//3180
f 3182//3182 2763//2763 3181//3181
f 3182//3182 2764//2764 2763//2763
f 3183//3183 2764//2764 3182//3182
f 3183//3183 2765//2765 2764//2764
f 3184//3184 2765//2765 3183//3183
f 3184//3184 2766//2766 2765//2765
f 3185//3185 2766//2766 3184//3184
f 3185//3185 2767//2767 2766//2766
f 3186//3186 2767//2767 3185//3185
f 3186//3186 2768//2768 2767//2767
f 3187//3187 2768//2768 3186//3186
f 3187//3187 2769//2769 2768//2768
f 3188//3188 2770//2770 2769//2769
f 3188//3188 2771//2771 2770//2770
f 3188//3188 2769//2769 3187//3187
f 3189//3189 2771//2771 3188//3188
f 3190//3190 2772//2772 2771//2771
f 3190//3190 2773//2773 2772//2772
f 3190//3190 2771//2771 3189//3189
f 3191//3191 2773//2773 3190//3190
f 3192//3192 2774//2774 2773//2773
f 3192//3192 2773//2773 3191//3191
f 3193//3193 2775//2775 2774//2774
f 3193//3193 2774//2774 3192//3192
f 3194//3194 2776//2776 2775//2775
f 3194//3194 2777//2777 2776//2776
f 3194//3194 2775//2775 3193//3193
f 3195//3195 2778//2778 2777//2777
f 3195//3195 2777//2777 3194//3194
f 3196//3196 2778//2778 3195//3195
f 3197//3197 2779//2779 2778//2778
f 3197//3197 2780//2780 2779//2779
f 3197//3197 2778//2778 3196//3196
f 3198//3198 2780//2780 3197//3197
f 3199//3199 2781//2781 2780//2780
f 3199//3199 2782//2782 2781//2781
f 3199//3199 2780//2780 3198//3198
f 3200//3200 2782//2782 3199//3199
f 3201//3201 2783//2783 2782//2782
f 3201//3201 2784//2784 2783//2783
f 3201//3201 2782//2782 3200//3200
f 3202//3202 2784//2784 3201//3201
f 3203//3203 2785//2785 2784//2784
f 3203//3203 2784//2784 3202//3202
f 3204//3204 2785//2785 3203//3203
f 3204//3204 2786//2786 2785//2785
f 3204//3204 2787//2787 2786//2786
f 3205//3205 2787//2787 3204//3204
f 3205//3205 2788//2788 2787//2787
f 3206//3206 2788//2788 3205//3205
f 3207//3207 2788//2788 3206//3206
f 3207//3207 2789//2789 2788//2788
f 3207//3207 2790//2790 2789//2789
f 3208//3208 2790//2790 3207//3207
f 3209//3209 2791//2791 2790//2790
f 3209//3209 2790//2790 3208//3208
f 3210//3210 2792//2792 2791//2791
f 3210//3210 2791//2791 3209//3209
f 3211//3211 2793//2793 2792//2792
f 3211//3211 2792//2792 3210//3210
f 3212//3212 2794//2794 2793//2793
f 3212//3212 2793//2793 3211//3211
f 3213//3213 2795//2795 2794//2794
f 3213//3213 2794//2794 3212//3212
f 3214//3214 2796//2796 2795//2795
f 3214//3214 2795//2795 3213//3213
f 3215//3215 2797//2797 2796//2796
f 3215//3215 2796//2796 3214//3214
f 3216//3216 2798//2798 2797//2797
f 3216//3216 2799//2799 2798//2798
f 3216//3216 2797//2797 3215//3215
f 3217//3217 2799//2799 3216//3216
f 3218//3218 2800//2800 2799//2799
f 3218//3218 2799//2799 3217//3217
f 3219//3219 2801//2801 2800//2800
f 3219//3219 2800//2800 3218//3218
f 3220//3220 2802//2802 2801//2801
f 3220//3220 2801//2801 3219//3219
f 3221//3221 2803//2803 2802//2802
f 3221//3221 2802//2802 3220//3220
f 3222//3222 2804//2804 2803//2803
f 3222//3222 2803//2803 3221//3221
f 3223//3223 2805//2805 2804//2804
f 3223//3223 2804//2804 3222//3222
f 3224//3224 2806//2806 2805//2805
f 3224//3224 2805//2805 3223//3223
f 3225//3225 2807//2807 2806//2806
f 3225//3225 2806//2806 3224//3224
f 3226//3226 2808//2808 2807//2807
f 3226//3226 2809//2809 2808//2808
f 3226//3226 2807//2807 3225//3225
f 3227//3227 2809//2809 3226//3226
f 3228//3228 2810//2810 2809//2809
f 3228//3228 2809//2809 3227//3227
f 3229//3229 2811//2811 2810//2810
f 3229//3229 2810//2810 3228//3228
f 3230//3230 2811//2811 3229//3229
f 3230//3230 2812//2812 2811//2811
f 3231//3231 2812//2812 3230//3230
f 3231//3231 2813//2813 2812//2812
f 3232//3232 2813//2813 3231//3231
f 3232//3232 2814//2814 2813//2813
f 3233//3233 2814//2814 3232//3232
f 3233//3233 2815//2815 2814//2814
f 3234//3234 2815//2815 3233//3233
f 3234//3234 2816//2816 2815//2815
f 3235//3235 2816//2816 3234//3234
f 3235//3235 2817//2817 2816//2816
f 3236//3236 2817//2817 3235//3235
f 3236//3236 2818//2818 2817//2817
f 3237//3237 2818//2818 3236//3236
f 3237//3237 2819//2819 2818//2818
f 3238//3238 2819//2819 3237//3237
f 3238//3238 2820//2820 2819//2819
f 3239//3239 2820//2820 3238//3238
f 3239//3239 2821//2821 2820//2820
f 3240//3240 2821//2821 3239//3239
f 3240//3240 2822//2822 2821//2821
f 3241//3241 2822//2822 3240//3240
f 3241//3241 2823//2823 2822//2822
f 3242//3242 2823//2823 3241//3241
f 3242//3242 2824//2824 2823//2823
f 3243//3243 2824//2824 3242//3242
f 3243//3243 2825//2825 2824//2824
f 3244//3244 2826//2826 2825//2825
f 3244//3244 2825//2825 3243//3243
f 3245//3245 2827//2827 2826//2826
f 3245//3245 2826//2826 3244//3244
f 3246//3246 2828//2828 2827//2827
f 3246//3246 2827//2827 3245//3245
f 3247//3247 2829//2829 2828//2828
f 3247//3247 2828//2828 3246//3246
f 3248//3248 2830//2830 2829//2829
f 3248//3248 2829//2829 3247//3247
f 3249//3249 2831//2831 2830//2830
f 3249//3249 2830//2830 3248//3248
f 3250//3250 2832//2832 2831//2831
f 3250//3250 2831//2831 3249//3249
f 3251//3251 2833//2833 2832//2832
f 3251//3251 2832//2832 3250//3250
f 3252//3252 2834//2834 2833//2833
f 3252//3252 2833//2833 3251//3251
f 3253//3253 2835//2835 2834//2834
f 3253//3253 2834//2834 3252//3252
f 3254//3254 2836//2836 2835//2835
f 3254//3254 2835//2835 3253//3253
f 3255//3255 2836//2836 3254//3254
f 3255//3255 2837//2837 2836//2836
f 3172//3172 2837//2837 3255//3255
f 3172//3172 2754//2754 2837//2837
f 3257//3257 2838//2838 3256//3256
f 3257//3257 2839//2839 2838//2838
f 3258//3258 2839//2839 3257//3257
f 3258//3258 2840//2840 2839//2839
f 3258//3258 2841//2841 2840//2840
f 3259//3259 2841//2841 3258//3258
f 3260//3260 2841//2841 3259//3259
f 3260//3260 2842//2842 2841//2841
f 3260//3260 2843//2843 2842//2842
f 3261//3261 2844//2844 2843//2843
f 3261//3261 2843//2843 3260//3260
f 3262//3262 2844//2844 3261//3261
f 3263//3263 2845//2845 2844//2844
f 3263//3263 2844//2844 3262//3262
f 3264//3264 2845//2845 3263//3263
f 3264//3264 2846//2846 2845//2845
f 3264//3264 2847//2847 2846//2846
f 3265//3265 2847//2847 3264//3264
f 3266//3266 2847//2847 3265//3265
f 3266//3266 2848//2848 2847//2847
f 3267//3267 2848//2848 3266//3266
f 3267//3267 2849//2849 2848//2848
f 3268//3268 2849//2849 3267//3267
f 3268//3268 2850//2850 2849//2849
f 3269//3269 2850//2850 3268//3268
f 3269//3269 2851//2851 2850//2850
f 3270//3270 2851//2851 3269//3269
f 3270//3270 2852//2852 2851//2851
f 3271//3271 2852//2852 3270//3270
f 3271//3271 2853//2853 2852//2852
f 3272//3272 2854//2854 2853//2853
f 3272//3272 2855//2855 2854//2854
f 3272//3272 2853//2853 3271//3271
f 3273//3273 2855//2855 3272//3272
f 3274//3274 2856//2856 2855//2855
f 3274//3274 2857//2857 2856//2856
f 3274//3274 2855//2855 3273//3273
f 3275//3275 2857//2857 3274//3274
f 3276//3276 2858//2858 2857//2857
f 3276//3276 2857//2857 3275//3275
f 3277//3277 2859//2859 2858//2858
f 3277//3277 2858//2858 3276//3276
f 3278//3278 2860//2860 2859//2859
f 3278//3278 2861//2861 2860//2860
f 3278//3278 2859//2859 3277//3277
f 3279//3279 2862//2862 2861//2861
f 3279//3279 2861//2861 3278//3278
f 3280//3280 2862//2862 3279//3279
f 3281//3281 2863//2863 2862//2862
f 3281//3281 2864//2864 2863//2863
f 3281//3281 2862//2862 3280//3280
f 3282//3282 2864//2864 3281//3281
f 3283//3283 2865//2865 2864//2864
f 3283//3283 2866//2866 2865//2865
f 3283//3283 2864//2864 3282//3282
f 3284//3284 2866//2866 3283//3283
f 3285//3285 2867//2867 2866//2866
f 3285//3285 2868//2868 2867//2867
f 3285//3285 2866//2866 3284//3284
f 3286//3286 2868//2868 3285//3285
f 3287//3287 2869//2869 2868//2868
f 3287//3287 2868//2868 3286//3286
f 3288//3288 2869//2869 3287//3287
f 3288//3288 2870//2870 2869//2869
f 3288//3288 2871//2871 2870//2870
f 3289//3289 2871//2871 3288//3288
f 3289//3289 2872//2872 2871//2871
f 3290//3290 2872//2872 3289//3289
f 3291//3291 2872//2872 3290//3290
f 3291//3291 2873//2873 2872//2872
f 3291//3291 2874//2874 2873//2873
f 3292//3292 2874//2874 3291//3291
f 3293//3293 2875//2875 2874//2874
f 3293//3293 2874//2874 3292//3292
f 3294//3294 2876//2876 2875//2875
f 3294//3294 2875//2875 3293//3293
f 3295//3295 2877//2877 2876//2876
f 3295//3295 2876//2876 3294//3294
f 3296//3296 2878//2878 2877//2877
f 3296//3296 2877//2877 3295//3295
f 3297//3297 2879//2879 2878//2878
f 3297//3297 2878//2878 3296//3296
f 3298//3298 2880//2880 2879//2879
f 3298//3298 2879//2879 3297//3297
f 3299//3299 2881//2881 2880//2880
f 3299//3299 2880//2880 3298//3298
f 3300//3300 2882//2882 2881//2881
f 3300//3300 2883//2883 2882//2882
f 3300//3300 2881//2881 3299//3299
f 3301//3301 2883//2883 3300//3300
f 3302//3302 2884//2884 2883//2883
f 3302//3302 2883//2883 3301//3301
f 3303//3303 2885//2885 2884//2884
f 3303//3303 2884//2884 3302//3302
f 3304//3304 2886//2886 2885//2885
f 3304//3304 2885//2885 3303//3303
f 3305//3305 2887//2887 2886//2886
f 3305//3305 2886//2886 3304//3304
f 3306//3306 2888//2888 2887//2887
f 3306//3306 2887//2887 3305//3305
f 3307//3307 2889//2889 2888//2888
f 3307//3307 2888//2888 3306//3306
f 3308//3308 2890//2890 2889//2889
f 3308//3308 2889//2889 3307//3307
f 3309//3309 2891//2891 2890//2890
f 3309//3309 2890//2890 3308//3308
f 3310//3310 2892//2892 2891//2891
f 3310//3310 2893//2893 2892//2892
f 3310//3310 2891//2891 3309//3309
f 3311//3311 2893//2893 3310//3310
f 3312//3312 2894//2894 2893//2893
f 3312//3312 2893//2893 3311//3311
f 3313//3313 2895//2895 2894//2894
f 3313//3313 2894//2894 3312//3312
f 3314//3314 2895//2895 3313//3313
f 3314//3314 2896//2896 2895//2895
f 3315//3315 2896//2896 3314//3314
f 3315//3315 2897//2897 2896//2896
f 3316//3316 2897//2897 3315//3315
f 3316//3316 2898//2898 2897//2897
f 3317//3317 2898//2898 3316//3316
f 3317//3317 2899//2899 2898//2898
f 3318//3318 2899//2899 3317//3317
f 3318//3318 2900//2900 2899//2899
f 3319//3319 2900//2900 3318//3318
f 3319//3319 2901//2901 2900//2900
f 3320//3320 2901//2901 3319//3319
f 3320//3320 2902//2902 2901//2901
f 3321//3321 2902//2902 3320//3320
f 3321//3321 2903//2903 2902//2902
f 3322//3322 2903//2903 3321//3321
f 3322//3322 2904//2904 2903//2903
f 3323//3323 2904//2904 3322//3322
f 3323//3323 2905//2905 2904//2904
f 3324//3324 2905//2905 3323//3323
f 3324//3324 2906//2906 2905//2905
f 3325//3325 2906//2906 3324//3324
f 3325//3325 2907//2907 2906//2906
f 3326//3326 2907//2907 3325//3325
f 3326//3326 2908//2908 2907//2907
f 3327//3327 2908//2908 3326//3326
f 3327//3327 2909//2909 2908//2908
f 3328//3328 2910//2910 2909//2909
f 3328//3328 2909//2909 3327//3327
f 3329//3329 2911//2911 2910//2910
f 3329//3329 2910//2910 3328//3328
f 3330//3330 2912//2912 2911//2911
f 3330//3330 2911//2911 3329//3329
f 3331//3331 2913//2913 2912//2912
f 3331//3331 2912//2912 3330//3330
f 3332//3332 2914//2914 2913//2913
f 3332//3332 2913//2913 3331//3331
f 3333//3333 2915//2915 2914//2914
f 3333//3333 2914//2914 3332//3332
f 3334//3334 2916//2916 2915//2915
f 3334//3334 2915//2915 3333//3333
f 3335//3335 2917//2917 2916//2916
f 3335//3335 2916//2916 3334//3334
f 3336//3336 2918//2918 2917//2917
f 3336//3336 2917//2917 3335//3335
f 3337//3337 2919//2919 2918//2918
f 3337//3337 2918//2918 3336//3336
f 3338//3338 2920//2920 2919//2919
f 3338//3338 2919//2919 3337//3337
f 3339//3339 2920//2920 3338//3338
f 3339//3339 2921//2921 2920//2920
f 3256//3256 2921//2921 3339//3339
f 3256//3256 2838//2838 2921//2921
f 2923//2923 2922//2922 3340//3340
f 2923//2923 3340//3340 3341//3341
f 2924//2924 3341//3341 3342//3342
f 2924//2924 3342//3342 3343//3343
f 2924//2924 2923//2923 3341//3341
f 2925//2925 2924//2924 3343//3343
f 2926//2926 3343//3343 3344//3344
f 2926//2926 3344//3344 3345//3345
f 2926//2926 2925//2925 3343//3343
f 2927//2927 3345//3345 3346//3346
f 2927//2927 2926//2926 3345//3345
f 2928//2928 2927//2927 3346//3346
f 2929//2929 3346//3346 3347//3347
f 2929//2929 2928//2928 3346//3346
f 2930//2930 2929//2929 3347//3347
f 2930//2930 3347//3347 3348//3348
f 2930//2930 3348//3348 3349//3349
f 2931//2931 2930//2930 3349//3349
f 2932//2932 3349//3349 3350//3350
f 2932//2932 2931//2931 3349//3349
f 2933//2933 3350//3350 3351//3351
f 2933//2933 2932//2932 3350//3350
f 2934//2934 3351//3351 3352//3352
f 2934//2934 2933//2933 3351//3351
f 2935//2935 3352//3352 3353//3353
f 2935//2935 2934//2934 3352//3352
f 2936//2936 3353//3353 3354//3354
f 2936//2936 2935//2935 3353//3353
f 2937//2937 3354//3354 3355//3355
f 2937//2937 2936//2936 3354//3354
f 2938//2938 3355//3355 3356//3356
f 2938//2938 3356//3356 3357//3357
f 2938//2938 2937//2937 3355//3355
f 2939//2939 2938//2938 3357//3357
f 2940//2940 3357//3357 3358//3358
f 2940//2940 3358//3358 3359//3359
f 2940//2940 2939//2939 3357//3357
f 2941//2941 2940//2940 3359//3359
f 2942//2942 3359//3359 3360//3360
f 2942//2942 2941//2941 3359//3359
f 2943//2943 3360//3360 3361//3361
f 2943//2943 2942//2942 3360//3360
f 2944//2944 3361//3361 3362//3362
f 2944//2944 3362//3362 3363//3363
f 2944//2944 2943//2943 3361//3361
f 2945//2945 3363//3363 3364//3364
f 2945//2945 2944//2944 3363//3363
f 2946//2946 2945//2945 3364//3364
f 2947//2947 3364//3364 3365//3365
f 2947//2947 3365//3365 3366//3366
f 2947//2947 2946//2946 3364//3364
f 2948//2948 2947//2947 3366//3366
f 2949//2949 3366//3366 3367//3367
f 2949//2949 3367//3367 3368//3368
f 2949//2949 2948//2948 3366//3366
f 2950//2950 2949//2949 3368//3368
f 2951//2951 3368//3368 3369//3369
f 2951//2951 3369//3369 3370//3370
f 2951//2951 2950//2950 3368//3368
f 2952//2952 2951//2951 3370//3370
f 2953//2953 3370//3370 3371//3371
f 2953//2953 2952//2952 3370//3370
f 2954//2954 2953//2953 3371//3371
f 2954//2954 3371//3371 3372//3372
f 2954//2954 3372//3372 3373//3373
f 2955//2955 2954//2954 3373//3373
f 2955//2955 3373//3373 3374//3374
f 2956//2956 2955//2955 3374//3374
f 2957//2957 2956//2956 3374//3374
f 2957//2957 3374//3374 3375//3375
f 2957//2957 3375//3375 3376//3376
f 2958//2958 2957//2957 3376//3376
f 2959//2959 2958//2958 3376//3376
f 2959//2959 3376//3376 3377//3377
f 2960//2960 2959//2959 3377//3377
f 2960//2960 3377//3377 3378//3378
f 2961//2961 2960//2960 3378//3378
f 2961//2961 3378//3378 3379//3379
f 2962//2962 2961//2961 3379//3379
f 2962//2962 3379//3379 3380//3380
f 2963//2963 2962//2962 3380//3380
f 2963//2963 3380//3380 3381//3381
f 2964//2964 2963//2963 3381//3381
f 2964//2964 3381//3381 3382//3382
f 2965//2965 3382//3382 3383//3383
f 2965//2965 2964//2964 3382//3382
f 2966//2966 2965//2965 3383//3383
f 2966//2966 3383//3383 3384//3384
f 2966//2966 3384//3384 3385//3385
f 2967//2967 2966//2966 3385//3385
f 2968//2968 3385//3385 3386//3386
f 2968//2968 2967//2967 3385//3385
f 2969//2969 3386//3386 3387//3387
f 2969//2969 2968//2968 3386//3386
f 2970//2970 3387//3387 3388//3388
f 2970//2970 2969//2969 3387//3387
f 2971//2971 3388//3388 3389//3389
f 2971//2971 2970//2970 3388//3388
f 2972//2972 3389//3389 3390//3390
f 2972//2972 2971//2971 3389//3389
f 2973//2973 3390//3390 3391//3391
f 2973//2973 2972//2972 3390//3390
f 2974//2974 3391//3391 3392//3392
f 2974//2974 2973//2973 3391//3391
f 2975//2975 3392//3392 3393//3393
f 2975//2975 2974//2974 3392//3392
f 2976//2976 3393//3393 3394//3394
f 2976//2976 3394//3394 3395//3395
f 2976//2976 2975//2975 3393//3393
f 2977//2977 2976//2976 3395//3395
f 2978//2978 3395//3395 3396//3396
f 2978//2978 2977//2977 3395//3395
f 2979//2979 3396//3396 3397//3397
f 2979//2979 2978//2978 3396//3396
f 2980//2980 2979//2979 3397//3397
f 2980//2980 3397//3397 3398//3398
f 2981//2981 2980//2980 3398//3398
f 2981//2981 3398//3398 3399//3399
f 2982//2982 2981//2981 3399//3399
f 2982//2982 3399//3399 3400//3400
f 2983//2983 2982//2982 3400//3400
f 2983//2983 3400//3400 3401//3401
f 2984//2984 2983//2983 3401//3401
f 2984//2984 3401//3401 3402//3402
f 2985//2985 2984//2984 3402//3402
f 2985//2985 3402//3402 3403//3403
f 2986//2986 2985//2985 3403//3403
f 2986//2986 3403//3403 3404//3404
f 2987//2987 2986//2986 3404//3404
f 2987//2987 3404//3404 3405//3405
f 2988//2988 2987//2987 3405//3405
f 2988//2988 3405//3405 3406//3406
f 2989//2989 2988//2988 3406//3406
f 2989//2989 3406//3406 3407//3407
f 2990//2990 2989//2989 3407//3407
f 2990//2990 3407//3407 3408//3408
f 2991//2991 2990//2990 3408//3408
f 2991//2991 3408//3408 3409//3409
f 2992//2992 2991//2991 3409//3409
f 2992//2992 3409//3409 3410//3410
f 2993//2993 2992//2992 3410//3410
f 2993//2993 3410//3410 3411//3411
f 2994//2994 2993//2993 3411//3411
f 2994//2994 3411//3411 3412//3412
f 2995//2995 2994//2994 3412//3412
f 2995//2995 3412//3412 3413//3413
f 2996//2996 2995//2995 3413//3413
f 2996//2996 3413//3413 3414//3414
f 2997//2997 2996//2996 3414//3414
f 2997//2997 3414//3414 3415//3415
f 2998//2998 2997//2997 3415//3415
f 2998//2998 3415//3415 3416//3416
f 2999//2999 3416//3416 3417//3417
f 2999//2999 2998//2998 3416//3416
f 3000//3000 3417//3417 3418//3418
f 3000//3000 2999//2999 3417//3417
f 3001//3001 3418//3418 3419//3419
f 3001//3001 3000//3000 3418//3418
f 3002//3002 3419//3419 3420//3420
f 3002//3002 3001//3001 3419//3419
f 3003//3003 3420//3420 3421//3421
f 3003//3003 3002//3002 3420//3420
f 3004//3004 3421//3421 3422//3422
f 3004//3004 3003//3003 3421//3421
f 3005//3005 3004//3004 3422//3422
f 3005//3005 3422//3422 3423//3423
f 2922//2922 3005//3005 3423//3423
f 2922//2922 3423//3423 3340//3340
f 3425//3425 2582//2582 3424//3424
f 3425//3425 2583//2583 2582//2582
f 3426//3426 2583//2583 3425//3425
f 3426//3426 2584//2584 2583//2583
f 3426//3426 2585//2585 2584//2584
f 3427//3427 2585//2585 3426//3426
f 3428//3428 2585//2585 3427//3427
f 3428//3428 2586//2586 2585//2585
f 3428//3428 2587//2587 2586//2586
f 3429//3429 2588//2588 2587//2587
f 3429//3429 2587//2587 3428//3428
f 3430//3430 2588//2588 3429//3429
f 3431//3431 2589//2589 2588//2588
f 3431//3431 2588//2588 3430//3430
f 3432//3432 2589//2589 3431//3431
f 3432//3432 2590//2590 2589//2589
f 3432//3432 2591//2591 2590//2590
f 3433//3433 2591//2591 3432//3432
f 3434//3434 2591//2591 3433//3433
f 3434//3434 2592//2592 2591//2591
f 3435//3435 2592//2592 3434//3434
f 3435//3435 2593//2593 2592//2592
f 3436//3436 2593//2593 3435//3435
f 3436//3436 2594//2594 2593//2593
f 3437//3437 2594//2594 3436//3436
f 3437//3437 2595//2595 2594//2594
f 3438//3438 2595//2595 3437//3437
f 3438//3438 2596//2596 2595//2595
f 3439//3439 2596//2596 3438//3438
f 3439//3439 2597//2597 2596//2596
f 3440//3440 2598//2598 2597//2597
f 3440//3440 2599//2599 2598//2598
f 3440//3440 2597//2597 3439//3439
f 3441//3441 2599//2599 3440//3440
f 3442//3442 2600//2600 2599//2599
f 3442//3442 2601//2601 2600//2600
f 3442//3442 2599//2599 3441//3441
f 3443//3443 2601//2601 3442//3442
f 3444//3444 2602//2602 2601//2601
f 3444//3444 2601//2601 3443//3443
f 3445//3445 2603//2603 2602//2602
f 3445//3445 2602//2602 3444//3444
f 3446//3446 2604//2604 2603//2603
f 3446//3446 2605//2605 2604//2604
f 3446//3446 2603//2603 3445//3445
f 3447//3447 2606//2606 2605//2605
f 3447//3447 2605//2605 3446//3446
f 3448//3448 2606//2606 3447//3447
f 3449//3449 2607//2607 2606//2606
f 3449//3449 2608//2608 2607//2607
f 3449//3449 2606//2606 3448//3448
f 3450//3450 2608//2608 3449//3449
f 3451//3451 2609//2609 2608//2608
f 3451//3451 2610//2610 2609//2609
f 3451//3451 2608//2608 3450//3450
f 3452//3452 2610//2610 3451//3451
f 3453//3453 2611//2611 2610//2610
f 3453//3453 2612//2612 2611//2611
f 3453//3453 2610//2610 3452//3452
f 3454//3454 2612//2612 3453//3453
f 3455//3455 2613//2613 2612//2612
f 3455//3455 2612//2612 3454//3454
f 3456//3456 2613//2613 3455//3455
f 3456//3456 2614//2614 2613//2613
f 3456//3456 2615//2615 2614//2614
f 3457//3457 2615//2615 3456//3456
f 3457//3457 2616//2616 2615//2615
f 3458//3458 2616//2616 3457//3457
f 3459//3459 2616//2616 3458//3458
f 3459//3459 2617//2617 2616//2616
f 3459//3459 2618//2618 2617//2617
f 3460//3460 2618//2618 3459//3459
f 3461//3461 2619//2619 2618//2618
f 3461//3461 2618//2618 3460//3460
f 3462//3462 2620//2620 2619//2619
f 3462//3462 2619//2619 3461//3461
f 3463//3463 2621//2621 2620//2620
f 3463//3463 2620//2620 3462//3462
f 3464//3464 2622//2622 2621//2621
f 3464//3464 2621//2621 3463//3463
f 3465//3465 2623//2623 2622//2622
f 3465//3465 2622//2622 3464//3464
f 3466//3466 2624//2624 2623//2623
f 3466//3466 2623//2623 3465//3465
f 3467//3467 2625//2625 2624//2624
f 3467//3467 2624//2624 3466//3466
f 3468//3468 2626//2626 2625//2625
f 3468//3468 2627//2627 2626//2626
f 3468//3468 2625//2625 3467//3467
f 3469//3469 2627//2627 3468//3468
f 3470//3470 2628//2628 2627//2627
f 3470//3470 2627//2627 3469//3469
f 3471//3471 2629//2629 2628//2628
f 3471//3471 2628//2628 3470//3470
f 3472//3472 2630//2630 2629//2629
f 3472//3472 2629//2629 3471//3471
f 3473//3473 2631//2631 2630//2630
f 3473//3473 2630//2630 3472//3472
f 3474//3474 2632//2632 2631//2631
f 3474//3474 2631//2631 3473//3473
f 3475//3475 2633//2633 2632//2632
f 3475//3475 2632//2632 3474//3474
f 3476//3476 2634//2634 2633//2633
f 3476//3476 2633//2633 3475//3475
f 3477//3477 2635//2635 2634//2634
f 3477//3477 2634//2634 3476//3476
f 3478//3478 2636//2636 2635//2635
f 3478//3478 2637//2637 2636//2636
f 3478//3478 2635//2635 3477//3477
f 3479//3479 2637//2637 3478//3478
f 3480//3480 2638//2638 2637//2637
f 3480//3480 2637//2637 3479//3479
f 3481//3481 2639//2639 2638//2638
f 3481//3481 2638//2638 3480//3480
f 3482//3482 2639//2639 3481//3481
f 3482//3482 2640//2640 2639//2639
f 3483//3483 2640//2640 3482//3482
f 3483//3483 2641//2641 2640//2640
f 3484//3484 2641//2641 3483//3483
f 3484//3484 2642//2642 2641//2641
f 3485//3485 2642//2642 3484//3484
f 3485//3485 2643//2643 2642//2642
f 3486//3486 2643//2643 3485//3485
f 3486//3486 2644//2644 2643//2643
f 3487//3487 2644//2644 3486//3486
f 3487//3487 2645//2645 2644//2644
f 3488//3488 2645//2645 3487//3487
f 3488//3488 2646//2646 2645//2645
f 3489//3489 2646//2646 3488//3488
f 3489//3489 2647//2647 2646//2646
f 3490//3490 2647//2647 3489//3489
f 3490//3490 2648//2648 2647//2647
f 3491//3491 2648//2648 3490//3490
f 3491//3491 2649//2649 2648//2648
f 3492//3492 2649//2649 3491//3491
f 3492//3492 2650//2650 2649//2649
f 3493//3493 2650//2650 3492//3492
f 3493//3493 2651//2651 2650//2650
f 3494//3494 2651//2651 3493//3493
f 3494//3494 2652//2652 2651//2651
f 3495//3495 2652//2652 3494//3494
f 3495//3495 2653//2653 2652//2652
f 3496//3496 2654//2654 2653//2653
f 3496//3496 2653//2653 3495//3495
f 3497//3497 2655//2655 2654//2654
f 3497//3497 2654//2654 3496//3496
f 3498//3498 2656//2656 2655//2655
f 3498//3498 2655//2655 3497//3497
f 3499//3499 2657//2657 2656//2656
f 3499//3499 2656//2656 3498//3498
f 3500//3500 2658//2658 2657//2657
f 3500//3500 2657//2657 3499//3499
f 3501//3501 2659//2659 2658//2658
f 3501//3501 2658//2658 3500//3500
f 3502//3502 2660//2660 2659//2659
f 3502//3502 2659//2659 3501//3501
f 3503//3503 2661//2661 2660//2660
f 3503//3503 2660//2660 3502//3502
f 3504//3504 2662//2662 2661//2661
f 3504//3504 2661//2661 3503//3503
f 3505//3505 2663//2663 2662//2662
f 3505//3505 2662//2662 3504//3504
f 3506//3506 2664//2664 2663//2663
f 3506//3506 2663//2663 3505//3505
f 3507//3507 2664//2664 3506//3506
f 3507//3507 2665//2665 2664//2664
f 3424//3424 2665//2665 3507//3507
f 3424//3424 2582//2582 2665//2665
f 3510//3510 3067//3067 3013//3013
f 3509//3509 3510//3510 3013//3013
f 3508//3508 3013//3013 3012//3012
f 3508//3508 3509//3509 3013//3013
f 3060//3060 3511//3511 3508//3508
f 3060//3060 3508//3508 3012//3012
f 3513//3513 896//896 3011//3011
f 3512//3512 3008//3008 868//868
f 3514//3514 896//896 3513//3513
f 897//897 896//896 3514//3514
f 3047//3047 897//897 3514//3514
f 3515//3515 3513//3513 3512//3512
f 3515//3515 3514//3514 3513//3513
f 869//869 3044//3044 3515//3515
f 869//869 3512//3512 868//868
f 869//869 3515//3515 3512//3512
f 3010//3010 3513//3513 3011//3011
f 3517//3517 3513//3513 3010//3010
f 3516//3516 3517//3517 3010//3010
f 3519//3519 3010//3010 3009//3009
f 3516//3516 3010//3010 3519//3519
f 3522//3522 3519//3519 3009//3009
f 3521//3521 3522//3522 3009//3009
f 3520//3520 3521//3521 3009//3009
f 3518//3518 3516//3516 3519//3519
f 3009//3009 3008//3008 3512//3512
f 3525//3525 3512//3512 3523//3523
f 3524//3524 3009//3009 3512//3512
f 3524//3524 3512//3512 3525//3525
f 3520//3520 3009//3009 3524//3524
f 3019//3019 165//165 166//166
f 3527//3527 165//165 3019//3019
f 3526//3526 3527//3527 3019//3019
f 3529//3529 164//164 165//165
f 3527//3527 3529//3529 165//165
f 3532//3532 164//164 3529//3529
f 3531//3531 164//164 3532//3532
f 3530//3530 164//164 3531//3531
f 3528//3528 3529//3529 3527//3527
f 3530//3530 3533//3533 164//164
f 3016//3016 3039//3039 196//196
f 3533//3533 3017//3017 3016//3016
f 3533//3533 3016//3016 196//196
f 163//163 164//164 3533//3533
f 163//163 3533//3533 3535//3535
f 195//195 3535//3535 3533//3533
f 195//195 3533//3533 196//196
f 195//195 3072//3072 3535//3535
f 3073//3073 3535//3535 3072//3072
f 3534//3534 3072//3072 195//195
f 3538//3538 162//162 163//163
f 3536//3536 162//162 3538//3538
f 3541//3541 3538//3538 163//163
f 3540//3540 3541//3541 163//163
f 3539//3539 3540//3540 163//163
f 3537//3537 3536//3536 3538//3538
f 3539//3539 163//163 3535//3535
f 162//162 3075//3075 161//161
f 3536//3536 3542//3542 3075//3075
f 3536//3536 3075//3075 162//162
f 3545//3545 75//75 3543//3543
f 3545//3545 74//74 75//75
f 3546//3546 3545//3545 3543//3543
f 3544//3544 74//74 3545//3545
f 75//75 3547//3547 3543//3543
f 3039//3039 3014//3014 3547//3547
f 3039//3039 3016//3016 3014//3014
f 76//76 3038//3038 3039//3039
f 76//76 3547//3547 75//75
f 76//76 3039//3039 3547//3547
f 3014//3014 3548//3548 3547//3547
f 3549//3549 3014//3014 3015//3015
f 3549//3549 3548//3548 3014//3014
f 3552//3552 3549//3549 3550//3550
f 3552//3552 3550//3550 3551//3551
f 3070//3070 3552//3552 3071//3071
f 3554//3554 3070//3070 3553//3553
f 3554//3554 3552//3552 3070//3070
f 3554//3554 3548//3548 3552//3552
f 3552//3552 3548//3548 3549//3549
f 3031//3031 3549//3549 3015//3015
f 3556//3556 3549//3549 3031//3031
f 3558//3558 3556//3556 3031//3031
f 3557//3557 3558//3558 3031//3031
f 3555//3555 3557//3557 3031//3031
f 3561//3561 3555//3555 3031//3031
f 3560//3560 3561//3561 3031//3031
f 3559//3559 3031//3031 3030//3030
f 3559//3559 3560//3560 3031//3031
f 3563//3563 3562//3562 3559//3559
f 3563//3563 3559//3559 3030//3030
f 3030//3030 3029//3029 3564//3564
f 3565//3565 3030//3030 3564//3564
f 3563//3563 3030//3030 3565//3565
f 3567//3567 3019//3019 3018//3018
f 3526//3526 3019//3019 3567//3567
f 3570//3570 3567//3567 3018//3018
f 3569//3569 3570//3570 3018//3018
f 3568//3568 3569//3569 3018//3018
f 3566//3566 3526//3526 3567//3567
f 3018//3018 3017//3017 3533//3533
f 3530//3530 3018//3018 3533//3533
f 3572//3572 3018//3018 3530//3530
f 3571//3571 3018//3018 3572//3572
f 3568//3568 3018//3018 3571//3571
f 3575//3575 3573//3573 3574//3574
f 844//844 3573//3573 3575//3575
f 845//845 3575//3575 3034//3034
f 845//845 844//844 3575//3575
f 3034//3034 3576//3576 3033//3033
f 3032//3032 3033//3033 3576//3576
f 194//194 3032//3032 3576//3576
f 3577//3577 3576//3576 3034//3034
f 3573//3573 3577//3577 3574//3574
f 195//195 3573//3573 3534//3534
f 195//195 194//194 3576//3576
f 195//195 3576//3576 3577//3577
f 195//195 3577//3577 3573//3573
f 3040//3040 3036//3036 3037//3037
f 3036//3036 3040//3040 1957//1957
f 3582//3582 865//865 3043//3043
f 864//864 865//865 3582//3582
f 3581//3581 3582//3582 3041//3041
f 3581//3581 864//864 3582//3582
f 3579//3579 3581//3581 3580//3580
f 3579//3579 864//864 3581//3581
f 3578//3578 864//864 3579//3579
f 3042//3042 3582//3582 3043//3043
f 3582//3582 3042//3042 3041//3041
f 3583//3583 72//72 3579//3579
f 3583//3583 71//71 72//72
f 3580//3580 3583//3583 3579//3579
f 3041//3041 71//71 3583//3583
f 3586//3586 3049//3049 3051//3051
f 3585//3585 3049//3049 3586//3586
f 3584//3584 3048//3048 3049//3049
f 3584//3584 3049//3049 3585//3585
f 3059//3059 3584//3584 3587//3587
f 3059//3059 3048//3048 3584//3584
f 3514//3514 3046//3046 3047//3047
f 3588//3588 3589//3589 3046//3046
f 3588//3588 3046//3046 3514//3514
f 3591//3591 3045//3045 3046//3046
f 3589//3589 3591//3591 3046//3046
f 3594//3594 3045//3045 3591//3591
f 3593//3593 3045//3045 3594//3594
f 3592//3592 3045//3045 3593//3593
f 3590//3590 3591//3591 3589//3589
f 3515//3515 3044//3044 3045//3045
f 3597//3597 3045//3045 3592//3592
f 3597//3597 3515//3515 3045//3045
f 3596//3596 3515//3515 3597//3597
f 3595//3595 3515//3515 3596//3596
f 3599//3599 3613//3613 3598//3598
f 3599//3599 3614//3614 3613//3613
f 3600//3600 3614//3614 3599//3599
f 3600//3600 3615//3615 3614//3614
f 3601//3601 3615//3615 3600//3600
f 3601//3601 3616//3616 3615//3615
f 3602//3602 3617//3617 3616//3616
f 3602//3602 3616//3616 3601//3601
f 3603//3603 3618//3618 3617//3617
f 3603//3603 3617//3617 3602//3602
f 3604//3604 3619//3619 3618//3618
f 3604//3604 3618//3618 3603//3603
f 3605//3605 3620//3620 3619//3619
f 3605//3605 3619//3619 3604//3604
f 3606//3606 3621//3621 3620//3620
f 3606//3606 3620//3620 3605//3605
f 3607//3607 3622//3622 3621//3621
f 3607//3607 3621//3621 3606//3606
f 3608//3608 3623//3623 3622//3622
f 3608//3608 3622//3622 3607//3607
f 3609//3609 3624//3624 3623//3623
f 3609//3609 3623//3623 3608//3608
f 3610//3610 3625//3625 3624//3624
f 3610//3610 3624//3624 3609//3609
f 3611//3611 3626//3626 3625//3625
f 3611//3611 3625//3625 3610//3610
f 3612//3612 3627//3627 3626//3626
f 3612//3612 3626//3626 3611//3611
f 3051//3051 3628//3628 3627//3627
f 3051//3051 3627//3627 3612//3612
f 3586//3586 3051//3051 3612//3612
f 3053//3053 3629//3629 3628//3628
f 3053//3053 3628//3628 3051//3051
f 3585//3585 3586//3586 3612//3612
f 3584//3584 3585//3585 3612//3612
f 3052//3052 3629//3629 3053//3053
f 3050//3050 3630//3630 3629//3629
f 3050//3050 3629//3629 3052//3052
f 3631//3631 3630//3630 3050//3050
f 3744//3744 3631//3631 3050//3050
f 3744//3744 3055//3055 3054//3054
f 3744//3744 3056//3056 3055//3055
f 3744//3744 3050//3050 3056//3056
f 3745//3745 3632//3632 3631//3631
f 3745//3745 3631//3631 3744//3744
f 3746//3746 3633//3633 3632//3632
f 3746//3746 3632//3632 3745//3745
f 3747//3747 3634//3634 3633//3633
f 3747//3747 3633//3633 3746//3746
f 3748//3748 3634//3634 3747//3747
f 3748//3748 3635//3635 3634//3634
f 3749//3749 3635//3635 3748//3748
f 3749//3749 3636//3636 3635//3635
f 3750//3750 3636//3636 3749//3749
f 3750//3750 3637//3637 3636//3636
f 3751//3751 3637//3637 3750//3750
f 3751//3751 3638//3638 3637//3637
f 3752//3752 3638//3638 3751//3751
f 3752//3752 3639//3639 3638//3638
f 3753//3753 3639//3639 3752//3752
f 3753//3753 3640//3640 3639//3639
f 3754//3754 3640//3640 3753//3753
f 3754//3754 3641//3641 3640//3640
f 3755//3755 3641//3641 3754//3754
f 3755//3755 3642//3642 3641//3641
f 3756//3756 3642//3642 3755//3755
f 3756//3756 3643//3643 3642//3642
f 3757//3757 3643//3643 3756//3756
f 3757//3757 3644//3644 3643//3643
f 3758//3758 3644//3644 3757//3757
f 3758//3758 3645//3645 3644//3644
f 3759//3759 3646//3646 3645//3645
f 3759//3759 3645//3645 3758//3758
f 3760//3760 3647//3647 3646//3646
f 3760//3760 3646//3646 3759//3759
f 3761//3761 3648//3648 3647//3647
f 3761//3761 3647//3647 3760//3760
f 3062//3062 3649//3649 3648//3648
f 3062//3062 3648//3648 3761//3761
f 3065//3065 3062//3062 3761//3761
f 3069//3069 3650//3650 3649//3649
f 3069//3069 3649//3649 3062//3062
f 3064//3064 3065//3065 3761//3761
f 3063//3063 3064//3064 3761//3761
f 3068//3068 3650//3650 3069//3069
f 3067//3067 3651//3651 3650//3650
f 3067//3067 3650//3650 3068//3068
f 3652//3652 3651//3651 3067//3067
f 3725//3725 3509//3509 3508//3508
f 3725//3725 3510//3510 3509//3509
f 3725//3725 3067//3067 3510//3510
f 3725//3725 3652//3652 3067//3067
f 3726//3726 3653//3653 3652//3652
f 3726//3726 3652//3652 3725//3725
f 3727//3727 3654//3654 3653//3653
f 3727//3727 3653//3653 3726//3726
f 3728//3728 3655//3655 3654//3654
f 3728//3728 3654//3654 3727//3727
f 3729//3729 3656//3656 3655//3655
f 3729//3729 3655//3655 3728//3728
f 3730//3730 3656//3656 3729//3729
f 3730//3730 3657//3657 3656//3656
f 3731//3731 3657//3657 3730//3730
f 3731//3731 3658//3658 3657//3657
f 3732//3732 3658//3658 3731//3731
f 3732//3732 3659//3659 3658//3658
f 3733//3733 3659//3659 3732//3732
f 3733//3733 3660//3660 3659//3659
f 3734//3734 3660//3660 3733//3733
f 3734//3734 3661//3661 3660//3660
f 3735//3735 3661//3661 3734//3734
f 3735//3735 3662//3662 3661//3661
f 3736//3736 3662//3662 3735//3735
f 3736//3736 3663//3663 3662//3662
f 3737//3737 3663//3663 3736//3736
f 3737//3737 3664//3664 3663//3663
f 3738//3738 3664//3664 3737//3737
f 3738//3738 3665//3665 3664//3664
f 3739//3739 3665//3665 3738//3738
f 3740//3740 3665//3665 3739//3739
f 3740//3740 3666//3666 3665//3665
f 3741//3741 3666//3666 3740//3740
f 3741//3741 3667//3667 3666//3666
f 3742//3742 3667//3667 3741//3741
f 3742//3742 3668//3668 3667//3667
f 3520//3520 3670//3670 3669//3669
f 3743//3743 3668//3668 3742//3742
f 3743//3743 3520//3520 3669//3669
f 3743//3743 3669//3669 3668//3668
f 3521//3521 3520//3520 3743//3743
f 3522//3522 3521//3521 3743//3743
f 3524//3524 3670//3670 3520//3520
f 3524//3524 3671//3671 3670//3670
f 3519//3519 3522//3522 3743//3743
f 3525//3525 3671//3671 3524//3524
f 3523//3523 3672//3672 3671//3671
f 3523//3523 3671//3671 3525//3525
f 3673//3673 3672//3672 3523//3523
f 3705//3705 3523//3523 3723//3723
f 3705//3705 3723//3723 3724//3724
f 3705//3705 3724//3724 3704//3704
f 3705//3705 3673//3673 3523//3523
f 3706//3706 3674//3674 3673//3673
f 3706//3706 3673//3673 3705//3705
f 3707//3707 3675//3675 3674//3674
f 3707//3707 3674//3674 3706//3706
f 3708//3708 3676//3676 3675//3675
f 3708//3708 3675//3675 3707//3707
f 3709//3709 3676//3676 3708//3708
f 3709//3709 3677//3677 3676//3676
f 3710//3710 3677//3677 3709//3709
f 3710//3710 3678//3678 3677//3677
f 3711//3711 3678//3678 3710//3710
f 3711//3711 3679//3679 3678//3678
f 3712//3712 3679//3679 3711//3711
f 3712//3712 3680//3680 3679//3679
f 3713//3713 3680//3680 3712//3712
f 3713//3713 3681//3681 3680//3680
f 3714//3714 3681//3681 3713//3713
f 3714//3714 3682//3682 3681//3681
f 3715//3715 3682//3682 3714//3714
f 3715//3715 3683//3683 3682//3682
f 3716//3716 3683//3683 3715//3715
f 3716//3716 3684//3684 3683//3683
f 3717//3717 3684//3684 3716//3716
f 3717//3717 3685//3685 3684//3684
f 3718//3718 3685//3685 3717//3717
f 3718//3718 3686//3686 3685//3685
f 3719//3719 3686//3686 3718//3718
f 3719//3719 3687//3687 3686//3686
f 3720//3720 3687//3687 3719//3719
f 3720//3720 3688//3688 3687//3687
f 3721//3721 3688//3688 3720//3720
f 3721//3721 3689//3689 3688//3688
f 3722//3722 3689//3689 3721//3721
f 3722//3722 3690//3690 3689//3689
f 3595//3595 3690//3690 3722//3722
f 3595//3595 3691//3691 3690//3690
f 3701//3701 3595//3595 3722//3722
f 3702//3702 3701//3701 3722//3722
f 3596//3596 3691//3691 3595//3595
f 3596//3596 3692//3692 3691//3691
f 3703//3703 3702//3702 3722//3722
f 3597//3597 3692//3692 3596//3596
f 3592//3592 3692//3692 3597//3597
f 3592//3592 3693//3693 3692//3692
f 3694//3694 3693//3693 3592//3592
f 3697//3697 3592//3592 3593//3593
f 3697//3697 3593//3593 3594//3594
f 3697//3697 3594//3594 3591//3591
f 3697//3697 3694//3694 3592//3592
f 3698//3698 3694//3694 3697//3697
f 3698//3698 3695//3695 3694//3694
f 3699//3699 3695//3695 3698//3698
f 3699//3699 3696//3696 3695//3695
f 3700//3700 3696//3696 3699//3699
f 3700//3700 3613//3613 3696//3696
f 3598//3598 3613//3613 3700//3700
f 3587//3587 3057//3057 3058//3058
f 3059//3059 3587//3587 3058//3058
f 3518//3518 3743//3743 3742//3742
f 3518//3518 3519//3519 3743//3743
f 3846//3846 3705//3705 3704//3704
f 3846//3846 3706//3706 3705//3705
f 3900//3900 3740//3740 3739//3739
f 3901//3901 3740//3740 3900//3900
f 3902//3902 3740//3740 3901//3901
f 3899//3899 3900//3900 3739//3739
f 3903//3903 3740//3740 3902//3902
f 3898//3898 3899//3899 3739//3739
f 3904//3904 3740//3740 3903//3903
f 3897//3897 3898//3898 3739//3739
f 3896//3896 3897//3897 3739//3739
f 3905//3905 3740//3740 3904//3904
f 3895//3895 3739//3739 3738//3738
f 3895//3895 3896//3896 3739//3739
f 3906//3906 3741//3741 3740//3740
f 3906//3906 3740//3740 3905//3905
f 3907//3907 3741//3741 3906//3906
f 3894//3894 3895//3895 3738//3738
f 3908//3908 3741//3741 3907//3907
f 3893//3893 3894//3894 3738//3738
f 3707//3707 3706//3706 3846//3846
f 3909//3909 3741//3741 3908//3908
f 3892//3892 3893//3893 3738//3738
f 3910//3910 3741//3741 3909//3909
f 3891//3891 3892//3892 3738//3738
f 3911//3911 3741//3741 3910//3910
f 3890//3890 3891//3891 3738//3738
f 3912//3912 3742//3742 3741//3741
f 3912//3912 3741//3741 3911//3911
f 3889//3889 3738//3738 3737//3737
f 3889//3889 3890//3890 3738//3738
f 3913//3913 3518//3518 3742//3742
f 3913//3913 3742//3742 3912//3912
f 3888//3888 3889//3889 3737//3737
f 3914//3914 3518//3518 3913//3913
f 3887//3887 3888//3888 3737//3737
f 3886//3886 3887//3887 3737//3737
f 3915//3915 3518//3518 3914//3914
f 3916//3916 3518//3518 3915//3915
f 3885//3885 3886//3886 3737//3737
f 3885//3885 3737//3737 3736//3736
f 3917//3917 3518//3518 3916//3916
f 3884//3884 3885//3885 3736//3736
f 3883//3883 3884//3884 3736//3736
f 3918//3918 3518//3518 3917//3917
f 3882//3882 3883//3883 3736//3736
f 3919//3919 3518//3518 3918//3918
f 3881//3881 3736//3736 3735//3735
f 3881//3881 3882//3882 3736//3736
f 3920//3920 3518//3518 3919//3919
f 3921//3921 3518//3518 3920//3920
f 3880//3880 3881//3881 3735//3735
f 3879//3879 3880//3880 3735//3735
f 3922//3922 3518//3518 3921//3921
f 3878//3878 3735//3735 3734//3734
f 3878//3878 3879//3879 3735//3735
f 3923//3923 3518//3518 3922//3922
f 3877//3877 3878//3878 3734//3734
f 3924//3924 3518//3518 3923//3923
f 3876//3876 3734//3734 3733//3733
f 3876//3876 3877//3877 3734//3734
f 3925//3925 3518//3518 3924//3924
f 3875//3875 3876//3876 3733//3733
f 3926//3926 3518//3518 3925//3925
f 3874//3874 3875//3875 3733//3733
f 3874//3874 3733//3733 3732//3732
f 3927//3927 3518//3518 3926//3926
f 3873//3873 3874//3874 3732//3732
f 3928//3928 3846//3846 3518//3518
f 3928//3928 3518//3518 3927//3927
f 3872//3872 3732//3732 3731//3731
f 3872//3872 3873//3873 3732//3732
f 3929//3929 3846//3846 3928//3928
f 3871//3871 3731//3731 3730//3730
f 3871//3871 3872//3872 3731//3731
f 3930//3930 3846//3846 3929//3929
f 3870//3870 3871//3871 3730//3730
f 3931//3931 3846//3846 3930//3930
f 3848//3848 3846//3846 3931//3931
f 3849//3849 3846//3846 3848//3848
f 3708//3708 3707//3707 3846//3846
f 3709//3709 3708//3708 3846//3846
f 3511//3511 3725//3725 3508//3508
f 3511//3511 3726//3726 3725//3725
f 3511//3511 3727//3727 3726//3726
f 3511//3511 3728//3728 3727//3727
f 3511//3511 3729//3729 3728//3728
f 3511//3511 3730//3730 3729//3729
f 3761//3761 3066//3066 3063//3063
f 3760//3760 3066//3066 3761//3761
f 4153//4153 3857//3857 3858//3858
f 4153//4153 3858//3858 3859//3859
f 4152//4152 4153//4153 3859//3859
f 4152//4152 3859//3859 3860//3860
f 4154//4154 3857//3857 4153//4153
f 4154//4154 3856//3856 3857//3857
f 4151//4151 4152//4152 3860//3860
f 4151//4151 3860//3860 3861//3861
f 4150//4150 4151//4151 3861//3861
f 4150//4150 3861//3861 3862//3862
f 4155//4155 3856//3856 4154//4154
f 4155//4155 3855//3855 3856//3856
f 4156//4156 3855//3855 4155//4155
f 4156//4156 3854//3854 3855//3855
f 4149//4149 4150//4150 3862//3862
f 4149//4149 3862//3862 3863//3863
f 4157//4157 3854//3854 4156//4156
f 4157//4157 3852//3852 3853//3853
f 4157//4157 3853//3853 3854//3854
f 4148//4148 4149//4149 3863//3863
f 4148//4148 3863//3863 3864//3864
f 4148//4148 3864//3864 3865//3865
f 4158//4158 3851//3851 3852//3852
f 4158//4158 3852//3852 4157//4157
f 4147//4147 4148//4148 3865//3865
f 4147//4147 3865//3865 3866//3866
f 4159//4159 3850//3850 3851//3851
f 4159//4159 3851//3851 4158//4158
f 4146//4146 4147//4147 3866//3866
f 4146//4146 3866//3866 3867//3867
f 4160//4160 3849//3849 3850//3850
f 4160//4160 3846//3846 3849//3849
f 4160//4160 3850//3850 4159//4159
f 4145//4145 4146//4146 3867//3867
f 4145//4145 3867//3867 3868//3868
f 4161//4161 3846//3846 4160//4160
f 4144//4144 4145//4145 3868//3868
f 4144//4144 3868//3868 3869//3869
f 4162//4162 3846//3846 4161//4161
f 4143//4143 3730//3730 3511//3511
f 4143//4143 3870//3870 3730//3730
f 4143//4143 3869//3869 3870//3870
f 4143//4143 4144//4144 3869//3869
f 4163//4163 3846//3846 4162//4162
f 4142//4142 4143//4143 3511//3511
f 4164//4164 3846//3846 4163//4163
f 4164//4164 3709//3709 3846//3846
f 4164//4164 3710//3710 3709//3709
f 4141//4141 4142//4142 3511//3511
f 4140//4140 4141//4141 3511//3511
f 4139//4139 4140//4140 3511//3511
f 3985//3985 3715//3715 3714//3714
f 3984//3984 3985//3985 3714//3714
f 4068//4068 4069//4069 3066//3066
f 3983//3983 3984//3984 3714//3714
f 3986//3986 3715//3715 3985//3985
f 4070//4070 3066//3066 4069//4069
f 4067//4067 4068//4068 3066//3066
f 3982//3982 3983//3983 3714//3714
f 3982//3982 3714//3714 3713//3713
f 3987//3987 3715//3715 3986//3986
f 4066//4066 4067//4067 3066//3066
f 4071//4071 3066//3066 4070//4070
f 3981//3981 3982//3982 3713//3713
f 3988//3988 3715//3715 3987//3987
f 3988//3988 3716//3716 3715//3715
f 4065//4065 4066//4066 3066//3066
f 4072//4072 3066//3066 4071//4071
f 3989//3989 3716//3716 3988//3988
f 3980//3980 3981//3981 3713//3713
f 4064//4064 4065//4065 3066//3066
f 4073//4073 3066//3066 4072//4072
f 3979//3979 3980//3980 3713//3713
f 3979//3979 3713//3713 3712//3712
f 3990//3990 3716//3716 3989//3989
f 4074//4074 3066//3066 4073//4073
f 4063//4063 4064//4064 3066//3066
f 3991//3991 3716//3716 3990//3990
f 3978//3978 3979//3979 3712//3712
f 3978//3978 3712//3712 3711//3711
f 4075//4075 3511//3511 3066//3066
f 4075//4075 3066//3066 4074//4074
f 4062//4062 4063//4063 3066//3066
f 3992//3992 3716//3716 3991//3991
f 3977//3977 3978//3978 3711//3711
f 4061//4061 4062//4062 3066//3066
f 4076//4076 3511//3511 4075//4075
f 3993//3993 3717//3717 3716//3716
f 3993//3993 3716//3716 3992//3992
f 3976//3976 3711//3711 3710//3710
f 3976//3976 3977//3977 3711//3711
f 4077//4077 3511//3511 4076//4076
f 4060//4060 3066//3066 3760//3760
f 4060//4060 4061//4061 3066//3066
f 3975//3975 3710//3710 4164//4164
f 3975//3975 3976//3976 3710//3710
f 3994//3994 3717//3717 3993//3993
f 4078//4078 3511//3511 4077//4077
f 4059//4059 4060//4060 3760//3760
f 3974//3974 3975//3975 4164//4164
f 3974//3974 4164//4164 4165//4165
f 3995//3995 3717//3717 3994//3994
f 4058//4058 4059//4059 3760//3760
f 4058//4058 3760//3760 3759//3759
f 4079//4079 3511//3511 4078//4078
f 3973//3973 3974//3974 4165//4165
f 3973//3973 4165//4165 4166//4166
f 3996//3996 3717//3717 3995//3995
f 4057//4057 4058//4058 3759//3759
f 4080//4080 4139//4139 3511//3511
f 4080//4080 3511//3511 4079//4079
f 3997//3997 3717//3717 3996//3996
f 3972//3972 3973//3973 4166//4166
f 3972//3972 4166//4166 4167//4167
f 4081//4081 4138//4138 4139//4139
f 4081//4081 4139//4139 4080//4080
f 4056//4056 4057//4057 3759//3759
f 3971//3971 3972//3972 4167//4167
f 3971//3971 4167//4167 4168//4168
f 3998//3998 3718//3718 3717//3717
f 3998//3998 3717//3717 3997//3997
f 4055//4055 4056//4056 3759//3759
f 4082//4082 4138//4138 4081//4081
f 4082//4082 4137//4137 4138//4138
f 3970//3970 3971//3971 4168//4168
f 3970//3970 4168//4168 4169//4169
f 3999//3999 3718//3718 3998//3998
f 4054//4054 4055//4055 3759//3759
f 4083//4083 4137//4137 4082//4082
f 4083//4083 4136//4136 4137//4137
f 3969//3969 3970//3970 4169//4169
f 4000//4000 3718//3718 3999//3999
f 4053//4053 4054//4054 3759//3759
f 4084//4084 4136//4136 4083//4083
f 4001//4001 3718//3718 4000//4000
f 3968//3968 3969//3969 4169//4169
f 3968//3968 4169//4169 4170//4170
f 4052//4052 3759//3759 3758//3758
f 4052//4052 4053//4053 3759//3759
f 4085//4085 4136//4136 4084//4084
f 4085//4085 4135//4135 4136//4136
f 3967//3967 3968//3968 4170//4170
f 3967//3967 4170//4170 4171//4171
f 4002//4002 3718//3718 4001//4001
f 4051//4051 4052//4052 3758//3758
f 4086//4086 4135//4135 4085//4085
f 4086//4086 4134//4134 4135//4135
f 3966//3966 3967//3967 4171//4171
f 3966//3966 4171//4171 4172//4172
f 4003//4003 3718//3718 4002//4002
f 4050//4050 4051//4051 3758//3758
f 4087//4087 4133//4133 4134//4134
f 4087//4087 4134//4134 4086//4086
f 3965//3965 3966//3966 4172//4172
f 3965//3965 4172//4172 4173//4173
f 4004//4004 3718//3718 4003//4003
f 4049//4049 4050//4050 3758//3758
f 4088//4088 4132//4132 4133//4133
f 4088//4088 4133//4133 4087//4087
f 3964//3964 3965//3965 4173//4173
f 4048//4048 4049//4049 3758//3758
f 4089//4089 4132//4132 4088//4088
f 4047//4047 4048//4048 3758//3758
f 4046//4046 4047//4047 3758//3758
f 4131//4131 4089//4089 4090//4090
f 4131//4131 4090//4090 4091//4091
f 4131//4131 4132//4132 4089//4089
f 4174//4174 3964//3964 4173//4173
f 4174//4174 3962//3962 3963//3963
f 4174//4174 3963//3963 3964//3964
f 4130//4130 4091//4091 4092//4092
f 4130//4130 4131//4131 4091//4091
f 4175//4175 3962//3962 4174//4174
f 4175//4175 3961//3961 3962//3962
f 3719//3719 4004//4004 4005//4005
f 3719//3719 4005//4005 4006//4006
f 3719//3719 4006//4006 4007//4007
f 3719//3719 4007//4007 4008//4008
f 3719//3719 4008//4008 4009//4009
f 3719//3719 4009//4009 4010//4010
f 3719//3719 3718//3718 4004//4004
f 4129//4129 4092//4092 4093//4093
f 4129//4129 4130//4130 4092//4092
f 4176//4176 3961//3961 4175//4175
f 4176//4176 3960//3960 3961//3961
f 4128//4128 4093//4093 4094//4094
f 4128//4128 4129//4129 4093//4093
f 4177//4177 3960//3960 4176//4176
f 4177//4177 3959//3959 3960//3960
f 4127//4127 4128//4128 4094//4094
f 4127//4127 4094//4094 4095//4095
f 4127//4127 4095//4095 4096//4096
f 4178//4178 3959//3959 4177//4177
f 4178//4178 3957//3957 3958//3958
f 4178//4178 3958//3958 3959//3959
f 4126//4126 4096//4096 4097//4097
f 4126//4126 4127//4127 4096//4096
f 4179//4179 3957//3957 4178//4178
f 4179//4179 3956//3956 3957//3957
f 4125//4125 4097//4097 4098//4098
f 4125//4125 4126//4126 4097//4097
f 4180//4180 3956//3956 4179//4179
f 4180//4180 3955//3955 3956//3956
f 3757//3757 4046//4046 3758//3758
f 3757//3757 4040//4040 4041//4041
f 3757//3757 4041//4041 4042//4042
f 3757//3757 4042//4042 4043//4043
f 3757//3757 4043//4043 4044//4044
f 3757//3757 4044//4044 4045//4045
f 3757//3757 4045//4045 4046//4046
f 4124//4124 4098//4098 4099//4099
f 4124//4124 4125//4125 4098//4098
f 4181//4181 3955//3955 4180//4180
f 4181//4181 3954//3954 3955//3955
f 4123//4123 4124//4124 4099//4099
f 4123//4123 4099//4099 4016//4016
f 4122//4122 4123//4123 4016//4016
f 4122//4122 4016//4016 4017//4017
f 3720//3720 4010//4010 4011//4011
f 3720//3720 4011//4011 4012//4012
f 3720//3720 4012//4012 4013//4013
f 3720//3720 4013//4013 4014//4014
f 3720//3720 4014//4014 4015//4015
f 3720//3720 3719//3719 4010//4010
f 3720//3720 4015//4015 3932//3932
f 3756//3756 4035//4035 4036//4036
f 3756//3756 4036//4036 4037//4037
f 3756//3756 4037//4037 4038//4038
f 3756//3756 4038//4038 4039//4039
f 3756//3756 4039//4039 4040//4040
f 3756//3756 4040//4040 3757//3757
f 3721//3721 3720//3720 3932//3932
f 3721//3721 3932//3932 3933//3933
f 3721//3721 3933//3933 3934//3934
f 3755//3755 4030//4030 4031//4031
f 3755//3755 4031//4031 4032//4032
f 3755//3755 4032//4032 4033//4033
f 3755//3755 4033//4033 4034//4034
f 3755//3755 4034//4034 4035//4035
f 3755//3755 4035//4035 3756//3756
f 3754//3754 4027//4027 4028//4028
f 3754//3754 4028//4028 4029//4029
f 3754//3754 4029//4029 4030//4030
f 3754//3754 4030//4030 3755//3755
f 3847//3847 3721//3721 3934//3934
f 3847//3847 3934//3934 3935//3935
f 3847//3847 3935//3935 3936//3936
f 3847//3847 3936//3936 3937//3937
f 3847//3847 3937//3937 3938//3938
f 3847//3847 3938//3938 3939//3939
f 3847//3847 3939//3939 3940//3940
f 3847//3847 3940//3940 3941//3941
f 3847//3847 3941//3941 3942//3942
f 3847//3847 3942//3942 3943//3943
f 3847//3847 3943//3943 3944//3944
f 3847//3847 3722//3722 3721//3721
f 3847//3847 3944//3944 3945//3945
f 3847//3847 3945//3945 3946//3946
f 3847//3847 3946//3946 3947//3947
f 3847//3847 3947//3947 3948//3948
f 3847//3847 3948//3948 3949//3949
f 3703//3703 3722//3722 3847//3847
f 3753//3753 4027//4027 3754//3754
f 3753//3753 4024//4024 4025//4025
f 3753//3753 4025//4025 4026//4026
f 3753//3753 4026//4026 4027//4027
f 3590//3590 4181//4181 4182//4182
f 3590//3590 4182//4182 4183//4183
f 3590//3590 4183//4183 4100//4100
f 3590//3590 3954//3954 4181//4181
f 3590//3590 4100//4100 4101//4101
f 3590//3590 3847//3847 3949//3949
f 3590//3590 3949//3949 3950//3950
f 3590//3590 3950//3950 3951//3951
f 3590//3590 3951//3951 3952//3952
f 3590//3590 3952//3952 3953//3953
f 3590//3590 3953//3953 3954//3954
f 3752//3752 4024//4024 3753//3753
f 3752//3752 4021//4021 4022//4022
f 3752//3752 4022//4022 4023//4023
f 3752//3752 4023//4023 4024//4024
f 3751//3751 4021//4021 3752//3752
f 3751//3751 4020//4020 4021//4021
f 3697//3697 3591//3591 3590//3590
f 3750//3750 4020//4020 3751//3751
f 3750//3750 4018//4018 4019//4019
f 3750//3750 4019//4019 4020//4020
f 3698//3698 3697//3697 3590//3590
f 3749//3749 4122//4122 4017//4017
f 3749//3749 4017//4017 4018//4018
f 3749//3749 4018//4018 3750//3750
f 3699//3699 3698//3698 3590//3590
f 3700//3700 3699//3699 3590//3590
f 3748//3748 4122//4122 3749//3749
f 3598//3598 3700//3700 3590//3590
f 3815//3815 4111//4111 3814//3814
f 3815//3815 4110//4110 4111//4111
f 3813//3813 3814//3814 4111//4111
f 3813//3813 4111//4111 4112//4112
f 3816//3816 4110//4110 3815//3815
f 3816//3816 4109//4109 4110//4110
f 3817//3817 4109//4109 3816//3816
f 3817//3817 4108//4108 4109//4109
f 3812//3812 3813//3813 4112//4112
f 3812//3812 4112//4112 4113//4113
f 3811//3811 3812//3812 4113//4113
f 3811//3811 4113//4113 4114//4114
f 3818//3818 4108//4108 3817//3817
f 3818//3818 4107//4107 4108//4108
f 3810//3810 4114//4114 4115//4115
f 3810//3810 3811//3811 4114//4114
f 3819//3819 4107//4107 3818//3818
f 3819//3819 4106//4106 4107//4107
f 3809//3809 3810//3810 4115//4115
f 3820//3820 4106//4106 3819//3819
f 3808//3808 4115//4115 4116//4116
f 3808//3808 3809//3809 4115//4115
f 3821//3821 4105//4105 4106//4106
f 3821//3821 4106//4106 3820//3820
f 3807//3807 4116//4116 4117//4117
f 3807//3807 3808//3808 4116//4116
f 3822//3822 4104//4104 4105//4105
f 3822//3822 4105//4105 3821//3821
f 3806//3806 3807//3807 4117//4117
f 3806//3806 4117//4117 4118//4118
f 3823//3823 4103//4103 4104//4104
f 3823//3823 4104//4104 3822//3822
f 3824//3824 4103//4103 3823//3823
f 3824//3824 4102//4102 4103//4103
f 3805//3805 3806//3806 4118//4118
f 3825//3825 4101//4101 4102//4102
f 3825//3825 4102//4102 3824//3824
f 3826//3826 4101//4101 3825//3825
f 3599//3599 3598//3598 3590//3590
f 3599//3599 4101//4101 3826//3826
f 3599//3599 3590//3590 4101//4101
f 3600//3600 3599//3599 3826//3826
f 3600//3600 3826//3826 3827//3827
f 3057//3057 4122//4122 3748//3748
f 3057//3057 3747//3747 3746//3746
f 3057//3057 3748//3748 3747//3747
f 3057//3057 3805//3805 4118//4118
f 3057//3057 3800//3800 3801//3801
f 3057//3057 3801//3801 3802//3802
f 3057//3057 4118//4118 4119//4119
f 3057//3057 3802//3802 3803//3803
f 3057//3057 4119//4119 4120//4120
f 3057//3057 3803//3803 3804//3804
f 3057//3057 4120//4120 4121//4121
f 3057//3057 3804//3804 3805//3805
f 3057//3057 4121//4121 4122//4122
f 3745//3745 3057//3057 3746//3746
f 3601//3601 3600//3600 3827//3827
f 3601//3601 3827//3827 3828//3828
f 3601//3601 3828//3828 3829//3829
f 3744//3744 3057//3057 3745//3745
f 3587//3587 3785//3785 3786//3786
f 3587//3587 3786//3786 3787//3787
f 3587//3587 3787//3787 3788//3788
f 3587//3587 3788//3788 3789//3789
f 3587//3587 3789//3789 3790//3790
f 3587//3587 3790//3790 3791//3791
f 3587//3587 3791//3791 3792//3792
f 3587//3587 3792//3792 3793//3793
f 3587//3587 3793//3793 3794//3794
f 3587//3587 3794//3794 3795//3795
f 3587//3587 3795//3795 3796//3796
f 3587//3587 3796//3796 3797//3797
f 3587//3587 3797//3797 3798//3798
f 3587//3587 3798//3798 3799//3799
f 3587//3587 3799//3799 3800//3800
f 3587//3587 3800//3800 3057//3057
f 3602//3602 3829//3829 3830//3830
f 3602//3602 3830//3830 3831//3831
f 3602//3602 3601//3601 3829//3829
f 3054//3054 3057//3057 3744//3744
f 3603//3603 3831//3831 3832//3832
f 3603//3603 3832//3832 3833//3833
f 3603//3603 3602//3602 3831//3831
f 3604//3604 3833//3833 3834//3834
f 3604//3604 3834//3834 3835//3835
f 3604//3604 3835//3835 3836//3836
f 3604//3604 3603//3603 3833//3833
f 3605//3605 3604//3604 3836//3836
f 3605//3605 3836//3836 3837//3837
f 3605//3605 3837//3837 3838//3838
f 3605//3605 3838//3838 3839//3839
f 3605//3605 3839//3839 3840//3840
f 3612//3612 3587//3587 3584//3584
f 3606//3606 3605//3605 3840//3840
f 3606//3606 3840//3840 3841//3841
f 3606//3606 3841//3841 3842//3842
f 3606//3606 3842//3842 3843//3843
f 3606//3606 3843//3843 3844//3844
f 3611//3611 3783//3783 3784//3784
f 3611//3611 3784//3784 3785//3785
f 3611//3611 3785//3785 3587//3587
f 3611//3611 3587//3587 3612//3612
f 3607//3607 3762//3762 3763//3763
f 3607//3607 3763//3763 3764//3764
f 3607//3607 3764//3764 3765//3765
f 3607//3607 3765//3765 3766//3766
f 3607//3607 3606//3606 3844//3844
f 3607//3607 3844//3844 3845//3845
f 3607//3607 3845//3845 3762//3762
f 3610//3610 3778//3778 3779//3779
f 3610//3610 3779//3779 3780//3780
f 3610//3610 3780//3780 3781//3781
f 3610//3610 3781//3781 3782//3782
f 3610//3610 3782//3782 3783//3783
f 3610//3610 3783//3783 3611//3611
f 3608//3608 3766//3766 3767//3767
f 3608//3608 3767//3767 3768//3768
f 3608//3608 3768//3768 3769//3769
f 3608//3608 3769//3769 3770//3770
f 3608//3608 3770//3770 3771//3771
f 3608//3608 3771//3771 3772//3772
f 3608//3608 3607//3607 3766//3766
f 3609//3609 3772//3772 3773//3773
f 3609//3609 3773//3773 3774//3774
f 3609//3609 3774//3774 3775//3775
f 3609//3609 3775//3775 3776//3776
f 3609//3609 3776//3776 3777//3777
f 3609//3609 3777//3777 3778//3778
f 3609//3609 3778//3778 3610//3610
f 3609//3609 3608//3608 3772//3772
f 3061//3061 3066//3066 3511//3511
f 3061//3061 3511//3511 3060//3060
f 4185//4185 862//862 4184//4184
f 838//838 862//862 4185//4185
f 839//839 4185//4185 4186//4186
f 839//839 838//838 4185//4185
f 3552//3552 3087//3087 3071//3071
f 4190//4190 4188//4188 3087//3087
f 4189//4189 4190//4190 3087//3087
f 4187//4187 3087//3087 3552//3552
f 4187//4187 4189//4189 3087//3087
f 4193//4193 3087//3087 4188//4188
f 4192//4192 3087//3087 4193//4193
f 4191//4191 3086//3086 3087//3087
f 4191//4191 3087//3087 4192//4192
f 4195//4195 4191//4191 4194//4194
f 4195//4195 3086//3086 4191//4191
f 4196//4196 3085//3085 3086//3086
f 4197//4197 3086//3086 4195//4195
f 4197//4197 4196//4196 3086//3086
f 4199//4199 3074//3074 3075//3075
f 3542//3542 4199//4199 3075//3075
f 4202//4202 3074//3074 4199//4199
f 4201//4201 3074//3074 4202//4202
f 4200//4200 3074//3074 4201//4201
f 4198//4198 4199//4199 3542//3542
f 3535//3535 3073//3073 3074//3074
f 4204//4204 3074//3074 4200//4200
f 4203//4203 3074//3074 4204//4204
f 3539//3539 3535//3535 3074//3074
f 3539//3539 3074//3074 4203//4203
f 3553//3553 843//843 4205//4205
f 844//844 843//843 3553//3553
f 3534//3534 844//844 3553//3553
f 3573//3573 844//844 3534//3534
f 3072//3072 3553//3553 3070//3070
f 3072//3072 3534//3534 3553//3553
f 4207//4207 4206//4206 4205//4205
f 843//843 4207//4207 4205//4205
f 842//842 4208//4208 4207//4207
f 842//842 4207//4207 843//843
f 4210//4210 4209//4209 73//73
f 4210//4210 73//73 74//74
f 4211//4211 4209//4209 4210//4210
f 3544//3544 4210//4210 74//74
f 72//72 3578//3578 3579//3579
f 4212//4212 3023//3023 3578//3578
f 4212//4212 3024//3024 3023//3023
f 4212//4212 3578//3578 72//72
f 73//73 4209//4209 4212//4212
f 73//73 4212//4212 72//72
f 3023//3023 864//864 3578//3578
f 4214//4214 3023//3023 3022//3022
f 4214//4214 864//864 3023//3023
f 4215//4215 4214//4214 890//890
f 4215//4215 890//890 889//889
f 3079//3079 4215//4215 3078//3078
f 863//863 3079//3079 4213//4213
f 863//863 4215//4215 3079//3079
f 863//863 864//864 4215//4215
f 4215//4215 864//864 4214//4214
f 3021//3021 4214//4214 3022//3022
f 4217//4217 4214//4214 3021//3021
f 4219//4219 4217//4217 3021//3021
f 4218//4218 4219//4219 3021//3021
f 4216//4216 4218//4218 3021//3021
f 4222//4222 4216//4216 3021//3021
f 4221//4221 4222//4222 3021//3021
f 4220//4220 3021//3021 3020//3020
f 4220//4220 4221//4221 3021//3021
f 4224//4224 4223//4223 4220//4220
f 4224//4224 4220//4220 3020//3020
f 3020//3020 892//892 891//891
f 4225//4225 3020//3020 891//891
f 4224//4224 3020//3020 4225//4225
f 3027//3027 4227//4227 3028//3028
f 4228//4228 4227//4227 3027//3027
f 4226//4226 4228//4228 3027//3027
f 4230//4230 3027//3027 3026//3026
f 4226//4226 3027//3027 4230//4230
f 4233//4233 4230//4230 3026//3026
f 4232//4232 4233//4233 3026//3026
f 4231//4231 4232//4232 3026//3026
f 4229//4229 4226//4226 4230//4230
f 3026//3026 3025//3025 4234//4234
f 4235//4235 3026//3026 4234//4234
f 4237//4237 3026//3026 4235//4235
f 4236//4236 3026//3026 4237//4237
f 4231//4231 3026//3026 4236//4236
f 3024//3024 4212//4212 4238//4238
f 4234//4234 3025//3025 3024//3024
f 4234//4234 3024//3024 4238//4238
f 4241//4241 4239//4239 4234//4234
f 4241//4241 4240//4240 4239//4239
f 3080//3080 3081//3081 4241//4241
f 4243//4243 4242//4242 3080//3080
f 4243//4243 3080//3080 4241//4241
f 4243//4243 4234//4234 4238//4238
f 4243//4243 4241//4241 4234//4234
f 4217//4217 890//890 4214//4214
f 4246//4246 890//890 4217//4217
f 4245//4245 890//890 4246//4246
f 4244//4244 891//891 890//890
f 4244//4244 890//890 4245//4245
f 4225//4225 4244//4244 4247//4247
f 4225//4225 891//891 4244//4244
f 4248//4248 4215//4215 889//889
f 4251//4251 4248//4248 889//889
f 4250//4250 4251//4251 889//889
f 4249//4249 889//889 888//888
f 4249//4249 4250//4250 889//889
f 4253//4253 4252//4252 4249//4249
f 4253//4253 4249//4249 888//888
f 888//888 887//887 3076//3076
f 4253//4253 3076//3076 4254//4254
f 4253//4253 888//888 3076//3076
f 3703//3703 3514//3514 3515//3515
f 3588//3588 3514//3514 3703//3703
f 3702//3702 3703//3703 3515//3515
f 3701//3701 3702//3702 3515//3515
f 3595//3595 3701//3701 3515//3515
f 3847//3847 3588//3588 3703//3703
f 3704//3704 3512//3512 3513//3513
f 3517//3517 3704//3704 3513//3513
f 3724//3724 3512//3512 3704//3704
f 3723//3723 3512//3512 3724//3724
f 3523//3523 3512//3512 3723//3723
f 3846//3846 3704//3704 3517//3517
f 3517//3517 3516//3516 3518//3518
f 3846//3846 3517//3517 3518//3518
f 3527//3527 3526//3526 3566//3566
f 3528//3528 3527//3527 3566//3566
f 4256//4256 4270//4270 4255//4255
f 4256//4256 4271//4271 4270//4270
f 4257//4257 4271//4271 4256//4256
f 4257//4257 4272//4272 4271//4271
f 4258//4258 4272//4272 4257//4257
f 4258//4258 4273//4273 4272//4272
f 4259//4259 4274//4274 4273//4273
f 4259//4259 4273//4273 4258//4258
f 4260//4260 4275//4275 4274//4274
f 4260//4260 4274//4274 4259//4259
f 4261//4261 4276//4276 4275//4275
f 4261//4261 4275//4275 4260//4260
f 4262//4262 4277//4277 4276//4276
f 4262//4262 4276//4276 4261//4261
f 4263//4263 4278//4278 4277//4277
f 4263//4263 4277//4277 4262//4262
f 4264//4264 4279//4279 4278//4278
f 4264//4264 4278//4278 4263//4263
f 4265//4265 4280//4280 4279//4279
f 4265//4265 4279//4279 4264//4264
f 4266//4266 4281//4281 4280//4280
f 4266//4266 4280//4280 4265//4265
f 4267//4267 4282//4282 4281//4281
f 4267//4267 4281//4281 4266//4266
f 4268//4268 4283//4283 4282//4282
f 4268//4268 4282//4282 4267//4267
f 4269//4269 4284//4284 4283//4283
f 4269//4269 4283//4283 4268//4268
f 4188//4188 4285//4285 4284//4284
f 4188//4188 4284//4284 4269//4269
f 4193//4193 4188//4188 4269//4269
f 4190//4190 4286//4286 4285//4285
f 4190//4190 4285//4285 4188//4188
f 4192//4192 4193//4193 4269//4269
f 4191//4191 4192//4192 4269//4269
f 4189//4189 4286//4286 4190//4190
f 4187//4187 4287//4287 4286//4286
f 4187//4187 4286//4286 4189//4189
f 4288//4288 4287//4287 4187//4187
f 4399//4399 4288//4288 4187//4187
f 4399//4399 4417//4417 4398//4398
f 4399//4399 4418//4418 4417//4417
f 4399//4399 4187//4187 4418//4418
f 4400//4400 4289//4289 4288//4288
f 4400//4400 4288//4288 4399//4399
f 4401//4401 4290//4290 4289//4289
f 4401//4401 4289//4289 4400//4400
f 4402//4402 4291//4291 4290//4290
f 4402//4402 4290//4290 4401//4401
f 4403//4403 4291//4291 4402//4402
f 4403//4403 4292//4292 4291//4291
f 4404//4404 4292//4292 4403//4403
f 4404//4404 4293//4293 4292//4292
f 4405//4405 4293//4293 4404//4404
f 4405//4405 4294//4294 4293//4293
f 4406//4406 4294//4294 4405//4405
f 4406//4406 4295//4295 4294//4294
f 4407//4407 4295//4295 4406//4406
f 4407//4407 4296//4296 4295//4295
f 4408//4408 4296//4296 4407//4407
f 4408//4408 4297//4297 4296//4296
f 4409//4409 4297//4297 4408//4408
f 4409//4409 4298//4298 4297//4297
f 4410//4410 4298//4298 4409//4409
f 4410//4410 4299//4299 4298//4298
f 4411//4411 4299//4299 4410//4410
f 4411//4411 4300//4300 4299//4299
f 4412//4412 4300//4300 4411//4411
f 4412//4412 4301//4301 4300//4300
f 4413//4413 4301//4301 4412//4412
f 4413//4413 4302//4302 4301//4301
f 4414//4414 4303//4303 4302//4302
f 4414//4414 4302//4302 4413//4413
f 4415//4415 4304//4304 4303//4303
f 4415//4415 4303//4303 4414//4414
f 4416//4416 4305//4305 4304//4304
f 4416//4416 4304//4304 4415//4415
f 3556//3556 4306//4306 4305//4305
f 3556//3556 4305//4305 4416//4416
f 4397//4397 3556//3556 4416//4416
f 3558//3558 4307//4307 4306//4306
f 3558//3558 4306//4306 3556//3556
f 4396//4396 4397//4397 4416//4416
f 4395//4395 4396//4396 4416//4416
f 3557//3557 4307//4307 3558//3558
f 3555//3555 4308//4308 4307//4307
f 3555//3555 4307//4307 3557//3557
f 4309//4309 4308//4308 3555//3555
f 4376//4376 3560//3560 3559//3559
f 4376//4376 3561//3561 3560//3560
f 4376//4376 3555//3555 3561//3561
f 4376//4376 4309//4309 3555//3555
f 4377//4377 4310//4310 4309//4309
f 4377//4377 4309//4309 4376//4376
f 4378//4378 4311//4311 4310//4310
f 4378//4378 4310//4310 4377//4377
f 4379//4379 4312//4312 4311//4311
f 4379//4379 4311//4311 4378//4378
f 4380//4380 4313//4313 4312//4312
f 4380//4380 4312//4312 4379//4379
f 4381//4381 4313//4313 4380//4380
f 4381//4381 4314//4314 4313//4313
f 4382//4382 4314//4314 4381//4381
f 4382//4382 4315//4315 4314//4314
f 4383//4383 4315//4315 4382//4382
f 4383//4383 4316//4316 4315//4315
f 4384//4384 4316//4316 4383//4383
f 4384//4384 4317//4317 4316//4316
f 4385//4385 4317//4317 4384//4384
f 4385//4385 4318//4318 4317//4317
f 4386//4386 4318//4318 4385//4385
f 4386//4386 4319//4319 4318//4318
f 4387//4387 4319//4319 4386//4386
f 4387//4387 4320//4320 4319//4319
f 4388//4388 4320//4320 4387//4387
f 4388//4388 4321//4321 4320//4320
f 4389//4389 4321//4321 4388//4388
f 4389//4389 4322//4322 4321//4321
f 4390//4390 4322//4322 4389//4389
f 4391//4391 4322//4322 4390//4390
f 4391//4391 4323//4323 4322//4322
f 4392//4392 4323//4323 4391//4391
f 4392//4392 4324//4324 4323//4323
f 4393//4393 4324//4324 4392//4392
f 4393//4393 4325//4325 4324//4324
f 3568//3568 4327//4327 4326//4326
f 4394//4394 4325//4325 4393//4393
f 4394//4394 3568//3568 4326//4326
f 4394//4394 4326//4326 4325//4325
f 3569//3569 3568//3568 4394//4394
f 3570//3570 3569//3569 4394//4394
f 3571//3571 4327//4327 3568//3568
f 3571//3571 4328//4328 4327//4327
f 3567//3567 3570//3570 4394//4394
f 3572//3572 4328//4328 3571//3571
f 3530//3530 4329//4329 4328//4328
f 3530//3530 4328//4328 3572//3572
f 4330//4330 4329//4329 3530//3530
f 4358//4358 3530//3530 3531//3531
f 4358//4358 3531//3531 3532//3532
f 4358//4358 3532//3532 3529//3529
f 4358//4358 4330//4330 3530//3530
f 4359//4359 4331//4331 4330//4330
f 4359//4359 4330//4330 4358//4358
f 4360//4360 4332//4332 4331//4331
f 4360//4360 4331//4331 4359//4359
f 4361//4361 4333//4333 4332//4332
f 4361//4361 4332//4332 4360//4360
f 4362//4362 4333//4333 4361//4361
f 4362//4362 4334//4334 4333//4333
f 4363//4363 4334//4334 4362//4362
f 4363//4363 4335//4335 4334//4334
f 4364//4364 4335//4335 4363//4363
f 4364//4364 4336//4336 4335//4335
f 4365//4365 4336//4336 4364//4364
f 4365//4365 4337//4337 4336//4336
f 4366//4366 4337//4337 4365//4365
f 4366//4366 4338//4338 4337//4337
f 4367//4367 4338//4338 4366//4366
f 4367//4367 4339//4339 4338//4338
f 4368//4368 4339//4339 4367//4367
f 4368//4368 4340//4340 4339//4339
f 4369//4369 4340//4340 4368//4368
f 4369//4369 4341//4341 4340//4340
f 4370//4370 4341//4341 4369//4369
f 4370//4370 4342//4342 4341//4341
f 4371//4371 4342//4342 4370//4370
f 4371//4371 4343//4343 4342//4342
f 4372//4372 4343//4343 4371//4371
f 4372//4372 4344//4344 4343//4343
f 4373//4373 4344//4344 4372//4372
f 4373//4373 4345//4345 4344//4344
f 4374//4374 4345//4345 4373//4373
f 4374//4374 4346//4346 4345//4345
f 4375//4375 4346//4346 4374//4374
f 4375//4375 4347//4347 4346//4346
f 3539//3539 4347//4347 4375//4375
f 3539//3539 4348//4348 4347//4347
f 3540//3540 3539//3539 4375//4375
f 3541//3541 3540//3540 4375//4375
f 4203//4203 4348//4348 3539//3539
f 4203//4203 4349//4349 4348//4348
f 3538//3538 3541//3541 4375//4375
f 4204//4204 4349//4349 4203//4203
f 4200//4200 4349//4349 4204//4204
f 4200//4200 4350//4350 4349//4349
f 4351//4351 4350//4350 4200//4200
f 4354//4354 4200//4200 4201//4201
f 4354//4354 4201//4201 4202//4202
f 4354//4354 4202//4202 4199//4199
f 4354//4354 4351//4351 4200//4200
f 4355//4355 4351//4351 4354//4354
f 4355//4355 4352//4352 4351//4351
f 4356//4356 4352//4352 4355//4355
f 4356//4356 4353//4353 4352//4352
f 4357//4357 4353//4353 4356//4356
f 4357//4357 4270//4270 4353//4353
f 4255//4255 4270//4270 4357//4357
f 3566//3566 4394//4394 4393//4393
f 3566//3566 3567//3567 4394//4394
f 3528//3528 4358//4358 3529//3529
f 3528//3528 4359//4359 4358//4358
f 4557//4557 4391//4391 4390//4390
f 4557//4557 4558//4558 4391//4391
f 4559//4559 4391//4391 4558//4558
f 4556//4556 4557//4557 4390//4390
f 4555//4555 4556//4556 4390//4390
f 4560//4560 4391//4391 4559//4559
f 4561//4561 4391//4391 4560//4560
f 4554//4554 4555//4555 4390//4390
f 4553//4553 4554//4554 4390//4390
f 4562//4562 4391//4391 4561//4561
f 4552//4552 4390//4390 4389//4389
f 4552//4552 4553//4553 4390//4390
f 4563//4563 4391//4391 4562//4562
f 4563//4563 4392//4392 4391//4391
f 4564//4564 4392//4392 4563//4563
f 4551//4551 4552//4552 4389//4389
f 4565//4565 4392//4392 4564//4564
f 4550//4550 4551//4551 4389//4389
f 4360//4360 4359//4359 3528//3528
f 4549//4549 4550//4550 4389//4389
f 4566//4566 4392//4392 4565//4565
f 4567//4567 4392//4392 4566//4566
f 4548//4548 4549//4549 4389//4389
f 4568//4568 4392//4392 4567//4567
f 4547//4547 4548//4548 4389//4389
f 4569//4569 4393//4393 4392//4392
f 4569//4569 4392//4392 4568//4568
f 4546//4546 4389//4389 4388//4388
f 4546//4546 4547//4547 4389//4389
f 4545//4545 4546//4546 4388//4388
f 4570//4570 3566//3566 4393//4393
f 4570//4570 4393//4393 4569//4569
f 4544//4544 4545//4545 4388//4388
f 4571//4571 3566//3566 4570//4570
f 4543//4543 4544//4544 4388//4388
f 4572//4572 3566//3566 4571//4571
f 4573//4573 3566//3566 4572//4572
f 4542//4542 4543//4543 4388//4388
f 4542//4542 4388//4388 4387//4387
f 4541//4541 4542//4542 4387//4387
f 4574//4574 3566//3566 4573//4573
f 4540//4540 4541//4541 4387//4387
f 4575//4575 3566//3566 4574//4574
f 4539//4539 4540//4540 4387//4387
f 4576//4576 3566//3566 4575//4575
f 4538//4538 4539//4539 4387//4387
f 4538//4538 4387//4387 4386//4386
f 4577//4577 3566//3566 4576//4576
f 4537//4537 4538//4538 4386//4386
f 4578//4578 3566//3566 4577//4577
f 4536//4536 4537//4537 4386//4386
f 4579//4579 3566//3566 4578//4578
f 4535//4535 4536//4536 4386//4386
f 4535//4535 4386//4386 4385//4385
f 4580//4580 3566//3566 4579//4579
f 4534//4534 4535//4535 4385//4385
f 4581//4581 3566//3566 4580//4580
f 4533//4533 4385//4385 4384//4384
f 4533//4533 4534//4534 4385//4385
f 4582//4582 3566//3566 4581//4581
f 4532//4532 4533//4533 4384//4384
f 4583//4583 3566//3566 4582//4582
f 4531//4531 4384//4384 4383//4383
f 4531//4531 4532//4532 4384//4384
f 4584//4584 3566//3566 4583//4583
f 4530//4530 4531//4531 4383//4383
f 4585//4585 3528//3528 3566//3566
f 4585//4585 3566//3566 4584//4584
f 4529//4529 4383//4383 4382//4382
f 4529//4529 4530//4530 4383//4383
f 4586//4586 3528//3528 4585//4585
f 4528//4528 4382//4382 4381//4381
f 4528//4528 4529//4529 4382//4382
f 4587//4587 3528//3528 4586//4586
f 4527//4527 4528//4528 4381//4381
f 4588//4588 3528//3528 4587//4587
f 4505//4505 3528//3528 4588//4588
f 4506//4506 3528//3528 4505//4505
f 4361//4361 4360//4360 3528//3528
f 4362//4362 4361//4361 3528//3528
f 3562//3562 4376//4376 3559//3559
f 3562//3562 4377//4377 4376//4376
f 3562//3562 4378//4378 4377//4377
f 3562//3562 4379//4379 4378//4378
f 3562//3562 4380//4380 4379//4379
f 3562//3562 4381//4381 4380//4380
f 4416//4416 4504//4504 4395//4395
f 4415//4415 4504//4504 4416//4416
f 4810//4810 4514//4514 4515//4515
f 4810//4810 4515//4515 4516//4516
f 4809//4809 4810//4810 4516//4516
f 4809//4809 4516//4516 4517//4517
f 4811//4811 4514//4514 4810//4810
f 4811//4811 4513//4513 4514//4514
f 4808//4808 4809//4809 4517//4517
f 4808//4808 4517//4517 4518//4518
f 4807//4807 4808//4808 4518//4518
f 4807//4807 4518//4518 4519//4519
f 4812//4812 4513//4513 4811//4811
f 4812//4812 4512//4512 4513//4513
f 4813//4813 4512//4512 4812//4812
f 4813//4813 4511//4511 4512//4512
f 4806//4806 4807//4807 4519//4519
f 4806//4806 4519//4519 4520//4520
f 4814//4814 4511//4511 4813//4813
f 4814//4814 4509//4509 4510//4510
f 4814//4814 4510//4510 4511//4511
f 4805//4805 4806//4806 4520//4520
f 4805//4805 4520//4520 4521//4521
f 4805//4805 4521//4521 4522//4522
f 4815//4815 4508//4508 4509//4509
f 4815//4815 4509//4509 4814//4814
f 4804//4804 4805//4805 4522//4522
f 4804//4804 4522//4522 4523//4523
f 4816//4816 4508//4508 4815//4815
f 4816//4816 4507//4507 4508//4508
f 4803//4803 4804//4804 4523//4523
f 4803//4803 4523//4523 4524//4524
f 4817//4817 4507//4507 4816//4816
f 4817//4817 4506//4506 4507//4507
f 4817//4817 3528//3528 4506//4506
f 4802//4802 4803//4803 4524//4524
f 4802//4802 4524//4524 4525//4525
f 4818//4818 3528//3528 4817//4817
f 4801//4801 4802//4802 4525//4525
f 4801//4801 4525//4525 4526//4526
f 4819//4819 3528//3528 4818//4818
f 4800//4800 4381//4381 3562//3562
f 4800//4800 4527//4527 4381//4381
f 4800//4800 4526//4526 4527//4527
f 4800//4800 4801//4801 4526//4526
f 4820//4820 3528//3528 4819//4819
f 4799//4799 4800//4800 3562//3562
f 4821//4821 3528//3528 4820//4820
f 4821//4821 4363//4363 4362//4362
f 4821//4821 4362//4362 3528//3528
f 4798//4798 4799//4799 3562//3562
f 4797//4797 4798//4798 3562//3562
f 4796//4796 4797//4797 3562//3562
f 4642//4642 4368//4368 4367//4367
f 4641//4641 4642//4642 4367//4367
f 4725//4725 4726//4726 4504//4504
f 4640//4640 4641//4641 4367//4367
f 4643//4643 4368//4368 4642//4642
f 4727//4727 4504//4504 4726//4726
f 4724//4724 4725//4725 4504//4504
f 4639//4639 4640//4640 4367//4367
f 4639//4639 4367//4367 4366//4366
f 4644//4644 4368//4368 4643//4643
f 4723//4723 4724//4724 4504//4504
f 4728//4728 4504//4504 4727//4727
f 4638//4638 4639//4639 4366//4366
f 4645//4645 4368//4368 4644//4644
f 4645//4645 4369//4369 4368//4368
f 4722//4722 4723//4723 4504//4504
f 4729//4729 4504//4504 4728//4728
f 4637//4637 4638//4638 4366//4366
f 4646//4646 4369//4369 4645//4645
f 4721//4721 4722//4722 4504//4504
f 4730//4730 4504//4504 4729//4729
f 4647//4647 4369//4369 4646//4646
f 4636//4636 4637//4637 4366//4366
f 4636//4636 4366//4366 4365//4365
f 4731//4731 4504//4504 4730//4730
f 4720//4720 4721//4721 4504//4504
f 4648//4648 4369//4369 4647//4647
f 4635//4635 4636//4636 4365//4365
f 4635//4635 4365//4365 4364//4364
f 4732//4732 3562//3562 4504//4504
f 4732//4732 4504//4504 4731//4731
f 4719//4719 4720//4720 4504//4504
f 4634//4634 4635//4635 4364//4364
f 4649//4649 4369//4369 4648//4648
f 4718//4718 4719//4719 4504//4504
f 4733//4733 3562//3562 4732//4732
f 4650//4650 4370//4370 4369//4369
f 4650//4650 4369//4369 4649//4649
f 4633//4633 4634//4634 4364//4364
f 4633//4633 4364//4364 4363//4363
f 4734//4734 3562//3562 4733//4733
f 4717//4717 4504//4504 4415//4415
f 4717//4717 4718//4718 4504//4504
f 4651//4651 4370//4370 4650//4650
f 4632//4632 4633//4633 4363//4363
f 4632//4632 4363//4363 4821//4821
f 4735//4735 3562//3562 4734//4734
f 4716//4716 4717//4717 4415//4415
f 4631//4631 4632//4632 4821//4821
f 4631//4631 4821//4821 4822//4822
f 4652//4652 4370//4370 4651//4651
f 4715//4715 4716//4716 4415//4415
f 4715//4715 4415//4415 4414//4414
f 4736//4736 3562//3562 4735//4735
f 4630//4630 4631//4631 4822//4822
f 4630//4630 4822//4822 4823//4823
f 4653//4653 4370//4370 4652//4652
f 4714//4714 4715//4715 4414//4414
f 4737//4737 3562//3562 4736//4736
f 4737//4737 4796//4796 3562//3562
f 4654//4654 4370//4370 4653//4653
f 4629//4629 4630//4630 4823//4823
f 4629//4629 4823//4823 4824//4824
f 4738//4738 4796//4796 4737//4737
f 4738//4738 4795//4795 4796//4796
f 4713//4713 4714//4714 4414//4414
f 4628//4628 4629//4629 4824//4824
f 4628//4628 4824//4824 4825//4825
f 4655//4655 4370//4370 4654//4654
f 4655//4655 4371//4371 4370//4370
f 4712//4712 4713//4713 4414//4414
f 4739//4739 4795//4795 4738//4738
f 4739//4739 4794//4794 4795//4795
f 4627//4627 4628//4628 4825//4825
f 4627//4627 4825//4825 4826//4826
f 4656//4656 4371//4371 4655//4655
f 4711//4711 4712//4712 4414//4414
f 4740//4740 4793//4793 4794//4794
f 4740//4740 4794//4794 4739//4739
f 4626//4626 4627//4627 4826//4826
f 4657//4657 4371//4371 4656//4656
f 4710//4710 4711//4711 4414//4414
f 4741//4741 4793//4793 4740//4740
f 4625//4625 4626//4626 4826//4826
f 4625//4625 4826//4826 4827//4827
f 4658//4658 4371//4371 4657//4657
f 4709//4709 4414//4414 4413//4413
f 4709//4709 4710//4710 4414//4414
f 4742//4742 4793//4793 4741//4741
f 4742//4742 4792//4792 4793//4793
f 4624//4624 4625//4625 4827//4827
f 4624//4624 4827//4827 4828//4828
f 4659//4659 4371//4371 4658//4658
f 4708//4708 4709//4709 4413//4413
f 4743//4743 4791//4791 4792//4792
f 4743//4743 4792//4792 4742//4742
f 4623//4623 4624//4624 4828//4828
f 4623//4623 4828//4828 4829//4829
f 4660//4660 4371//4371 4659//4659
f 4707//4707 4708//4708 4413//4413
f 4744//4744 4791//4791 4743//4743
f 4744//4744 4790//4790 4791//4791
f 4622//4622 4623//4623 4829//4829
f 4622//4622 4829//4829 4830//4830
f 4661//4661 4371//4371 4660//4660
f 4706//4706 4707//4707 4413//4413
f 4745//4745 4789//4789 4790//4790
f 4745//4745 4790//4790 4744//4744
f 4621//4621 4622//4622 4830//4830
f 4705//4705 4706//4706 4413//4413
f 4746//4746 4789//4789 4745//4745
f 4704//4704 4705//4705 4413//4413
f 4747//4747 4789//4789 4746//4746
f 4703//4703 4704//4704 4413//4413
f 4788//4788 4747//4747 4748//4748
f 4788//4788 4789//4789 4747//4747
f 4831//4831 4621//4621 4830//4830
f 4831//4831 4619//4619 4620//4620
f 4831//4831 4620//4620 4621//4621
f 4787//4787 4748//4748 4749//4749
f 4787//4787 4788//4788 4748//4748
f 4832//4832 4619//4619 4831//4831
f 4832//4832 4618//4618 4619//4619
f 4372//4372 4371//4371 4661//4661
f 4372//4372 4661//4661 4662//4662
f 4372//4372 4662//4662 4663//4663
f 4372//4372 4663//4663 4664//4664
f 4372//4372 4664//4664 4665//4665
f 4372//4372 4665//4665 4666//4666
f 4372//4372 4666//4666 4667//4667
f 4786//4786 4749//4749 4750//4750
f 4786//4786 4787//4787 4749//4749
f 4833//4833 4618//4618 4832//4832
f 4833//4833 4617//4617 4618//4618
f 4785//4785 4750//4750 4751//4751
f 4785//4785 4786//4786 4750//4750
f 4834//4834 4617//4617 4833//4833
f 4834//4834 4616//4616 4617//4617
f 4784//4784 4785//4785 4751//4751
f 4784//4784 4751//4751 4752//4752
f 4784//4784 4752//4752 4753//4753
f 4835//4835 4616//4616 4834//4834
f 4835//4835 4614//4614 4615//4615
f 4835//4835 4615//4615 4616//4616
f 4783//4783 4753//4753 4754//4754
f 4783//4783 4784//4784 4753//4753
f 4836//4836 4614//4614 4835//4835
f 4836//4836 4613//4613 4614//4614
f 4782//4782 4754//4754 4755//4755
f 4782//4782 4783//4783 4754//4754
f 4837//4837 4613//4613 4836//4836
f 4837//4837 4612//4612 4613//4613
f 4412//4412 4703//4703 4413//4413
f 4412//4412 4697//4697 4698//4698
f 4412//4412 4698//4698 4699//4699
f 4412//4412 4699//4699 4700//4700
f 4412//4412 4700//4700 4701//4701
f 4412//4412 4701//4701 4702//4702
f 4412//4412 4702//4702 4703//4703
f 4781//4781 4755//4755 4756//4756
f 4781//4781 4782//4782 4755//4755
f 4838//4838 4612//4612 4837//4837
f 4838//4838 4611//4611 4612//4612
f 4780//4780 4781//4781 4756//4756
f 4780//4780 4756//4756 4673//4673
f 4779//4779 4780//4780 4673//4673
f 4779//4779 4673//4673 4674//4674
f 4373//4373 4372//4372 4667//4667
f 4373//4373 4667//4667 4668//4668
f 4373//4373 4668//4668 4669//4669
f 4373//4373 4669//4669 4670//4670
f 4373//4373 4670//4670 4671//4671
f 4373//4373 4671//4671 4672//4672
f 4373//4373 4672//4672 4589//4589
f 4411//4411 4692//4692 4693//4693
f 4411//4411 4693//4693 4694//4694
f 4411//4411 4694//4694 4695//4695
f 4411//4411 4695//4695 4696//4696
f 4411//4411 4696//4696 4697//4697
f 4411//4411 4697//4697 4412//4412
f 4374//4374 4373//4373 4589//4589
f 4374//4374 4589//4589 4590//4590
f 4374//4374 4590//4590 4591//4591
f 4410//4410 4687//4687 4688//4688
f 4410//4410 4688//4688 4689//4689
f 4410//4410 4689//4689 4690//4690
f 4410//4410 4690//4690 4691//4691
f 4410//4410 4691//4691 4692//4692
f 4410//4410 4692//4692 4411//4411
f 4409//4409 4684//4684 4685//4685
f 4409//4409 4685//4685 4686//4686
f 4409//4409 4686//4686 4687//4687
f 4409//4409 4687//4687 4410//4410
f 3537//3537 4374//4374 4591//4591
f 3537//3537 4591//4591 4592//4592
f 3537//3537 4592//4592 4593//4593
f 3537//3537 4593//4593 4594//4594
f 3537//3537 4594//4594 4595//4595
f 3537//3537 4595//4595 4596//4596
f 3537//3537 4596//4596 4597//4597
f 3537//3537 4597//4597 4598//4598
f 3537//3537 4598//4598 4599//4599
f 3537//3537 4599//4599 4600//4600
f 3537//3537 4600//4600 4601//4601
f 3537//3537 4375//4375 4374//4374
f 3537//3537 4601//4601 4602//4602
f 3537//3537 4602//4602 4603//4603
f 3537//3537 4603//4603 4604//4604
f 3537//3537 4604//4604 4605//4605
f 3537//3537 4605//4605 4606//4606
f 3538//3538 4375//4375 3537//3537
f 4408//4408 4684//4684 4409//4409
f 4408//4408 4681//4681 4682//4682
f 4408//4408 4682//4682 4683//4683
f 4408//4408 4683//4683 4684//4684
f 4198//4198 4838//4838 4839//4839
f 4198//4198 4839//4839 4840//4840
f 4198//4198 4840//4840 4757//4757
f 4198//4198 4611//4611 4838//4838
f 4198//4198 4757//4757 4758//4758
f 4198//4198 3537//3537 4606//4606
f 4198//4198 4606//4606 4607//4607
f 4198//4198 4607//4607 4608//4608
f 4198//4198 4608//4608 4609//4609
f 4198//4198 4609//4609 4610//4610
f 4198//4198 4610//4610 4611//4611
f 4407//4407 4681//4681 4408//4408
f 4407//4407 4678//4678 4679//4679
f 4407//4407 4679//4679 4680//4680
f 4407//4407 4680//4680 4681//4681
f 4406//4406 4677//4677 4678//4678
f 4406//4406 4678//4678 4407//4407
f 4354//4354 4199//4199 4198//4198
f 4405//4405 4677//4677 4406//4406
f 4405//4405 4675//4675 4676//4676
f 4405//4405 4676//4676 4677//4677
f 4355//4355 4354//4354 4198//4198
f 4404//4404 4779//4779 4674//4674
f 4404//4404 4674//4674 4675//4675
f 4404//4404 4675//4675 4405//4405
f 4356//4356 4355//4355 4198//4198
f 4357//4357 4356//4356 4198//4198
f 4403//4403 4779//4779 4404//4404
f 4255//4255 4357//4357 4198//4198
f 4472//4472 4767//4767 4768//4768
f 4472//4472 4768//4768 4471//4471
f 4470//4470 4768//4768 4769//4769
f 4470//4470 4471//4471 4768//4768
f 4473//4473 4766//4766 4767//4767
f 4473//4473 4767//4767 4472//4472
f 4469//4469 4470//4470 4769//4769
f 4469//4469 4769//4769 4770//4770
f 4474//4474 4765//4765 4766//4766
f 4474//4474 4766//4766 4473//4473
f 4475//4475 4765//4765 4474//4474
f 4475//4475 4764//4764 4765//4765
f 4468//4468 4770//4770 4771//4771
f 4468//4468 4469//4469 4770//4770
f 4467//4467 4468//4468 4771//4771
f 4467//4467 4771//4771 4772//4772
f 4476//4476 4764//4764 4475//4475
f 4476//4476 4763//4763 4764//4764
f 4466//4466 4467//4467 4772//4772
f 4477//4477 4763//4763 4476//4476
f 4465//4465 4466//4466 4772//4772
f 4465//4465 4772//4772 4773//4773
f 4478//4478 4763//4763 4477//4477
f 4478//4478 4762//4762 4763//4763
f 4464//4464 4773//4773 4774//4774
f 4464//4464 4465//4465 4773//4773
f 4479//4479 4762//4762 4478//4478
f 4479//4479 4761//4761 4762//4762
f 4480//4480 4760//4760 4761//4761
f 4480//4480 4761//4761 4479//4479
f 4463//4463 4464//4464 4774//4774
f 4463//4463 4774//4774 4775//4775
f 4462//4462 4463//4463 4775//4775
f 4481//4481 4759//4759 4760//4760
f 4481//4481 4760//4760 4480//4480
f 4482//4482 4758//4758 4759//4759
f 4482//4482 4759//4759 4481//4481
f 4483//4483 4758//4758 4482//4482
f 4256//4256 4255//4255 4198//4198
f 4256//4256 4758//4758 4483//4483
f 4256//4256 4198//4198 4758//4758
f 4257//4257 4256//4256 4483//4483
f 4257//4257 4483//4483 4484//4484
f 4503//4503 4402//4402 4401//4401
f 4503//4503 4403//4403 4402//4402
f 4503//4503 4457//4457 4458//4458
f 4503//4503 4458//4458 4459//4459
f 4503//4503 4775//4775 4776//4776
f 4503//4503 4459//4459 4460//4460
f 4503//4503 4776//4776 4777//4777
f 4503//4503 4460//4460 4461//4461
f 4503//4503 4777//4777 4778//4778
f 4503//4503 4461//4461 4462//4462
f 4503//4503 4778//4778 4779//4779
f 4503//4503 4462//4462 4775//4775
f 4503//4503 4779//4779 4403//4403
f 4400//4400 4503//4503 4401//4401
f 4258//4258 4257//4257 4484//4484
f 4258//4258 4484//4484 4485//4485
f 4258//4258 4485//4485 4486//4486
f 4399//4399 4503//4503 4400//4400
f 4194//4194 4442//4442 4443//4443
f 4194//4194 4443//4443 4444//4444
f 4194//4194 4444//4444 4445//4445
f 4194//4194 4445//4445 4446//4446
f 4194//4194 4446//4446 4447//4447
f 4194//4194 4447//4447 4448//4448
f 4194//4194 4448//4448 4449//4449
f 4194//4194 4449//4449 4450//4450
f 4194//4194 4450//4450 4451//4451
f 4194//4194 4451//4451 4452//4452
f 4194//4194 4452//4452 4453//4453
f 4194//4194 4453//4453 4454//4454
f 4194//4194 4454//4454 4455//4455
f 4194//4194 4455//4455 4456//4456
f 4194//4194 4456//4456 4457//4457
f 4194//4194 4457//4457 4503//4503
f 4259//4259 4486//4486 4487//4487
f 4259//4259 4487//4487 4488//4488
f 4259//4259 4258//4258 4486//4486
f 4398//4398 4503//4503 4399//4399
f 4260//4260 4488//4488 4489//4489
f 4260//4260 4489//4489 4490//4490
f 4260//4260 4259//4259 4488//4488
f 4261//4261 4490//4490 4491//4491
f 4261//4261 4491//4491 4492//4492
f 4261//4261 4492//4492 4493//4493
f 4261//4261 4260//4260 4490//4490
f 4262//4262 4261//4261 4493//4493
f 4262//4262 4493//4493 4494//4494
f 4262//4262 4494//4494 4495//4495
f 4262//4262 4495//4495 4496//4496
f 4262//4262 4496//4496 4497//4497
f 4269//4269 4194//4194 4191//4191
f 4263//4263 4262//4262 4497//4497
f 4263//4263 4497//4497 4498//4498
f 4263//4263 4498//4498 4499//4499
f 4263//4263 4499//4499 4500//4500
f 4263//4263 4500//4500 4501//4501
f 4268//4268 4442//4442 4194//4194
f 4268//4268 4440//4440 4441//4441
f 4268//4268 4441//4441 4442//4442
f 4268//4268 4194//4194 4269//4269
f 4264//4264 4419//4419 4420//4420
f 4264//4264 4420//4420 4421//4421
f 4264//4264 4421//4421 4422//4422
f 4264//4264 4422//4422 4423//4423
f 4264//4264 4263//4263 4501//4501
f 4264//4264 4501//4501 4502//4502
f 4264//4264 4502//4502 4419//4419
f 4267//4267 4435//4435 4436//4436
f 4267//4267 4436//4436 4437//4437
f 4267//4267 4437//4437 4438//4438
f 4267//4267 4438//4438 4439//4439
f 4267//4267 4439//4439 4440//4440
f 4267//4267 4440//4440 4268//4268
f 4265//4265 4423//4423 4424//4424
f 4265//4265 4424//4424 4425//4425
f 4265//4265 4425//4425 4426//4426
f 4265//4265 4426//4426 4427//4427
f 4265//4265 4427//4427 4428//4428
f 4265//4265 4428//4428 4429//4429
f 4265//4265 4264//4264 4423//4423
f 4266//4266 4429//4429 4430//4430
f 4266//4266 4430//4430 4431//4431
f 4266//4266 4431//4431 4432//4432
f 4266//4266 4432//4432 4433//4433
f 4266//4266 4433//4433 4434//4434
f 4266//4266 4434//4434 4435//4435
f 4266//4266 4435//4435 4267//4267
f 4266//4266 4265//4265 4429//4429
f 4198//4198 3542//3542 3536//3536
f 4198//4198 3536//3536 3537//3537
f 4209//4209 4238//4238 4212//4212
f 4209//4209 4211//4211 4842//4842
f 4841//4841 4842//4842 3544//3544
f 3543//3543 4841//4841 3546//3546
f 3543//3543 4209//4209 4842//4842
f 3543//3543 4842//4842 4841//4841
f 3548//3548 3543//3543 3547//3547
f 4238//4238 4209//4209 3548//3548
f 4209//4209 3543//3543 3548//3548
f 3545//3545 3546//3546 4841//4841
f 3544//3544 3545//3545 4841//4841
f 4243//4243 4238//4238 3548//3548
f 4243//4243 3548//3548 3554//3554
f 4843//4843 4242//4242 4243//4243
f 4843//4843 4845//4845 4846//4846
f 4844//4844 4208//4208 4845//4845
f 4205//4205 4206//4206 4844//4844
f 4205//4205 4845//4845 4843//4843
f 4205//4205 4844//4844 4845//4845
f 3554//3554 3553//3553 4205//4205
f 4243//4243 3554//3554 4843//4843
f 4843//4843 3554//3554 4205//4205
f 4187//4187 3552//3552 3551//3551
f 4418//4418 4187//4187 3551//3551
f 4417//4417 4418//4418 3551//3551
f 4398//4398 4417//4417 3551//3551
f 4197//4197 4503//4503 4398//4398
f 4197//4197 4398//4398 3551//3551
f 4197//4197 3551//3551 4196//4196
f 4227//4227 3029//3029 3028//3028
f 4227//4227 3564//3564 3029//3029
f 4239//4239 3550//3550 3564//3564
f 4239//4239 3564//3564 4227//4227
f 4240//4240 3551//3551 3550//3550
f 4240//4240 4196//4196 3551//3551
f 4240//4240 3550//3550 4239//4239
f 4240//4240 4847//4847 4196//4196
f 3085//3085 4196//4196 4847//4847
f 3084//3084 3085//3085 4847//4847
f 3556//3556 3550//3550 3549//3549
f 4397//4397 3550//3550 3556//3556
f 4396//4396 3550//3550 4397//4397
f 4395//4395 3550//3550 4396//4396
f 3565//3565 4395//4395 4504//4504
f 3565//3565 3550//3550 4395//4395
f 3565//3565 3564//3564 3550//3550
f 3565//3565 4504//4504 3562//3562
f 3565//3565 3562//3562 3563//3563
f 3575//3575 3577//3577 3034//3034
f 3574//3574 3577//3577 3575//3575
f 3041//3041 3583//3583 3581//3581
f 3583//3583 3580//3580 3581//3581
f 4851//4851 4184//4184 862//862
f 863//863 4851//4851 862//862
f 4850//4850 4186//4186 4851//4851
f 4850//4850 4851//4851 863//863
f 4848//4848 4849//4849 4850//4850
f 4848//4848 4850//4850 863//863
f 4213//4213 4848//4848 863//863
f 3590//3590 3589//3589 3588//3588
f 3590//3590 3588//3588 3847//3847
f 4905//4905 4904//4904 3665//3665
f 4905//4905 3665//3665 3666//3666
f 4906//4906 4905//4905 3666//3666
f 4903//4903 3665//3665 4904//4904
f 4902//4902 3665//3665 4903//4903
f 4907//4907 4906//4906 3666//3666
f 4908//4908 4907//4907 3666//3666
f 4901//4901 3665//3665 4902//4902
f 4909//4909 4908//4908 3666//3666
f 4900//4900 3665//3665 4901//4901
f 4899//4899 3665//3665 4900//4900
f 4910//4910 4909//4909 3666//3666
f 4911//4911 4910//4910 3666//3666
f 4911//4911 3666//3666 3667//3667
f 4898//4898 3665//3665 4899//4899
f 4898//4898 3664//3664 3665//3665
f 4912//4912 4911//4911 3667//3667
f 4897//4897 3664//3664 4898//4898
f 4896//4896 3664//3664 4897//4897
f 4913//4913 4912//4912 3667//3667
f 4895//4895 3664//3664 4896//4896
f 4914//4914 4913//4913 3667//3667
f 4894//4894 3664//3664 4895//4895
f 4915//4915 4914//4914 3667//3667
f 4916//4916 4915//4915 3667//3667
f 4916//4916 3667//3667 3668//3668
f 4893//4893 3663//3663 3664//3664
f 4893//4893 3664//3664 4894//4894
f 4892//4892 3663//3663 4893//4893
f 4917//4917 4916//4916 3668//3668
f 4918//4918 4917//4917 3668//3668
f 4891//4891 3663//3663 4892//4892
f 4890//4890 3663//3663 4891//4891
f 4919//4919 4918//4918 3668//3668
f 4889//4889 3663//3663 4890//4890
f 4920//4920 4919//4919 3668//3668
f 4888//4888 3663//3663 4889//4889
f 4888//4888 3662//3662 3663//3663
f 4921//4921 3668//3668 3669//3669
f 4921//4921 4920//4920 3668//3668
f 4887//4887 3662//3662 4888//4888
f 4922//4922 4921//4921 3669//3669
f 4886//4886 3662//3662 4887//4887
f 4923//4923 4922//4922 3669//3669
f 4885//4885 3662//3662 4886//4886
f 4924//4924 4923//4923 3669//3669
f 4884//4884 3662//3662 4885//4885
f 4884//4884 3661//3661 3662//3662
f 4925//4925 4924//4924 3669//3669
f 4925//4925 3669//3669 3670//3670
f 4883//4883 3661//3661 4884//4884
f 4926//4926 4925//4925 3670//3670
f 4882//4882 3661//3661 4883//4883
f 4927//4927 4926//4926 3670//3670
f 4881//4881 3661//3661 4882//4882
f 4881//4881 3660//3660 3661//3661
f 4928//4928 4927//4927 3670//3670
f 4928//4928 3670//3670 3671//3671
f 4880//4880 3660//3660 4881//4881
f 4929//4929 4928//4928 3671//3671
f 4879//4879 3660//3660 4880//4880
f 4879//4879 3659//3659 3660//3660
f 4930//4930 4929//4929 3671//3671
f 4930//4930 3671//3671 3672//3672
f 4878//4878 3659//3659 4879//4879
f 4931//4931 4930//4930 3672//3672
f 4877//4877 3659//3659 4878//4878
f 4877//4877 3658//3658 3659//3659
f 4932//4932 4931//4931 3672//3672
f 4932//4932 3672//3672 3673//3673
f 4876//4876 3658//3658 4877//4877
f 4933//4933 4932//4932 3673//3673
f 4875//4875 3657//3657 3658//3658
f 4875//4875 3658//3658 4876//4876
f 4934//4934 4933//4933 3673//3673
f 4934//4934 3673//3673 3674//3674
f 4874//4874 3656//3656 3657//3657
f 4874//4874 3657//3657 4875//4875
f 4935//4935 3674//3674 3675//3675
f 4935//4935 4934//4934 3674//3674
f 5157//5157 4862//4862 4861//4861
f 5156//5156 4862//4862 5157//5157
f 5156//5156 4863//4863 4862//4862
f 5156//5156 4864//4864 4863//4863
f 5158//5158 5157//5157 4861//4861
f 5158//5158 4861//4861 4860//4860
f 5155//5155 4864//4864 5156//5156
f 5155//5155 4865//4865 4864//4864
f 5159//5159 5158//5158 4860//4860
f 5159//5159 4860//4860 4859//4859
f 5154//5154 4865//4865 5155//5155
f 5154//5154 4866//4866 4865//4865
f 5160//5160 5159//5159 4859//4859
f 5160//5160 4859//4859 4858//4858
f 5153//5153 4866//4866 5154//5154
f 5153//5153 4867//4867 4866//4866
f 5161//5161 5160//5160 4858//4858
f 5161//5161 4857//4857 4856//4856
f 5161//5161 4858//4858 4857//4857
f 5152//5152 4869//4869 4868//4868
f 5152//5152 4867//4867 5153//5153
f 5152//5152 4868//4868 4867//4867
f 5162//5162 5161//5161 4856//4856
f 5162//5162 4856//4856 4855//4855
f 5151//5151 4870//4870 4869//4869
f 5151//5151 4869//4869 5152//5152
f 5150//5150 4871//4871 4870//4870
f 5150//5150 4870//4870 5151//5151
f 5163//5163 5162//5162 4855//4855
f 5163//5163 4855//4855 4854//4854
f 5164//5164 5163//5163 4854//4854
f 5164//5164 4854//4854 4853//4853
f 5149//5149 4872//4872 4871//4871
f 5149//5149 4871//4871 5150//5150
f 5165//5165 5164//5164 4853//4853
f 5165//5165 4853//4853 4852//4852
f 5148//5148 4873//4873 4872//4872
f 5148//5148 4872//4872 5149//5149
f 5166//5166 4935//4935 3675//3675
f 5166//5166 4852//4852 4935//4935
f 5166//5166 5165//5165 4852//4852
f 5147//5147 4874//4874 4873//4873
f 5147//5147 4873//4873 5148//5148
f 5147//5147 3656//3656 4874//4874
f 5167//5167 5166//5166 3675//3675
f 5167//5167 3675//3675 3676//3676
f 5167//5167 3676//3676 3677//3677
f 5146//5146 3655//3655 3656//3656
f 5146//5146 3656//3656 5147//5147
f 5145//5145 3654//3654 3655//3655
f 5145//5145 3655//3655 5146//5146
f 5168//5168 5167//5167 3677//3677
f 4989//4989 3682//3682 3683//3683
f 4989//4989 4988//4988 3682//3682
f 5072//5072 3649//3649 5073//5073
f 5072//5072 3648//3648 3649//3649
f 4990//4990 4989//4989 3683//3683
f 4987//4987 3682//3682 4988//4988
f 5071//5071 3648//3648 5072//5072
f 5074//5074 5073//5073 3649//3649
f 4991//4991 4990//4990 3683//3683
f 5075//5075 3649//3649 3650//3650
f 5075//5075 5074//5074 3649//3649
f 4986//4986 3682//3682 4987//4987
f 4986//4986 3681//3681 3682//3682
f 5070//5070 3648//3648 5071//5071
f 4992//4992 4991//4991 3683//3683
f 4985//4985 3681//3681 4986//4986
f 5076//5076 5075//5075 3650//3650
f 5069//5069 3648//3648 5070//5070
f 4993//4993 4992//4992 3683//3683
f 4993//4993 3683//3683 3684//3684
f 4984//4984 3681//3681 4985//4985
f 4984//4984 3680//3680 3681//3681
f 5077//5077 5076//5076 3650//3650
f 5077//5077 3650//3650 3651//3651
f 5068//5068 3647//3647 3648//3648
f 5068//5068 3648//3648 5069//5069
f 4994//4994 4993//4993 3684//3684
f 5078//5078 5077//5077 3651//3651
f 4983//4983 3680//3680 4984//4984
f 5067//5067 3647//3647 5068//5068
f 4982//4982 3680//3680 4983//4983
f 4982//4982 3679//3679 3680//3680
f 4995//4995 4994//4994 3684//3684
f 5079//5079 3651//3651 3652//3652
f 5079//5079 5078//5078 3651//3651
f 5066//5066 3647//3647 5067//5067
f 4981//4981 3679//3679 4982//4982
f 4996//4996 4995//4995 3684//3684
f 5065//5065 3647//3647 5066//5066
f 5080//5080 5079//5079 3652//3652
f 4980//4980 3679//3679 4981//4981
f 4980//4980 3678//3678 3679//3679
f 4997//4997 4996//4996 3684//3684
f 5064//5064 3647//3647 5065//5065
f 5081//5081 3652//3652 3653//3653
f 5081//5081 5080//5080 3652//3652
f 4979//4979 3678//3678 4980//4980
f 4979//4979 5168//5168 3677//3677
f 4979//4979 3677//3677 3678//3678
f 4998//4998 3684//3684 3685//3685
f 4998//4998 4997//4997 3684//3684
f 5063//5063 3646//3646 3647//3647
f 5063//5063 3647//3647 5064//5064
f 5082//5082 3653//3653 3654//3654
f 5082//5082 5081//5081 3653//3653
f 5082//5082 3654//3654 5145//5145
f 4978//4978 5168//5168 4979//4979
f 4978//4978 5169//5169 5168//5168
f 4999//4999 4998//4998 3685//3685
f 5083//5083 5082//5082 5145//5145
f 5083//5083 5145//5145 5144//5144
f 5062//5062 3646//3646 5063//5063
f 5000//5000 4999//4999 3685//3685
f 4977//4977 5169//5169 4978//4978
f 4977//4977 5170//5170 5169//5169
f 5084//5084 5083//5083 5144//5144
f 5084//5084 5144//5144 5143//5143
f 5061//5061 3646//3646 5062//5062
f 5001//5001 5000//5000 3685//3685
f 4976//4976 5170//5170 4977//4977
f 4976//4976 5171//5171 5170//5170
f 5085//5085 5084//5084 5143//5143
f 5085//5085 5143//5143 5142//5142
f 5060//5060 3646//3646 5061//5061
f 5002//5002 5001//5001 3685//3685
f 4975//4975 5172//5172 5171//5171
f 4975//4975 5171//5171 4976//4976
f 5059//5059 3646//3646 5060//5060
f 5086//5086 5085//5085 5142//5142
f 5086//5086 5142//5142 5141//5141
f 4974//4974 5173//5173 5172//5172
f 4974//4974 5172//5172 4975//4975
f 5003//5003 5002//5002 3685//3685
f 5003//5003 3685//3685 3686//3686
f 5087//5087 5086//5086 5141//5141
f 5087//5087 5141//5141 5140//5140
f 5058//5058 3645//3645 3646//3646
f 5058//5058 3646//3646 5059//5059
f 5004//5004 5003//5003 3686//3686
f 4973//4973 5173//5173 4974//4974
f 5057//5057 3645//3645 5058//5058
f 5088//5088 5087//5087 5140//5140
f 5005//5005 5004//5004 3686//3686
f 4972//4972 5174//5174 5173//5173
f 4972//4972 5173//5173 4973//4973
f 5056//5056 3645//3645 5057//5057
f 5089//5089 5088//5088 5140//5140
f 5089//5089 5140//5140 5139//5139
f 5006//5006 5005//5005 3686//3686
f 4971//4971 5175//5175 5174//5174
f 4971//4971 5174//5174 4972//4972
f 5055//5055 3645//3645 5056//5056
f 5090//5090 5089//5089 5139//5139
f 5090//5090 5139//5139 5138//5138
f 4970//4970 5176//5176 5175//5175
f 4970//4970 5175//5175 4971//4971
f 5007//5007 5006//5006 3686//3686
f 5091//5091 5138//5138 5137//5137
f 5091//5091 5090//5090 5138//5138
f 5054//5054 3645//3645 5055//5055
f 4969//4969 5177//5177 5176//5176
f 4969//4969 5176//5176 4970//4970
f 5008//5008 5007//5007 3686//3686
f 5053//5053 3645//3645 5054//5054
f 5092//5092 5137//5137 5136//5136
f 5092//5092 5091//5091 5137//5137
f 4968//4968 5177//5177 4969//4969
f 5052//5052 3645//3645 5053//5053
f 5009//5009 5008//5008 3686//3686
f 5093//5093 5092//5092 5136//5136
f 5135//5135 5093//5093 5136//5136
f 5135//5135 5094//5094 5093//5093
f 5135//5135 5095//5095 5094//5094
f 5178//5178 4967//4967 4966//4966
f 5178//5178 4968//4968 4967//4967
f 5178//5178 5177//5177 4968//4968
f 5134//5134 5096//5096 5095//5095
f 5134//5134 5095//5095 5135//5135
f 5179//5179 5178//5178 4966//4966
f 5179//5179 4966//4966 4965//4965
f 5133//5133 5096//5096 5134//5134
f 5133//5133 5097//5097 5096//5096
f 5180//5180 5179//5179 4965//4965
f 5180//5180 4965//4965 4964//4964
f 5132//5132 5098//5098 5097//5097
f 5132//5132 5097//5097 5133//5133
f 5181//5181 4964//4964 4963//4963
f 5181//5181 5180//5180 4964//4964
f 5131//5131 5098//5098 5132//5132
f 5131//5131 5099//5099 5098//5098
f 5131//5131 5100//5100 5099//5099
f 5182//5182 5181//5181 4963//4963
f 5182//5182 4962//4962 4961//4961
f 5182//5182 4963//4963 4962//4962
f 3644//3644 5046//5046 5045//5045
f 3644//3644 5047//5047 5046//5046
f 3644//3644 5048//5048 5047//5047
f 3644//3644 5049//5049 5048//5048
f 3644//3644 5050//5050 5049//5049
f 3644//3644 5051//5051 5050//5050
f 3644//3644 5052//5052 5051//5051
f 3644//3644 3645//3645 5052//5052
f 3687//3687 5010//5010 5009//5009
f 3687//3687 5011//5011 5010//5010
f 3687//3687 5012//5012 5011//5011
f 3687//3687 5013//5013 5012//5012
f 3687//3687 5014//5014 5013//5013
f 3687//3687 5015//5015 5014//5014
f 3687//3687 5016//5016 5015//5015
f 3687//3687 5009//5009 3686//3686
f 5130//5130 5101//5101 5100//5100
f 5130//5130 5100//5100 5131//5131
f 5183//5183 5182//5182 4961//4961
f 5183//5183 4961//4961 4960//4960
f 5129//5129 5102//5102 5101//5101
f 5129//5129 5101//5101 5130//5130
f 5184//5184 4960//4960 4959//4959
f 5184//5184 5183//5183 4960//4960
f 5128//5128 5102//5102 5129//5129
f 5128//5128 5103//5103 5102//5102
f 5185//5185 5184//5184 4959//4959
f 5185//5185 4959//4959 4958//4958
f 5127//5127 5020//5020 5103//5103
f 5127//5127 5103//5103 5128//5128
f 5186//5186 5185//5185 4958//4958
f 5186//5186 4958//4958 4957//4957
f 5126//5126 5020//5020 5127//5127
f 5126//5126 5021//5021 5020//5020
f 5187//5187 5186//5186 4957//4957
f 5187//5187 4957//4957 4956//4956
f 3643//3643 5041//5041 5040//5040
f 3643//3643 5042//5042 5041//5041
f 3643//3643 5043//5043 5042//5042
f 3643//3643 5044//5044 5043//5043
f 3643//3643 5045//5045 5044//5044
f 3643//3643 3644//3644 5045//5045
f 3688//3688 5016//5016 3687//3687
f 3688//3688 5017//5017 5016//5016
f 3688//3688 5018//5018 5017//5017
f 3688//3688 5019//5019 5018//5018
f 3688//3688 4936//4936 5019//5019
f 3688//3688 4937//4937 4936//4936
f 3642//3642 5036//5036 5035//5035
f 3642//3642 5037//5037 5036//5036
f 3642//3642 5038//5038 5037//5037
f 3642//3642 5039//5039 5038//5038
f 3642//3642 5040//5040 5039//5039
f 3642//3642 3643//3643 5040//5040
f 3689//3689 4938//4938 4937//4937
f 3689//3689 4939//4939 4938//4938
f 3689//3689 4940//4940 4939//4939
f 3689//3689 4941//4941 4940//4940
f 3689//3689 4942//4942 4941//4941
f 3689//3689 4937//4937 3688//3688
f 3641//3641 3642//3642 5035//5035
f 3641//3641 5032//5032 5031//5031
f 3641//3641 5033//5033 5032//5032
f 3641//3641 5034//5034 5033//5033
f 3641//3641 5035//5035 5034//5034
f 3690//3690 4943//4943 4942//4942
f 3690//3690 4944//4944 4943//4943
f 3690//3690 4945//4945 4944//4944
f 3690//3690 4946//4946 4945//4945
f 3690//3690 4942//4942 3689//3689
f 3640//3640 3641//3641 5031//5031
f 3640//3640 5029//5029 5028//5028
f 3640//3640 5030//5030 5029//5029
f 3640//3640 5031//5031 5030//5030
f 3691//3691 4946//4946 3690//3690
f 3691//3691 4947//4947 4946//4946
f 3691//3691 4948//4948 4947//4947
f 3691//3691 4949//4949 4948//4948
f 3639//3639 3640//3640 5028//5028
f 3639//3639 5027//5027 5026//5026
f 3639//3639 5028//5028 5027//5027
f 3692//3692 4949//4949 3691//3691
f 3692//3692 4950//4950 4949//4949
f 3692//3692 4951//4951 4950//4950
f 3638//3638 5025//5025 5024//5024
f 3638//3638 5026//5026 5025//5025
f 3638//3638 3639//3639 5026//5026
f 3693//3693 4951//4951 3692//3692
f 3693//3693 4952//4952 4951//4951
f 3693//3693 4953//4953 4952//4952
f 3637//3637 5023//5023 5022//5022
f 3637//3637 5024//5024 5023//5023
f 3637//3637 3638//3638 5024//5024
f 3694//3694 4953//4953 3693//3693
f 3694//3694 4954//4954 4953//4953
f 3694//3694 4955//4955 4954//4954
f 3636//3636 3637//3637 5022//5022
f 3636//3636 5022//5022 5021//5021
f 3695//3695 4955//4955 3694//3694
f 3695//3695 4956//4956 4955//4955
f 3635//3635 5021//5021 5126//5126
f 3635//3635 3636//3636 5021//5021
f 3696//3696 5187//5187 4956//4956
f 3696//3696 5104//5104 5187//5187
f 3696//3696 4956//4956 3695//3695
f 3634//3634 5126//5126 5125//5125
f 3634//3634 3635//3635 5126//5126
f 3613//3613 5105//5105 5104//5104
f 3613//3613 5104//5104 3696//3696
f 5240//5240 5115//5115 5114//5114
f 5240//5240 5114//5114 5241//5241
f 5242//5242 5114//5114 5113//5113
f 5242//5242 5241//5241 5114//5114
f 5239//5239 5116//5116 5115//5115
f 5239//5239 5115//5115 5240//5240
f 5238//5238 5117//5117 5116//5116
f 5238//5238 5116//5116 5239//5239
f 5243//5243 5113//5113 5112//5112
f 5243//5243 5242//5242 5113//5113
f 5237//5237 5117//5117 5238//5238
f 5237//5237 5118//5118 5117//5117
f 5244//5244 5112//5112 5111//5111
f 5244//5244 5243//5243 5112//5112
f 5245//5245 5244//5244 5111//5111
f 5245//5245 5111//5111 5110//5110
f 5236//5236 5119//5119 5118//5118
f 5236//5236 5118//5118 5237//5237
f 5235//5235 5119//5119 5236//5236
f 5246//5246 5245//5245 5110//5110
f 5247//5247 5246//5246 5110//5110
f 5247//5247 5110//5110 5109//5109
f 5234//5234 5119//5119 5235//5235
f 5234//5234 5120//5120 5119//5119
f 5233//5233 5120//5120 5234//5234
f 5233//5233 5121//5121 5120//5120
f 5248//5248 5247//5247 5109//5109
f 5248//5248 5109//5109 5108//5108
f 5232//5232 5121//5121 5233//5233
f 5232//5232 5122//5122 5121//5121
f 5249//5249 5248//5248 5108//5108
f 5249//5249 5108//5108 5107//5107
f 5231//5231 5122//5122 5232//5232
f 5231//5231 5123//5123 5122//5122
f 5250//5250 5249//5249 5107//5107
f 5250//5250 5107//5107 5106//5106
f 5251//5251 5250//5250 5106//5106
f 5251//5251 5106//5106 5105//5105
f 5230//5230 5123//5123 5231//5231
f 5230//5230 5124//5124 5123//5123
f 5229//5229 5124//5124 5230//5230
f 5252//5252 5251//5251 5105//5105
f 3633//3633 5124//5124 5229//5229
f 3633//3633 5125//5125 5124//5124
f 3633//3633 3634//3634 5125//5125
f 3614//3614 5252//5252 5105//5105
f 3614//3614 5105//5105 3613//3613
f 3632//3632 5229//5229 5228//5228
f 3632//3632 3633//3633 5229//5229
f 3615//3615 5253//5253 5252//5252
f 3615//3615 5252//5252 3614//3614
f 3631//3631 5227//5227 5226//5226
f 3631//3631 5228//5228 5227//5227
f 3631//3631 3632//3632 5228//5228
f 3616//3616 5253//5253 3615//3615
f 3616//3616 5254//5254 5253//5253
f 3616//3616 5255//5255 5254//5254
f 3617//3617 5255//5255 3616//3616
f 3617//3617 5256//5256 5255//5255
f 3617//3617 5257//5257 5256//5256
f 3630//3630 5225//5225 5224//5224
f 3630//3630 5226//5226 5225//5225
f 3630//3630 3631//3631 5226//5226
f 3629//3629 3630//3630 5224//5224
f 3629//3629 5223//5223 5222//5222
f 3629//3629 5224//5224 5223//5223
f 3618//3618 5257//5257 3617//3617
f 3618//3618 5258//5258 5257//5257
f 3618//3618 5259//5259 5258//5258
f 3628//3628 3629//3629 5222//5222
f 3628//3628 5220//5220 5219//5219
f 3628//3628 5221//5221 5220//5220
f 3628//3628 5222//5222 5221//5221
f 3619//3619 5259//5259 3618//3618
f 3619//3619 5260//5260 5259//5259
f 3619//3619 5261//5261 5260//5260
f 3619//3619 5262//5262 5261//5261
f 3620//3620 5262//5262 3619//3619
f 3620//3620 5263//5263 5262//5262
f 3620//3620 5264//5264 5263//5263
f 3620//3620 5265//5265 5264//5264
f 3620//3620 5266//5266 5265//5265
f 3627//3627 5216//5216 5215//5215
f 3627//3627 3628//3628 5219//5219
f 3627//3627 5217//5217 5216//5216
f 3627//3627 5218//5218 5217//5217
f 3627//3627 5219//5219 5218//5218
f 3621//3621 5266//5266 3620//3620
f 3621//3621 5267//5267 5266//5266
f 3621//3621 5268//5268 5267//5267
f 3621//3621 5269//5269 5268//5268
f 3621//3621 5270//5270 5269//5269
f 3621//3621 5271//5271 5270//5270
f 3626//3626 5211//5211 5210//5210
f 3626//3626 5212//5212 5211//5211
f 3626//3626 5213//5213 5212//5212
f 3626//3626 5214//5214 5213//5213
f 3626//3626 5215//5215 5214//5214
f 3626//3626 3627//3627 5215//5215
f 3622//3622 5189//5189 5188//5188
f 3622//3622 5190//5190 5189//5189
f 3622//3622 5191//5191 5190//5190
f 3622//3622 5192//5192 5191//5191
f 3622//3622 5271//5271 3621//3621
f 3622//3622 5188//5188 5271//5271
f 3625//3625 3626//3626 5210//5210
f 3625//3625 5206//5206 5205//5205
f 3625//3625 5207//5207 5206//5206
f 3625//3625 5208//5208 5207//5207
f 3625//3625 5209//5209 5208//5208
f 3625//3625 5210//5210 5209//5209
f 3623//3623 5193//5193 5192//5192
f 3623//3623 5194//5194 5193//5193
f 3623//3623 5195//5195 5194//5194
f 3623//3623 5196//5196 5195//5195
f 3623//3623 5192//5192 3622//3622
f 3623//3623 5197//5197 5196//5196
f 3623//3623 5198//5198 5197//5197
f 3623//3623 5199//5199 5198//5198
f 3624//3624 5200//5200 5199//5199
f 3624//3624 5201//5201 5200//5200
f 3624//3624 5202//5202 5201//5201
f 3624//3624 5203//5203 5202//5202
f 3624//3624 3625//3625 5205//5205
f 3624//3624 5204//5204 5203//5203
f 3624//3624 5205//5205 5204//5204
f 3624//3624 5199//5199 3623//3623
f 4853//4853 3848//3848 4852//4852
f 4853//4853 3849//3849 3848//3848
f 4854//4854 3849//3849 4853//4853
f 4854//4854 3850//3850 3849//3849
f 4854//4854 3851//3851 3850//3850
f 4855//4855 3851//3851 4854//4854
f 4856//4856 3851//3851 4855//4855
f 4856//4856 3852//3852 3851//3851
f 4856//4856 3853//3853 3852//3852
f 4857//4857 3854//3854 3853//3853
f 4857//4857 3853//3853 4856//4856
f 4858//4858 3854//3854 4857//4857
f 4859//4859 3855//3855 3854//3854
f 4859//4859 3854//3854 4858//4858
f 4860//4860 3855//3855 4859//4859
f 4860//4860 3856//3856 3855//3855
f 4860//4860 3857//3857 3856//3856
f 4861//4861 3857//3857 4860//4860
f 4862//4862 3857//3857 4861//4861
f 4862//4862 3858//3858 3857//3857
f 4863//4863 3858//3858 4862//4862
f 4863//4863 3859//3859 3858//3858
f 4864//4864 3859//3859 4863//4863
f 4864//4864 3860//3860 3859//3859
f 4865//4865 3860//3860 4864//4864
f 4865//4865 3861//3861 3860//3860
f 4866//4866 3861//3861 4865//4865
f 4866//4866 3862//3862 3861//3861
f 4867//4867 3862//3862 4866//4866
f 4867//4867 3863//3863 3862//3862
f 4868//4868 3864//3864 3863//3863
f 4868//4868 3865//3865 3864//3864
f 4868//4868 3863//3863 4867//4867
f 4869//4869 3865//3865 4868//4868
f 4870//4870 3866//3866 3865//3865
f 4870//4870 3867//3867 3866//3866
f 4870//4870 3865//3865 4869//4869
f 4871//4871 3867//3867 4870//4870
f 4872//4872 3868//3868 3867//3867
f 4872//4872 3867//3867 4871//4871
f 4873//4873 3869//3869 3868//3868
f 4873//4873 3868//3868 4872//4872
f 4874//4874 3870//3870 3869//3869
f 4874//4874 3871//3871 3870//3870
f 4874//4874 3869//3869 4873//4873
f 4875//4875 3872//3872 3871//3871
f 4875//4875 3871//3871 4874//4874
f 4876//4876 3872//3872 4875//4875
f 4877//4877 3873//3873 3872//3872
f 4877//4877 3874//3874 3873//3873
f 4877//4877 3872//3872 4876//4876
f 4878//4878 3874//3874 4877//4877
f 4879//4879 3875//3875 3874//3874
f 4879//4879 3876//3876 3875//3875
f 4879//4879 3874//3874 4878//4878
f 4880//4880 3876//3876 4879//4879
f 4881//4881 3877//3877 3876//3876
f 4881//4881 3878//3878 3877//3877
f 4881//4881 3876//3876 4880//4880
f 4882//4882 3878//3878 4881//4881
f 4883//4883 3879//3879 3878//3878
f 4883//4883 3878//3878 4882//4882
f 4884//4884 3879//3879 4883//4883
f 4884//4884 3880//3880 3879//3879
f 4884//4884 3881//3881 3880//3880
f 4885//4885 3881//3881 4884//4884
f 4885//4885 3882//3882 3881//3881
f 4886//4886 3882//3882 4885//4885
f 4887//4887 3882//3882 4886//4886
f 4887//4887 3883//3883 3882//3882
f 4887//4887 3884//3884 3883//3883
f 4888//4888 3884//3884 4887//4887
f 4889//4889 3885//3885 3884//3884
f 4889//4889 3884//3884 4888//4888
f 4890//4890 3886//3886 3885//3885
f 4890//4890 3885//3885 4889//4889
f 4891//4891 3887//3887 3886//3886
f 4891//4891 3886//3886 4890//4890
f 4892//4892 3888//3888 3887//3887
f 4892//4892 3887//3887 4891//4891
f 4893//4893 3889//3889 3888//3888
f 4893//4893 3888//3888 4892//4892
f 4894//4894 3890//3890 3889//3889
f 4894//4894 3889//3889 4893//4893
f 4895//4895 3891//3891 3890//3890
f 4895//4895 3890//3890 4894//4894
f 4896//4896 3892//3892 3891//3891
f 4896//4896 3893//3893 3892//3892
f 4896//4896 3891//3891 4895//4895
f 4897//4897 3893//3893 4896//4896
f 4898//4898 3894//3894 3893//3893
f 4898//4898 3893//3893 4897//4897
f 4899//4899 3895//3895 3894//3894
f 4899//4899 3894//3894 4898//4898
f 4900//4900 3896//3896 3895//3895
f 4900//4900 3895//3895 4899//4899
f 4901//4901 3897//3897 3896//3896
f 4901//4901 3896//3896 4900//4900
f 4902//4902 3898//3898 3897//3897
f 4902//4902 3897//3897 4901//4901
f 4903//4903 3899//3899 3898//3898
f 4903//4903 3898//3898 4902//4902
f 4904//4904 3900//3900 3899//3899
f 4904//4904 3899//3899 4903//4903
f 4905//4905 3901//3901 3900//3900
f 4905//4905 3900//3900 4904//4904
f 4906//4906 3902//3902 3901//3901
f 4906//4906 3903//3903 3902//3902
f 4906//4906 3901//3901 4905//4905
f 4907//4907 3903//3903 4906//4906
f 4908//4908 3904//3904 3903//3903
f 4908//4908 3903//3903 4907//4907
f 4909//4909 3905//3905 3904//3904
f 4909//4909 3904//3904 4908//4908
f 4910//4910 3905//3905 4909//4909
f 4910//4910 3906//3906 3905//3905
f 4911//4911 3906//3906 4910//4910
f 4911//4911 3907//3907 3906//3906
f 4912//4912 3907//3907 4911//4911
f 4912//4912 3908//3908 3907//3907
f 4913//4913 3908//3908 4912//4912
f 4913//4913 3909//3909 3908//3908
f 4914//4914 3909//3909 4913//4913
f 4914//4914 3910//3910 3909//3909
f 4915//4915 3910//3910 4914//4914
f 4915//4915 3911//3911 3910//3910
f 4916//4916 3911//3911 4915//4915
f 4916//4916 3912//3912 3911//3911
f 4917//4917 3912//3912 4916//4916
f 4917//4917 3913//3913 3912//3912
f 4918//4918 3913//3913 4917//4917
f 4918//4918 3914//3914 3913//3913
f 4919//4919 3914//3914 4918//4918
f 4919//4919 3915//3915 3914//3914
f 4920//4920 3915//3915 4919//4919
f 4920//4920 3916//3916 3915//3915
f 4921//4921 3916//3916 4920//4920
f 4921//4921 3917//3917 3916//3916
f 4922//4922 3917//3917 4921//4921
f 4922//4922 3918//3918 3917//3917
f 4923//4923 3918//3918 4922//4922
f 4923//4923 3919//3919 3918//3918
f 4924//4924 3920//3920 3919//3919
f 4924//4924 3919//3919 4923//4923
f 4925//4925 3921//3921 3920//3920
f 4925//4925 3920//3920 4924//4924
f 4926//4926 3922//3922 3921//3921
f 4926//4926 3921//3921 4925//4925
f 4927//4927 3923//3923 3922//3922
f 4927//4927 3922//3922 4926//4926
f 4928//4928 3924//3924 3923//3923
f 4928//4928 3923//3923 4927//4927
f 4929//4929 3925//3925 3924//3924
f 4929//4929 3924//3924 4928//4928
f 4930//4930 3926//3926 3925//3925
f 4930//4930 3925//3925 4929//4929
f 4931//4931 3927//3927 3926//3926
f 4931//4931 3926//3926 4930//4930
f 4932//4932 3928//3928 3927//3927
f 4932//4932 3927//3927 4931//4931
f 4933//4933 3929//3929 3928//3928
f 4933//4933 3928//3928 4932//4932
f 4934//4934 3930//3930 3929//3929
f 4934//4934 3929//3929 4933//4933
f 4935//4935 3930//3930 4934//4934
f 4935//4935 3931//3931 3930//3930
f 4852//4852 3931//3931 4935//4935
f 4852//4852 3848//3848 3931//3931
f 4937//4937 3932//3932 4936//4936
f 4937//4937 3933//3933 3932//3932
f 4938//4938 3933//3933 4937//4937
f 4938//4938 3934//3934 3933//3933
f 4938//4938 3935//3935 3934//3934
f 4939//4939 3935//3935 4938//4938
f 4940//4940 3935//3935 4939//4939
f 4940//4940 3936//3936 3935//3935
f 4940//4940 3937//3937 3936//3936
f 4941//4941 3938//3938 3937//3937
f 4941//4941 3937//3937 4940//4940
f 4942//4942 3938//3938 4941//4941
f 4943//4943 3939//3939 3938//3938
f 4943//4943 3938//3938 4942//4942
f 4944//4944 3939//3939 4943//4943
f 4944//4944 3940//3940 3939//3939
f 4944//4944 3941//3941 3940//3940
f 4945//4945 3941//3941 4944//4944
f 4946//4946 3941//3941 4945//4945
f 4946//4946 3942//3942 3941//3941
f 4947//4947 3942//3942 4946//4946
f 4947//4947 3943//3943 3942//3942
f 4948//4948 3943//3943 4947//4947
f 4948//4948 3944//3944 3943//3943
f 4949//4949 3944//3944 4948//4948
f 4949//4949 3945//3945 3944//3944
f 4950//4950 3945//3945 4949//4949
f 4950//4950 3946//3946 3945//3945
f 4951//4951 3946//3946 4950//4950
f 4951//4951 3947//3947 3946//3946
f 4952//4952 3948//3948 3947//3947
f 4952//4952 3949//3949 3948//3948
f 4952//4952 3947//3947 4951//4951
f 4953//4953 3949//3949 4952//4952
f 4954//4954 3950//3950 3949//3949
f 4954//4954 3951//3951 3950//3950
f 4954//4954 3949//3949 4953//4953
f 4955//4955 3951//3951 4954//4954
f 4956//4956 3952//3952 3951//3951
f 4956//4956 3951//3951 4955//4955
f 4957//4957 3953//3953 3952//3952
f 4957//4957 3952//3952 4956//4956
f 4958//4958 3954//3954 3953//3953
f 4958//4958 3955//3955 3954//3954
f 4958//4958 3953//3953 4957//4957
f 4959//4959 3956//3956 3955//3955
f 4959//4959 3955//3955 4958//4958
f 4960//4960 3956//3956 4959//4959
f 4961//4961 3957//3957 3956//3956
f 4961//4961 3958//3958 3957//3957
f 4961//4961 3956//3956 4960//4960
f 4962//4962 3958//3958 4961//4961
f 4963//4963 3959//3959 3958//3958
f 4963//4963 3960//3960 3959//3959
f 4963//4963 3958//3958 4962//4962
f 4964//4964 3960//3960 4963//4963
f 4965//4965 3961//3961 3960//3960
f 4965//4965 3962//3962 3961//3961
f 4965//4965 3960//3960 4964//4964
f 4966//4966 3962//3962 4965//4965
f 4967//4967 3963//3963 3962//3962
f 4967//4967 3962//3962 4966//4966
f 4968//4968 3963//3963 4967//4967
f 4968//4968 3964//3964 3963//3963
f 4968//4968 3965//3965 3964//3964
f 4969//4969 3965//3965 4968//4968
f 4969//4969 3966//3966 3965//3965
f 4970//4970 3966//3966 4969//4969
f 4971//4971 3966//3966 4970//4970
f 4971//4971 3967//3967 3966//3966
f 4971//4971 3968//3968 3967//3967
f 4972//4972 3968//3968 4971//4971
f 4973//4973 3969//3969 3968//3968
f 4973//4973 3968//3968 4972//4972
f 4974//4974 3970//3970 3969//3969
f 4974//4974 3969//3969 4973//4973
f 4975//4975 3971//3971 3970//3970
f 4975//4975 3970//3970 4974//4974
f 4976//4976 3972//3972 3971//3971
f 4976//4976 3971//3971 4975//4975
f 4977//4977 3973//3973 3972//3972
f 4977//4977 3972//3972 4976//4976
f 4978//4978 3974//3974 3973//3973
f 4978//4978 3973//3973 4977//4977
f 4979//4979 3975//3975 3974//3974
f 4979//4979 3974//3974 4978//4978
f 4980//4980 3976//3976 3975//3975
f 4980//4980 3977//3977 3976//3976
f 4980//4980 3975//3975 4979//4979
f 4981//4981 3977//3977 4980//4980
f 4982//4982 3978//3978 3977//3977
f 4982//4982 3977//3977 4981//4981
f 4983//4983 3979//3979 3978//3978
f 4983//4983 3978//3978 4982//4982
f 4984//4984 3980//3980 3979//3979
f 4984//4984 3979//3979 4983//4983
f 4985//4985 3981//3981 3980//3980
f 4985//4985 3980//3980 4984//4984
f 4986//4986 3982//3982 3981//3981
f 4986//4986 3981//3981 4985//4985
f 4987//4987 3983//3983 3982//3982
f 4987//4987 3982//3982 4986//4986
f 4988//4988 3984//3984 3983//3983
f 4988//4988 3983//3983 4987//4987
f 4989//4989 3985//3985 3984//3984
f 4989//4989 3984//3984 4988//4988
f 4990//4990 3986//3986 3985//3985
f 4990//4990 3987//3987 3986//3986
f 4990//4990 3985//3985 4989//4989
f 4991//4991 3987//3987 4990//4990
f 4992//4992 3988//3988 3987//3987
f 4992//4992 3987//3987 4991//4991
f 4993//4993 3989//3989 3988//3988
f 4993//4993 3988//3988 4992//4992
f 4994//4994 3989//3989 4993//4993
f 4994//4994 3990//3990 3989//3989
f 4995//4995 3990//3990 4994//4994
f 4995//4995 3991//3991 3990//3990
f 4996//4996 3991//3991 4995//4995
f 4996//4996 3992//3992 3991//3991
f 4997//4997 3992//3992 4996//4996
f 4997//4997 3993//3993 3992//3992
f 4998//4998 3993//3993 4997//4997
f 4998//4998 3994//3994 3993//3993
f 4999//4999 3994//3994 4998//4998
f 4999//4999 3995//3995 3994//3994
f 5000//5000 3995//3995 4999//4999
f 5000//5000 3996//3996 3995//3995
f 5001//5001 3996//3996 5000//5000
f 5001//5001 3997//3997 3996//3996
f 5002//5002 3997//3997 5001//5001
f 5002//5002 3998//3998 3997//3997
f 5003//5003 3998//3998 5002//5002
f 5003//5003 3999//3999 3998//3998
f 5004//5004 3999//3999 5003//5003
f 5004//5004 4000//4000 3999//3999
f 5005//5005 4000//4000 5004//5004
f 5005//5005 4001//4001 4000//4000
f 5006//5006 4001//4001 5005//5005
f 5006//5006 4002//4002 4001//4001
f 5007//5007 4002//4002 5006//5006
f 5007//5007 4003//4003 4002//4002
f 5008//5008 4004//4004 4003//4003
f 5008//5008 4003//4003 5007//5007
f 5009//5009 4005//4005 4004//4004
f 5009//5009 4004//4004 5008//5008
f 5010//5010 4006//4006 4005//4005
f 5010//5010 4005//4005 5009//5009
f 5011//5011 4007//4007 4006//4006
f 5011//5011 4006//4006 5010//5010
f 5012//5012 4008//4008 4007//4007
f 5012//5012 4007//4007 5011//5011
f 5013//5013 4009//4009 4008//4008
f 5013//5013 4008//4008 5012//5012
f 5014//5014 4010//4010 4009//4009
f 5014//5014 4009//4009 5013//5013
f 5015//5015 4011//4011 4010//4010
f 5015//5015 4010//4010 5014//5014
f 5016//5016 4012//4012 4011//4011
f 5016//5016 4011//4011 5015//5015
f 5017//5017 4013//4013 4012//4012
f 5017//5017 4012//4012 5016//5016
f 5018//5018 4014//4014 4013//4013
f 5018//5018 4013//4013 5017//5017
f 5019//5019 4014//4014 5018//5018
f 5019//5019 4015//4015 4014//4014
f 4936//4936 4015//4015 5019//5019
f 4936//4936 3932//3932 4015//4015
f 5021//5021 4016//4016 5020//5020
f 5021//5021 4017//4017 4016//4016
f 5022//5022 4017//4017 5021//5021
f 5022//5022 4018//4018 4017//4017
f 5022//5022 4019//4019 4018//4018
f 5023//5023 4019//4019 5022//5022
f 5024//5024 4019//4019 5023//5023
f 5024//5024 4020//4020 4019//4019
f 5024//5024 4021//4021 4020//4020
f 5025//5025 4022//4022 4021//4021
f 5025//5025 4021//4021 5024//5024
f 5026//5026 4022//4022 5025//5025
f 5027//5027 4023//4023 4022//4022
f 5027//5027 4022//4022 5026//5026
f 5028//5028 4023//4023 5027//5027
f 5028//5028 4024//4024 4023//4023
f 5028//5028 4025//4025 4024//4024
f 5029//5029 4025//4025 5028//5028
f 5030//5030 4025//4025 5029//5029
f 5030//5030 4026//4026 4025//4025
f 5031//5031 4026//4026 5030//5030
f 5031//5031 4027//4027 4026//4026
f 5032//5032 4027//4027 5031//5031
f 5032//5032 4028//4028 4027//4027
f 5033//5033 4028//4028 5032//5032
f 5033//5033 4029//4029 4028//4028
f 5034//5034 4029//4029 5033//5033
f 5034//5034 4030//4030 4029//4029
f 5035//5035 4030//4030 5034//5034
f 5035//5035 4031//4031 4030//4030
f 5036//5036 4032//4032 4031//4031
f 5036//5036 4033//4033 4032//4032
f 5036//5036 4031//4031 5035//5035
f 5037//5037 4033//4033 5036//5036
f 5038//5038 4034//4034 4033//4033
f 5038//5038 4035//4035 4034//4034
f 5038//5038 4033//4033 5037//5037
f 5039//5039 4035//4035 5038//5038
f 5040//5040 4036//4036 4035//4035
f 5040//5040 4035//4035 5039//5039
f 5041//5041 4037//4037 4036//4036
f 5041//5041 4036//4036 5040//5040
f 5042//5042 4038//4038 4037//4037
f 5042//5042 4039//4039 4038//4038
f 5042//5042 4037//4037 5041//5041
f 5043//5043 4040//4040 4039//4039
f 5043//5043 4039//4039 5042//5042
f 5044//5044 4040//4040 5043//5043
f 5045//5045 4041//4041 4040//4040
f 5045//5045 4042//4042 4041//4041
f 5045//5045 4040//4040 5044//5044
f 5046//5046 4042//4042 5045//5045
f 5047//5047 4043//4043 4042//4042
f 5047//5047 4044//4044 4043//4043
f 5047//5047 4042//4042 5046//5046
f 5048//5048 4044//4044 5047//5047
f 5049//5049 4045//4045 4044//4044
f 5049//5049 4046//4046 4045//4045
f 5049//5049 4044//4044 5048//5048
f 5050//5050 4046//4046 5049//5049
f 5051//5051 4047//4047 4046//4046
f 5051//5051 4046//4046 5050//5050
f 5052//5052 4047//4047 5051//5051
f 5052//5052 4048//4048 4047//4047
f 5052//5052 4049//4049 4048//4048
f 5053//5053 4049//4049 5052//5052
f 5053//5053 4050//4050 4049//4049
f 5054//5054 4050//4050 5053//5053
f 5055//5055 4050//4050 5054//5054
f 5055//5055 4051//4051 4050//4050
f 5055//5055 4052//4052 4051//4051
f 5056//5056 4052//4052 5055//5055
f 5057//5057 4053//4053 4052//4052
f 5057//5057 4052//4052 5056//5056
f 5058//5058 4054//4054 4053//4053
f 5058//5058 4053//4053 5057//5057
f 5059//5059 4055//4055 4054//4054
f 5059//5059 4054//4054 5058//5058
f 5060//5060 4056//4056 4055//4055
f 5060//5060 4055//4055 5059//5059
f 5061//5061 4057//4057 4056//4056
f 5061//5061 4056//4056 5060//5060
f 5062//5062 4058//4058 4057//4057
f 5062//5062 4057//4057 5061//5061
f 5063//5063 4059//4059 4058//4058
f 5063//5063 4058//4058 5062//5062
f 5064//5064 4060//4060 4059//4059
f 5064//5064 4061//4061 4060//4060
f 5064//5064 4059//4059 5063//5063
f 5065//5065 4061//4061 5064//5064
f 5066//5066 4062//4062 4061//4061
f 5066//5066 4061//4061 5065//5065
f 5067//5067 4063//4063 4062//4062
f 5067//5067 4062//4062 5066//5066
f 5068//5068 4064//4064 4063//4063
f 5068//5068 4063//4063 5067//5067
f 5069//5069 4065//4065 4064//4064
f 5069//5069 4064//4064 5068//5068
f 5070//5070 4066//4066 4065//4065
f 5070//5070 4065//4065 5069//5069
f 5071//5071 4067//4067 4066//4066
f 5071//5071 4066//4066 5070//5070
f 5072//5072 4068//4068 4067//4067
f 5072//5072 4067//4067 5071//5071
f 5073//5073 4069//4069 4068//4068
f 5073//5073 4068//4068 5072//5072
f 5074//5074 4070//4070 4069//4069
f 5074//5074 4071//4071 4070//4070
f 5074//5074 4069//4069 5073//5073
f 5075//5075 4071//4071 5074//5074
f 5076//5076 4072//4072 4071//4071
f 5076//5076 4071//4071 5075//5075
f 5077//5077 4073//4073 4072//4072
f 5077//5077 4072//4072 5076//5076
f 5078//5078 4073//4073 5077//5077
f 5078//5078 4074//4074 4073//4073
f 5079//5079 4074//4074 5078//5078
f 5079//5079 4075//4075 4074//4074
f 5080//5080 4075//4075 5079//5079
f 5080//5080 4076//4076 4075//4075
f 5081//5081 4076//4076 5080//5080
f 5081//5081 4077//4077 4076//4076
f 5082//5082 4077//4077 5081//5081
f 5082//5082 4078//4078 4077//4077
f 5083//5083 4078//4078 5082//5082
f 5083//5083 4079//4079 4078//4078
f 5084//5084 4079//4079 5083//5083
f 5084//5084 4080//4080 4079//4079
f 5085//5085 4080//4080 5084//5084
f 5085//5085 4081//4081 4080//4080
f 5086//5086 4081//4081 5085//5085
f 5086//5086 4082//4082 4081//4081
f 5087//5087 4082//4082 5086//5086
f 5087//5087 4083//4083 4082//4082
f 5088//5088 4083//4083 5087//5087
f 5088//5088 4084//4084 4083//4083
f 5089//5089 4084//4084 5088//5088
f 5089//5089 4085//4085 4084//4084
f 5090//5090 4085//4085 5089//5089
f 5090//5090 4086//4086 4085//4085
f 5091//5091 4086//4086 5090//5090
f 5091//5091 4087//4087 4086//4086
f 5092//5092 4088//4088 4087//4087
f 5092//5092 4087//4087 5091//5091
f 5093//5093 4089//4089 4088//4088
f 5093//5093 4088//4088 5092//5092
f 5094//5094 4090//4090 4089//4089
f 5094//5094 4089//4089 5093//5093
f 5095//5095 4091//4091 4090//4090
f 5095//5095 4090//4090 5094//5094
f 5096//5096 4092//4092 4091//4091
f 5096//5096 4091//4091 5095//5095
f 5097//5097 4093//4093 4092//4092
f 5097//5097 4092//4092 5096//5096
f 5098//5098 4094//4094 4093//4093
f 5098//5098 4093//4093 5097//5097
f 5099//5099 4095//4095 4094//4094
f 5099//5099 4094//4094 5098//5098
f 5100//5100 4096//4096 4095//4095
f 5100//5100 4095//4095 5099//5099
f 5101//5101 4097//4097 4096//4096
f 5101//5101 4096//4096 5100//5100
f 5102//5102 4098//4098 4097//4097
f 5102//5102 4097//4097 5101//5101
f 5103//5103 4098//4098 5102//5102
f 5103//5103 4099//4099 4098//4098
f 5020//5020 4099//4099 5103//5103
f 5020//5020 4016//4016 4099//4099
f 4101//4101 4100//4100 5104//5104
f 4101//4101 5104//5104 5105//5105
f 4102//4102 5105//5105 5106//5106
f 4102//4102 5106//5106 5107//5107
f 4102//4102 4101//4101 5105//5105
f 4103//4103 4102//4102 5107//5107
f 4104//4104 5107//5107 5108//5108
f 4104//4104 5108//5108 5109//5109
f 4104//4104 4103//4103 5107//5107
f 4105//4105 5109//5109 5110//5110
f 4105//4105 4104//4104 5109//5109
f 4106//4106 4105//4105 5110//5110
f 4107//4107 5110//5110 5111//5111
f 4107//4107 4106//4106 5110//5110
f 4108//4108 4107//4107 5111//5111
f 4108//4108 5111//5111 5112//5112
f 4108//4108 5112//5112 5113//5113
f 4109//4109 4108//4108 5113//5113
f 4110//4110 5113//5113 5114//5114
f 4110//4110 4109//4109 5113//5113
f 4111//4111 5114//5114 5115//5115
f 4111//4111 4110//4110 5114//5114
f 4112//4112 5115//5115 5116//5116
f 4112//4112 4111//4111 5115//5115
f 4113//4113 5116//5116 5117//5117
f 4113//4113 4112//4112 5116//5116
f 4114//4114 5117//5117 5118//5118
f 4114//4114 4113//4113 5117//5117
f 4115//4115 5118//5118 5119//5119
f 4115//4115 4114//4114 5118//5118
f 4116//4116 5119//5119 5120//5120
f 4116//4116 5120//5120 5121//5121
f 4116//4116 4115//4115 5119//5119
f 4117//4117 4116//4116 5121//5121
f 4118//4118 5121//5121 5122//5122
f 4118//4118 5122//5122 5123//5123
f 4118//4118 4117//4117 5121//5121
f 4119//4119 4118//4118 5123//5123
f 4120//4120 5123//5123 5124//5124
f 4120//4120 4119//4119 5123//5123
f 4121//4121 5124//5124 5125//5125
f 4121//4121 4120//4120 5124//5124
f 4122//4122 5125//5125 5126//5126
f 4122//4122 5126//5126 5127//5127
f 4122//4122 4121//4121 5125//5125
f 4123//4123 5127//5127 5128//5128
f 4123//4123 4122//4122 5127//5127
f 4124//4124 4123//4123 5128//5128
f 4125//4125 5128//5128 5129//5129
f 4125//4125 5129//5129 5130//5130
f 4125//4125 4124//4124 5128//5128
f 4126//4126 4125//4125 5130//5130
f 4127//4127 5130//5130 5131//5131
f 4127//4127 5131//5131 5132//5132
f 4127//4127 4126//4126 5130//5130
f 4128//4128 4127//4127 5132//5132
f 4129//4129 5132//5132 5133//5133
f 4129//4129 5133//5133 5134//5134
f 4129//4129 4128//4128 5132//5132
f 4130//4130 4129//4129 5134//5134
f 4131//4131 5134//5134 5135//5135
f 4131//4131 4130//4130 5134//5134
f 4132//4132 4131//4131 5135//5135
f 4132//4132 5135//5135 5136//5136
f 4132//4132 5136//5136 5137//5137
f 4133//4133 4132//4132 5137//5137
f 4133//4133 5137//5137 5138//5138
f 4134//4134 4133//4133 5138//5138
f 4135//4135 4134//4134 5138//5138
f 4135//4135 5138//5138 5139//5139
f 4135//4135 5139//5139 5140//5140
f 4136//4136 4135//4135 5140//5140
f 4137//4137 4136//4136 5140//5140
f 4137//4137 5140//5140 5141//5141
f 4138//4138 4137//4137 5141//5141
f 4138//4138 5141//5141 5142//5142
f 4139//4139 4138//4138 5142//5142
f 4139//4139 5142//5142 5143//5143
f 4140//4140 4139//4139 5143//5143
f 4140//4140 5143//5143 5144//5144
f 4141//4141 4140//4140 5144//5144
f 4141//4141 5144//5144 5145//5145
f 4142//4142 4141//4141 5145//5145
f 4142//4142 5145//5145 5146//5146
f 4143//4143 5146//5146 5147//5147
f 4143//4143 4142//4142 5146//5146
f 4144//4144 4143//4143 5147//5147
f 4144//4144 5147//5147 5148//5148
f 4144//4144 5148//5148 5149//5149
f 4145//4145 4144//4144 5149//5149
f 4146//4146 5149//5149 5150//5150
f 4146//4146 4145//4145 5149//5149
f 4147//4147 5150//5150 5151//5151
f 4147//4147 4146//4146 5150//5150
f 4148//4148 5151//5151 5152//5152
f 4148//4148 4147//4147 5151//5151
f 4149//4149 5152//5152 5153//5153
f 4149//4149 4148//4148 5152//5152
f 4150//4150 5153//5153 5154//5154
f 4150//4150 4149//4149 5153//5153
f 4151//4151 5154//5154 5155//5155
f 4151//4151 4150//4150 5154//5154
f 4152//4152 5155//5155 5156//5156
f 4152//4152 4151//4151 5155//5155
f 4153//4153 5156//5156 5157//5157
f 4153//4153 4152//4152 5156//5156
f 4154//4154 5157//5157 5158//5158
f 4154//4154 5158//5158 5159//5159
f 4154//4154 4153//4153 5157//5157
f 4155//4155 4154//4154 5159//5159
f 4156//4156 5159//5159 5160//5160
f 4156//4156 4155//4155 5159//5159
f 4157//4157 5160//5160 5161//5161
f 4157//4157 4156//4156 5160//5160
f 4158//4158 4157//4157 5161//5161
f 4158//4158 5161//5161 5162//5162
f 4159//4159 4158//4158 5162//5162
f 4159//4159 5162//5162 5163//5163
f 4160//4160 4159//4159 5163//5163
f 4160//4160 5163//5163 5164//5164
f 4161//4161 4160//4160 5164//5164
f 4161//4161 5164//5164 5165//5165
f 4162//4162 4161//4161 5165//5165
f 4162//4162 5165//5165 5166//5166
f 4163//4163 4162//4162 5166//5166
f 4163//4163 5166//5166 5167//5167
f 4164//4164 4163//4163 5167//5167
f 4164//4164 5167//5167 5168//5168
f 4165//4165 4164//4164 5168//5168
f 4165//4165 5168//5168 5169//5169
f 4166//4166 4165//4165 5169//5169
f 4166//4166 5169//5169 5170//5170
f 4167//4167 4166//4166 5170//5170
f 4167//4167 5170//5170 5171//5171
f 4168//4168 4167//4167 5171//5171
f 4168//4168 5171//5171 5172//5172
f 4169//4169 4168//4168 5172//5172
f 4169//4169 5172//5172 5173//5173
f 4170//4170 4169//4169 5173//5173
f 4170//4170 5173//5173 5174//5174
f 4171//4171 4170//4170 5174//5174
f 4171//4171 5174//5174 5175//5175
f 4172//4172 4171//4171 5175//5175
f 4172//4172 5175//5175 5176//5176
f 4173//4173 4172//4172 5176//5176
f 4173//4173 5176//5176 5177//5177
f 4174//4174 4173//4173 5177//5177
f 4174//4174 5177//5177 5178//5178
f 4175//4175 4174//4174 5178//5178
f 4175//4175 5178//5178 5179//5179
f 4176//4176 4175//4175 5179//5179
f 4176//4176 5179//5179 5180//5180
f 4177//4177 5180//5180 5181//5181
f 4177//4177 4176//4176 5180//5180
f 4178//4178 5181//5181 5182//5182
f 4178//4178 4177//4177 5181//5181
f 4179//4179 5182//5182 5183//5183
f 4179//4179 4178//4178 5182//5182
f 4180//4180 5183//5183 5184//5184
f 4180//4180 4179//4179 5183//5183
f 4181//4181 5184//5184 5185//5185
f 4181//4181 4180//4180 5184//5184
f 4182//4182 5185//5185 5186//5186
f 4182//4182 4181//4181 5185//5185
f 4183//4183 4182//4182 5186//5186
f 4183//4183 5186//5186 5187//5187
f 4100//4100 4183//4183 5187//5187
f 4100//4100 5187//5187 5104//5104
f 5189//5189 3762//3762 5188//5188
f 5189//5189 3763//3763 3762//3762
f 5190//5190 3763//3763 5189//5189
f 5190//5190 3764//3764 3763//3763
f 5190//5190 3765//3765 3764//3764
f 5191//5191 3765//3765 5190//5190
f 5192//5192 3765//3765 5191//5191
f 5192//5192 3766//3766 3765//3765
f 5192//5192 3767//3767 3766//3766
f 5193//5193 3768//3768 3767//3767
f 5193//5193 3767//3767 5192//5192
f 5194//5194 3768//3768 5193//5193
f 5195//5195 3769//3769 3768//3768
f 5195//5195 3768//3768 5194//5194
f 5196//5196 3769//3769 5195//5195
f 5196//5196 3770//3770 3769//3769
f 5196//5196 3771//3771 3770//3770
f 5197//5197 3771//3771 5196//5196
f 5198//5198 3771//3771 5197//5197
f 5198//5198 3772//3772 3771//3771
f 5199//5199 3772//3772 5198//5198
f 5199//5199 3773//3773 3772//3772
f 5200//5200 3773//3773 5199//5199
f 5200//5200 3774//3774 3773//3773
f 5201//5201 3774//3774 5200//5200
f 5201//5201 3775//3775 3774//3774
f 5202//5202 3775//3775 5201//5201
f 5202//5202 3776//3776 3775//3775
f 5203//5203 3776//3776 5202//5202
f 5203//5203 3777//3777 3776//3776
f 5204//5204 3778//3778 3777//3777
f 5204//5204 3779//3779 3778//3778
f 5204//5204 3777//3777 5203//5203
f 5205//5205 3779//3779 5204//5204
f 5206//5206 3780//3780 3779//3779
f 5206//5206 3781//3781 3780//3780
f 5206//5206 3779//3779 5205//5205
f 5207//5207 3781//3781 5206//5206
f 5208//5208 3782//3782 3781//3781
f 5208//5208 3781//3781 5207//5207
f 5209//5209 3783//3783 3782//3782
f 5209//5209 3782//3782 5208//5208
f 5210//5210 3784//3784 3783//3783
f 5210//5210 3785//3785 3784//3784
f 5210//5210 3783//3783 5209//5209
f 5211//5211 3786//3786 3785//3785
f 5211//5211 3785//3785 5210//5210
f 5212//5212 3786//3786 5211//5211
f 5213//5213 3787//3787 3786//3786
f 5213//5213 3788//3788 3787//3787
f 5213//5213 3786//3786 5212//5212
f 5214//5214 3788//3788 5213//5213
f 5215//5215 3789//3789 3788//3788
f 5215//5215 3790//3790 3789//3789
f 5215//5215 3788//3788 5214//5214
f 5216//5216 3790//3790 5215//5215
f 5217//5217 3791//3791 3790//3790
f 5217//5217 3792//3792 3791//3791
f 5217//5217 3790//3790 5216//5216
f 5218//5218 3792//3792 5217//5217
f 5219//5219 3793//3793 3792//3792
f 5219//5219 3792//3792 5218//5218
f 5220//5220 3793//3793 5219//5219
f 5220//5220 3794//3794 3793//3793
f 5220//5220 3795//3795 3794//3794
f 5221//5221 3795//3795 5220//5220
f 5221//5221 3796//3796 3795//3795
f 5222//5222 3796//3796 5221//5221
f 5223//5223 3796//3796 5222//5222
f 5223//5223 3797//3797 3796//3796
f 5223//5223 3798//3798 3797//3797
f 5224//5224 3798//3798 5223//5223
f 5225//5225 3799//3799 3798//3798
f 5225//5225 3798//3798 5224//5224
f 5226//5226 3800//3800 3799//3799
f 5226//5226 3799//3799 5225//5225
f 5227//5227 3801//3801 3800//3800
f 5227//5227 3800//3800 5226//5226
f 5228//5228 3802//3802 3801//3801
f 5228//5228 3801//3801 5227//5227
f 5229//5229 3803//3803 3802//3802
f 5229//5229 3802//3802 5228//5228
f 5230//5230 3804//3804 3803//3803
f 5230//5230 3803//3803 5229//5229
f 5231//5231 3805//3805 3804//3804
f 5231//5231 3804//3804 5230//5230
f 5232//5232 3806//3806 3805//3805
f 5232//5232 3807//3807 3806//3806
f 5232//5232 3805//3805 5231//5231
f 5233//5233 3807//3807 5232//5232
f 5234//5234 3808//3808 3807//3807
f 5234//5234 3807//3807 5233//5233
f 5235//5235 3809//3809 3808//3808
f 5235//5235 3808//3808 5234//5234
f 5236//5236 3810//3810 3809//3809
f 5236//5236 3809//3809 5235//5235
f 5237//5237 3811//3811 3810//3810
f 5237//5237 3810//3810 5236//5236
f 5238//5238 3812//3812 3811//3811
f 5238//5238 3811//3811 5237//5237
f 5239//5239 3813//3813 3812//3812
f 5239//5239 3812//3812 5238//5238
f 5240//5240 3814//3814 3813//3813
f 5240//5240 3813//3813 5239//5239
f 5241//5241 3815//3815 3814//3814
f 5241//5241 3814//3814 5240//5240
f 5242//5242 3816//3816 3815//3815
f 5242//5242 3817//3817 3816//3816
f 5242//5242 3815//3815 5241//5241
f 5243//5243 3817//3817 5242//5242
f 5244//5244 3818//3818 3817//3817
f 5244//5244 3817//3817 5243//5243
f 5245//5245 3819//3819 3818//3818
f 5245//5245 3818//3818 5244//5244
f 5246//5246 3819//3819 5245//5245
f 5246//5246 3820//3820 3819//3819
f 5247//5247 3820//3820 5246//5246
f 5247//5247 3821//3821 3820//3820
f 5248//5248 3821//3821 5247//5247
f 5248//5248 3822//3822 3821//3821
f 5249//5249 3822//3822 5248//5248
f 5249//5249 3823//3823 3822//3822
f 5250//5250 3823//3823 5249//5249
f 5250//5250 3824//3824 3823//3823
f 5251//5251 3824//3824 5250//5250
f 5251//5251 3825//3825 3824//3824
f 5252//5252 3825//3825 5251//5251
f 5252//5252 3826//3826 3825//3825
f 5253//5253 3826//3826 5252//5252
f 5253//5253 3827//3827 3826//3826
f 5254//5254 3827//3827 5253//5253
f 5254//5254 3828//3828 3827//3827
f 5255//5255 3828//3828 5254//5254
f 5255//5255 3829//3829 3828//3828
f 5256//5256 3829//3829 5255//5255
f 5256//5256 3830//3830 3829//3829
f 5257//5257 3830//3830 5256//5256
f 5257//5257 3831//3831 3830//3830
f 5258//5258 3831//3831 5257//5257
f 5258//5258 3832//3832 3831//3831
f 5259//5259 3832//3832 5258//5258
f 5259//5259 3833//3833 3832//3832
f 5260//5260 3834//3834 3833//3833
f 5260//5260 3833//3833 5259//5259
f 5261//5261 3835//3835 3834//3834
f 5261//5261 3834//3834 5260//5260
f 5262//5262 3836//3836 3835//3835
f 5262//5262 3835//3835 5261//5261
f 5263//5263 3837//3837 3836//3836
f 5263//5263 3836//3836 5262//5262
f 5264//5264 3838//3838 3837//3837
f 5264//5264 3837//3837 5263//5263
f 5265//5265 3839//3839 3838//3838
f 5265//5265 3838//3838 5264//5264
f 5266//5266 3840//3840 3839//3839
f 5266//5266 3839//3839 5265//5265
f 5267//5267 3841//3841 3840//3840
f 5267//5267 3840//3840 5266//5266
f 5268//5268 3842//3842 3841//3841
f 5268//5268 3841//3841 5267//5267
f 5269//5269 3843//3843 3842//3842
f 5269//5269 3842//3842 5268//5268
f 5270//5270 3844//3844 3843//3843
f 5270//5270 3843//3843 5269//5269
f 5271//5271 3844//3844 5270//5270
f 5271//5271 3845//3845 3844//3844
f 5188//5188 3845//3845 5271//5271
f 5188//5188 3762//3762 3845//3845
f 5272//5272 4849//4849 4848//4848
f 840//840 5272//5272 4848//4848
f 839//839 4186//4186 5272//5272
f 839//839 5272//5272 840//840
f 4185//4185 4851//4851 4186//4186
f 4184//4184 4851//4851 4185//4185
f 4215//4215 3077//3077 3078//3078
f 5275//5275 5273//5273 3077//3077
f 5274//5274 5275//5275 3077//3077
f 4248//4248 3077//3077 4215//4215
f 4248//4248 5274//5274 3077//3077
f 5278//5278 3077//3077 5273//5273
f 5277//5277 3077//3077 5278//5278
f 5276//5276 3076//3076 3077//3077
f 5276//5276 3077//3077 5277//5277
f 4254//4254 5276//5276 5279//5279
f 4254//4254 3076//3076 5276//5276
f 4847//4847 3083//3083 3084//3084
f 5280//5280 5281//5281 3083//3083
f 5280//5280 3083//3083 4847//4847
f 5283//5283 3082//3082 3083//3083
f 5281//5281 5283//5283 3083//3083
f 5286//5286 3082//3082 5283//5283
f 5285//5285 3082//3082 5286//5286
f 5284//5284 3082//3082 5285//5285
f 5282//5282 5283//5283 5281//5281
f 4241//4241 3081//3081 3082//3082
f 5289//5289 3082//3082 5284//5284
f 5288//5288 3082//3082 5289//5289
f 5287//5287 4241//4241 3082//3082
f 5287//5287 3082//3082 5288//5288
f 4213//4213 840//840 4848//4848
f 4242//4242 4213//4213 3079//3079
f 4242//4242 841//841 840//840
f 4242//4242 840//840 4213//4213
f 4843//4843 841//841 4242//4242
f 3080//3080 4242//4242 3079//3079
f 5290//5290 4843//4843 4846//4846
f 841//841 4843//4843 5290//5290
f 842//842 5290//5290 4208//4208
f 842//842 841//841 5290//5290
f 4194//4194 4503//4503 4197//4197
f 4195//4195 4194//4194 4197//4197
f 4208//4208 4844//4844 4207//4207
f 4206//4206 4207//4207 4844//4844
f 4210//4210 4842//4842 4211//4211
f 4842//4842 4210//4210 3544//3544
f 5292//5292 5306//5306 5291//5291
f 5292//5292 5307//5307 5306//5306
f 5293//5293 5307//5307 5292//5292
f 5293//5293 5308//5308 5307//5307
f 5294//5294 5308//5308 5293//5293
f 5294//5294 5309//5309 5308//5308
f 5295//5295 5310//5310 5309//5309
f 5295//5295 5309//5309 5294//5294
f 5296//5296 5311//5311 5310//5310
f 5296//5296 5310//5310 5295//5295
f 5297//5297 5312//5312 5311//5311
f 5297//5297 5311//5311 5296//5296
f 5298//5298 5313//5313 5312//5312
f 5298//5298 5312//5312 5297//5297
f 5299//5299 5314//5314 5313//5313
f 5299//5299 5313//5313 5298//5298
f 5300//5300 5315//5315 5314//5314
f 5300//5300 5314//5314 5299//5299
f 5301//5301 5316//5316 5315//5315
f 5301//5301 5315//5315 5300//5300
f 5302//5302 5317//5317 5316//5316
f 5302//5302 5316//5316 5301//5301
f 5303//5303 5318//5318 5317//5317
f 5303//5303 5317//5317 5302//5302
f 5304//5304 5319//5319 5318//5318
f 5304//5304 5318//5318 5303//5303
f 5305//5305 5320//5320 5319//5319
f 5305//5305 5319//5319 5304//5304
f 5273//5273 5321//5321 5320//5320
f 5273//5273 5320//5320 5305//5305
f 5278//5278 5273//5273 5305//5305
f 5275//5275 5322//5322 5321//5321
f 5275//5275 5321//5321 5273//5273
f 5277//5277 5278//5278 5305//5305
f 5276//5276 5277//5277 5305//5305
f 5274//5274 5322//5322 5275//5275
f 4248//4248 5323//5323 5322//5322
f 4248//4248 5322//5322 5274//5274
f 5324//5324 5323//5323 4248//4248
f 5437//5437 5324//5324 4248//4248
f 5437//5437 4250//4250 4249//4249
f 5437//5437 4251//4251 4250//4250
f 5437//5437 4248//4248 4251//4251
f 5438//5438 5325//5325 5324//5324
f 5438//5438 5324//5324 5437//5437
f 5439//5439 5326//5326 5325//5325
f 5439//5439 5325//5325 5438//5438
f 5440//5440 5327//5327 5326//5326
f 5440//5440 5326//5326 5439//5439
f 5441//5441 5327//5327 5440//5440
f 5441//5441 5328//5328 5327//5327
f 5442//5442 5328//5328 5441//5441
f 5442//5442 5329//5329 5328//5328
f 5443//5443 5329//5329 5442//5442
f 5443//5443 5330//5330 5329//5329
f 5444//5444 5330//5330 5443//5443
f 5444//5444 5331//5331 5330//5330
f 5445//5445 5331//5331 5444//5444
f 5445//5445 5332//5332 5331//5331
f 5446//5446 5332//5332 5445//5445
f 5446//5446 5333//5333 5332//5332
f 5447//5447 5333//5333 5446//5446
f 5447//5447 5334//5334 5333//5333
f 5448//5448 5334//5334 5447//5447
f 5448//5448 5335//5335 5334//5334
f 5449//5449 5335//5335 5448//5448
f 5449//5449 5336//5336 5335//5335
f 5450//5450 5336//5336 5449//5449
f 5450//5450 5337//5337 5336//5336
f 5451//5451 5337//5337 5450//5450
f 5451//5451 5338//5338 5337//5337
f 5452//5452 5339//5339 5338//5338
f 5452//5452 5338//5338 5451//5451
f 5453//5453 5340//5340 5339//5339
f 5453//5453 5339//5339 5452//5452
f 5454//5454 5341//5341 5340//5340
f 5454//5454 5340//5340 5453//5453
f 4217//4217 5342//5342 5341//5341
f 4217//4217 5341//5341 5454//5454
f 4246//4246 4217//4217 5454//5454
f 4219//4219 5343//5343 5342//5342
f 4219//4219 5342//5342 4217//4217
f 4245//4245 4246//4246 5454//5454
f 4244//4244 4245//4245 5454//5454
f 4218//4218 5343//5343 4219//4219
f 4216//4216 5344//5344 5343//5343
f 4216//4216 5343//5343 4218//4218
f 5345//5345 5344//5344 4216//4216
f 5418//5418 4221//4221 4220//4220
f 5418//5418 4222//4222 4221//4221
f 5418//5418 4216//4216 4222//4222
f 5418//5418 5345//5345 4216//4216
f 5419//5419 5346//5346 5345//5345
f 5419//5419 5345//5345 5418//5418
f 5420//5420 5347//5347 5346//5346
f 5420//5420 5346//5346 5419//5419
f 5421//5421 5348//5348 5347//5347
f 5421//5421 5347//5347 5420//5420
f 5422//5422 5349//5349 5348//5348
f 5422//5422 5348//5348 5421//5421
f 5423//5423 5349//5349 5422//5422
f 5423//5423 5350//5350 5349//5349
f 5424//5424 5350//5350 5423//5423
f 5424//5424 5351//5351 5350//5350
f 5425//5425 5351//5351 5424//5424
f 5425//5425 5352//5352 5351//5351
f 5426//5426 5352//5352 5425//5425
f 5426//5426 5353//5353 5352//5352
f 5427//5427 5353//5353 5426//5426
f 5427//5427 5354//5354 5353//5353
f 5428//5428 5354//5354 5427//5427
f 5428//5428 5355//5355 5354//5354
f 5429//5429 5355//5355 5428//5428
f 5429//5429 5356//5356 5355//5355
f 5430//5430 5356//5356 5429//5429
f 5430//5430 5357//5357 5356//5356
f 5431//5431 5357//5357 5430//5430
f 5431//5431 5358//5358 5357//5357
f 5432//5432 5358//5358 5431//5431
f 5433//5433 5358//5358 5432//5432
f 5433//5433 5359//5359 5358//5358
f 5434//5434 5359//5359 5433//5433
f 5434//5434 5360//5360 5359//5359
f 5435//5435 5360//5360 5434//5434
f 5435//5435 5361//5361 5360//5360
f 4231//4231 5363//5363 5362//5362
f 5436//5436 5361//5361 5435//5435
f 5436//5436 4231//4231 5362//5362
f 5436//5436 5362//5362 5361//5361
f 4232//4232 4231//4231 5436//5436
f 4233//4233 4232//4232 5436//5436
f 4236//4236 5363//5363 4231//4231
f 4236//4236 5364//5364 5363//5363
f 4230//4230 4233//4233 5436//5436
f 4237//4237 5364//5364 4236//4236
f 4235//4235 5365//5365 5364//5364
f 4235//4235 5364//5364 4237//4237
f 5366//5366 5365//5365 4235//4235
f 5398//5398 4235//4235 5416//5416
f 5398//5398 5416//5416 5417//5417
f 5398//5398 5417//5417 5397//5397
f 5398//5398 5366//5366 4235//4235
f 5399//5399 5367//5367 5366//5366
f 5399//5399 5366//5366 5398//5398
f 5400//5400 5368//5368 5367//5367
f 5400//5400 5367//5367 5399//5399
f 5401//5401 5369//5369 5368//5368
f 5401//5401 5368//5368 5400//5400
f 5402//5402 5369//5369 5401//5401
f 5402//5402 5370//5370 5369//5369
f 5403//5403 5370//5370 5402//5402
f 5403//5403 5371//5371 5370//5370
f 5404//5404 5371//5371 5403//5403
f 5404//5404 5372//5372 5371//5371
f 5405//5405 5372//5372 5404//5404
f 5405//5405 5373//5373 5372//5372
f 5406//5406 5373//5373 5405//5405
f 5406//5406 5374//5374 5373//5373
f 5407//5407 5374//5374 5406//5406
f 5407//5407 5375//5375 5374//5374
f 5408//5408 5375//5375 5407//5407
f 5408//5408 5376//5376 5375//5375
f 5409//5409 5376//5376 5408//5408
f 5409//5409 5377//5377 5376//5376
f 5410//5410 5377//5377 5409//5409
f 5410//5410 5378//5378 5377//5377
f 5411//5411 5378//5378 5410//5410
f 5411//5411 5379//5379 5378//5378
f 5412//5412 5379//5379 5411//5411
f 5412//5412 5380//5380 5379//5379
f 5413//5413 5380//5380 5412//5412
f 5413//5413 5381//5381 5380//5380
f 5414//5414 5381//5381 5413//5413
f 5414//5414 5382//5382 5381//5381
f 5415//5415 5382//5382 5414//5414
f 5415//5415 5383//5383 5382//5382
f 5287//5287 5383//5383 5415//5415
f 5287//5287 5384//5384 5383//5383
f 5394//5394 5287//5287 5415//5415
f 5395//5395 5394//5394 5415//5415
f 5288//5288 5384//5384 5287//5287
f 5288//5288 5385//5385 5384//5384
f 5396//5396 5395//5395 5415//5415
f 5289//5289 5385//5385 5288//5288
f 5284//5284 5385//5385 5289//5289
f 5284//5284 5386//5386 5385//5385
f 5387//5387 5386//5386 5284//5284
f 5390//5390 5284//5284 5285//5285
f 5390//5390 5285//5285 5286//5286
f 5390//5390 5286//5286 5283//5283
f 5390//5390 5387//5387 5284//5284
f 5391//5391 5387//5387 5390//5390
f 5391//5391 5388//5388 5387//5387
f 5392//5392 5388//5388 5391//5391
f 5392//5392 5389//5389 5388//5388
f 5393//5393 5389//5389 5392//5392
f 5393//5393 5306//5306 5389//5389
f 5291//5291 5306//5306 5393//5393
f 4225//4225 4247//4247 4223//4223
f 4225//4225 4223//4223 4224//4224
f 4229//4229 5436//5436 5435//5435
f 4229//4229 4230//4230 5436//5436
f 5539//5539 5398//5398 5397//5397
f 5539//5539 5399//5399 5398//5398
f 5593//5593 5433//5433 5432//5432
f 5594//5594 5433//5433 5593//5593
f 5595//5595 5433//5433 5594//5594
f 5592//5592 5593//5593 5432//5432
f 5596//5596 5433//5433 5595//5595
f 5591//5591 5592//5592 5432//5432
f 5597//5597 5433//5433 5596//5596
f 5590//5590 5591//5591 5432//5432
f 5589//5589 5590//5590 5432//5432
f 5598//5598 5433//5433 5597//5597
f 5588//5588 5432//5432 5431//5431
f 5588//5588 5589//5589 5432//5432
f 5599//5599 5434//5434 5433//5433
f 5599//5599 5433//5433 5598//5598
f 5600//5600 5434//5434 5599//5599
f 5587//5587 5588//5588 5431//5431
f 5601//5601 5434//5434 5600//5600
f 5586//5586 5587//5587 5431//5431
f 5400//5400 5399//5399 5539//5539
f 5602//5602 5434//5434 5601//5601
f 5585//5585 5586//5586 5431//5431
f 5603//5603 5434//5434 5602//5602
f 5584//5584 5585//5585 5431//5431
f 5604//5604 5434//5434 5603//5603
f 5583//5583 5584//5584 5431//5431
f 5605//5605 5435//5435 5434//5434
f 5605//5605 5434//5434 5604//5604
f 5582//5582 5431//5431 5430//5430
f 5582//5582 5583//5583 5431//5431
f 5606//5606 4229//4229 5435//5435
f 5606//5606 5435//5435 5605//5605
f 5581//5581 5582//5582 5430//5430
f 5607//5607 4229//4229 5606//5606
f 5580//5580 5581//5581 5430//5430
f 5579//5579 5580//5580 5430//5430
f 5608//5608 4229//4229 5607//5607
f 5609//5609 4229//4229 5608//5608
f 5578//5578 5579//5579 5430//5430
f 5578//5578 5430//5430 5429//5429
f 5610//5610 4229//4229 5609//5609
f 5577//5577 5578//5578 5429//5429
f 5576//5576 5577//5577 5429//5429
f 5611//5611 4229//4229 5610//5610
f 5575//5575 5576//5576 5429//5429
f 5612//5612 4229//4229 5611//5611
f 5574//5574 5575//5575 5429//5429
f 5574//5574 5429//5429 5428//5428
f 5613//5613 4229//4229 5612//5612
f 5614//5614 4229//4229 5613//5613
f 5573//5573 5574//5574 5428//5428
f 5572//5572 5573//5573 5428//5428
f 5615//5615 4229//4229 5614//5614
f 5571//5571 5572//5572 5428//5428
f 5571//5571 5428//5428 5427//5427
f 5616//5616 4229//4229 5615//5615
f 5570//5570 5571//5571 5427//5427
f 5617//5617 4229//4229 5616//5616
f 5569//5569 5427//5427 5426//5426
f 5569//5569 5570//5570 5427//5427
f 5618//5618 4229//4229 5617//5617
f 5568//5568 5569//5569 5426//5426
f 5619//5619 4229//4229 5618//5618
f 5567//5567 5426//5426 5425//5425
f 5567//5567 5568//5568 5426//5426
f 5620//5620 4229//4229 5619//5619
f 5566//5566 5567//5567 5425//5425
f 5621//5621 5539//5539 4229//4229
f 5621//5621 4229//4229 5620//5620
f 5565//5565 5425//5425 5424//5424
f 5565//5565 5566//5566 5425//5425
f 5622//5622 5539//5539 5621//5621
f 5564//5564 5424//5424 5423//5423
f 5564//5564 5565//5565 5424//5424
f 5623//5623 5539//5539 5622//5622
f 5563//5563 5564//5564 5423//5423
f 5624//5624 5539//5539 5623//5623
f 5541//5541 5539//5539 5624//5624
f 5542//5542 5539//5539 5541//5541
f 5401//5401 5400//5400 5539//5539
f 5402//5402 5401//5401 5539//5539
f 4223//4223 5418//5418 4220//4220
f 4223//4223 5419//5419 5418//5418
f 4223//4223 5420//5420 5419//5419
f 4223//4223 5421//5421 5420//5420
f 4223//4223 5422//5422 5421//5421
f 4223//4223 5423//5423 5422//5422
f 5454//5454 4247//4247 4244//4244
f 5453//5453 4247//4247 5454//5454
f 5846//5846 5550//5550 5551//5551
f 5846//5846 5551//5551 5552//5552
f 5845//5845 5846//5846 5552//5552
f 5845//5845 5552//5552 5553//5553
f 5847//5847 5550//5550 5846//5846
f 5847//5847 5549//5549 5550//5550
f 5844//5844 5845//5845 5553//5553
f 5844//5844 5553//5553 5554//5554
f 5843//5843 5844//5844 5554//5554
f 5843//5843 5554//5554 5555//5555
f 5848//5848 5549//5549 5847//5847
f 5848//5848 5548//5548 5549//5549
f 5849//5849 5548//5548 5848//5848
f 5849//5849 5547//5547 5548//5548
f 5842//5842 5843//5843 5555//5555
f 5842//5842 5555//5555 5556//5556
f 5850//5850 5547//5547 5849//5849
f 5850//5850 5545//5545 5546//5546
f 5850//5850 5546//5546 5547//5547
f 5841//5841 5842//5842 5556//5556
f 5841//5841 5556//5556 5557//5557
f 5841//5841 5557//5557 5558//5558
f 5851//5851 5544//5544 5545//5545
f 5851//5851 5545//5545 5850//5850
f 5840//5840 5841//5841 5558//5558
f 5840//5840 5558//5558 5559//5559
f 5852//5852 5543//5543 5544//5544
f 5852//5852 5544//5544 5851//5851
f 5839//5839 5840//5840 5559//5559
f 5839//5839 5559//5559 5560//5560
f 5853//5853 5542//5542 5543//5543
f 5853//5853 5539//5539 5542//5542
f 5853//5853 5543//5543 5852//5852
f 5838//5838 5839//5839 5560//5560
f 5838//5838 5560//5560 5561//5561
f 5854//5854 5539//5539 5853//5853
f 5837//5837 5838//5838 5561//5561
f 5837//5837 5561//5561 5562//5562
f 5855//5855 5539//5539 5854//5854
f 5836//5836 5423//5423 4223//4223
f 5836//5836 5563//5563 5423//5423
f 5836//5836 5562//5562 5563//5563
f 5836//5836 5837//5837 5562//5562
f 5856//5856 5539//5539 5855//5855
f 5835//5835 5836//5836 4223//4223
f 5857//5857 5539//5539 5856//5856
f 5857//5857 5402//5402 5539//5539
f 5857//5857 5403//5403 5402//5402
f 5834//5834 5835//5835 4223//4223
f 5833//5833 5834//5834 4223//4223
f 5832//5832 5833//5833 4223//4223
f 5678//5678 5408//5408 5407//5407
f 5677//5677 5678//5678 5407//5407
f 5761//5761 5762//5762 4247//4247
f 5676//5676 5677//5677 5407//5407
f 5679//5679 5408//5408 5678//5678
f 5763//5763 4247//4247 5762//5762
f 5760//5760 5761//5761 4247//4247
f 5675//5675 5676//5676 5407//5407
f 5675//5675 5407//5407 5406//5406
f 5680//5680 5408//5408 5679//5679
f 5759//5759 5760//5760 4247//4247
f 5764//5764 4247//4247 5763//5763
f 5674//5674 5675//5675 5406//5406
f 5681//5681 5408//5408 5680//5680
f 5681//5681 5409//5409 5408//5408
f 5758//5758 5759//5759 4247//4247
f 5765//5765 4247//4247 5764//5764
f 5682//5682 5409//5409 5681//5681
f 5673//5673 5674//5674 5406//5406
f 5757//5757 5758//5758 4247//4247
f 5766//5766 4247//4247 5765//5765
f 5672//5672 5673//5673 5406//5406
f 5672//5672 5406//5406 5405//5405
f 5683//5683 5409//5409 5682//5682
f 5767//5767 4247//4247 5766//5766
f 5756//5756 5757//5757 4247//4247
f 5684//5684 5409//5409 5683//5683
f 5671//5671 5672//5672 5405//5405
f 5671//5671 5405//5405 5404//5404
f 5768//5768 4223//4223 4247//4247
f 5768//5768 4247//4247 5767//5767
f 5755//5755 5756//5756 4247//4247
f 5685//5685 5409//5409 5684//5684
f 5670//5670 5671//5671 5404//5404
f 5754//5754 5755//5755 4247//4247
f 5769//5769 4223//4223 5768//5768
f 5686//5686 5410//5410 5409//5409
f 5686//5686 5409//5409 5685//5685
f 5669//5669 5404//5404 5403//5403
f 5669//5669 5670//5670 5404//5404
f 5770//5770 4223//4223 5769//5769
f 5753//5753 4247//4247 5453//5453
f 5753//5753 5754//5754 4247//4247
f 5668//5668 5403//5403 5857//5857
f 5668//5668 5669//5669 5403//5403
f 5687//5687 5410//5410 5686//5686
f 5771//5771 4223//4223 5770//5770
f 5752//5752 5753//5753 5453//5453
f 5667//5667 5668//5668 5857//5857
f 5667//5667 5857//5857 5858//5858
f 5688//5688 5410//5410 5687//5687
f 5751//5751 5752//5752 5453//5453
f 5751//5751 5453//5453 5452//5452
f 5772//5772 4223//4223 5771//5771
f 5666//5666 5667//5667 5858//5858
f 5666//5666 5858//5858 5859//5859
f 5689//5689 5410//5410 5688//5688
f 5750//5750 5751//5751 5452//5452
f 5773//5773 5832//5832 4223//4223
f 5773//5773 4223//4223 5772//5772
f 5690//5690 5410//5410 5689//5689
f 5665//5665 5666//5666 5859//5859
f 5665//5665 5859//5859 5860//5860
f 5774//5774 5831//5831 5832//5832
f 5774//5774 5832//5832 5773//5773
f 5749//5749 5750//5750 5452//5452
f 5664//5664 5665//5665 5860//5860
f 5664//5664 5860//5860 5861//5861
f 5691//5691 5411//5411 5410//5410
f 5691//5691 5410//5410 5690//5690
f 5748//5748 5749//5749 5452//5452
f 5775//5775 5831//5831 5774//5774
f 5775//5775 5830//5830 5831//5831
f 5663//5663 5664//5664 5861//5861
f 5663//5663 5861//5861 5862//5862
f 5692//5692 5411//5411 5691//5691
f 5747//5747 5748//5748 5452//5452
f 5776//5776 5830//5830 5775//5775
f 5776//5776 5829//5829 5830//5830
f 5662//5662 5663//5663 5862//5862
f 5693//5693 5411//5411 5692//5692
f 5746//5746 5747//5747 5452//5452
f 5777//5777 5829//5829 5776//5776
f 5694//5694 5411//5411 5693//5693
f 5661//5661 5662//5662 5862//5862
f 5661//5661 5862//5862 5863//5863
f 5745//5745 5452//5452 5451//5451
f 5745//5745 5746//5746 5452//5452
f 5778//5778 5829//5829 5777//5777
f 5778//5778 5828//5828 5829//5829
f 5660//5660 5661//5661 5863//5863
f 5660//5660 5863//5863 5864//5864
f 5695//5695 5411//5411 5694//5694
f 5744//5744 5745//5745 5451//5451
f 5779//5779 5828//5828 5778//5778
f 5779//5779 5827//5827 5828//5828
f 5659//5659 5660//5660 5864//5864
f 5659//5659 5864//5864 5865//5865
f 5696//5696 5411//5411 5695//5695
f 5743//5743 5744//5744 5451//5451
f 5780//5780 5826//5826 5827//5827
f 5780//5780 5827//5827 5779//5779
f 5658//5658 5659//5659 5865//5865
f 5658//5658 5865//5865 5866//5866
f 5697//5697 5411//5411 5696//5696
f 5742//5742 5743//5743 5451//5451
f 5781//5781 5825//5825 5826//5826
f 5781//5781 5826//5826 5780//5780
f 5657//5657 5658//5658 5866//5866
f 5741//5741 5742//5742 5451//5451
f 5782//5782 5825//5825 5781//5781
f 5740//5740 5741//5741 5451//5451
f 5739//5739 5740//5740 5451//5451
f 5824//5824 5782//5782 5783//5783
f 5824//5824 5783//5783 5784//5784
f 5824//5824 5825//5825 5782//5782
f 5867//5867 5657//5657 5866//5866
f 5867//5867 5655//5655 5656//5656
f 5867//5867 5656//5656 5657//5657
f 5823//5823 5784//5784 5785//5785
f 5823//5823 5824//5824 5784//5784
f 5868//5868 5655//5655 5867//5867
f 5868//5868 5654//5654 5655//5655
f 5412//5412 5697//5697 5698//5698
f 5412//5412 5698//5698 5699//5699
f 5412//5412 5699//5699 5700//5700
f 5412//5412 5700//5700 5701//5701
f 5412//5412 5701//5701 5702//5702
f 5412//5412 5702//5702 5703//5703
f 5412//5412 5411//5411 5697//5697
f 5822//5822 5785//5785 5786//5786
f 5822//5822 5823//5823 5785//5785
f 5869//5869 5654//5654 5868//5868
f 5869//5869 5653//5653 5654//5654
f 5821//5821 5786//5786 5787//5787
f 5821//5821 5822//5822 5786//5786
f 5870//5870 5653//5653 5869//5869
f 5870//5870 5652//5652 5653//5653
f 5820//5820 5821//5821 5787//5787
f 5820//5820 5787//5787 5788//5788
f 5820//5820 5788//5788 5789//5789
f 5871//5871 5652//5652 5870//5870
f 5871//5871 5650//5650 5651//5651
f 5871//5871 5651//5651 5652//5652
f 5819//5819 5789//5789 5790//5790
f 5819//5819 5820//5820 5789//5789
f 5872//5872 5650//5650 5871//5871
f 5872//5872 5649//5649 5650//5650
f 5818//5818 5790//5790 5791//5791
f 5818//5818 5819//5819 5790//5790
f 5873//5873 5649//5649 5872//5872
f 5873//5873 5648//5648 5649//5649
f 5450//5450 5739//5739 5451//5451
f 5450//5450 5733//5733 5734//5734
f 5450//5450 5734//5734 5735//5735
f 5450//5450 5735//5735 5736//5736
f 5450//5450 5736//5736 5737//5737
f 5450//5450 5737//5737 5738//5738
f 5450//5450 5738//5738 5739//5739
f 5817//5817 5791//5791 5792//5792
f 5817//5817 5818//5818 5791//5791
f 5874//5874 5648//5648 5873//5873
f 5874//5874 5647//5647 5648//5648
f 5816//5816 5817//5817 5792//5792
f 5816//5816 5792//5792 5709//5709
f 5815//5815 5816//5816 5709//5709
f 5815//5815 5709//5709 5710//5710
f 5413//5413 5703//5703 5704//5704
f 5413//5413 5704//5704 5705//5705
f 5413//5413 5705//5705 5706//5706
f 5413//5413 5706//5706 5707//5707
f 5413//5413 5707//5707 5708//5708
f 5413//5413 5412//5412 5703//5703
f 5413//5413 5708//5708 5625//5625
f 5449//5449 5728//5728 5729//5729
f 5449//5449 5729//5729 5730//5730
f 5449//5449 5730//5730 5731//5731
f 5449//5449 5731//5731 5732//5732
f 5449//5449 5732//5732 5733//5733
f 5449//5449 5733//5733 5450//5450
f 5414//5414 5413//5413 5625//5625
f 5414//5414 5625//5625 5626//5626
f 5414//5414 5626//5626 5627//5627
f 5448//5448 5723//5723 5724//5724
f 5448//5448 5724//5724 5725//5725
f 5448//5448 5725//5725 5726//5726
f 5448//5448 5726//5726 5727//5727
f 5448//5448 5727//5727 5728//5728
f 5448//5448 5728//5728 5449//5449
f 5447//5447 5720//5720 5721//5721
f 5447//5447 5721//5721 5722//5722
f 5447//5447 5722//5722 5723//5723
f 5447//5447 5723//5723 5448//5448
f 5540//5540 5414//5414 5627//5627
f 5540//5540 5627//5627 5628//5628
f 5540//5540 5628//5628 5629//5629
f 5540//5540 5629//5629 5630//5630
f 5540//5540 5630//5630 5631//5631
f 5540//5540 5631//5631 5632//5632
f 5540//5540 5632//5632 5633//5633
f 5540//5540 5633//5633 5634//5634
f 5540//5540 5634//5634 5635//5635
f 5540//5540 5635//5635 5636//5636
f 5540//5540 5636//5636 5637//5637
f 5540//5540 5415//5415 5414//5414
f 5540//5540 5637//5637 5638//5638
f 5540//5540 5638//5638 5639//5639
f 5540//5540 5639//5639 5640//5640
f 5540//5540 5640//5640 5641//5641
f 5540//5540 5641//5641 5642//5642
f 5396//5396 5415//5415 5540//5540
f 5446//5446 5720//5720 5447//5447
f 5446//5446 5717//5717 5718//5718
f 5446//5446 5718//5718 5719//5719
f 5446//5446 5719//5719 5720//5720
f 5282//5282 5874//5874 5875//5875
f 5282//5282 5875//5875 5876//5876
f 5282//5282 5876//5876 5793//5793
f 5282//5282 5647//5647 5874//5874
f 5282//5282 5793//5793 5794//5794
f 5282//5282 5540//5540 5642//5642
f 5282//5282 5642//5642 5643//5643
f 5282//5282 5643//5643 5644//5644
f 5282//5282 5644//5644 5645//5645
f 5282//5282 5645//5645 5646//5646
f 5282//5282 5646//5646 5647//5647
f 5445//5445 5717//5717 5446//5446
f 5445//5445 5714//5714 5715//5715
f 5445//5445 5715//5715 5716//5716
f 5445//5445 5716//5716 5717//5717
f 5444//5444 5714//5714 5445//5445
f 5444//5444 5713//5713 5714//5714
f 5390//5390 5283//5283 5282//5282
f 5443//5443 5713//5713 5444//5444
f 5443//5443 5711//5711 5712//5712
f 5443//5443 5712//5712 5713//5713
f 5391//5391 5390//5390 5282//5282
f 5442//5442 5815//5815 5710//5710
f 5442//5442 5710//5710 5711//5711
f 5442//5442 5711//5711 5443//5443
f 5392//5392 5391//5391 5282//5282
f 5393//5393 5392//5392 5282//5282
f 5441//5441 5815//5815 5442//5442
f 5291//5291 5393//5393 5282//5282
f 5508//5508 5804//5804 5507//5507
f 5508//5508 5803//5803 5804//5804
f 5506//5506 5507//5507 5804//5804
f 5506//5506 5804//5804 5805//5805
f 5509//5509 5803//5803 5508//5508
f 5509//5509 5802//5802 5803//5803
f 5510//5510 5802//5802 5509//5509
f 5510//5510 5801//5801 5802//5802
f 5505//5505 5506//5506 5805//5805
f 5505//5505 5805//5805 5806//5806
f 5504//5504 5505//5505 5806//5806
f 5504//5504 5806//5806 5807//5807
f 5511//5511 5801//5801 5510//5510
f 5511//5511 5800//5800 5801//5801
f 5503//5503 5807//5807 5808//5808
f 5503//5503 5504//5504 5807//5807
f 5512//5512 5800//5800 5511//5511
f 5512//5512 5799//5799 5800//5800
f 5502//5502 5503//5503 5808//5808
f 5513//5513 5799//5799 5512//5512
f 5501//5501 5808//5808 5809//5809
f 5501//5501 5502//5502 5808//5808
f 5514//5514 5798//5798 5799//5799
f 5514//5514 5799//5799 5513//5513
f 5500//5500 5809//5809 5810//5810
f 5500//5500 5501//5501 5809//5809
f 5515//5515 5797//5797 5798//5798
f 5515//5515 5798//5798 5514//5514
f 5499//5499 5500//5500 5810//5810
f 5499//5499 5810//5810 5811//5811
f 5516//5516 5796//5796 5797//5797
f 5516//5516 5797//5797 5515//5515
f 5517//5517 5796//5796 5516//5516
f 5517//5517 5795//5795 5796//5796
f 5498//5498 5499//5499 5811//5811
f 5518//5518 5794//5794 5795//5795
f 5518//5518 5795//5795 5517//5517
f 5519//5519 5794//5794 5518//5518
f 5292//5292 5291//5291 5282//5282
f 5292//5292 5794//5794 5519//5519
f 5292//5292 5282//5282 5794//5794
f 5293//5293 5292//5292 5519//5519
f 5293//5293 5519//5519 5520//5520
f 4252//4252 5815//5815 5441//5441
f 4252//4252 5440//5440 5439//5439
f 4252//4252 5441//5441 5440//5440
f 4252//4252 5498//5498 5811//5811
f 4252//4252 5493//5493 5494//5494
f 4252//4252 5494//5494 5495//5495
f 4252//4252 5811//5811 5812//5812
f 4252//4252 5495//5495 5496//5496
f 4252//4252 5812//5812 5813//5813
f 4252//4252 5496//5496 5497//5497
f 4252//4252 5813//5813 5814//5814
f 4252//4252 5497//5497 5498//5498
f 4252//4252 5814//5814 5815//5815
f 5438//5438 4252//4252 5439//5439
f 5294//5294 5293//5293 5520//5520
f 5294//5294 5520//5520 5521//5521
f 5294//5294 5521//5521 5522//5522
f 5437//5437 4252//4252 5438//5438
f 5279//5279 5478//5478 5479//5479
f 5279//5279 5479//5479 5480//5480
f 5279//5279 5480//5480 5481//5481
f 5279//5279 5481//5481 5482//5482
f 5279//5279 5482//5482 5483//5483
f 5279//5279 5483//5483 5484//5484
f 5279//5279 5484//5484 5485//5485
f 5279//5279 5485//5485 5486//5486
f 5279//5279 5486//5486 5487//5487
f 5279//5279 5487//5487 5488//5488
f 5279//5279 5488//5488 5489//5489
f 5279//5279 5489//5489 5490//5490
f 5279//5279 5490//5490 5491//5491
f 5279//5279 5491//5491 5492//5492
f 5279//5279 5492//5492 5493//5493
f 5279//5279 5493//5493 4252//4252
f 5295//5295 5522//5522 5523//5523
f 5295//5295 5523//5523 5524//5524
f 5295//5295 5294//5294 5522//5522
f 4249//4249 4252//4252 5437//5437
f 5296//5296 5524//5524 5525//5525
f 5296//5296 5525//5525 5526//5526
f 5296//5296 5295//5295 5524//5524
f 5297//5297 5526//5526 5527//5527
f 5297//5297 5527//5527 5528//5528
f 5297//5297 5528//5528 5529//5529
f 5297//5297 5296//5296 5526//5526
f 5298//5298 5297//5297 5529//5529
f 5298//5298 5529//5529 5530//5530
f 5298//5298 5530//5530 5531//5531
f 5298//5298 5531//5531 5532//5532
f 5298//5298 5532//5532 5533//5533
f 5305//5305 5279//5279 5276//5276
f 5299//5299 5298//5298 5533//5533
f 5299//5299 5533//5533 5534//5534
f 5299//5299 5534//5534 5535//5535
f 5299//5299 5535//5535 5536//5536
f 5299//5299 5536//5536 5537//5537
f 5304//5304 5476//5476 5477//5477
f 5304//5304 5477//5477 5478//5478
f 5304//5304 5478//5478 5279//5279
f 5304//5304 5279//5279 5305//5305
f 5300//5300 5455//5455 5456//5456
f 5300//5300 5456//5456 5457//5457
f 5300//5300 5457//5457 5458//5458
f 5300//5300 5458//5458 5459//5459
f 5300//5300 5299//5299 5537//5537
f 5300//5300 5537//5537 5538//5538
f 5300//5300 5538//5538 5455//5455
f 5303//5303 5471//5471 5472//5472
f 5303//5303 5472//5472 5473//5473
f 5303//5303 5473//5473 5474//5474
f 5303//5303 5474//5474 5475//5475
f 5303//5303 5475//5475 5476//5476
f 5303//5303 5476//5476 5304//5304
f 5301//5301 5459//5459 5460//5460
f 5301//5301 5460//5460 5461//5461
f 5301//5301 5461//5461 5462//5462
f 5301//5301 5462//5462 5463//5463
f 5301//5301 5463//5463 5464//5464
f 5301//5301 5464//5464 5465//5465
f 5301//5301 5300//5300 5459//5459
f 5302//5302 5465//5465 5466//5466
f 5302//5302 5466//5466 5467//5467
f 5302//5302 5467//5467 5468//5468
f 5302//5302 5468//5468 5469//5469
f 5302//5302 5469//5469 5470//5470
f 5302//5302 5470//5470 5471//5471
f 5302//5302 5471//5471 5303//5303
f 5302//5302 5301//5301 5465//5465
f 4228//4228 4226//4226 4229//4229
f 5539//5539 4228//4228 4229//4229
f 4228//4228 4239//4239 4227//4227
f 4228//4228 5397//5397 4239//4239
f 5417//5417 4239//4239 5397//5397
f 5416//5416 4239//4239 5417//5417
f 4235//4235 4234//4234 4239//4239
f 4235//4235 4239//4239 5416//5416
f 5539//5539 5397//5397 4228//4228
f 5280//5280 4847//4847 4240//4240
f 5280//5280 4240//4240 5396//5396
f 5395//5395 5396//5396 4240//4240
f 5394//5394 5395//5395 4240//4240
f 5287//5287 4240//4240 4241//4241
f 5287//5287 5394//5394 4240//4240
f 5540//5540 5280//5280 5396//5396
f 5279//5279 4252//4252 4253//4253
f 4254//4254 5279//5279 4253//4253
f 5930//5930 5929//5929 4322//4322
f 5930//5930 4322//4322 4323//4323
f 5931//5931 5930//5930 4323//4323
f 5928//5928 4322//4322 5929//5929
f 5927//5927 4322//4322 5928//5928
f 5932//5932 5931//5931 4323//4323
f 5933//5933 5932//5932 4323//4323
f 5926//5926 4322//4322 5927//5927
f 5934//5934 5933//5933 4323//4323
f 5925//5925 4322//4322 5926//5926
f 5924//5924 4322//4322 5925//5925
f 5935//5935 5934//5934 4323//4323
f 5936//5936 5935//5935 4323//4323
f 5936//5936 4323//4323 4324//4324
f 5923//5923 4322//4322 5924//5924
f 5923//5923 4321//4321 4322//4322
f 5937//5937 5936//5936 4324//4324
f 5922//5922 4321//4321 5923//5923
f 5921//5921 4321//4321 5922//5922
f 5938//5938 5937//5937 4324//4324
f 5920//5920 4321//4321 5921//5921
f 5939//5939 5938//5938 4324//4324
f 5919//5919 4321//4321 5920//5920
f 5940//5940 5939//5939 4324//4324
f 5941//5941 5940//5940 4324//4324
f 5941//5941 4324//4324 4325//4325
f 5918//5918 4320//4320 4321//4321
f 5918//5918 4321//4321 5919//5919
f 5917//5917 4320//4320 5918//5918
f 5942//5942 5941//5941 4325//4325
f 5943//5943 5942//5942 4325//4325
f 5916//5916 4320//4320 5917//5917
f 5915//5915 4320//4320 5916//5916
f 5944//5944 5943//5943 4325//4325
f 5914//5914 4320//4320 5915//5915
f 5945//5945 5944//5944 4325//4325
f 5913//5913 4320//4320 5914//5914
f 5913//5913 4319//4319 4320//4320
f 5946//5946 4325//4325 4326//4326
f 5946//5946 5945//5945 4325//4325
f 5912//5912 4319//4319 5913//5913
f 5947//5947 5946//5946 4326//4326
f 5911//5911 4319//4319 5912//5912
f 5948//5948 5947//5947 4326//4326
f 5910//5910 4319//4319 5911//5911
f 5949//5949 5948//5948 4326//4326
f 5909//5909 4319//4319 5910//5910
f 5909//5909 4318//4318 4319//4319
f 5950//5950 5949//5949 4326//4326
f 5950//5950 4326//4326 4327//4327
f 5908//5908 4318//4318 5909//5909
f 5951//5951 5950//5950 4327//4327
f 5907//5907 4318//4318 5908//5908
f 5952//5952 5951//5951 4327//4327
f 5906//5906 4318//4318 5907//5907
f 5906//5906 4317//4317 4318//4318
f 5953//5953 5952//5952 4327//4327
f 5953//5953 4327//4327 4328//4328
f 5905//5905 4317//4317 5906//5906
f 5954//5954 5953//5953 4328//4328
f 5904//5904 4317//4317 5905//5905
f 5904//5904 4316//4316 4317//4317
f 5955//5955 5954//5954 4328//4328
f 5955//5955 4328//4328 4329//4329
f 5903//5903 4316//4316 5904//5904
f 5956//5956 5955//5955 4329//4329
f 5902//5902 4316//4316 5903//5903
f 5902//5902 4315//4315 4316//4316
f 5957//5957 5956//5956 4329//4329
f 5957//5957 4329//4329 4330//4330
f 5901//5901 4315//4315 5902//5902
f 5958//5958 5957//5957 4330//4330
f 5900//5900 4314//4314 4315//4315
f 5900//5900 4315//4315 5901//5901
f 5959//5959 5958//5958 4330//4330
f 5959//5959 4330//4330 4331//4331
f 5899//5899 4313//4313 4314//4314
f 5899//5899 4314//4314 5900//5900
f 5960//5960 4331//4331 4332//4332
f 5960//5960 5959//5959 4331//4331
f 6182//6182 5887//5887 5886//5886
f 6181//6181 5887//5887 6182//6182
f 6181//6181 5888//5888 5887//5887
f 6181//6181 5889//5889 5888//5888
f 6183//6183 6182//6182 5886//5886
f 6183//6183 5886//5886 5885//5885
f 6180//6180 5889//5889 6181//6181
f 6180//6180 5890//5890 5889//5889
f 6184//6184 6183//6183 5885//5885
f 6184//6184 5885//5885 5884//5884
f 6179//6179 5890//5890 6180//6180
f 6179//6179 5891//5891 5890//5890
f 6185//6185 6184//6184 5884//5884
f 6185//6185 5884//5884 5883//5883
f 6178//6178 5891//5891 6179//6179
f 6178//6178 5892//5892 5891//5891
f 6186//6186 6185//6185 5883//5883
f 6186//6186 5882//5882 5881//5881
f 6186//6186 5883//5883 5882//5882
f 6177//6177 5894//5894 5893//5893
f 6177//6177 5892//5892 6178//6178
f 6177//6177 5893//5893 5892//5892
f 6187//6187 6186//6186 5881//5881
f 6187//6187 5881//5881 5880//5880
f 6176//6176 5895//5895 5894//5894
f 6176//6176 5894//5894 6177//6177
f 6175//6175 5896//5896 5895//5895
f 6175//6175 5895//5895 6176//6176
f 6188//6188 6187//6187 5880//5880
f 6188//6188 5880//5880 5879//5879
f 6189//6189 6188//6188 5879//5879
f 6189//6189 5879//5879 5878//5878
f 6174//6174 5897//5897 5896//5896
f 6174//6174 5896//5896 6175//6175
f 6190//6190 6189//6189 5878//5878
f 6190//6190 5878//5878 5877//5877
f 6173//6173 5898//5898 5897//5897
f 6173//6173 5897//5897 6174//6174
f 6191//6191 5960//5960 4332//4332
f 6191//6191 5877//5877 5960//5960
f 6191//6191 6190//6190 5877//5877
f 6172//6172 5899//5899 5898//5898
f 6172//6172 5898//5898 6173//6173
f 6172//6172 4313//4313 5899//5899
f 6192//6192 6191//6191 4332//4332
f 6192//6192 4332//4332 4333//4333
f 6192//6192 4333//4333 4334//4334
f 6171//6171 4312//4312 4313//4313
f 6171//6171 4313//4313 6172//6172
f 6170//6170 4311//4311 4312//4312
f 6170//6170 4312//4312 6171//6171
f 6193//6193 6192//6192 4334//4334
f 6014//6014 4339//4339 4340//4340
f 6014//6014 6013//6013 4339//4339
f 6097//6097 4306//4306 6098//6098
f 6097//6097 4305//4305 4306//4306
f 6015//6015 6014//6014 4340//4340
f 6012//6012 4339//4339 6013//6013
f 6096//6096 4305//4305 6097//6097
f 6099//6099 6098//6098 4306//4306
f 6016//6016 6015//6015 4340//4340
f 6100//6100 4306//4306 4307//4307
f 6100//6100 6099//6099 4306//4306
f 6011//6011 4339//4339 6012//6012
f 6011//6011 4338//4338 4339//4339
f 6095//6095 4305//4305 6096//6096
f 6017//6017 6016//6016 4340//4340
f 6010//6010 4338//4338 6011//6011
f 6101//6101 6100//6100 4307//4307
f 6094//6094 4305//4305 6095//6095
f 6018//6018 6017//6017 4340//4340
f 6018//6018 4340//4340 4341//4341
f 6009//6009 4338//4338 6010//6010
f 6009//6009 4337//4337 4338//4338
f 6102//6102 6101//6101 4307//4307
f 6102//6102 4307//4307 4308//4308
f 6093//6093 4304//4304 4305//4305
f 6093//6093 4305//4305 6094//6094
f 6019//6019 6018//6018 4341//4341
f 6103//6103 6102//6102 4308//4308
f 6008//6008 4337//4337 6009//6009
f 6092//6092 4304//4304 6093//6093
f 6007//6007 4337//4337 6008//6008
f 6007//6007 4336//4336 4337//4337
f 6020//6020 6019//6019 4341//4341
f 6104//6104 4308//4308 4309//4309
f 6104//6104 6103//6103 4308//4308
f 6091//6091 4304//4304 6092//6092
f 6006//6006 4336//4336 6007//6007
f 6021//6021 6020//6020 4341//4341
f 6090//6090 4304//4304 6091//6091
f 6105//6105 6104//6104 4309//4309
f 6005//6005 4336//4336 6006//6006
f 6005//6005 4335//4335 4336//4336
f 6022//6022 6021//6021 4341//4341
f 6089//6089 4304//4304 6090//6090
f 6106//6106 4309//4309 4310//4310
f 6106//6106 6105//6105 4309//4309
f 6004//6004 4335//4335 6005//6005
f 6004//6004 6193//6193 4334//4334
f 6004//6004 4334//4334 4335//4335
f 6023//6023 4341//4341 4342//4342
f 6023//6023 6022//6022 4341//4341
f 6088//6088 4303//4303 4304//4304
f 6088//6088 4304//4304 6089//6089
f 6107//6107 4310//4310 4311//4311
f 6107//6107 6106//6106 4310//4310
f 6107//6107 4311//4311 6170//6170
f 6003//6003 6193//6193 6004//6004
f 6003//6003 6194//6194 6193//6193
f 6024//6024 6023//6023 4342//4342
f 6108//6108 6107//6107 6170//6170
f 6108//6108 6170//6170 6169//6169
f 6087//6087 4303//4303 6088//6088
f 6025//6025 6024//6024 4342//4342
f 6002//6002 6194//6194 6003//6003
f 6002//6002 6195//6195 6194//6194
f 6109//6109 6108//6108 6169//6169
f 6109//6109 6169//6169 6168//6168
f 6086//6086 4303//4303 6087//6087
f 6026//6026 6025//6025 4342//4342
f 6001//6001 6195//6195 6002//6002
f 6001//6001 6196//6196 6195//6195
f 6110//6110 6109//6109 6168//6168
f 6110//6110 6168//6168 6167//6167
f 6085//6085 4303//4303 6086//6086
f 6027//6027 6026//6026 4342//4342
f 6000//6000 6197//6197 6196//6196
f 6000//6000 6196//6196 6001//6001
f 6084//6084 4303//4303 6085//6085
f 6111//6111 6110//6110 6167//6167
f 6111//6111 6167//6167 6166//6166
f 5999//5999 6198//6198 6197//6197
f 5999//5999 6197//6197 6000//6000
f 6028//6028 6027//6027 4342//4342
f 6028//6028 4342//4342 4343//4343
f 6112//6112 6111//6111 6166//6166
f 6112//6112 6166//6166 6165//6165
f 6083//6083 4302//4302 4303//4303
f 6083//6083 4303//4303 6084//6084
f 6029//6029 6028//6028 4343//4343
f 5998//5998 6198//6198 5999//5999
f 6082//6082 4302//4302 6083//6083
f 6113//6113 6112//6112 6165//6165
f 6030//6030 6029//6029 4343//4343
f 5997//5997 6199//6199 6198//6198
f 5997//5997 6198//6198 5998//5998
f 6081//6081 4302//4302 6082//6082
f 6114//6114 6113//6113 6165//6165
f 6114//6114 6165//6165 6164//6164
f 6031//6031 6030//6030 4343//4343
f 5996//5996 6200//6200 6199//6199
f 5996//5996 6199//6199 5997//5997
f 6080//6080 4302//4302 6081//6081
f 6115//6115 6114//6114 6164//6164
f 6115//6115 6164//6164 6163//6163
f 5995//5995 6201//6201 6200//6200
f 5995//5995 6200//6200 5996//5996
f 6032//6032 6031//6031 4343//4343
f 6116//6116 6163//6163 6162//6162
f 6116//6116 6115//6115 6163//6163
f 6079//6079 4302//4302 6080//6080
f 5994//5994 6202//6202 6201//6201
f 5994//5994 6201//6201 5995//5995
f 6033//6033 6032//6032 4343//4343
f 6078//6078 4302//4302 6079//6079
f 6117//6117 6162//6162 6161//6161
f 6117//6117 6116//6116 6162//6162
f 5993//5993 6202//6202 5994//5994
f 6077//6077 4302//4302 6078//6078
f 6034//6034 6033//6033 4343//4343
f 6118//6118 6117//6117 6161//6161
f 6160//6160 6118//6118 6161//6161
f 6160//6160 6119//6119 6118//6118
f 6160//6160 6120//6120 6119//6119
f 6203//6203 5992//5992 5991//5991
f 6203//6203 5993//5993 5992//5992
f 6203//6203 6202//6202 5993//5993
f 6159//6159 6121//6121 6120//6120
f 6159//6159 6120//6120 6160//6160
f 6204//6204 6203//6203 5991//5991
f 6204//6204 5991//5991 5990//5990
f 6158//6158 6121//6121 6159//6159
f 6158//6158 6122//6122 6121//6121
f 6205//6205 6204//6204 5990//5990
f 6205//6205 5990//5990 5989//5989
f 6157//6157 6123//6123 6122//6122
f 6157//6157 6122//6122 6158//6158
f 6206//6206 5989//5989 5988//5988
f 6206//6206 6205//6205 5989//5989
f 6156//6156 6123//6123 6157//6157
f 6156//6156 6124//6124 6123//6123
f 6156//6156 6125//6125 6124//6124
f 6207//6207 6206//6206 5988//5988
f 6207//6207 5987//5987 5986//5986
f 6207//6207 5988//5988 5987//5987
f 4301//4301 6071//6071 6070//6070
f 4301//4301 6072//6072 6071//6071
f 4301//4301 6073//6073 6072//6072
f 4301//4301 6074//6074 6073//6073
f 4301//4301 6075//6075 6074//6074
f 4301//4301 6076//6076 6075//6075
f 4301//4301 6077//6077 6076//6076
f 4301//4301 4302//4302 6077//6077
f 4344//4344 6035//6035 6034//6034
f 4344//4344 6036//6036 6035//6035
f 4344//4344 6037//6037 6036//6036
f 4344//4344 6038//6038 6037//6037
f 4344//4344 6039//6039 6038//6038
f 4344//4344 6040//6040 6039//6039
f 4344//4344 6041//6041 6040//6040
f 4344//4344 6034//6034 4343//4343
f 6155//6155 6126//6126 6125//6125
f 6155//6155 6125//6125 6156//6156
f 6208//6208 6207//6207 5986//5986
f 6208//6208 5986//5986 5985//5985
f 6154//6154 6127//6127 6126//6126
f 6154//6154 6126//6126 6155//6155
f 6209//6209 5985//5985 5984//5984
f 6209//6209 6208//6208 5985//5985
f 6153//6153 6127//6127 6154//6154
f 6153//6153 6128//6128 6127//6127
f 6210//6210 6209//6209 5984//5984
f 6210//6210 5984//5984 5983//5983
f 6152//6152 6045//6045 6128//6128
f 6152//6152 6128//6128 6153//6153
f 6211//6211 6210//6210 5983//5983
f 6211//6211 5983//5983 5982//5982
f 6151//6151 6045//6045 6152//6152
f 6151//6151 6046//6046 6045//6045
f 6212//6212 6211//6211 5982//5982
f 6212//6212 5982//5982 5981//5981
f 4300//4300 6066//6066 6065//6065
f 4300//4300 6067//6067 6066//6066
f 4300//4300 6068//6068 6067//6067
f 4300//4300 6069//6069 6068//6068
f 4300//4300 6070//6070 6069//6069
f 4300//4300 4301//4301 6070//6070
f 4345//4345 6041//6041 4344//4344
f 4345//4345 6042//6042 6041//6041
f 4345//4345 6043//6043 6042//6042
f 4345//4345 6044//6044 6043//6043
f 4345//4345 5961//5961 6044//6044
f 4345//4345 5962//5962 5961//5961
f 4299//4299 6061//6061 6060//6060
f 4299//4299 6062//6062 6061//6061
f 4299//4299 6063//6063 6062//6062
f 4299//4299 6064//6064 6063//6063
f 4299//4299 6065//6065 6064//6064
f 4299//4299 4300//4300 6065//6065
f 4346//4346 5963//5963 5962//5962
f 4346//4346 5964//5964 5963//5963
f 4346//4346 5965//5965 5964//5964
f 4346//4346 5966//5966 5965//5965
f 4346//4346 5967//5967 5966//5966
f 4346//4346 5962//5962 4345//4345
f 4298//4298 4299//4299 6060//6060
f 4298//4298 6057//6057 6056//6056
f 4298//4298 6058//6058 6057//6057
f 4298//4298 6059//6059 6058//6058
f 4298//4298 6060//6060 6059//6059
f 4347//4347 5968//5968 5967//5967
f 4347//4347 5969//5969 5968//5968
f 4347//4347 5970//5970 5969//5969
f 4347//4347 5971//5971 5970//5970
f 4347//4347 5967//5967 4346//4346
f 4297//4297 4298//4298 6056//6056
f 4297//4297 6054//6054 6053//6053
f 4297//4297 6055//6055 6054//6054
f 4297//4297 6056//6056 6055//6055
f 4348//4348 5971//5971 4347//4347
f 4348//4348 5972//5972 5971//5971
f 4348//4348 5973//5973 5972//5972
f 4348//4348 5974//5974 5973//5973
f 4296//4296 4297//4297 6053//6053
f 4296//4296 6052//6052 6051//6051
f 4296//4296 6053//6053 6052//6052
f 4349//4349 5974//5974 4348//4348
f 4349//4349 5975//5975 5974//5974
f 4349//4349 5976//5976 5975//5975
f 4295//4295 6050//6050 6049//6049
f 4295//4295 6051//6051 6050//6050
f 4295//4295 4296//4296 6051//6051
f 4350//4350 5976//5976 4349//4349
f 4350//4350 5977//5977 5976//5976
f 4350//4350 5978//5978 5977//5977
f 4294//4294 6048//6048 6047//6047
f 4294//4294 6049//6049 6048//6048
f 4294//4294 4295//4295 6049//6049
f 4351//4351 5978//5978 4350//4350
f 4351//4351 5979//5979 5978//5978
f 4351//4351 5980//5980 5979//5979
f 4293//4293 4294//4294 6047//6047
f 4293//4293 6047//6047 6046//6046
f 4352//4352 5980//5980 4351//4351
f 4352//4352 5981//5981 5980//5980
f 4292//4292 6046//6046 6151//6151
f 4292//4292 4293//4293 6046//6046
f 4353//4353 6212//6212 5981//5981
f 4353//4353 6129//6129 6212//6212
f 4353//4353 5981//5981 4352//4352
f 4291//4291 6151//6151 6150//6150
f 4291//4291 4292//4292 6151//6151
f 4270//4270 6130//6130 6129//6129
f 4270//4270 6129//6129 4353//4353
f 6265//6265 6140//6140 6139//6139
f 6265//6265 6139//6139 6266//6266
f 6267//6267 6139//6139 6138//6138
f 6267//6267 6266//6266 6139//6139
f 6264//6264 6141//6141 6140//6140
f 6264//6264 6140//6140 6265//6265
f 6263//6263 6142//6142 6141//6141
f 6263//6263 6141//6141 6264//6264
f 6268//6268 6138//6138 6137//6137
f 6268//6268 6267//6267 6138//6138
f 6262//6262 6142//6142 6263//6263
f 6262//6262 6143//6143 6142//6142
f 6269//6269 6137//6137 6136//6136
f 6269//6269 6268//6268 6137//6137
f 6270//6270 6269//6269 6136//6136
f 6270//6270 6136//6136 6135//6135
f 6261//6261 6144//6144 6143//6143
f 6261//6261 6143//6143 6262//6262
f 6260//6260 6144//6144 6261//6261
f 6271//6271 6270//6270 6135//6135
f 6272//6272 6271//6271 6135//6135
f 6272//6272 6135//6135 6134//6134
f 6259//6259 6144//6144 6260//6260
f 6259//6259 6145//6145 6144//6144
f 6258//6258 6145//6145 6259//6259
f 6258//6258 6146//6146 6145//6145
f 6273//6273 6272//6272 6134//6134
f 6273//6273 6134//6134 6133//6133
f 6257//6257 6146//6146 6258//6258
f 6257//6257 6147//6147 6146//6146
f 6274//6274 6273//6273 6133//6133
f 6274//6274 6133//6133 6132//6132
f 6256//6256 6147//6147 6257//6257
f 6256//6256 6148//6148 6147//6147
f 6275//6275 6274//6274 6132//6132
f 6275//6275 6132//6132 6131//6131
f 6276//6276 6275//6275 6131//6131
f 6276//6276 6131//6131 6130//6130
f 6255//6255 6148//6148 6256//6256
f 6255//6255 6149//6149 6148//6148
f 6254//6254 6149//6149 6255//6255
f 6277//6277 6276//6276 6130//6130
f 4290//4290 6149//6149 6254//6254
f 4290//4290 6150//6150 6149//6149
f 4290//4290 4291//4291 6150//6150
f 4271//4271 6277//6277 6130//6130
f 4271//4271 6130//6130 4270//4270
f 4289//4289 6254//6254 6253//6253
f 4289//4289 4290//4290 6254//6254
f 4272//4272 6278//6278 6277//6277
f 4272//4272 6277//6277 4271//4271
f 4288//4288 6252//6252 6251//6251
f 4288//4288 6253//6253 6252//6252
f 4288//4288 4289//4289 6253//6253
f 4273//4273 6278//6278 4272//4272
f 4273//4273 6279//6279 6278//6278
f 4273//4273 6280//6280 6279//6279
f 4274//4274 6280//6280 4273//4273
f 4274//4274 6281//6281 6280//6280
f 4274//4274 6282//6282 6281//6281
f 4287//4287 6250//6250 6249//6249
f 4287//4287 6251//6251 6250//6250
f 4287//4287 4288//4288 6251//6251
f 4286//4286 4287//4287 6249//6249
f 4286//4286 6248//6248 6247//6247
f 4286//4286 6249//6249 6248//6248
f 4275//4275 6282//6282 4274//4274
f 4275//4275 6283//6283 6282//6282
f 4275//4275 6284//6284 6283//6283
f 4285//4285 4286//4286 6247//6247
f 4285//4285 6245//6245 6244//6244
f 4285//4285 6246//6246 6245//6245
f 4285//4285 6247//6247 6246//6246
f 4276//4276 6284//6284 4275//4275
f 4276//4276 6285//6285 6284//6284
f 4276//4276 6286//6286 6285//6285
f 4276//4276 6287//6287 6286//6286
f 4277//4277 6287//6287 4276//4276
f 4277//4277 6288//6288 6287//6287
f 4277//4277 6289//6289 6288//6288
f 4277//4277 6290//6290 6289//6289
f 4277//4277 6291//6291 6290//6290
f 4284//4284 6241//6241 6240//6240
f 4284//4284 4285//4285 6244//6244
f 4284//4284 6242//6242 6241//6241
f 4284//4284 6243//6243 6242//6242
f 4284//4284 6244//6244 6243//6243
f 4278//4278 6291//6291 4277//4277
f 4278//4278 6292//6292 6291//6291
f 4278//4278 6293//6293 6292//6292
f 4278//4278 6294//6294 6293//6293
f 4278//4278 6295//6295 6294//6294
f 4278//4278 6296//6296 6295//6295
f 4283//4283 6236//6236 6235//6235
f 4283//4283 6237//6237 6236//6236
f 4283//4283 6238//6238 6237//6237
f 4283//4283 6239//6239 6238//6238
f 4283//4283 6240//6240 6239//6239
f 4283//4283 4284//4284 6240//6240
f 4279//4279 6214//6214 6213//6213
f 4279//4279 6215//6215 6214//6214
f 4279//4279 6216//6216 6215//6215
f 4279//4279 6217//6217 6216//6216
f 4279//4279 6296//6296 4278//4278
f 4279//4279 6213//6213 6296//6296
f 4282//4282 4283//4283 6235//6235
f 4282//4282 6231//6231 6230//6230
f 4282//4282 6232//6232 6231//6231
f 4282//4282 6233//6233 6232//6232
f 4282//4282 6234//6234 6233//6233
f 4282//4282 6235//6235 6234//6234
f 4280//4280 6218//6218 6217//6217
f 4280//4280 6219//6219 6218//6218
f 4280//4280 6220//6220 6219//6219
f 4280//4280 6221//6221 6220//6220
f 4280//4280 6217//6217 4279//4279
f 4280//4280 6222//6222 6221//6221
f 4280//4280 6223//6223 6222//6222
f 4280//4280 6224//6224 6223//6223
f 4281//4281 6225//6225 6224//6224
f 4281//4281 6226//6226 6225//6225
f 4281//4281 6227//6227 6226//6226
f 4281//4281 6228//6228 6227//6227
f 4281//4281 4282//4282 6230//6230
f 4281//4281 6229//6229 6228//6228
f 4281//4281 6230//6230 6229//6229
f 4281//4281 6224//6224 4280//4280
f 5878//5878 4505//4505 5877//5877
f 5878//5878 4506//4506 4505//4505
f 5879//5879 4506//4506 5878//5878
f 5879//5879 4507//4507 4506//4506
f 5879//5879 4508//4508 4507//4507
f 5880//5880 4508//4508 5879//5879
f 5881//5881 4508//4508 5880//5880
f 5881//5881 4509//4509 4508//4508
f 5881//5881 4510//4510 4509//4509
f 5882//5882 4511//4511 4510//4510
f 5882//5882 4510//4510 5881//5881
f 5883//5883 4511//4511 5882//5882
f 5884//5884 4512//4512 4511//4511
f 5884//5884 4511//4511 5883//5883
f 5885//5885 4512//4512 5884//5884
f 5885//5885 4513//4513 4512//4512
f 5885//5885 4514//4514 4513//4513
f 5886//5886 4514//4514 5885//5885
f 5887//5887 4514//4514 5886//5886
f 5887//5887 4515//4515 4514//4514
f 5888//5888 4515//4515 5887//5887
f 5888//5888 4516//4516 4515//4515
f 5889//5889 4516//4516 5888//5888
f 5889//5889 4517//4517 4516//4516
f 5890//5890 4517//4517 5889//5889
f 5890//5890 4518//4518 4517//4517
f 5891//5891 4518//4518 5890//5890
f 5891//5891 4519//4519 4518//4518
f 5892//5892 4519//4519 5891//5891
f 5892//5892 4520//4520 4519//4519
f 5893//5893 4521//4521 4520//4520
f 5893//5893 4522//4522 4521//4521
f 5893//5893 4520//4520 5892//5892
f 5894//5894 4522//4522 5893//5893
f 5895//5895 4523//4523 4522//4522
f 5895//5895 4524//4524 4523//4523
f 5895//5895 4522//4522 5894//5894
f 5896//5896 4524//4524 5895//5895
f 5897//5897 4525//4525 4524//4524
f 5897//5897 4524//4524 5896//5896
f 5898//5898 4526//4526 4525//4525
f 5898//5898 4525//4525 5897//5897
f 5899//5899 4527//4527 4526//4526
f 5899//5899 4528//4528 4527//4527
f 5899//5899 4526//4526 5898//5898
f 5900//5900 4529//4529 4528//4528
f 5900//5900 4528//4528 5899//5899
f 5901//5901 4529//4529 5900//5900
f 5902//5902 4530//4530 4529//4529
f 5902//5902 4531//4531 4530//4530
f 5902//5902 4529//4529 5901//5901
f 5903//5903 4531//4531 5902//5902
f 5904//5904 4532//4532 4531//4531
f 5904//5904 4533//4533 4532//4532
f 5904//5904 4531//4531 5903//5903
f 5905//5905 4533//4533 5904//5904
f 5906//5906 4534//4534 4533//4533
f 5906//5906 4535//4535 4534//4534
f 5906//5906 4533//4533 5905//5905
f 5907//5907 4535//4535 5906//5906
f 5908//5908 4536//4536 4535//4535
f 5908//5908 4535//4535 5907//5907
f 5909//5909 4536//4536 5908//5908
f 5909//5909 4537//4537 4536//4536
f 5909//5909 4538//4538 4537//4537
f 5910//5910 4538//4538 5909//5909
f 5910//5910 4539//4539 4538//4538
f 5911//5911 4539//4539 5910//5910
f 5912//5912 4539//4539 5911//5911
f 5912//5912 4540//4540 4539//4539
f 5912//5912 4541//4541 4540//4540
f 5913//5913 4541//4541 5912//5912
f 5914//5914 4542//4542 4541//4541
f 5914//5914 4541//4541 5913//5913
f 5915//5915 4543//4543 4542//4542
f 5915//5915 4542//4542 5914//5914
f 5916//5916 4544//4544 4543//4543
f 5916//5916 4543//4543 5915//5915
f 5917//5917 4545//4545 4544//4544
f 5917//5917 4544//4544 5916//5916
f 5918//5918 4546//4546 4545//4545
f 5918//5918 4545//4545 5917//5917
f 5919//5919 4547//4547 4546//4546
f 5919//5919 4546//4546 5918//5918
f 5920//5920 4548//4548 4547//4547
f 5920//5920 4547//4547 5919//5919
f 5921//5921 4549//4549 4548//4548
f 5921//5921 4550//4550 4549//4549
f 5921//5921 4548//4548 5920//5920
f 5922//5922 4550//4550 5921//5921
f 5923//5923 4551//4551 4550//4550
f 5923//5923 4550//4550 5922//5922
f 5924//5924 4552//4552 4551//4551
f 5924//5924 4551//4551 5923//5923
f 5925//5925 4553//4553 4552//4552
f 5925//5925 4552//4552 5924//5924
f 5926//5926 4554//4554 4553//4553
f 5926//5926 4553//4553 5925//5925
f 5927//5927 4555//4555 4554//4554
f 5927//5927 4554//4554 5926//5926
f 5928//5928 4556//4556 4555//4555
f 5928//5928 4555//4555 5927//5927
f 5929//5929 4557//4557 4556//4556
f 5929//5929 4556//4556 5928//5928
f 5930//5930 4558//4558 4557//4557
f 5930//5930 4557//4557 5929//5929
f 5931//5931 4559//4559 4558//4558
f 5931//5931 4560//4560 4559//4559
f 5931//5931 4558//4558 5930//5930
f 5932//5932 4560//4560 5931//5931
f 5933//5933 4561//4561 4560//4560
f 5933//5933 4560//4560 5932//5932
f 5934//5934 4562//4562 4561//4561
f 5934//5934 4561//4561 5933//5933
f 5935//5935 4562//4562 5934//5934
f 5935//5935 4563//4563 4562//4562
f 5936//5936 4563//4563 5935//5935
f 5936//5936 4564//4564 4563//4563
f 5937//5937 4564//4564 5936//5936
f 5937//5937 4565//4565 4564//4564
f 5938//5938 4565//4565 5937//5937
f 5938//5938 4566//4566 4565//4565
f 5939//5939 4566//4566 5938//5938
f 5939//5939 4567//4567 4566//4566
f 5940//5940 4567//4567 5939//5939
f 5940//5940 4568//4568 4567//4567
f 5941//5941 4568//4568 5940//5940
f 5941//5941 4569//4569 4568//4568
f 5942//5942 4569//4569 5941//5941
f 5942//5942 4570//4570 4569//4569
f 5943//5943 4570//4570 5942//5942
f 5943//5943 4571//4571 4570//4570
f 5944//5944 4571//4571 5943//5943
f 5944//5944 4572//4572 4571//4571
f 5945//5945 4572//4572 5944//5944
f 5945//5945 4573//4573 4572//4572
f 5946//5946 4573//4573 5945//5945
f 5946//5946 4574//4574 4573//4573
f 5947//5947 4574//4574 5946//5946
f 5947//5947 4575//4575 4574//4574
f 5948//5948 4575//4575 5947//5947
f 5948//5948 4576//4576 4575//4575
f 5949//5949 4577//4577 4576//4576
f 5949//5949 4576//4576 5948//5948
f 5950//5950 4578//4578 4577//4577
f 5950//5950 4577//4577 5949//5949
f 5951//5951 4579//4579 4578//4578
f 5951//5951 4578//4578 5950//5950
f 5952//5952 4580//4580 4579//4579
f 5952//5952 4579//4579 5951//5951
f 5953//5953 4581//4581 4580//4580
f 5953//5953 4580//4580 5952//5952
f 5954//5954 4582//4582 4581//4581
f 5954//5954 4581//4581 5953//5953
f 5955//5955 4583//4583 4582//4582
f 5955//5955 4582//4582 5954//5954
f 5956//5956 4584//4584 4583//4583
f 5956//5956 4583//4583 5955//5955
f 5957//5957 4585//4585 4584//4584
f 5957//5957 4584//4584 5956//5956
f 5958//5958 4586//4586 4585//4585
f 5958//5958 4585//4585 5957//5957
f 5959//5959 4587//4587 4586//4586
f 5959//5959 4586//4586 5958//5958
f 5960//5960 4587//4587 5959//5959
f 5960//5960 4588//4588 4587//4587
f 5877//5877 4588//4588 5960//5960
f 5877//5877 4505//4505 4588//4588
f 5962//5962 4589//4589 5961//5961
f 5962//5962 4590//4590 4589//4589
f 5963//5963 4590//4590 5962//5962
f 5963//5963 4591//4591 4590//4590
f 5963//5963 4592//4592 4591//4591
f 5964//5964 4592//4592 5963//5963
f 5965//5965 4592//4592 5964//5964
f 5965//5965 4593//4593 4592//4592
f 5965//5965 4594//4594 4593//4593
f 5966//5966 4595//4595 4594//4594
f 5966//5966 4594//4594 5965//5965
f 5967//5967 4595//4595 5966//5966
f 5968//5968 4596//4596 4595//4595
f 5968//5968 4595//4595 5967//5967
f 5969//5969 4596//4596 5968//5968
f 5969//5969 4597//4597 4596//4596
f 5969//5969 4598//4598 4597//4597
f 5970//5970 4598//4598 5969//5969
f 5971//5971 4598//4598 5970//5970
f 5971//5971 4599//4599 4598//4598
f 5972//5972 4599//4599 5971//5971
f 5972//5972 4600//4600 4599//4599
f 5973//5973 4600//4600 5972//5972
f 5973//5973 4601//4601 4600//4600
f 5974//5974 4601//4601 5973//5973
f 5974//5974 4602//4602 4601//4601
f 5975//5975 4602//4602 5974//5974
f 5975//5975 4603//4603 4602//4602
f 5976//5976 4603//4603 5975//5975
f 5976//5976 4604//4604 4603//4603
f 5977//5977 4605//4605 4604//4604
f 5977//5977 4606//4606 4605//4605
f 5977//5977 4604//4604 5976//5976
f 5978//5978 4606//4606 5977//5977
f 5979//5979 4607//4607 4606//4606
f 5979//5979 4608//4608 4607//4607
f 5979//5979 4606//4606 5978//5978
f 5980//5980 4608//4608 5979//5979
f 5981//5981 4609//4609 4608//4608
f 5981//5981 4608//4608 5980//5980
f 5982//5982 4610//4610 4609//4609
f 5982//5982 4609//4609 5981//5981
f 5983//5983 4611//4611 4610//4610
f 5983//5983 4612//4612 4611//4611
f 5983//5983 4610//4610 5982//5982
f 5984//5984 4613//4613 4612//4612
f 5984//5984 4612//4612 5983//5983
f 5985//5985 4613//4613 5984//5984
f 5986//5986 4614//4614 4613//4613
f 5986//5986 4615//4615 4614//4614
f 5986//5986 4613//4613 5985//5985
f 5987//5987 4615//4615 5986//5986
f 5988//5988 4616//4616 4615//4615
f 5988//5988 4617//4617 4616//4616
f 5988//5988 4615//4615 5987//5987
f 5989//5989 4617//4617 5988//5988
f 5990//5990 4618//4618 4617//4617
f 5990//5990 4619//4619 4618//4618
f 5990//5990 4617//4617 5989//5989
f 5991//5991 4619//4619 5990//5990
f 5992//5992 4620//4620 4619//4619
f 5992//5992 4619//4619 5991//5991
f 5993//5993 4620//4620 5992//5992
f 5993//5993 4621//4621 4620//4620
f 5993//5993 4622//4622 4621//4621
f 5994//5994 4622//4622 5993//5993
f 5994//5994 4623//4623 4622//4622
f 5995//5995 4623//4623 5994//5994
f 5996//5996 4623//4623 5995//5995
f 5996//5996 4624//4624 4623//4623
f 5996//5996 4625//4625 4624//4624
f 5997//5997 4625//4625 5996//5996
f 5998//5998 4626//4626 4625//4625
f 5998//5998 4625//4625 5997//5997
f 5999//5999 4627//4627 4626//4626
f 5999//5999 4626//4626 5998//5998
f 6000//6000 4628//4628 4627//4627
f 6000//6000 4627//4627 5999//5999
f 6001//6001 4629//4629 4628//4628
f 6001//6001 4628//4628 6000//6000
f 6002//6002 4630//4630 4629//4629
f 6002//6002 4629//4629 6001//6001
f 6003//6003 4631//4631 4630//4630
f 6003//6003 4630//4630 6002//6002
f 6004//6004 4632//4632 4631//4631
f 6004//6004 4631//4631 6003//6003
f 6005//6005 4633//4633 4632//4632
f 6005//6005 4634//4634 4633//4633
f 6005//6005 4632//4632 6004//6004
f 6006//6006 4634//4634 6005//6005
f 6007//6007 4635//4635 4634//4634
f 6007//6007 4634//4634 6006//6006
f 6008//6008 4636//4636 4635//4635
f 6008//6008 4635//4635 6007//6007
f 6009//6009 4637//4637 4636//4636
f 6009//6009 4636//4636 6008//6008
f 6010//6010 4638//4638 4637//4637
f 6010//6010 4637//4637 6009//6009
f 6011//6011 4639//4639 4638//4638
f 6011//6011 4638//4638 6010//6010
f 6012//6012 4640//4640 4639//4639
f 6012//6012 4639//4639 6011//6011
f 6013//6013 4641//4641 4640//4640
f 6013//6013 4640//4640 6012//6012
f 6014//6014 4642//4642 4641//4641
f 6014//6014 4641//4641 6013//6013
f 6015//6015 4643//4643 4642//4642
f 6015//6015 4644//4644 4643//4643
f 6015//6015 4642//4642 6014//6014
f 6016//6016 4644//4644 6015//6015
f 6017//6017 4645//4645 4644//4644
f 6017//6017 4644//4644 6016//6016
f 6018//6018 4646//4646 4645//4645
f 6018//6018 4645//4645 6017//6017
f 6019//6019 4646//4646 6018//6018
f 6019//6019 4647//4647 4646//4646
f 6020//6020 4647//4647 6019//6019
f 6020//6020 4648//4648 4647//4647
f 6021//6021 4648//4648 6020//6020
f 6021//6021 4649//4649 4648//4648
f 6022//6022 4649//4649 6021//6021
f 6022//6022 4650//4650 4649//4649
f 6023//6023 4650//4650 6022//6022
f 6023//6023 4651//4651 4650//4650
f 6024//6024 4651//4651 6023//6023
f 6024//6024 4652//4652 4651//4651
f 6025//6025 4652//4652 6024//6024
f 6025//6025 4653//4653 4652//4652
f 6026//6026 4653//4653 6025//6025
f 6026//6026 4654//4654 4653//4653
f 6027//6027 4654//4654 6026//6026
f 6027//6027 4655//4655 4654//4654
f 6028//6028 4655//4655 6027//6027
f 6028//6028 4656//4656 4655//4655
f 6029//6029 4656//4656 6028//6028
f 6029//6029 4657//4657 4656//4656
f 6030//6030 4657//4657 6029//6029
f 6030//6030 4658//4658 4657//4657
f 6031//6031 4658//4658 6030//6030
f 6031//6031 4659//4659 4658//4658
f 6032//6032 4659//4659 6031//6031
f 6032//6032 4660//4660 4659//4659
f 6033//6033 4661//4661 4660//4660
f 6033//6033 4660//4660 6032//6032
f 6034//6034 4662//4662 4661//4661
f 6034//6034 4661//4661 6033//6033
f 6035//6035 4663//4663 4662//4662
f 6035//6035 4662//4662 6034//6034
f 6036//6036 4664//4664 4663//4663
f 6036//6036 4663//4663 6035//6035
f 6037//6037 4665//4665 4664//4664
f 6037//6037 4664//4664 6036//6036
f 6038//6038 4666//4666 4665//4665
f 6038//6038 4665//4665 6037//6037
f 6039//6039 4667//4667 4666//4666
f 6039//6039 4666//4666 6038//6038
f 6040//6040 4668//4668 4667//4667
f 6040//6040 4667//4667 6039//6039
f 6041//6041 4669//4669 4668//4668
f 6041//6041 4668//4668 6040//6040
f 6042//6042 4670//4670 4669//4669
f 6042//6042 4669//4669 6041//6041
f 6043//6043 4671//4671 4670//4670
f 6043//6043 4670//4670 6042//6042
f 6044//6044 4671//4671 6043//6043
f 6044//6044 4672//4672 4671//4671
f 5961//5961 4672//4672 6044//6044
f 5961//5961 4589//4589 4672//4672
f 6046//6046 4673//4673 6045//6045
f 6046//6046 4674//4674 4673//4673
f 6047//6047 4674//4674 6046//6046
f 6047//6047 4675//4675 4674//4674
f 6047//6047 4676//4676 4675//4675
f 6048//6048 4676//4676 6047//6047
f 6049//6049 4676//4676 6048//6048
f 6049//6049 4677//4677 4676//4676
f 6049//6049 4678//4678 4677//4677
f 6050//6050 4679//4679 4678//4678
f 6050//6050 4678//4678 6049//6049
f 6051//6051 4679//4679 6050//6050
f 6052//6052 4680//4680 4679//4679
f 6052//6052 4679//4679 6051//6051
f 6053//6053 4680//4680 6052//6052
f 6053//6053 4681//4681 4680//4680
f 6053//6053 4682//4682 4681//4681
f 6054//6054 4682//4682 6053//6053
f 6055//6055 4682//4682 6054//6054
f 6055//6055 4683//4683 4682//4682
f 6056//6056 4683//4683 6055//6055
f 6056//6056 4684//4684 4683//4683
f 6057//6057 4684//4684 6056//6056
f 6057//6057 4685//4685 4684//4684
f 6058//6058 4685//4685 6057//6057
f 6058//6058 4686//4686 4685//4685
f 6059//6059 4686//4686 6058//6058
f 6059//6059 4687//4687 4686//4686
f 6060//6060 4687//4687 6059//6059
f 6060//6060 4688//4688 4687//4687
f 6061//6061 4689//4689 4688//4688
f 6061//6061 4690//4690 4689//4689
f 6061//6061 4688//4688 6060//6060
f 6062//6062 4690//4690 6061//6061
f 6063//6063 4691//4691 4690//4690
f 6063//6063 4692//4692 4691//4691
f 6063//6063 4690//4690 6062//6062
f 6064//6064 4692//4692 6063//6063
f 6065//6065 4693//4693 4692//4692
f 6065//6065 4692//4692 6064//6064
f 6066//6066 4694//4694 4693//4693
f 6066//6066 4693//4693 6065//6065
f 6067//6067 4695//4695 4694//4694
f 6067//6067 4696//4696 4695//4695
f 6067//6067 4694//4694 6066//6066
f 6068//6068 4697//4697 4696//4696
f 6068//6068 4696//4696 6067//6067
f 6069//6069 4697//4697 6068//6068
f 6070//6070 4698//4698 4697//4697
f 6070//6070 4699//4699 4698//4698
f 6070//6070 4697//4697 6069//6069
f 6071//6071 4699//4699 6070//6070
f 6072//6072 4700//4700 4699//4699
f 6072//6072 4701//4701 4700//4700
f 6072//6072 4699//4699 6071//6071
f 6073//6073 4701//4701 6072//6072
f 6074//6074 4702//4702 4701//4701
f 6074//6074 4703//4703 4702//4702
f 6074//6074 4701//4701 6073//6073
f 6075//6075 4703//4703 6074//6074
f 6076//6076 4704//4704 4703//4703
f 6076//6076 4703//4703 6075//6075
f 6077//6077 4704//4704 6076//6076
f 6077//6077 4705//4705 4704//4704
f 6077//6077 4706//4706 4705//4705
f 6078//6078 4706//4706 6077//6077
f 6078//6078 4707//4707 4706//4706
f 6079//6079 4707//4707 6078//6078
f 6080//6080 4707//4707 6079//6079
f 6080//6080 4708//4708 4707//4707
f 6080//6080 4709//4709 4708//4708
f 6081//6081 4709//4709 6080//6080
f 6082//6082 4710//4710 4709//4709
f 6082//6082 4709//4709 6081//6081
f 6083//6083 4711//4711 4710//4710
f 6083//6083 4710//4710 6082//6082
f 6084//6084 4712//4712 4711//4711
f 6084//6084 4711//4711 6083//6083
f 6085//6085 4713//4713 4712//4712
f 6085//6085 4712//4712 6084//6084
f 6086//6086 4714//4714 4713//4713
f 6086//6086 4713//4713 6085//6085
f 6087//6087 4715//4715 4714//4714
f 6087//6087 4714//4714 6086//6086
f 6088//6088 4716//4716 4715//4715
f 6088//6088 4715//4715 6087//6087
f 6089//6089 4717//4717 4716//4716
f 6089//6089 4718//4718 4717//4717
f 6089//6089 4716//4716 6088//6088
f 6090//6090 4718//4718 6089//6089
f 6091//6091 4719//4719 4718//4718
f 6091//6091 4718//4718 6090//6090
f 6092//6092 4720//4720 4719//4719
f 6092//6092 4719//4719 6091//6091
f 6093//6093 4721//4721 4720//4720
f 6093//6093 4720//4720 6092//6092
f 6094//6094 4722//4722 4721//4721
f 6094//6094 4721//4721 6093//6093
f 6095//6095 4723//4723 4722//4722
f 6095//6095 4722//4722 6094//6094
f 6096//6096 4724//4724 4723//4723
f 6096//6096 4723//4723 6095//6095
f 6097//6097 4725//4725 4724//4724
f 6097//6097 4724//4724 6096//6096
f 6098//6098 4726//4726 4725//4725
f 6098//6098 4725//4725 6097//6097
f 6099//6099 4727//4727 4726//4726
f 6099//6099 4728//4728 4727//4727
f 6099//6099 4726//4726 6098//6098
f 6100//6100 4728//4728 6099//6099
f 6101//6101 4729//4729 4728//4728
f 6101//6101 4728//4728 6100//6100
f 6102//6102 4730//4730 4729//4729
f 6102//6102 4729//4729 6101//6101
f 6103//6103 4730//4730 6102//6102
f 6103//6103 4731//4731 4730//4730
f 6104//6104 4731//4731 6103//6103
f 6104//6104 4732//4732 4731//4731
f 6105//6105 4732//4732 6104//6104
f 6105//6105 4733//4733 4732//4732
f 6106//6106 4733//4733 6105//6105
f 6106//6106 4734//4734 4733//4733
f 6107//6107 4734//4734 6106//6106
f 6107//6107 4735//4735 4734//4734
f 6108//6108 4735//4735 6107//6107
f 6108//6108 4736//4736 4735//4735
f 6109//6109 4736//4736 6108//6108
f 6109//6109 4737//4737 4736//4736
f 6110//6110 4737//4737 6109//6109
f 6110//6110 4738//4738 4737//4737
f 6111//6111 4738//4738 6110//6110
f 6111//6111 4739//4739 4738//4738
f 6112//6112 4739//4739 6111//6111
f 6112//6112 4740//4740 4739//4739
f 6113//6113 4740//4740 6112//6112
f 6113//6113 4741//4741 4740//4740
f 6114//6114 4741//4741 6113//6113
f 6114//6114 4742//4742 4741//4741
f 6115//6115 4742//4742 6114//6114
f 6115//6115 4743//4743 4742//4742
f 6116//6116 4743//4743 6115//6115
f 6116//6116 4744//4744 4743//4743
f 6117//6117 4745//4745 4744//4744
f 6117//6117 4744//4744 6116//6116
f 6118//6118 4746//4746 4745//4745
f 6118//6118 4745//4745 6117//6117
f 6119//6119 4747//4747 4746//4746
f 6119//6119 4746//4746 6118//6118
f 6120//6120 4748//4748 4747//4747
f 6120//6120 4747//4747 6119//6119
f 6121//6121 4749//4749 4748//4748
f 6121//6121 4748//4748 6120//6120
f 6122//6122 4750//4750 4749//4749
f 6122//6122 4749//4749 6121//6121
f 6123//6123 4751//4751 4750//4750
f 6123//6123 4750//4750 6122//6122
f 6124//6124 4752//4752 4751//4751
f 6124//6124 4751//4751 6123//6123
f 6125//6125 4753//4753 4752//4752
f 6125//6125 4752//4752 6124//6124
f 6126//6126 4754//4754 4753//4753
f 6126//6126 4753//4753 6125//6125
f 6127//6127 4755//4755 4754//4754
f 6127//6127 4754//4754 6126//6126
f 6128//6128 4755//4755 6127//6127
f 6128//6128 4756//4756 4755//4755
f 6045//6045 4756//4756 6128//6128
f 6045//6045 4673//4673 4756//4756
f 4758//4758 4757//4757 6129//6129
f 4758//4758 6129//6129 6130//6130
f 4759//4759 6130//6130 6131//6131
f 4759//4759 6131//6131 6132//6132
f 4759//4759 4758//4758 6130//6130
f 4760//4760 4759//4759 6132//6132
f 4761//4761 6132//6132 6133//6133
f 4761//4761 6133//6133 6134//6134
f 4761//4761 4760//4760 6132//6132
f 4762//4762 6134//6134 6135//6135
f 4762//4762 4761//4761 6134//6134
f 4763//4763 4762//4762 6135//6135
f 4764//4764 6135//6135 6136//6136
f 4764//4764 4763//4763 6135//6135
f 4765//4765 4764//4764 6136//6136
f 4765//4765 6136//6136 6137//6137
f 4765//4765 6137//6137 6138//6138
f 4766//4766 4765//4765 6138//6138
f 4767//4767 6138//6138 6139//6139
f 4767//4767 4766//4766 6138//6138
f 4768//4768 6139//6139 6140//6140
f 4768//4768 4767//4767 6139//6139
f 4769//4769 6140//6140 6141//6141
f 4769//4769 4768//4768 6140//6140
f 4770//4770 6141//6141 6142//6142
f 4770//4770 4769//4769 6141//6141
f 4771//4771 6142//6142 6143//6143
f 4771//4771 4770//4770 6142//6142
f 4772//4772 6143//6143 6144//6144
f 4772//4772 4771//4771 6143//6143
f 4773//4773 6144//6144 6145//6145
f 4773//4773 6145//6145 6146//6146
f 4773//4773 4772//4772 6144//6144
f 4774//4774 4773//4773 6146//6146
f 4775//4775 6146//6146 6147//6147
f 4775//4775 6147//6147 6148//6148
f 4775//4775 4774//4774 6146//6146
f 4776//4776 4775//4775 6148//6148
f 4777//4777 6148//6148 6149//6149
f 4777//4777 4776//4776 6148//6148
f 4778//4778 6149//6149 6150//6150
f 4778//4778 4777//4777 6149//6149
f 4779//4779 6150//6150 6151//6151
f 4779//4779 6151//6151 6152//6152
f 4779//4779 4778//4778 6150//6150
f 4780//4780 6152//6152 6153//6153
f 4780//4780 4779//4779 6152//6152
f 4781//4781 4780//4780 6153//6153
f 4782//4782 6153//6153 6154//6154
f 4782//4782 6154//6154 6155//6155
f 4782//4782 4781//4781 6153//6153
f 4783//4783 4782//4782 6155//6155
f 4784//4784 6155//6155 6156//6156
f 4784//4784 6156//6156 6157//6157
f 4784//4784 4783//4783 6155//6155
f 4785//4785 4784//4784 6157//6157
f 4786//4786 6157//6157 6158//6158
f 4786//4786 6158//6158 6159//6159
f 4786//4786 4785//4785 6157//6157
f 4787//4787 4786//4786 6159//6159
f 4788//4788 6159//6159 6160//6160
f 4788//4788 4787//4787 6159//6159
f 4789//4789 4788//4788 6160//6160
f 4789//4789 6160//6160 6161//6161
f 4789//4789 6161//6161 6162//6162
f 4790//4790 4789//4789 6162//6162
f 4790//4790 6162//6162 6163//6163
f 4791//4791 4790//4790 6163//6163
f 4792//4792 4791//4791 6163//6163
f 4792//4792 6163//6163 6164//6164
f 4792//4792 6164//6164 6165//6165
f 4793//4793 4792//4792 6165//6165
f 4794//4794 4793//4793 6165//6165
f 4794//4794 6165//6165 6166//6166
f 4795//4795 4794//4794 6166//6166
f 4795//4795 6166//6166 6167//6167
f 4796//4796 4795//4795 6167//6167
f 4796//4796 6167//6167 6168//6168
f 4797//4797 4796//4796 6168//6168
f 4797//4797 6168//6168 6169//6169
f 4798//4798 4797//4797 6169//6169
f 4798//4798 6169//6169 6170//6170
f 4799//4799 4798//4798 6170//6170
f 4799//4799 6170//6170 6171//6171
f 4800//4800 6171//6171 6172//6172
f 4800//4800 4799//4799 6171//6171
f 4801//4801 4800//4800 6172//6172
f 4801//4801 6172//6172 6173//6173
f 4801//4801 6173//6173 6174//6174
f 4802//4802 4801//4801 6174//6174
f 4803//4803 6174//6174 6175//6175
f 4803//4803 4802//4802 6174//6174
f 4804//4804 6175//6175 6176//6176
f 4804//4804 4803//4803 6175//6175
f 4805//4805 6176//6176 6177//6177
f 4805//4805 4804//4804 6176//6176
f 4806//4806 6177//6177 6178//6178
f 4806//4806 4805//4805 6177//6177
f 4807//4807 6178//6178 6179//6179
f 4807//4807 4806//4806 6178//6178
f 4808//4808 6179//6179 6180//6180
f 4808//4808 4807//4807 6179//6179
f 4809//4809 6180//6180 6181//6181
f 4809//4809 4808//4808 6180//6180
f 4810//4810 6181//6181 6182//6182
f 4810//4810 4809//4809 6181//6181
f 4811//4811 6182//6182 6183//6183
f 4811//4811 6183//6183 6184//6184
f 4811//4811 4810//4810 6182//6182
f 4812//4812 4811//4811 6184//6184
f 4813//4813 6184//6184 6185//6185
f 4813//4813 4812//4812 6184//6184
f 4814//4814 6185//6185 6186//6186
f 4814//4814 4813//4813 6185//6185
f 4815//4815 4814//4814 6186//6186
f 4815//4815 6186//6186 6187//6187
f 4816//4816 4815//4815 6187//6187
f 4816//4816 6187//6187 6188//6188
f 4817//4817 4816//4816 6188//6188
f 4817//4817 6188//6188 6189//6189
f 4818//4818 4817//4817 6189//6189
f 4818//4818 6189//6189 6190//6190
f 4819//4819 4818//4818 6190//6190
f 4819//4819 6190//6190 6191//6191
f 4820//4820 4819//4819 6191//6191
f 4820//4820 6191//6191 6192//6192
f 4821//4821 4820//4820 6192//6192
f 4821//4821 6192//6192 6193//6193
f 4822//4822 4821//4821 6193//6193
f 4822//4822 6193//6193 6194//6194
f 4823//4823 4822//4822 6194//6194
f 4823//4823 6194//6194 6195//6195
f 4824//4824 4823//4823 6195//6195
f 4824//4824 6195//6195 6196//6196
f 4825//4825 4824//4824 6196//6196
f 4825//4825 6196//6196 6197//6197
f 4826//4826 4825//4825 6197//6197
f 4826//4826 6197//6197 6198//6198
f 4827//4827 4826//4826 6198//6198
f 4827//4827 6198//6198 6199//6199
f 4828//4828 4827//4827 6199//6199
f 4828//4828 6199//6199 6200//6200
f 4829//4829 4828//4828 6200//6200
f 4829//4829 6200//6200 6201//6201
f 4830//4830 4829//4829 6201//6201
f 4830//4830 6201//6201 6202//6202
f 4831//4831 4830//4830 6202//6202
f 4831//4831 6202//6202 6203//6203
f 4832//4832 4831//4831 6203//6203
f 4832//4832 6203//6203 6204//6204
f 4833//4833 4832//4832 6204//6204
f 4833//4833 6204//6204 6205//6205
f 4834//4834 6205//6205 6206//6206
f 4834//4834 4833//4833 6205//6205
f 4835//4835 6206//6206 6207//6207
f 4835//4835 4834//4834 6206//6206
f 4836//4836 6207//6207 6208//6208
f 4836//4836 4835//4835 6207//6207
f 4837//4837 6208//6208 6209//6209
f 4837//4837 4836//4836 6208//6208
f 4838//4838 6209//6209 6210//6210
f 4838//4838 4837//4837 6209//6209
f 4839//4839 6210//6210 6211//6211
f 4839//4839 4838//4838 6210//6210
f 4840//4840 4839//4839 6211//6211
f 4840//4840 6211//6211 6212//6212
f 4757//4757 4840//4840 6212//6212
f 4757//4757 6212//6212 6129//6129
f 6214//6214 4419//4419 6213//6213
f 6214//6214 4420//4420 4419//4419
f 6215//6215 4420//4420 6214//6214
f 6215//6215 4421//4421 4420//4420
f 6215//6215 4422//4422 4421//4421
f 6216//6216 4422//4422 6215//6215
f 6217//6217 4422//4422 6216//6216
f 6217//6217 4423//4423 4422//4422
f 6217//6217 4424//4424 4423//4423
f 6218//6218 4425//4425 4424//4424
f 6218//6218 4424//4424 6217//6217
f 6219//6219 4425//4425 6218//6218
f 6220//6220 4426//4426 4425//4425
f 6220//6220 4425//4425 6219//6219
f 6221//6221 4426//4426 6220//6220
f 6221//6221 4427//4427 4426//4426
f 6221//6221 4428//4428 4427//4427
f 6222//6222 4428//4428 6221//6221
f 6223//6223 4428//4428 6222//6222
f 6223//6223 4429//4429 4428//4428
f 6224//6224 4429//4429 6223//6223
f 6224//6224 4430//4430 4429//4429
f 6225//6225 4430//4430 6224//6224
f 6225//6225 4431//4431 4430//4430
f 6226//6226 4431//4431 6225//6225
f 6226//6226 4432//4432 4431//4431
f 6227//6227 4432//4432 6226//6226
f 6227//6227 4433//4433 4432//4432
f 6228//6228 4433//4433 6227//6227
f 6228//6228 4434//4434 4433//4433
f 6229//6229 4435//4435 4434//4434
f 6229//6229 4436//4436 4435//4435
f 6229//6229 4434//4434 6228//6228
f 6230//6230 4436//4436 6229//6229
f 6231//6231 4437//4437 4436//4436
f 6231//6231 4438//4438 4437//4437
f 6231//6231 4436//4436 6230//6230
f 6232//6232 4438//4438 6231//6231
f 6233//6233 4439//4439 4438//4438
f 6233//6233 4438//4438 6232//6232
f 6234//6234 4440//4440 4439//4439
f 6234//6234 4439//4439 6233//6233
f 6235//6235 4441//4441 4440//4440
f 6235//6235 4442//4442 4441//4441
f 6235//6235 4440//4440 6234//6234
f 6236//6236 4443//4443 4442//4442
f 6236//6236 4442//4442 6235//6235
f 6237//6237 4443//4443 6236//6236
f 6238//6238 4444//4444 4443//4443
f 6238//6238 4445//4445 4444//4444
f 6238//6238 4443//4443 6237//6237
f 6239//6239 4445//4445 6238//6238
f 6240//6240 4446//4446 4445//4445
f 6240//6240 4447//4447 4446//4446
f 6240//6240 4445//4445 6239//6239
f 6241//6241 4447//4447 6240//6240
f 6242//6242 4448//4448 4447//4447
f 6242//6242 4449//4449 4448//4448
f 6242//6242 4447//4447 6241//6241
f 6243//6243 4449//4449 6242//6242
f 6244//6244 4450//4450 4449//4449
f 6244//6244 4449//4449 6243//6243
f 6245//6245 4450//4450 6244//6244
f 6245//6245 4451//4451 4450//4450
f 6245//6245 4452//4452 4451//4451
f 6246//6246 4452//4452 6245//6245
f 6246//6246 4453//4453 4452//4452
f 6247//6247 4453//4453 6246//6246
f 6248//6248 4453//4453 6247//6247
f 6248//6248 4454//4454 4453//4453
f 6248//6248 4455//4455 4454//4454
f 6249//6249 4455//4455 6248//6248
f 6250//6250 4456//4456 4455//4455
f 6250//6250 4455//4455 6249//6249
f 6251//6251 4457//4457 4456//4456
f 6251//6251 4456//4456 6250//6250
f 6252//6252 4458//4458 4457//4457
f 6252//6252 4457//4457 6251//6251
f 6253//6253 4459//4459 4458//4458
f 6253//6253 4458//4458 6252//6252
f 6254//6254 4460//4460 4459//4459
f 6254//6254 4459//4459 6253//6253
f 6255//6255 4461//4461 4460//4460
f 6255//6255 4460//4460 6254//6254
f 6256//6256 4462//4462 4461//4461
f 6256//6256 4461//4461 6255//6255
f 6257//6257 4463//4463 4462//4462
f 6257//6257 4464//4464 4463//4463
f 6257//6257 4462//4462 6256//6256
f 6258//6258 4464//4464 6257//6257
f 6259//6259 4465//4465 4464//4464
f 6259//6259 4464//4464 6258//6258
f 6260//6260 4466//4466 4465//4465
f 6260//6260 4465//4465 6259//6259
f 6261//6261 4467//4467 4466//4466
f 6261//6261 4466//4466 6260//6260
f 6262//6262 4468//4468 4467//4467
f 6262//6262 4467//4467 6261//6261
f 6263//6263 4469//4469 4468//4468
f 6263//6263 4468//4468 6262//6262
f 6264//6264 4470//4470 4469//4469
f 6264//6264 4469//4469 6263//6263
f 6265//6265 4471//4471 4470//4470
f 6265//6265 4470//4470 6264//6264
f 6266//6266 4472//4472 4471//4471
f 6266//6266 4471//4471 6265//6265
f 6267//6267 4473//4473 4472//4472
f 6267//6267 4474//4474 4473//4473
f 6267//6267 4472//4472 6266//6266
f 6268//6268 4474//4474 6267//6267
f 6269//6269 4475//4475 4474//4474
f 6269//6269 4474//4474 6268//6268
f 6270//6270 4476//4476 4475//4475
f 6270//6270 4475//4475 6269//6269
f 6271//6271 4476//4476 6270//6270
f 6271//6271 4477//4477 4476//4476
f 6272//6272 4477//4477 6271//6271
f 6272//6272 4478//4478 4477//4477
f 6273//6273 4478//4478 6272//6272
f 6273//6273 4479//4479 4478//4478
f 6274//6274 4479//4479 6273//6273
f 6274//6274 4480//4480 4479//4479
f 6275//6275 4480//4480 6274//6274
f 6275//6275 4481//4481 4480//4480
f 6276//6276 4481//4481 6275//6275
f 6276//6276 4482//4482 4481//4481
f 6277//6277 4482//4482 6276//6276
f 6277//6277 4483//4483 4482//4482
f 6278//6278 4483//4483 6277//6277
f 6278//6278 4484//4484 4483//4483
f 6279//6279 4484//4484 6278//6278
f 6279//6279 4485//4485 4484//4484
f 6280//6280 4485//4485 6279//6279
f 6280//6280 4486//4486 4485//4485
f 6281//6281 4486//4486 6280//6280
f 6281//6281 4487//4487 4486//4486
f 6282//6282 4487//4487 6281//6281
f 6282//6282 4488//4488 4487//4487
f 6283//6283 4488//4488 6282//6282
f 6283//6283 4489//4489 4488//4488
f 6284//6284 4489//4489 6283//6283
f 6284//6284 4490//4490 4489//4489
f 6285//6285 4491//4491 4490//4490
f 6285//6285 4490//4490 6284//6284
f 6286//6286 4492//4492 4491//4491
f 6286//6286 4491//4491 6285//6285
f 6287//6287 4493//4493 4492//4492
f 6287//6287 4492//4492 6286//6286
f 6288//6288 4494//4494 4493//4493
f 6288//6288 4493//4493 6287//6287
f 6289//6289 4495//4495 4494//4494
f 6289//6289 4494//4494 6288//6288
f 6290//6290 4496//4496 4495//4495
f 6290//6290 4495//4495 6289//6289
f 6291//6291 4497//4497 4496//4496
f 6291//6291 4496//4496 6290//6290
f 6292//6292 4498//4498 4497//4497
f 6292//6292 4497//4497 6291//6291
f 6293//6293 4499//4499 4498//4498
f 6293//6293 4498//4498 6292//6292
f 6294//6294 4500//4500 4499//4499
f 6294//6294 4499//4499 6293//6293
f 6295//6295 4501//4501 4500//4500
f 6295//6295 4500//4500 6294//6294
f 6296//6296 4501//4501 6295//6295
f 6296//6296 4502//4502 4501//4501
f 6213//6213 4502//4502 6296//6296
f 6213//6213 4419//4419 4502//4502
f 4846//4846 4845//4845 5290//5290
f 5290//5290 4845//4845 4208//4208
f 4186//4186 4850//4850 5272//5272
f 4849//4849 5272//5272 4850//4850
f 5282//5282 5281//5281 5280//5280
f 5282//5282 5280//5280 5540//5540
f 6350//6350 6349//6349 5358//5358
f 6350//6350 5358//5358 5359//5359
f 6351//6351 6350//6350 5359//5359
f 6348//6348 5358//5358 6349//6349
f 6347//6347 5358//5358 6348//6348
f 6352//6352 6351//6351 5359//5359
f 6346//6346 5358//5358 6347//6347
f 6353//6353 6352//6352 5359//5359
f 6354//6354 6353//6353 5359//5359
f 6345//6345 5358//5358 6346//6346
f 6355//6355 6354//6354 5359//5359
f 6344//6344 5358//5358 6345//6345
f 6356//6356 5359//5359 5360//5360
f 6356//6356 6355//6355 5359//5359
f 6343//6343 5358//5358 6344//6344
f 6343//6343 5357//5357 5358//5358
f 6357//6357 6356//6356 5360//5360
f 6342//6342 5357//5357 6343//6343
f 6341//6341 5357//5357 6342//6342
f 6358//6358 6357//6357 5360//5360
f 6340//6340 5357//5357 6341//6341
f 6359//6359 6358//6358 5360//5360
f 6360//6360 6359//6359 5360//5360
f 6339//6339 5357//5357 6340//6340
f 6361//6361 6360//6360 5360//5360
f 6361//6361 5360//5360 5361//5361
f 6338//6338 5356//5356 5357//5357
f 6338//6338 5357//5357 6339//6339
f 6337//6337 5356//5356 6338//6338
f 6362//6362 6361//6361 5361//5361
f 6363//6363 6362//6362 5361//5361
f 6336//6336 5356//5356 6337//6337
f 6335//6335 5356//5356 6336//6336
f 6364//6364 6363//6363 5361//5361
f 6334//6334 5356//5356 6335//6335
f 6365//6365 6364//6364 5361//5361
f 6333//6333 5356//5356 6334//6334
f 6333//6333 5355//5355 5356//5356
f 6366//6366 5361//5361 5362//5362
f 6366//6366 6365//6365 5361//5361
f 6332//6332 5355//5355 6333//6333
f 6367//6367 6366//6366 5362//5362
f 6331//6331 5355//5355 6332//6332
f 6368//6368 6367//6367 5362//5362
f 6330//6330 5355//5355 6331//6331
f 6369//6369 6368//6368 5362//5362
f 6329//6329 5355//5355 6330//6330
f 6329//6329 5354//5354 5355//5355
f 6370//6370 6369//6369 5362//5362
f 6370//6370 5362//5362 5363//5363
f 6328//6328 5354//5354 6329//6329
f 6371//6371 6370//6370 5363//5363
f 6327//6327 5354//5354 6328//6328
f 6372//6372 6371//6371 5363//5363
f 6326//6326 5354//5354 6327//6327
f 6326//6326 5353//5353 5354//5354
f 6373//6373 6372//6372 5363//5363
f 6373//6373 5363//5363 5364//5364
f 6325//6325 5353//5353 6326//6326
f 6374//6374 6373//6373 5364//5364
f 6324//6324 5353//5353 6325//6325
f 6324//6324 5352//5352 5353//5353
f 6375//6375 6374//6374 5364//5364
f 6375//6375 5364//5364 5365//5365
f 6323//6323 5352//5352 6324//6324
f 6376//6376 6375//6375 5365//5365
f 6322//6322 5351//5351 5352//5352
f 6322//6322 5352//5352 6323//6323
f 6377//6377 6376//6376 5365//5365
f 6377//6377 5365//5365 5366//5366
f 6321//6321 5351//5351 6322//6322
f 6378//6378 6377//6377 5366//5366
f 6320//6320 5350//5350 5351//5351
f 6320//6320 5351//5351 6321//6321
f 6379//6379 6378//6378 5366//5366
f 6379//6379 5366//5366 5367//5367
f 6319//6319 5349//5349 5350//5350
f 6319//6319 5350//5350 6320//6320
f 6380//6380 5367//5367 5368//5368
f 6380//6380 6379//6379 5367//5367
f 6601//6601 6309//6309 6308//6308
f 6602//6602 6601//6601 6308//6308
f 6602//6602 6307//6307 6306//6306
f 6602//6602 6308//6308 6307//6307
f 6603//6603 6602//6602 6306//6306
f 6603//6603 6306//6306 6305//6305
f 6600//6600 6309//6309 6601//6601
f 6600//6600 6310//6310 6309//6309
f 6604//6604 6603//6603 6305//6305
f 6604//6604 6305//6305 6304//6304
f 6599//6599 6310//6310 6600//6600
f 6599//6599 6311//6311 6310//6310
f 6605//6605 6604//6604 6304//6304
f 6605//6605 6304//6304 6303//6303
f 6598//6598 6311//6311 6599//6599
f 6598//6598 6312//6312 6311//6311
f 6597//6597 6314//6314 6313//6313
f 6597//6597 6312//6312 6598//6598
f 6597//6597 6313//6313 6312//6312
f 6606//6606 6605//6605 6303//6303
f 6606//6606 6302//6302 6301//6301
f 6606//6606 6303//6303 6302//6302
f 6607//6607 6606//6606 6301//6301
f 6607//6607 6301//6301 6300//6300
f 6596//6596 6315//6315 6314//6314
f 6596//6596 6314//6314 6597//6597
f 6608//6608 6607//6607 6300//6300
f 6608//6608 6300//6300 6299//6299
f 6595//6595 6316//6316 6315//6315
f 6595//6595 6315//6315 6596//6596
f 6609//6609 6608//6608 6299//6299
f 6609//6609 6299//6299 6298//6298
f 6594//6594 6317//6317 6316//6316
f 6594//6594 6316//6316 6595//6595
f 6610//6610 6609//6609 6298//6298
f 6610//6610 6298//6298 6297//6297
f 6593//6593 6318//6318 6317//6317
f 6593//6593 6317//6317 6594//6594
f 6611//6611 6380//6380 5368//5368
f 6611//6611 6297//6297 6380//6380
f 6611//6611 6610//6610 6297//6297
f 6592//6592 6319//6319 6318//6318
f 6592//6592 6318//6318 6593//6593
f 6592//6592 5349//5349 6319//6319
f 6591//6591 5348//5348 5349//5349
f 6591//6591 5349//5349 6592//6592
f 6612//6612 5368//5368 5369//5369
f 6612//6612 5369//5369 5370//5370
f 6612//6612 6611//6611 5368//5368
f 6590//6590 5348//5348 6591//6591
f 6590//6590 5347//5347 5348//5348
f 6613//6613 6612//6612 5370//5370
f 6434//6434 5375//5375 5376//5376
f 6434//6434 6433//6433 5375//5375
f 6517//6517 5341//5341 5342//5342
f 6518//6518 6517//6517 5342//5342
f 6435//6435 6434//6434 5376//5376
f 6432//6432 5375//5375 6433//6433
f 6519//6519 6518//6518 5342//5342
f 6516//6516 5341//5341 6517//6517
f 6436//6436 6435//6435 5376//5376
f 6431//6431 5375//5375 6432//6432
f 6431//6431 5374//5374 5375//5375
f 6520//6520 6519//6519 5342//5342
f 6520//6520 5342//5342 5343//5343
f 6515//6515 5341//5341 6516//6516
f 6430//6430 5374//5374 6431//6431
f 6437//6437 6436//6436 5376//5376
f 6521//6521 6520//6520 5343//5343
f 6514//6514 5341//5341 6515//6515
f 6429//6429 5374//5374 6430//6430
f 6429//6429 5373//5373 5374//5374
f 6438//6438 6437//6437 5376//5376
f 6438//6438 5376//5376 5377//5377
f 6513//6513 5340//5340 5341//5341
f 6513//6513 5341//5341 6514//6514
f 6522//6522 6521//6521 5343//5343
f 6522//6522 5343//5343 5344//5344
f 6428//6428 5373//5373 6429//6429
f 6439//6439 6438//6438 5377//5377
f 6523//6523 6522//6522 5344//5344
f 6512//6512 5340//5340 6513//6513
f 6440//6440 6439//6439 5377//5377
f 6427//6427 5373//5373 6428//6428
f 6427//6427 5372//5372 5373//5373
f 6524//6524 6523//6523 5344//5344
f 6524//6524 5344//5344 5345//5345
f 6511//6511 5340//5340 6512//6512
f 6441//6441 6440//6440 5377//5377
f 6426//6426 5372//5372 6427//6427
f 6510//6510 5340//5340 6511//6511
f 6525//6525 6524//6524 5345//5345
f 6425//6425 5371//5371 5372//5372
f 6425//6425 5372//5372 6426//6426
f 6442//6442 6441//6441 5377//5377
f 6526//6526 5345//5345 5346//5346
f 6526//6526 6525//6525 5345//5345
f 6509//6509 5340//5340 6510//6510
f 6424//6424 5371//5371 6425//6425
f 6424//6424 6613//6613 5370//5370
f 6424//6424 5370//5370 5371//5371
f 6443//6443 5377//5377 5378//5378
f 6443//6443 6442//6442 5377//5377
f 6527//6527 5346//5346 5347//5347
f 6527//6527 5347//5347 6590//6590
f 6527//6527 6526//6526 5346//5346
f 6508//6508 5339//5339 5340//5340
f 6508//6508 5340//5340 6509//6509
f 6444//6444 6443//6443 5378//5378
f 6423//6423 6613//6613 6424//6424
f 6423//6423 6614//6614 6613//6613
f 6528//6528 6527//6527 6590//6590
f 6528//6528 6590//6590 6589//6589
f 6507//6507 5339//5339 6508//6508
f 6445//6445 6444//6444 5378//5378
f 6422//6422 6614//6614 6423//6423
f 6422//6422 6615//6615 6614//6614
f 6506//6506 5339//5339 6507//6507
f 6529//6529 6528//6528 6589//6589
f 6529//6529 6589//6589 6588//6588
f 6421//6421 6615//6615 6422//6422
f 6421//6421 6616//6616 6615//6615
f 6446//6446 6445//6445 5378//5378
f 6505//6505 5339//5339 6506//6506
f 6530//6530 6529//6529 6588//6588
f 6530//6530 6588//6588 6587//6587
f 6447//6447 6446//6446 5378//5378
f 6420//6420 6617//6617 6616//6616
f 6420//6420 6616//6616 6421//6421
f 6504//6504 5339//5339 6505//6505
f 6531//6531 6530//6530 6587//6587
f 6531//6531 6587//6587 6586//6586
f 6419//6419 6618//6618 6617//6617
f 6419//6419 6617//6617 6420//6420
f 6448//6448 6447//6447 5378//5378
f 6448//6448 5378//5378 5379//5379
f 6532//6532 6531//6531 6586//6586
f 6532//6532 6586//6586 6585//6585
f 6503//6503 5338//5338 5339//5339
f 6503//6503 5339//5339 6504//6504
f 6449//6449 6448//6448 5379//5379
f 6418//6418 6618//6618 6419//6419
f 6502//6502 5338//5338 6503//6503
f 6533//6533 6532//6532 6585//6585
f 6450//6450 6449//6449 5379//5379
f 6417//6417 6619//6619 6618//6618
f 6417//6417 6618//6618 6418//6418
f 6534//6534 6533//6533 6585//6585
f 6534//6534 6585//6585 6584//6584
f 6501//6501 5338//5338 6502//6502
f 6416//6416 6620//6620 6619//6619
f 6416//6416 6619//6619 6417//6417
f 6451//6451 6450//6450 5379//5379
f 6500//6500 5338//5338 6501//6501
f 6535//6535 6584//6584 6583//6583
f 6535//6535 6534//6534 6584//6584
f 6415//6415 6621//6621 6620//6620
f 6415//6415 6620//6620 6416//6416
f 6452//6452 6451//6451 5379//5379
f 6536//6536 6583//6583 6582//6582
f 6536//6536 6535//6535 6583//6583
f 6499//6499 5338//5338 6500//6500
f 6414//6414 6622//6622 6621//6621
f 6414//6414 6621//6621 6415//6415
f 6453//6453 6452//6452 5379//5379
f 6498//6498 5338//5338 6499//6499
f 6537//6537 6536//6536 6582//6582
f 6537//6537 6582//6582 6581//6581
f 6413//6413 6622//6622 6414//6414
f 6454//6454 6453//6453 5379//5379
f 6497//6497 5338//5338 6498//6498
f 6538//6538 6537//6537 6581//6581
f 6412//6412 6622//6622 6413//6413
f 6496//6496 5338//5338 6497//6497
f 6539//6539 6538//6538 6581//6581
f 6580//6580 6539//6539 6581//6581
f 6580//6580 6540//6540 6539//6539
f 6623//6623 6622//6622 6412//6412
f 6623//6623 6412//6412 6411//6411
f 6579//6579 6541//6541 6540//6540
f 6579//6579 6540//6540 6580//6580
f 6624//6624 6623//6623 6411//6411
f 6624//6624 6411//6411 6410//6410
f 6578//6578 6541//6541 6579//6579
f 6578//6578 6542//6542 6541//6541
f 6625//6625 6624//6624 6410//6410
f 6625//6625 6410//6410 6409//6409
f 6577//6577 6543//6543 6542//6542
f 6577//6577 6542//6542 6578//6578
f 6626//6626 6409//6409 6408//6408
f 6626//6626 6625//6625 6409//6409
f 6576//6576 6544//6544 6543//6543
f 6576//6576 6545//6545 6544//6544
f 6576//6576 6543//6543 6577//6577
f 6627//6627 6626//6626 6408//6408
f 6627//6627 6407//6407 6406//6406
f 6627//6627 6408//6408 6407//6407
f 5337//5337 5338//5338 6496//6496
f 5337//5337 6491//6491 6490//6490
f 5337//5337 6492//6492 6491//6491
f 5337//5337 6493//6493 6492//6492
f 5337//5337 6494//6494 6493//6493
f 5337//5337 6495//6495 6494//6494
f 5337//5337 6496//6496 6495//6495
f 5380//5380 6455//6455 6454//6454
f 5380//5380 6456//6456 6455//6455
f 5380//5380 6457//6457 6456//6456
f 5380//5380 6458//6458 6457//6457
f 5380//5380 6459//6459 6458//6458
f 5380//5380 6460//6460 6459//6459
f 5380//5380 6461//6461 6460//6460
f 5380//5380 6454//6454 5379//5379
f 6575//6575 6545//6545 6576//6576
f 6575//6575 6546//6546 6545//6545
f 6628//6628 6627//6627 6406//6406
f 6628//6628 6406//6406 6405//6405
f 6574//6574 6547//6547 6546//6546
f 6574//6574 6546//6546 6575//6575
f 6629//6629 6405//6405 6404//6404
f 6629//6629 6628//6628 6405//6405
f 6573//6573 6547//6547 6574//6574
f 6573//6573 6548//6548 6547//6547
f 6630//6630 6629//6629 6404//6404
f 6630//6630 6404//6404 6403//6403
f 6572//6572 6465//6465 6548//6548
f 6572//6572 6548//6548 6573//6573
f 6631//6631 6630//6630 6403//6403
f 6631//6631 6403//6403 6402//6402
f 6571//6571 6466//6466 6465//6465
f 6571//6571 6465//6465 6572//6572
f 6632//6632 6631//6631 6402//6402
f 6632//6632 6402//6402 6401//6401
f 5336//5336 5337//5337 6490//6490
f 5336//5336 6486//6486 6485//6485
f 5336//5336 6487//6487 6486//6486
f 5336//5336 6488//6488 6487//6487
f 5336//5336 6489//6489 6488//6488
f 5336//5336 6490//6490 6489//6489
f 5381//5381 6461//6461 5380//5380
f 5381//5381 6462//6462 6461//6461
f 5381//5381 6463//6463 6462//6462
f 5381//5381 6464//6464 6463//6463
f 5381//5381 6381//6381 6464//6464
f 5381//5381 6382//6382 6381//6381
f 5335//5335 5336//5336 6485//6485
f 5335//5335 6481//6481 6480//6480
f 5335//5335 6482//6482 6481//6481
f 5335//5335 6483//6483 6482//6482
f 5335//5335 6484//6484 6483//6483
f 5335//5335 6485//6485 6484//6484
f 5382//5382 6383//6383 6382//6382
f 5382//5382 6384//6384 6383//6383
f 5382//5382 6385//6385 6384//6384
f 5382//5382 6386//6386 6385//6385
f 5382//5382 6387//6387 6386//6386
f 5382//5382 6382//6382 5381//5381
f 5334//5334 5335//5335 6480//6480
f 5334//5334 6477//6477 6476//6476
f 5334//5334 6478//6478 6477//6477
f 5334//5334 6479//6479 6478//6478
f 5334//5334 6480//6480 6479//6479
f 5383//5383 6387//6387 5382//5382
f 5383//5383 6388//6388 6387//6387
f 5383//5383 6389//6389 6388//6388
f 5383//5383 6390//6390 6389//6389
f 5383//5383 6391//6391 6390//6390
f 5333//5333 6474//6474 6473//6473
f 5333//5333 6475//6475 6474//6474
f 5333//5333 6476//6476 6475//6475
f 5333//5333 5334//5334 6476//6476
f 5384//5384 6391//6391 5383//5383
f 5384//5384 6392//6392 6391//6391
f 5384//5384 6393//6393 6392//6392
f 5384//5384 6394//6394 6393//6393
f 5332//5332 6472//6472 6471//6471
f 5332//5332 6473//6473 6472//6472
f 5332//5332 5333//5333 6473//6473
f 5385//5385 6394//6394 5384//5384
f 5385//5385 6395//6395 6394//6394
f 5385//5385 6396//6396 6395//6395
f 5331//5331 5332//5332 6471//6471
f 5331//5331 6470//6470 6469//6469
f 5331//5331 6471//6471 6470//6470
f 5386//5386 6396//6396 5385//5385
f 5386//5386 6397//6397 6396//6396
f 5386//5386 6398//6398 6397//6397
f 5330//5330 5331//5331 6469//6469
f 5330//5330 6468//6468 6467//6467
f 5330//5330 6469//6469 6468//6468
f 5387//5387 6398//6398 5386//5386
f 5387//5387 6399//6399 6398//6398
f 5387//5387 6400//6400 6399//6399
f 5329//5329 6467//6467 6466//6466
f 5329//5329 5330//5330 6467//6467
f 5388//5388 6400//6400 5387//5387
f 5388//5388 6401//6401 6400//6400
f 5328//5328 6466//6466 6571//6571
f 5328//5328 5329//5329 6466//6466
f 5389//5389 6632//6632 6401//6401
f 5389//5389 6401//6401 5388//5388
f 5327//5327 5328//5328 6571//6571
f 5327//5327 6571//6571 6570//6570
f 5306//5306 6549//6549 6632//6632
f 5306//5306 6550//6550 6549//6549
f 5306//5306 6632//6632 5389//5389
f 6686//6686 6560//6560 6559//6559
f 6686//6686 6685//6685 6560//6560
f 6684//6684 6561//6561 6560//6560
f 6684//6684 6560//6560 6685//6685
f 6687//6687 6559//6559 6558//6558
f 6687//6687 6686//6686 6559//6559
f 6683//6683 6562//6562 6561//6561
f 6683//6683 6561//6561 6684//6684
f 6688//6688 6687//6687 6558//6558
f 6688//6688 6558//6558 6557//6557
f 6682//6682 6562//6562 6683//6683
f 6682//6682 6563//6563 6562//6562
f 6689//6689 6688//6688 6557//6557
f 6689//6689 6557//6557 6556//6556
f 6681//6681 6563//6563 6682//6682
f 6681//6681 6564//6564 6563//6563
f 6690//6690 6556//6556 6555//6555
f 6690//6690 6689//6689 6556//6556
f 6680//6680 6564//6564 6681//6681
f 6691//6691 6690//6690 6555//6555
f 6692//6692 6691//6691 6555//6555
f 6692//6692 6555//6555 6554//6554
f 6679//6679 6564//6564 6680//6680
f 6679//6679 6565//6565 6564//6564
f 6678//6678 6565//6565 6679//6679
f 6678//6678 6566//6566 6565//6565
f 6693//6693 6692//6692 6554//6554
f 6693//6693 6554//6554 6553//6553
f 6677//6677 6567//6567 6566//6566
f 6677//6677 6566//6566 6678//6678
f 6694//6694 6693//6693 6553//6553
f 6694//6694 6553//6553 6552//6552
f 6676//6676 6567//6567 6677//6677
f 6676//6676 6568//6568 6567//6567
f 6695//6695 6694//6694 6552//6552
f 6695//6695 6552//6552 6551//6551
f 6696//6696 6551//6551 6550//6550
f 6696//6696 6695//6695 6551//6551
f 6675//6675 6568//6568 6676//6676
f 6675//6675 6569//6569 6568//6568
f 6674//6674 6569//6569 6675//6675
f 6697//6697 6696//6696 6550//6550
f 5307//5307 6697//6697 6550//6550
f 5307//5307 6550//6550 5306//5306
f 5326//5326 5327//5327 6570//6570
f 5326//5326 6569//6569 6674//6674
f 5326//5326 6570//6570 6569//6569
f 5325//5325 6674//6674 6673//6673
f 5325//5325 5326//5326 6674//6674
f 5308//5308 6698//6698 6697//6697
f 5308//5308 6697//6697 5307//5307
f 5309//5309 6698//6698 5308//5308
f 5309//5309 6699//6699 6698//6698
f 5309//5309 6700//6700 6699//6699
f 5324//5324 5325//5325 6673//6673
f 5324//5324 6672//6672 6671//6671
f 5324//5324 6673//6673 6672//6672
f 5310//5310 6700//6700 5309//5309
f 5310//5310 6701//6701 6700//6700
f 5310//5310 6702//6702 6701//6701
f 5323//5323 6670//6670 6669//6669
f 5323//5323 6671//6671 6670//6670
f 5323//5323 5324//5324 6671//6671
f 5322//5322 6668//6668 6667//6667
f 5322//5322 6669//6669 6668//6668
f 5322//5322 5323//5323 6669//6669
f 5311//5311 6702//6702 5310//5310
f 5311//5311 6703//6703 6702//6702
f 5311//5311 6704//6704 6703//6703
f 5321//5321 5322//5322 6667//6667
f 5321//5321 6665//6665 6664//6664
f 5321//5321 6666//6666 6665//6665
f 5321//5321 6667//6667 6666//6666
f 5312//5312 6704//6704 5311//5311
f 5312//5312 6705//6705 6704//6704
f 5312//5312 6706//6706 6705//6705
f 5312//5312 6707//6707 6706//6706
f 5313//5313 6707//6707 5312//5312
f 5313//5313 6708//6708 6707//6707
f 5313//5313 6709//6709 6708//6708
f 5313//5313 6710//6710 6709//6709
f 5313//5313 6711//6711 6710//6710
f 5320//5320 6661//6661 6660//6660
f 5320//5320 6662//6662 6661//6661
f 5320//5320 6663//6663 6662//6662
f 5320//5320 6664//6664 6663//6663
f 5320//5320 5321//5321 6664//6664
f 5314//5314 6711//6711 5313//5313
f 5314//5314 6712//6712 6711//6711
f 5314//5314 6713//6713 6712//6712
f 5314//5314 6714//6714 6713//6713
f 5314//5314 6715//6715 6714//6714
f 5314//5314 6716//6716 6715//6715
f 5319//5319 6656//6656 6655//6655
f 5319//5319 6657//6657 6656//6656
f 5319//5319 6658//6658 6657//6657
f 5319//5319 6659//6659 6658//6658
f 5319//5319 6660//6660 6659//6659
f 5319//5319 5320//5320 6660//6660
f 5315//5315 6634//6634 6633//6633
f 5315//5315 6635//6635 6634//6634
f 5315//5315 6636//6636 6635//6635
f 5315//5315 6637//6637 6636//6636
f 5315//5315 6716//6716 5314//5314
f 5315//5315 6633//6633 6716//6716
f 5318//5318 6651//6651 6650//6650
f 5318//5318 6652//6652 6651//6651
f 5318//5318 6653//6653 6652//6652
f 5318//5318 6654//6654 6653//6653
f 5318//5318 6655//6655 6654//6654
f 5318//5318 5319//5319 6655//6655
f 5316//5316 6638//6638 6637//6637
f 5316//5316 6639//6639 6638//6638
f 5316//5316 6640//6640 6639//6639
f 5316//5316 6641//6641 6640//6640
f 5316//5316 6642//6642 6641//6641
f 5316//5316 6643//6643 6642//6642
f 5316//5316 6637//6637 5315//5315
f 5317//5317 5318//5318 6650//6650
f 5317//5317 6644//6644 6643//6643
f 5317//5317 6645//6645 6644//6644
f 5317//5317 6646//6646 6645//6645
f 5317//5317 6647//6647 6646//6646
f 5317//5317 6648//6648 6647//6647
f 5317//5317 6649//6649 6648//6648
f 5317//5317 6650//6650 6649//6649
f 5317//5317 6643//6643 5316//5316
f 6298//6298 5541//5541 6297//6297
f 6298//6298 5542//5542 5541//5541
f 6299//6299 5542//5542 6298//6298
f 6299//6299 5543//5543 5542//5542
f 6299//6299 5544//5544 5543//5543
f 6300//6300 5544//5544 6299//6299
f 6301//6301 5544//5544 6300//6300
f 6301//6301 5545//5545 5544//5544
f 6301//6301 5546//5546 5545//5545
f 6302//6302 5547//5547 5546//5546
f 6302//6302 5546//5546 6301//6301
f 6303//6303 5547//5547 6302//6302
f 6304//6304 5548//5548 5547//5547
f 6304//6304 5547//5547 6303//6303
f 6305//6305 5548//5548 6304//6304
f 6305//6305 5549//5549 5548//5548
f 6305//6305 5550//5550 5549//5549
f 6306//6306 5550//5550 6305//6305
f 6307//6307 5550//5550 6306//6306
f 6307//6307 5551//5551 5550//5550
f 6308//6308 5551//5551 6307//6307
f 6308//6308 5552//5552 5551//5551
f 6309//6309 5552//5552 6308//6308
f 6309//6309 5553//5553 5552//5552
f 6310//6310 5553//5553 6309//6309
f 6310//6310 5554//5554 5553//5553
f 6311//6311 5554//5554 6310//6310
f 6311//6311 5555//5555 5554//5554
f 6312//6312 5555//5555 6311//6311
f 6312//6312 5556//5556 5555//5555
f 6313//6313 5557//5557 5556//5556
f 6313//6313 5558//5558 5557//5557
f 6313//6313 5556//5556 6312//6312
f 6314//6314 5558//5558 6313//6313
f 6315//6315 5559//5559 5558//5558
f 6315//6315 5560//5560 5559//5559
f 6315//6315 5558//5558 6314//6314
f 6316//6316 5560//5560 6315//6315
f 6317//6317 5561//5561 5560//5560
f 6317//6317 5560//5560 6316//6316
f 6318//6318 5562//5562 5561//5561
f 6318//6318 5561//5561 6317//6317
f 6319//6319 5563//5563 5562//5562
f 6319//6319 5564//5564 5563//5563
f 6319//6319 5562//5562 6318//6318
f 6320//6320 5565//5565 5564//5564
f 6320//6320 5564//5564 6319//6319
f 6321//6321 5565//5565 6320//6320
f 6322//6322 5566//5566 5565//5565
f 6322//6322 5567//5567 5566//5566
f 6322//6322 5565//5565 6321//6321
f 6323//6323 5567//5567 6322//6322
f 6324//6324 5568//5568 5567//5567
f 6324//6324 5569//5569 5568//5568
f 6324//6324 5567//5567 6323//6323
f 6325//6325 5569//5569 6324//6324
f 6326//6326 5570//5570 5569//5569
f 6326//6326 5571//5571 5570//5570
f 6326//6326 5569//5569 6325//6325
f 6327//6327 5571//5571 6326//6326
f 6328//6328 5572//5572 5571//5571
f 6328//6328 5571//5571 6327//6327
f 6329//6329 5572//5572 6328//6328
f 6329//6329 5573//5573 5572//5572
f 6329//6329 5574//5574 5573//5573
f 6330//6330 5574//5574 6329//6329
f 6330//6330 5575//5575 5574//5574
f 6331//6331 5575//5575 6330//6330
f 6332//6332 5575//5575 6331//6331
f 6332//6332 5576//5576 5575//5575
f 6332//6332 5577//5577 5576//5576
f 6333//6333 5577//5577 6332//6332
f 6334//6334 5578//5578 5577//5577
f 6334//6334 5577//5577 6333//6333
f 6335//6335 5579//5579 5578//5578
f 6335//6335 5578//5578 6334//6334
f 6336//6336 5580//5580 5579//5579
f 6336//6336 5579//5579 6335//6335
f 6337//6337 5581//5581 5580//5580
f 6337//6337 5580//5580 6336//6336
f 6338//6338 5582//5582 5581//5581
f 6338//6338 5581//5581 6337//6337
f 6339//6339 5583//5583 5582//5582
f 6339//6339 5582//5582 6338//6338
f 6340//6340 5584//5584 5583//5583
f 6340//6340 5583//5583 6339//6339
f 6341//6341 5585//5585 5584//5584
f 6341//6341 5586//5586 5585//5585
f 6341//6341 5584//5584 6340//6340
f 6342//6342 5586//5586 6341//6341
f 6343//6343 5587//5587 5586//5586
f 6343//6343 5586//5586 6342//6342
f 6344//6344 5588//5588 5587//5587
f 6344//6344 5587//5587 6343//6343
f 6345//6345 5589//5589 5588//5588
f 6345//6345 5588//5588 6344//6344
f 6346//6346 5590//5590 5589//5589
f 6346//6346 5589//5589 6345//6345
f 6347//6347 5591//5591 5590//5590
f 6347//6347 5590//5590 6346//6346
f 6348//6348 5592//5592 5591//5591
f 6348//6348 5591//5591 6347//6347
f 6349//6349 5593//5593 5592//5592
f 6349//6349 5592//5592 6348//6348
f 6350//6350 5594//5594 5593//5593
f 6350//6350 5593//5593 6349//6349
f 6351//6351 5595//5595 5594//5594
f 6351//6351 5596//5596 5595//5595
f 6351//6351 5594//5594 6350//6350
f 6352//6352 5596//5596 6351//6351
f 6353//6353 5597//5597 5596//5596
f 6353//6353 5596//5596 6352//6352
f 6354//6354 5598//5598 5597//5597
f 6354//6354 5597//5597 6353//6353
f 6355//6355 5598//5598 6354//6354
f 6355//6355 5599//5599 5598//5598
f 6356//6356 5599//5599 6355//6355
f 6356//6356 5600//5600 5599//5599
f 6357//6357 5600//5600 6356//6356
f 6357//6357 5601//5601 5600//5600
f 6358//6358 5601//5601 6357//6357
f 6358//6358 5602//5602 5601//5601
f 6359//6359 5602//5602 6358//6358
f 6359//6359 5603//5603 5602//5602
f 6360//6360 5603//5603 6359//6359
f 6360//6360 5604//5604 5603//5603
f 6361//6361 5604//5604 6360//6360
f 6361//6361 5605//5605 5604//5604
f 6362//6362 5605//5605 6361//6361
f 6362//6362 5606//5606 5605//5605
f 6363//6363 5606//5606 6362//6362
f 6363//6363 5607//5607 5606//5606
f 6364//6364 5607//5607 6363//6363
f 6364//6364 5608//5608 5607//5607
f 6365//6365 5608//5608 6364//6364
f 6365//6365 5609//5609 5608//5608
f 6366//6366 5609//5609 6365//6365
f 6366//6366 5610//5610 5609//5609
f 6367//6367 5610//5610 6366//6366
f 6367//6367 5611//5611 5610//5610
f 6368//6368 5611//5611 6367//6367
f 6368//6368 5612//5612 5611//5611
f 6369//6369 5613//5613 5612//5612
f 6369//6369 5612//5612 6368//6368
f 6370//6370 5614//5614 5613//5613
f 6370//6370 5613//5613 6369//6369
f 6371//6371 5615//5615 5614//5614
f 6371//6371 5614//5614 6370//6370
f 6372//6372 5616//5616 5615//5615
f 6372//6372 5615//5615 6371//6371
f 6373//6373 5617//5617 5616//5616
f 6373//6373 5616//5616 6372//6372
f 6374//6374 5618//5618 5617//5617
f 6374//6374 5617//5617 6373//6373
f 6375//6375 5619//5619 5618//5618
f 6375//6375 5618//5618 6374//6374
f 6376//6376 5620//5620 5619//5619
f 6376//6376 5619//5619 6375//6375
f 6377//6377 5621//5621 5620//5620
f 6377//6377 5620//5620 6376//6376
f 6378//6378 5622//5622 5621//5621
f 6378//6378 5621//5621 6377//6377
f 6379//6379 5623//5623 5622//5622
f 6379//6379 5622//5622 6378//6378
f 6380//6380 5623//5623 6379//6379
f 6380//6380 5624//5624 5623//5623
f 6297//6297 5624//5624 6380//6380
f 6297//6297 5541//5541 5624//5624
f 6382//6382 5625//5625 6381//6381
f 6382//6382 5626//5626 5625//5625
f 6383//6383 5626//5626 6382//6382
f 6383//6383 5627//5627 5626//5626
f 6383//6383 5628//5628 5627//5627
f 6384//6384 5628//5628 6383//6383
f 6385//6385 5628//5628 6384//6384
f 6385//6385 5629//5629 5628//5628
f 6385//6385 5630//5630 5629//5629
f 6386//6386 5631//5631 5630//5630
f 6386//6386 5630//5630 6385//6385
f 6387//6387 5631//5631 6386//6386
f 6388//6388 5632//5632 5631//5631
f 6388//6388 5631//5631 6387//6387
f 6389//6389 5632//5632 6388//6388
f 6389//6389 5633//5633 5632//5632
f 6389//6389 5634//5634 5633//5633
f 6390//6390 5634//5634 6389//6389
f 6391//6391 5634//5634 6390//6390
f 6391//6391 5635//5635 5634//5634
f 6392//6392 5635//5635 6391//6391
f 6392//6392 5636//5636 5635//5635
f 6393//6393 5636//5636 6392//6392
f 6393//6393 5637//5637 5636//5636
f 6394//6394 5637//5637 6393//6393
f 6394//6394 5638//5638 5637//5637
f 6395//6395 5638//5638 6394//6394
f 6395//6395 5639//5639 5638//5638
f 6396//6396 5639//5639 6395//6395
f 6396//6396 5640//5640 5639//5639
f 6397//6397 5641//5641 5640//5640
f 6397//6397 5642//5642 5641//5641
f 6397//6397 5640//5640 6396//6396
f 6398//6398 5642//5642 6397//6397
f 6399//6399 5643//5643 5642//5642
f 6399//6399 5644//5644 5643//5643
f 6399//6399 5642//5642 6398//6398
f 6400//6400 5644//5644 6399//6399
f 6401//6401 5645//5645 5644//5644
f 6401//6401 5644//5644 6400//6400
f 6402//6402 5646//5646 5645//5645
f 6402//6402 5645//5645 6401//6401
f 6403//6403 5647//5647 5646//5646
f 6403//6403 5648//5648 5647//5647
f 6403//6403 5646//5646 6402//6402
f 6404//6404 5649//5649 5648//5648
f 6404//6404 5648//5648 6403//6403
f 6405//6405 5649//5649 6404//6404
f 6406//6406 5650//5650 5649//5649
f 6406//6406 5651//5651 5650//5650
f 6406//6406 5649//5649 6405//6405
f 6407//6407 5651//5651 6406//6406
f 6408//6408 5652//5652 5651//5651
f 6408//6408 5653//5653 5652//5652
f 6408//6408 5651//5651 6407//6407
f 6409//6409 5653//5653 6408//6408
f 6410//6410 5654//5654 5653//5653
f 6410//6410 5655//5655 5654//5654
f 6410//6410 5653//5653 6409//6409
f 6411//6411 5655//5655 6410//6410
f 6412//6412 5656//5656 5655//5655
f 6412//6412 5655//5655 6411//6411
f 6413//6413 5656//5656 6412//6412
f 6413//6413 5657//5657 5656//5656
f 6413//6413 5658//5658 5657//5657
f 6414//6414 5658//5658 6413//6413
f 6414//6414 5659//5659 5658//5658
f 6415//6415 5659//5659 6414//6414
f 6416//6416 5659//5659 6415//6415
f 6416//6416 5660//5660 5659//5659
f 6416//6416 5661//5661 5660//5660
f 6417//6417 5661//5661 6416//6416
f 6418//6418 5662//5662 5661//5661
f 6418//6418 5661//5661 6417//6417
f 6419//6419 5663//5663 5662//5662
f 6419//6419 5662//5662 6418//6418
f 6420//6420 5664//5664 5663//5663
f 6420//6420 5663//5663 6419//6419
f 6421//6421 5665//5665 5664//5664
f 6421//6421 5664//5664 6420//6420
f 6422//6422 5666//5666 5665//5665
f 6422//6422 5665//5665 6421//6421
f 6423//6423 5667//5667 5666//5666
f 6423//6423 5666//5666 6422//6422
f 6424//6424 5668//5668 5667//5667
f 6424//6424 5667//5667 6423//6423
f 6425//6425 5669//5669 5668//5668
f 6425//6425 5670//5670 5669//5669
f 6425//6425 5668//5668 6424//6424
f 6426//6426 5670//5670 6425//6425
f 6427//6427 5671//5671 5670//5670
f 6427//6427 5670//5670 6426//6426
f 6428//6428 5672//5672 5671//5671
f 6428//6428 5671//5671 6427//6427
f 6429//6429 5673//5673 5672//5672
f 6429//6429 5672//5672 6428//6428
f 6430//6430 5674//5674 5673//5673
f 6430//6430 5673//5673 6429//6429
f 6431//6431 5675//5675 5674//5674
f 6431//6431 5674//5674 6430//6430
f 6432//6432 5676//5676 5675//5675
f 6432//6432 5675//5675 6431//6431
f 6433//6433 5677//5677 5676//5676
f 6433//6433 5676//5676 6432//6432
f 6434//6434 5678//5678 5677//5677
f 6434//6434 5677//5677 6433//6433
f 6435//6435 5679//5679 5678//5678
f 6435//6435 5680//5680 5679//5679
f 6435//6435 5678//5678 6434//6434
f 6436//6436 5680//5680 6435//6435
f 6437//6437 5681//5681 5680//5680
f 6437//6437 5680//5680 6436//6436
f 6438//6438 5682//5682 5681//5681
f 6438//6438 5681//5681 6437//6437
f 6439//6439 5682//5682 6438//6438
f 6439//6439 5683//5683 5682//5682
f 6440//6440 5683//5683 6439//6439
f 6440//6440 5684//5684 5683//5683
f 6441//6441 5684//5684 6440//6440
f 6441//6441 5685//5685 5684//5684
f 6442//6442 5685//5685 6441//6441
f 6442//6442 5686//5686 5685//5685
f 6443//6443 5686//5686 6442//6442
f 6443//6443 5687//5687 5686//5686
f 6444//6444 5687//5687 6443//6443
f 6444//6444 5688//5688 5687//5687
f 6445//6445 5688//5688 6444//6444
f 6445//6445 5689//5689 5688//5688
f 6446//6446 5689//5689 6445//6445
f 6446//6446 5690//5690 5689//5689
f 6447//6447 5690//5690 6446//6446
f 6447//6447 5691//5691 5690//5690
f 6448//6448 5691//5691 6447//6447
f 6448//6448 5692//5692 5691//5691
f 6449//6449 5692//5692 6448//6448
f 6449//6449 5693//5693 5692//5692
f 6450//6450 5693//5693 6449//6449
f 6450//6450 5694//5694 5693//5693
f 6451//6451 5694//5694 6450//6450
f 6451//6451 5695//5695 5694//5694
f 6452//6452 5695//5695 6451//6451
f 6452//6452 5696//5696 5695//5695
f 6453//6453 5697//5697 5696//5696
f 6453//6453 5696//5696 6452//6452
f 6454//6454 5698//5698 5697//5697
f 6454//6454 5697//5697 6453//6453
f 6455//6455 5699//5699 5698//5698
f 6455//6455 5698//5698 6454//6454
f 6456//6456 5700//5700 5699//5699
f 6456//6456 5699//5699 6455//6455
f 6457//6457 5701//5701 5700//5700
f 6457//6457 5700//5700 6456//6456
f 6458//6458 5702//5702 5701//5701
f 6458//6458 5701//5701 6457//6457
f 6459//6459 5703//5703 5702//5702
f 6459//6459 5702//5702 6458//6458
f 6460//6460 5704//5704 5703//5703
f 6460//6460 5703//5703 6459//6459
f 6461//6461 5705//5705 5704//5704
f 6461//6461 5704//5704 6460//6460
f 6462//6462 5706//5706 5705//5705
f 6462//6462 5705//5705 6461//6461
f 6463//6463 5707//5707 5706//5706
f 6463//6463 5706//5706 6462//6462
f 6464//6464 5707//5707 6463//6463
f 6464//6464 5708//5708 5707//5707
f 6381//6381 5708//5708 6464//6464
f 6381//6381 5625//5625 5708//5708
f 6466//6466 5709//5709 6465//6465
f 6466//6466 5710//5710 5709//5709
f 6467//6467 5710//5710 6466//6466
f 6467//6467 5711//5711 5710//5710
f 6467//6467 5712//5712 5711//5711
f 6468//6468 5712//5712 6467//6467
f 6469//6469 5712//5712 6468//6468
f 6469//6469 5713//5713 5712//5712
f 6469//6469 5714//5714 5713//5713
f 6470//6470 5715//5715 5714//5714
f 6470//6470 5714//5714 6469//6469
f 6471//6471 5715//5715 6470//6470
f 6472//6472 5716//5716 5715//5715
f 6472//6472 5715//5715 6471//6471
f 6473//6473 5716//5716 6472//6472
f 6473//6473 5717//5717 5716//5716
f 6473//6473 5718//5718 5717//5717
f 6474//6474 5718//5718 6473//6473
f 6475//6475 5718//5718 6474//6474
f 6475//6475 5719//5719 5718//5718
f 6476//6476 5719//5719 6475//6475
f 6476//6476 5720//5720 5719//5719
f 6477//6477 5720//5720 6476//6476
f 6477//6477 5721//5721 5720//5720
f 6478//6478 5721//5721 6477//6477
f 6478//6478 5722//5722 5721//5721
f 6479//6479 5722//5722 6478//6478
f 6479//6479 5723//5723 5722//5722
f 6480//6480 5723//5723 6479//6479
f 6480//6480 5724//5724 5723//5723
f 6481//6481 5725//5725 5724//5724
f 6481//6481 5726//5726 5725//5725
f 6481//6481 5724//5724 6480//6480
f 6482//6482 5726//5726 6481//6481
f 6483//6483 5727//5727 5726//5726
f 6483//6483 5728//5728 5727//5727
f 6483//6483 5726//5726 6482//6482
f 6484//6484 5728//5728 6483//6483
f 6485//6485 5729//5729 5728//5728
f 6485//6485 5728//5728 6484//6484
f 6486//6486 5730//5730 5729//5729
f 6486//6486 5729//5729 6485//6485
f 6487//6487 5731//5731 5730//5730
f 6487//6487 5732//5732 5731//5731
f 6487//6487 5730//5730 6486//6486
f 6488//6488 5733//5733 5732//5732
f 6488//6488 5732//5732 6487//6487
f 6489//6489 5733//5733 6488//6488
f 6490//6490 5734//5734 5733//5733
f 6490//6490 5735//5735 5734//5734
f 6490//6490 5733//5733 6489//6489
f 6491//6491 5735//5735 6490//6490
f 6492//6492 5736//5736 5735//5735
f 6492//6492 5737//5737 5736//5736
f 6492//6492 5735//5735 6491//6491
f 6493//6493 5737//5737 6492//6492
f 6494//6494 5738//5738 5737//5737
f 6494//6494 5739//5739 5738//5738
f 6494//6494 5737//5737 6493//6493
f 6495//6495 5739//5739 6494//6494
f 6496//6496 5740//5740 5739//5739
f 6496//6496 5739//5739 6495//6495
f 6497//6497 5740//5740 6496//6496
f 6497//6497 5741//5741 5740//5740
f 6497//6497 5742//5742 5741//5741
f 6498//6498 5742//5742 6497//6497
f 6498//6498 5743//5743 5742//5742
f 6499//6499 5743//5743 6498//6498
f 6500//6500 5743//5743 6499//6499
f 6500//6500 5744//5744 5743//5743
f 6500//6500 5745//5745 5744//5744
f 6501//6501 5745//5745 6500//6500
f 6502//6502 5746//5746 5745//5745
f 6502//6502 5745//5745 6501//6501
f 6503//6503 5747//5747 5746//5746
f 6503//6503 5746//5746 6502//6502
f 6504//6504 5748//5748 5747//5747
f 6504//6504 5747//5747 6503//6503
f 6505//6505 5749//5749 5748//5748
f 6505//6505 5748//5748 6504//6504
f 6506//6506 5750//5750 5749//5749
f 6506//6506 5749//5749 6505//6505
f 6507//6507 5751//5751 5750//5750
f 6507//6507 5750//5750 6506//6506
f 6508//6508 5752//5752 5751//5751
f 6508//6508 5751//5751 6507//6507
f 6509//6509 5753//5753 5752//5752
f 6509//6509 5754//5754 5753//5753
f 6509//6509 5752//5752 6508//6508
f 6510//6510 5754//5754 6509//6509
f 6511//6511 5755//5755 5754//5754
f 6511//6511 5754//5754 6510//6510
f 6512//6512 5756//5756 5755//5755
f 6512//6512 5755//5755 6511//6511
f 6513//6513 5757//5757 5756//5756
f 6513//6513 5756//5756 6512//6512
f 6514//6514 5758//5758 5757//5757
f 6514//6514 5757//5757 6513//6513
f 6515//6515 5759//5759 5758//5758
f 6515//6515 5758//5758 6514//6514
f 6516//6516 5760//5760 5759//5759
f 6516//6516 5759//5759 6515//6515
f 6517//6517 5761//5761 5760//5760
f 6517//6517 5760//5760 6516//6516
f 6518//6518 5762//5762 5761//5761
f 6518//6518 5761//5761 6517//6517
f 6519//6519 5763//5763 5762//5762
f 6519//6519 5764//5764 5763//5763
f 6519//6519 5762//5762 6518//6518
f 6520//6520 5764//5764 6519//6519
f 6521//6521 5765//5765 5764//5764
f 6521//6521 5764//5764 6520//6520
f 6522//6522 5766//5766 5765//5765
f 6522//6522 5765//5765 6521//6521
f 6523//6523 5766//5766 6522//6522
f 6523//6523 5767//5767 5766//5766
f 6524//6524 5767//5767 6523//6523
f 6524//6524 5768//5768 5767//5767
f 6525//6525 5768//5768 6524//6524
f 6525//6525 5769//5769 5768//5768
f 6526//6526 5769//5769 6525//6525
f 6526//6526 5770//5770 5769//5769
f 6527//6527 5770//5770 6526//6526
f 6527//6527 5771//5771 5770//5770
f 6528//6528 5771//5771 6527//6527
f 6528//6528 5772//5772 5771//5771
f 6529//6529 5772//5772 6528//6528
f 6529//6529 5773//5773 5772//5772
f 6530//6530 5773//5773 6529//6529
f 6530//6530 5774//5774 5773//5773
f 6531//6531 5774//5774 6530//6530
f 6531//6531 5775//5775 5774//5774
f 6532//6532 5775//5775 6531//6531
f 6532//6532 5776//5776 5775//5775
f 6533//6533 5776//5776 6532//6532
f 6533//6533 5777//5777 5776//5776
f 6534//6534 5777//5777 6533//6533
f 6534//6534 5778//5778 5777//5777
f 6535//6535 5778//5778 6534//6534
f 6535//6535 5779//5779 5778//5778
f 6536//6536 5779//5779 6535//6535
f 6536//6536 5780//5780 5779//5779
f 6537//6537 5781//5781 5780//5780
f 6537//6537 5780//5780 6536//6536
f 6538//6538 5782//5782 5781//5781
f 6538//6538 5781//5781 6537//6537
f 6539//6539 5783//5783 5782//5782
f 6539//6539 5782//5782 6538//6538
f 6540//6540 5784//5784 5783//5783
f 6540//6540 5783//5783 6539//6539
f 6541//6541 5785//5785 5784//5784
f 6541//6541 5784//5784 6540//6540
f 6542//6542 5786//5786 5785//5785
f 6542//6542 5785//5785 6541//6541
f 6543//6543 5787//5787 5786//5786
f 6543//6543 5786//5786 6542//6542
f 6544//6544 5788//5788 5787//5787
f 6544//6544 5787//5787 6543//6543
f 6545//6545 5789//5789 5788//5788
f 6545//6545 5788//5788 6544//6544
f 6546//6546 5790//5790 5789//5789
f 6546//6546 5789//5789 6545//6545
f 6547//6547 5791//5791 5790//5790
f 6547//6547 5790//5790 6546//6546
f 6548//6548 5791//5791 6547//6547
f 6548//6548 5792//5792 5791//5791
f 6465//6465 5792//5792 6548//6548
f 6465//6465 5709//5709 5792//5792
f 5794//5794 5793//5793 6549//6549
f 5794//5794 6549//6549 6550//6550
f 5795//5795 6550//6550 6551//6551
f 5795//5795 5794//5794 6550//6550
f 5796//5796 6551//6551 6552//6552
f 5796//5796 6552//6552 6553//6553
f 5796//5796 5795//5795 6551//6551
f 5797//5797 5796//5796 6553//6553
f 5798//5798 6553//6553 6554//6554
f 5798//5798 5797//5797 6553//6553
f 5799//5799 6554//6554 6555//6555
f 5799//5799 5798//5798 6554//6554
f 5800//5800 6555//6555 6556//6556
f 5800//5800 6556//6556 6557//6557
f 5800//5800 5799//5799 6555//6555
f 5801//5801 5800//5800 6557//6557
f 5802//5802 6557//6557 6558//6558
f 5802//5802 5801//5801 6557//6557
f 5803//5803 6558//6558 6559//6559
f 5803//5803 5802//5802 6558//6558
f 5804//5804 6559//6559 6560//6560
f 5804//5804 6560//6560 6561//6561
f 5804//5804 5803//5803 6559//6559
f 5805//5805 5804//5804 6561//6561
f 5806//5806 6561//6561 6562//6562
f 5806//5806 5805//5805 6561//6561
f 5807//5807 6562//6562 6563//6563
f 5807//5807 5806//5806 6562//6562
f 5808//5808 6563//6563 6564//6564
f 5808//5808 5807//5807 6563//6563
f 5809//5809 6564//6564 6565//6565
f 5809//5809 5808//5808 6564//6564
f 5810//5810 6565//6565 6566//6566
f 5810//5810 5809//5809 6565//6565
f 5811//5811 6566//6566 6567//6567
f 5811//5811 6567//6567 6568//6568
f 5811//5811 5810//5810 6566//6566
f 5812//5812 5811//5811 6568//6568
f 5813//5813 6568//6568 6569//6569
f 5813//5813 5812//5812 6568//6568
f 5814//5814 6569//6569 6570//6570
f 5814//5814 5813//5813 6569//6569
f 5815//5815 6570//6570 6571//6571
f 5815//5815 5814//5814 6570//6570
f 5816//5816 6571//6571 6572//6572
f 5816//5816 6572//6572 6573//6573
f 5816//5816 5815//5815 6571//6571
f 5817//5817 6573//6573 6574//6574
f 5817//5817 5816//5816 6573//6573
f 5818//5818 5817//5817 6574//6574
f 5819//5819 6574//6574 6575//6575
f 5819//5819 5818//5818 6574//6574
f 5820//5820 6575//6575 6576//6576
f 5820//5820 6576//6576 6577//6577
f 5820//5820 5819//5819 6575//6575
f 5821//5821 5820//5820 6577//6577
f 5822//5822 6577//6577 6578//6578
f 5822//5822 5821//5821 6577//6577
f 5823//5823 6578//6578 6579//6579
f 5823//5823 6579//6579 6580//6580
f 5823//5823 5822//5822 6578//6578
f 5824//5824 6580//6580 6581//6581
f 5824//5824 5823//5823 6580//6580
f 5825//5825 5824//5824 6581//6581
f 5826//5826 5825//5825 6581//6581
f 5826//5826 6581//6581 6582//6582
f 5826//5826 6582//6582 6583//6583
f 5827//5827 5826//5826 6583//6583
f 5827//5827 6583//6583 6584//6584
f 5828//5828 5827//5827 6584//6584
f 5829//5829 5828//5828 6584//6584
f 5829//5829 6584//6584 6585//6585
f 5829//5829 6585//6585 6586//6586
f 5830//5830 5829//5829 6586//6586
f 5831//5831 5830//5830 6586//6586
f 5831//5831 6586//6586 6587//6587
f 5832//5832 5831//5831 6587//6587
f 5832//5832 6587//6587 6588//6588
f 5833//5833 5832//5832 6588//6588
f 5833//5833 6588//6588 6589//6589
f 5833//5833 6589//6589 6590//6590
f 5834//5834 5833//5833 6590//6590
f 5835//5835 5834//5834 6590//6590
f 5835//5835 6590//6590 6591//6591
f 5836//5836 6591//6591 6592//6592
f 5836//5836 5835//5835 6591//6591
f 5837//5837 6592//6592 6593//6593
f 5837//5837 5836//5836 6592//6592
f 5838//5838 6593//6593 6594//6594
f 5838//5838 6594//6594 6595//6595
f 5838//5838 5837//5837 6593//6593
f 5839//5839 5838//5838 6595//6595
f 5840//5840 6595//6595 6596//6596
f 5840//5840 5839//5839 6595//6595
f 5841//5841 6596//6596 6597//6597
f 5841//5841 5840//5840 6596//6596
f 5842//5842 6597//6597 6598//6598
f 5842//5842 5841//5841 6597//6597
f 5843//5843 6598//6598 6599//6599
f 5843//5843 5842//5842 6598//6598
f 5844//5844 6599//6599 6600//6600
f 5844//5844 6600//6600 6601//6601
f 5844//5844 5843//5843 6599//6599
f 5845//5845 5844//5844 6601//6601
f 5846//5846 6601//6601 6602//6602
f 5846//5846 5845//5845 6601//6601
f 5847//5847 6602//6602 6603//6603
f 5847//5847 5846//5846 6602//6602
f 5848//5848 6603//6603 6604//6604
f 5848//5848 5847//5847 6603//6603
f 5849//5849 6604//6604 6605//6605
f 5849//5849 5848//5848 6604//6604
f 5850//5850 6605//6605 6606//6606
f 5850//5850 5849//5849 6605//6605
f 5851//5851 5850//5850 6606//6606
f 5851//5851 6606//6606 6607//6607
f 5852//5852 5851//5851 6607//6607
f 5852//5852 6607//6607 6608//6608
f 5853//5853 5852//5852 6608//6608
f 5853//5853 6608//6608 6609//6609
f 5854//5854 5853//5853 6609//6609
f 5854//5854 6609//6609 6610//6610
f 5855//5855 5854//5854 6610//6610
f 5855//5855 6610//6610 6611//6611
f 5856//5856 5855//5855 6611//6611
f 5856//5856 6611//6611 6612//6612
f 5857//5857 5856//5856 6612//6612
f 5857//5857 6612//6612 6613//6613
f 5858//5858 5857//5857 6613//6613
f 5858//5858 6613//6613 6614//6614
f 5859//5859 5858//5858 6614//6614
f 5859//5859 6614//6614 6615//6615
f 5860//5860 5859//5859 6615//6615
f 5860//5860 6615//6615 6616//6616
f 5861//5861 5860//5860 6616//6616
f 5861//5861 6616//6616 6617//6617
f 5862//5862 5861//5861 6617//6617
f 5862//5862 6617//6617 6618//6618
f 5863//5863 5862//5862 6618//6618
f 5863//5863 6618//6618 6619//6619
f 5864//5864 5863//5863 6619//6619
f 5864//5864 6619//6619 6620//6620
f 5865//5865 5864//5864 6620//6620
f 5865//5865 6620//6620 6621//6621
f 5866//5866 5865//5865 6621//6621
f 5866//5866 6621//6621 6622//6622
f 5867//5867 5866//5866 6622//6622
f 5867//5867 6622//6622 6623//6623
f 5868//5868 5867//5867 6623//6623
f 5868//5868 6623//6623 6624//6624
f 5869//5869 5868//5868 6624//6624
f 5869//5869 6624//6624 6625//6625
f 5870//5870 6625//6625 6626//6626
f 5870//5870 5869//5869 6625//6625
f 5871//5871 6626//6626 6627//6627
f 5871//5871 5870//5870 6626//6626
f 5872//5872 6627//6627 6628//6628
f 5872//5872 5871//5871 6627//6627
f 5873//5873 6628//6628 6629//6629
f 5873//5873 5872//5872 6628//6628
f 5874//5874 6629//6629 6630//6630
f 5874//5874 6630//6630 6631//6631
f 5874//5874 5873//5873 6629//6629
f 5875//5875 5874//5874 6631//6631
f 5876//5876 6631//6631 6632//6632
f 5876//5876 5875//5875 6631//6631
f 5793//5793 5876//5876 6632//6632
f 5793//5793 6632//6632 6549//6549
f 6634//6634 5455//5455 6633//6633
f 6634//6634 5456//5456 5455//5455
f 6635//6635 5456//5456 6634//6634
f 6635//6635 5457//5457 5456//5456
f 6635//6635 5458//5458 5457//5457
f 6636//6636 5458//5458 6635//6635
f 6637//6637 5458//5458 6636//6636
f 6637//6637 5459//5459 5458//5458
f 6637//6637 5460//5460 5459//5459
f 6638//6638 5460//5460 6637//6637
f 6639//6639 5461//5461 5460//5460
f 6639//6639 5460//5460 6638//6638
f 6640//6640 5462//5462 5461//5461
f 6640//6640 5461//5461 6639//6639
f 6641//6641 5462//5462 6640//6640
f 6641//6641 5463//5463 5462//5462
f 6642//6642 5463//5463 6641//6641
f 6642//6642 5464//5464 5463//5463
f 6643//6643 5464//5464 6642//6642
f 6643//6643 5465//5465 5464//5464
f 6644//6644 5465//5465 6643//6643
f 6644//6644 5466//5466 5465//5465
f 6645//6645 5466//5466 6644//6644
f 6645//6645 5467//5467 5466//5466
f 6646//6646 5467//5467 6645//6645
f 6646//6646 5468//5468 5467//5467
f 6647//6647 5468//5468 6646//6646
f 6647//6647 5469//5469 5468//5468
f 6647//6647 5470//5470 5469//5469
f 6648//6648 5470//5470 6647//6647
f 6649//6649 5471//5471 5470//5470
f 6649//6649 5470//5470 6648//6648
f 6650//6650 5472//5472 5471//5471
f 6650//6650 5471//5471 6649//6649
f 6651//6651 5473//5473 5472//5472
f 6651//6651 5474//5474 5473//5473
f 6651//6651 5472//5472 6650//6650
f 6652//6652 5474//5474 6651//6651
f 6653//6653 5475//5475 5474//5474
f 6653//6653 5476//5476 5475//5475
f 6653//6653 5474//5474 6652//6652
f 6654//6654 5476//5476 6653//6653
f 6655//6655 5477//5477 5476//5476
f 6655//6655 5478//5478 5477//5477
f 6655//6655 5476//5476 6654//6654
f 6656//6656 5478//5478 6655//6655
f 6657//6657 5479//5479 5478//5478
f 6657//6657 5480//5480 5479//5479
f 6657//6657 5478//5478 6656//6656
f 6658//6658 5480//5480 6657//6657
f 6659//6659 5481//5481 5480//5480
f 6659//6659 5482//5482 5481//5481
f 6659//6659 5480//5480 6658//6658
f 6660//6660 5482//5482 6659//6659
f 6661//6661 5483//5483 5482//5482
f 6661//6661 5482//5482 6660//6660
f 6662//6662 5484//5484 5483//5483
f 6662//6662 5485//5485 5484//5484
f 6662//6662 5483//5483 6661//6661
f 6663//6663 5485//5485 6662//6662
f 6664//6664 5486//5486 5485//5485
f 6664//6664 5487//5487 5486//5486
f 6664//6664 5485//5485 6663//6663
f 6665//6665 5487//5487 6664//6664
f 6665//6665 5488//5488 5487//5487
f 6666//6666 5488//5488 6665//6665
f 6667//6667 5488//5488 6666//6666
f 6667//6667 5489//5489 5488//5488
f 6667//6667 5490//5490 5489//5489
f 6668//6668 5490//5490 6667//6667
f 6669//6669 5490//5490 6668//6668
f 6669//6669 5491//5491 5490//5490
f 6670//6670 5492//5492 5491//5491
f 6670//6670 5491//5491 6669//6669
f 6671//6671 5493//5493 5492//5492
f 6671//6671 5492//5492 6670//6670
f 6671//6671 5494//5494 5493//5493
f 6672//6672 5495//5495 5494//5494
f 6672//6672 5494//5494 6671//6671
f 6673//6673 5495//5495 6672//6672
f 6674//6674 5496//5496 5495//5495
f 6674//6674 5495//5495 6673//6673
f 6675//6675 5497//5497 5496//5496
f 6675//6675 5496//5496 6674//6674
f 6676//6676 5498//5498 5497//5497
f 6676//6676 5497//5497 6675//6675
f 6677//6677 5499//5499 5498//5498
f 6677//6677 5498//5498 6676//6676
f 6678//6678 5500//5500 5499//5499
f 6678//6678 5499//5499 6677//6677
f 6679//6679 5501//5501 5500//5500
f 6679//6679 5500//5500 6678//6678
f 6680//6680 5502//5502 5501//5501
f 6680//6680 5501//5501 6679//6679
f 6681//6681 5503//5503 5502//5502
f 6681//6681 5504//5504 5503//5503
f 6681//6681 5502//5502 6680//6680
f 6682//6682 5504//5504 6681//6681
f 6683//6683 5505//5505 5504//5504
f 6683//6683 5504//5504 6682//6682
f 6684//6684 5506//5506 5505//5505
f 6684//6684 5505//5505 6683//6683
f 6685//6685 5507//5507 5506//5506
f 6685//6685 5506//5506 6684//6684
f 6686//6686 5508//5508 5507//5507
f 6686//6686 5507//5507 6685//6685
f 6687//6687 5509//5509 5508//5508
f 6687//6687 5508//5508 6686//6686
f 6688//6688 5510//5510 5509//5509
f 6688//6688 5509//5509 6687//6687
f 6689//6689 5511//5511 5510//5510
f 6689//6689 5510//5510 6688//6688
f 6690//6690 5512//5512 5511//5511
f 6690//6690 5511//5511 6689//6689
f 6691//6691 5512//5512 6690//6690
f 6691//6691 5513//5513 5512//5512
f 6692//6692 5513//5513 6691//6691
f 6692//6692 5514//5514 5513//5513
f 6693//6693 5514//5514 6692//6692
f 6693//6693 5515//5515 5514//5514
f 6694//6694 5515//5515 6693//6693
f 6694//6694 5516//5516 5515//5515
f 6695//6695 5516//5516 6694//6694
f 6695//6695 5517//5517 5516//5516
f 6696//6696 5517//5517 6695//6695
f 6696//6696 5518//5518 5517//5517
f 6697//6697 5518//5518 6696//6696
f 6697//6697 5519//5519 5518//5518
f 6698//6698 5519//5519 6697//6697
f 6698//6698 5520//5520 5519//5519
f 6699//6699 5520//5520 6698//6698
f 6699//6699 5521//5521 5520//5520
f 6700//6700 5521//5521 6699//6699
f 6700//6700 5522//5522 5521//5521
f 6701//6701 5522//5522 6700//6700
f 6701//6701 5523//5523 5522//5522
f 6702//6702 5523//5523 6701//6701
f 6702//6702 5524//5524 5523//5523
f 6703//6703 5524//5524 6702//6702
f 6703//6703 5525//5525 5524//5524
f 6704//6704 5525//5525 6703//6703
f 6704//6704 5526//5526 5525//5525
f 6705//6705 5527//5527 5526//5526
f 6705//6705 5526//5526 6704//6704
f 6706//6706 5528//5528 5527//5527
f 6706//6706 5527//5527 6705//6705
f 6707//6707 5529//5529 5528//5528
f 6707//6707 5528//5528 6706//6706
f 6708//6708 5530//5530 5529//5529
f 6708//6708 5529//5529 6707//6707
f 6709//6709 5531//5531 5530//5530
f 6709//6709 5530//5530 6708//6708
f 6710//6710 5532//5532 5531//5531
f 6710//6710 5531//5531 6709//6709
f 6711//6711 5533//5533 5532//5532
f 6711//6711 5532//5532 6710//6710
f 6712//6712 5534//5534 5533//5533
f 6712//6712 5533//5533 6711//6711
f 6713//6713 5535//5535 5534//5534
f 6713//6713 5534//5534 6712//6712
f 6714//6714 5536//5536 5535//5535
f 6714//6714 5535//5535 6713//6713
f 6715//6715 5537//5537 5536//5536
f 6715//6715 5536//5536 6714//6714
f 6716//6716 5537//5537 6715//6715
f 6716//6716 5538//5538 5537//5537
f 6633//6633 5538//5538 6716//6716
f 6633//6633 5455//5455 5538//5538

